task_id,family_id,template_id,novelty_fraction,length,system,success,false_accept,unknown,tokens,browser_calls,latency_ms,reused_steps,hit,verification_passed,repair_triggered,confidence,ece_bin
task_0000,family_00,template_00,0.5,8,P-SPIDER-PARAM,1,0,1,1805,7,3880,0,0,0,0,0.8384799999999999,4
task_0000,family_00,template_00,0.5,8,B-COLD,1,0,0,4044,17,10128,0,0,1,0,0.5,2
task_0000,family_00,template_00,0.5,8,B-INSTRUCTION,1,0,0,3756,15,9312,1,0,1,0,0.5,2
task_0000,family_00,template_00,0.5,8,B-RAG-EMBED,1,0,0,4233,17,8736,0,0,1,0,0.5,2
task_0000,family_00,template_00,0.5,8,B-STAGEHAND-CACHE,1,0,0,4038,17,9996,0,0,1,0,0.5,2
task_0000,family_00,template_00,0.5,8,B-TERX-REPLAY,1,0,0,4034,17,9988,0,0,1,0,0.5,2
task_0000,family_00,template_00,0.5,8,NC1-SHUFFLED,0,1,0,4898,11,10996,0,0,0,0,0.5,2
task_0000,family_00,template_00,0.5,8,NC2-RANDOM,1,1,0,4056,17,10032,0,0,1,0,0.45,2
task_0000,family_00,template_00,0.5,8,B-LENGTH-PROPORTIONAL,1,0,0,4044,17,10008,0,0,1,0,0.5,2
task_0001,family_00,template_00,0.25,8,P-SPIDER-PARAM,1,0,0,1014,3,2298,6,1,1,0,0.9108999999999999,4
task_0001,family_00,template_00,0.25,8,B-COLD,1,0,0,4034,17,10108,0,0,1,0,0.5,2
task_0001,family_00,template_00,0.25,8,B-INSTRUCTION,1,0,0,3769,15,9338,1,0,1,0,0.5,2
task_0001,family_00,template_00,0.25,8,B-RAG-EMBED,1,0,0,1350,5,2970,6,1,1,0,0.5,2
task_0001,family_00,template_00,0.25,8,B-STAGEHAND-CACHE,1,0,0,4066,17,10052,0,0,1,0,0.5,2
task_0001,family_00,template_00,0.25,8,B-TERX-REPLAY,1,0,0,4068,17,10056,0,0,1,0,0.5,2
task_0001,family_00,template_00,0.25,8,NC1-SHUFFLED,0,1,0,4271,11,9742,0,0,0,0,0.5,2
task_0001,family_00,template_00,0.25,8,NC2-RANDOM,1,0,0,4074,17,10068,0,0,1,0,0.45,2
task_0001,family_00,template_00,0.25,8,B-LENGTH-PROPORTIONAL,1,0,0,4043,17,10006,0,0,1,0,0.5,2
task_0002,family_00,template_00,1.0,8,P-SPIDER-PARAM,1,0,1,3404,13,7078,0,0,0,0,0.78464,3
task_0002,family_00,template_00,1.0,8,B-COLD,1,0,0,4042,17,10124,0,0,1,0,0.5,2
task_0002,family_00,template_00,1.0,8,B-INSTRUCTION,1,0,0,3768,15,9336,1,0,1,0,0.5,2
task_0002,family_00,template_00,1.0,8,B-RAG-EMBED,1,0,0,4237,17,8744,0,0,1,0,0.5,2
task_0002,family_00,template_00,1.0,8,B-STAGEHAND-CACHE,1,0,0,4062,17,10044,0,0,1,0,0.5,2
task_0002,family_00,template_00,1.0,8,B-TERX-REPLAY,1,0,0,4031,17,9982,0,0,1,0,0.5,2
task_0002,family_00,template_00,1.0,8,NC1-SHUFFLED,0,0,0,5651,11,12502,0,0,0,0,0.5,2
task_0002,family_00,template_00,1.0,8,NC2-RANDOM,0,1,0,4074,17,10068,0,0,0,0,0.45,2
task_0002,family_00,template_00,1.0,8,B-LENGTH-PROPORTIONAL,1,0,0,4037,17,9994,0,0,1,0,0.5,2
task_0003,family_00,template_00,0.0,8,P-SPIDER-PARAM,1,0,0,303,1,876,8,1,1,0,0.98766,4
task_0003,family_00,template_00,0.0,8,B-COLD,1,0,0,4035,17,10110,0,0,1,0,0.5,2
task_0003,family_00,template_00,0.0,8,B-INSTRUCTION,1,0,0,3757,15,9314,1,0,1,0,0.5,2
task_0003,family_00,template_00,0.0,8,B-RAG-EMBED,1,0,0,601,3,1472,8,1,1,0,0.5,2
task_0003,family_00,template_00,0.0,8,B-STAGEHAND-CACHE,1,0,0,414,1,948,8,1,1,0,0.5,2
task_0003,family_00,template_00,0.0,8,B-TERX-REPLAY,1,0,0,391,1,902,8,1,1,0,0.5,2
task_0003,family_00,template_00,0.0,8,NC1-SHUFFLED,0,1,0,5444,11,12088,0,0,0,0,0.5,2
task_0003,family_00,template_00,0.0,8,NC2-RANDOM,0,1,0,4063,17,10046,0,0,0,0,0.45,2
task_0003,family_00,template_00,0.0,8,B-LENGTH-PROPORTIONAL,1,0,0,4056,17,10032,0,0,1,0,0.5,2
task_0004,family_00,template_00,0.75,8,P-SPIDER-PARAM,1,0,1,2597,9,5464,0,0,0,0,0.89612,4
task_0004,family_00,template_00,0.75,8,B-COLD,1,0,0,4052,17,10144,0,0,1,0,0.5,2
task_0004,family_00,template_00,0.75,8,B-INSTRUCTION,1,0,0,3742,15,9284,1,0,1,0,0.5,2
task_0004,family_00,template_00,0.75,8,B-RAG-EMBED,1,0,0,3350,13,6970,2,1,1,0,0.5,2
task_0004,family_00,template_00,0.75,8,B-STAGEHAND-CACHE,1,0,0,4052,17,10024,0,0,1,0,0.5,2
task_0004,family_00,template_00,0.75,8,B-TERX-REPLAY,1,0,0,4065,17,10050,0,0,1,0,0.5,2
task_0004,family_00,template_00,0.75,8,NC1-SHUFFLED,1,0,0,5562,11,12324,0,0,1,0,0.5,2
task_0004,family_00,template_00,0.75,8,NC2-RANDOM,1,0,0,4050,17,10020,0,0,1,0,0.45,2
task_0004,family_00,template_00,0.75,8,B-LENGTH-PROPORTIONAL,1,0,0,4042,17,10004,0,0,1,0,0.5,2
task_0005,family_00,template_00,0.0,8,P-SPIDER-PARAM,1,0,0,196,1,662,8,1,1,0,0.9257799999999999,4
task_0005,family_00,template_00,0.0,8,B-COLD,1,0,0,4035,17,10110,0,0,1,0,0.5,2
task_0005,family_00,template_00,0.0,8,B-INSTRUCTION,1,0,0,3757,15,9314,1,0,1,0,0.5,2
task_0005,family_00,template_00,0.0,8,B-RAG-EMBED,1,0,0,611,3,1492,8,1,1,0,0.5,2
task_0005,family_00,template_00,0.0,8,B-STAGEHAND-CACHE,1,0,0,402,1,924,8,1,1,0,0.5,2
task_0005,family_00,template_00,0.0,8,B-TERX-REPLAY,1,0,0,391,1,902,8,1,1,0,0.5,2
task_0005,family_00,template_00,0.0,8,NC1-SHUFFLED,1,0,0,5613,11,12426,0,0,1,0,0.5,2
task_0005,family_00,template_00,0.0,8,NC2-RANDOM,0,1,0,4071,17,10062,0,0,0,0,0.45,2
task_0005,family_00,template_00,0.0,8,B-LENGTH-PROPORTIONAL,1,0,0,4049,17,10018,0,0,1,0,0.5,2
task_0006,family_01,template_01,1.0,9,P-SPIDER-PARAM,1,0,0,3464,11,7198,0,1,1,0,0.88418,4
task_0006,family_01,template_01,1.0,9,B-COLD,1,0,0,4535,19,11350,0,0,1,0,0.5,2
task_0006,family_01,template_01,1.0,9,B-INSTRUCTION,1,0,0,4269,17,10578,1,0,1,0,0.5,2
task_0006,family_01,template_01,1.0,9,B-RAG-EMBED,1,0,0,4751,19,9772,0,0,1,0,0.5,2
task_0006,family_01,template_01,1.0,9,B-STAGEHAND-CACHE,1,0,0,4558,19,11276,0,0,1,0,0.5,2
task_0006,family_01,template_01,1.0,9,B-TERX-REPLAY,1,0,0,4532,19,11224,0,0,1,0,0.5,2
task_0006,family_01,template_01,1.0,9,NC1-SHUFFLED,1,0,0,4261,11,9722,0,0,1,0,0.5,2
task_0006,family_01,template_01,1.0,9,NC2-RANDOM,0,1,0,4549,19,11258,0,0,0,0,0.45,2
task_0006,family_01,template_01,1.0,9,B-LENGTH-PROPORTIONAL,1,0,0,4558,19,11276,0,0,1,0,0.5,2
task_0007,family_01,template_01,0.75,9,P-SPIDER-PARAM,1,0,0,2598,9,5466,2,1,1,0,0.88534,4
task_0007,family_01,template_01,0.75,9,B-COLD,1,0,0,4567,19,11414,0,0,1,0,0.5,2
task_0007,family_01,template_01,0.75,9,B-INSTRUCTION,1,0,0,4264,17,10568,1,0,1,0,0.5,2
task_0007,family_01,template_01,0.75,9,B-RAG-EMBED,1,0,0,3850,15,7970,2,1,1,0,0.5,2
task_0007,family_01,template_01,0.75,9,B-STAGEHAND-CACHE,1,0,0,4562,19,11284,0,0,1,0,0.5,2
task_0007,family_01,template_01,0.75,9,B-TERX-REPLAY,1,0,0,4533,19,11226,0,0,1,0,0.5,2
task_0007,family_01,template_01,0.75,9,NC1-SHUFFLED,1,0,0,5496,11,12192,0,0,1,0,0.5,2
task_0007,family_01,template_01,0.75,9,NC2-RANDOM,0,1,0,4558,19,11276,0,0,0,0,0.45,2
task_0007,family_01,template_01,0.75,9,B-LENGTH-PROPORTIONAL,1,0,0,4536,19,11232,0,0,1,0,0.5,2
task_0008,family_01,template_01,0.5,9,P-SPIDER-PARAM,0,1,0,2390,9,5050,5,0,0,1,0.8227999999999999,4
task_0008,family_01,template_01,0.5,9,B-COLD,1,0,0,4534,19,11348,0,0,1,0,0.5,2
task_0008,family_01,template_01,0.5,9,B-INSTRUCTION,1,0,0,4252,17,10544,1,0,1,0,0.5,2
task_0008,family_01,template_01,0.5,9,B-RAG-EMBED,1,0,0,4759,19,9788,0,0,1,0,0.5,2
task_0008,family_01,template_01,0.5,9,B-STAGEHAND-CACHE,1,0,0,4540,19,11240,0,0,1,0,0.5,2
task_0008,family_01,template_01,0.5,9,B-TERX-REPLAY,1,0,0,4536,19,11232,0,0,1,0,0.5,2
task_0008,family_01,template_01,0.5,9,NC1-SHUFFLED,0,0,0,4868,11,10936,0,0,0,0,0.5,2
task_0008,family_01,template_01,0.5,9,NC2-RANDOM,0,1,0,4570,19,11300,0,0,0,0,0.45,2
task_0008,family_01,template_01,0.5,9,B-LENGTH-PROPORTIONAL,1,0,0,4564,19,11288,0,0,1,0,0.5,2
task_0009,family_01,template_01,0.25,9,P-SPIDER-PARAM,1,0,0,1088,3,2446,7,1,1,0,0.8592399999999999,4
task_0009,family_01,template_01,0.25,9,B-COLD,1,0,0,4539,19,11358,0,0,1,0,0.5,2
task_0009,family_01,template_01,0.25,9,B-INSTRUCTION,1,0,0,4238,17,10516,1,0,1,0,0.5,2
task_0009,family_01,template_01,0.25,9,B-RAG-EMBED,0,0,0,1350,5,2970,7,1,0,0,0.5,2
task_0009,family_01,template_01,0.25,9,B-STAGEHAND-CACHE,1,0,0,4569,19,11298,0,0,1,0,0.5,2
task_0009,family_01,template_01,0.25,9,B-TERX-REPLAY,1,0,0,4545,19,11250,0,0,1,0,0.5,2
task_0009,family_01,template_01,0.25,9,NC1-SHUFFLED,1,0,0,5255,11,11710,0,0,1,0,0.5,2
task_0009,family_01,template_01,0.25,9,NC2-RANDOM,1,0,0,4532,19,11224,0,0,1,0,0.45,2
task_0009,family_01,template_01,0.25,9,B-LENGTH-PROPORTIONAL,1,0,0,4558,19,11276,0,0,1,0,0.5,2
task_0010,family_01,template_01,0.25,9,P-SPIDER-PARAM,1,0,0,1030,3,2330,7,1,1,0,0.8754799999999999,4
task_0010,family_01,template_01,0.25,9,B-COLD,1,0,0,4557,19,11394,0,0,1,0,0.5,2
task_0010,family_01,template_01,0.25,9,B-INSTRUCTION,1,0,0,4239,17,10518,1,0,1,0,0.5,2
task_0010,family_01,template_01,0.25,9,B-RAG-EMBED,1,0,0,4744,19,9758,0,0,1,0,0.5,2
task_0010,family_01,template_01,0.25,9,B-STAGEHAND-CACHE,1,0,0,4556,19,11272,0,0,1,0,0.5,2
task_0010,family_01,template_01,0.25,9,B-TERX-REPLAY,1,0,0,4558,19,11276,0,0,1,0,0.5,2
task_0010,family_01,template_01,0.25,9,NC1-SHUFFLED,0,0,0,5151,11,11502,0,0,0,0,0.5,2
task_0010,family_01,template_01,0.25,9,NC2-RANDOM,0,1,0,4556,19,11272,0,0,0,0,0.45,2
task_0010,family_01,template_01,0.25,9,B-LENGTH-PROPORTIONAL,1,0,0,4549,19,11258,0,0,1,0,0.5,2
task_0011,family_01,template_01,0.0,9,P-SPIDER-PARAM,1,0,0,266,1,802,9,1,1,0,0.9873799999999999,4
task_0011,family_01,template_01,0.0,9,B-COLD,1,0,0,4536,19,11352,0,0,1,0,0.5,2
task_0011,family_01,template_01,0.0,9,B-INSTRUCTION,1,0,0,4253,17,10546,1,0,1,0,0.5,2
task_0011,family_01,template_01,0.0,9,B-RAG-EMBED,1,0,0,583,3,1436,9,1,1,0,0.5,2
task_0011,family_01,template_01,0.0,9,B-STAGEHAND-CACHE,1,0,0,393,1,906,9,1,1,0,0.5,2
task_0011,family_01,template_01,0.0,9,B-TERX-REPLAY,1,0,0,407,1,934,9,1,1,0,0.5,2
task_0011,family_01,template_01,0.0,9,NC1-SHUFFLED,1,0,0,5468,11,12136,0,0,1,0,0.5,2
task_0011,family_01,template_01,0.0,9,NC2-RANDOM,0,1,0,4564,19,11288,0,0,0,0,0.45,2
task_0011,family_01,template_01,0.0,9,B-LENGTH-PROPORTIONAL,1,0,0,4542,19,11244,0,0,1,0,0.5,2
task_0012,family_02,template_02,1.0,10,P-SPIDER-PARAM,1,0,1,3393,13,7056,0,0,0,0,0.7724599999999999,3
task_0012,family_02,template_02,1.0,10,B-COLD,1,0,0,5037,21,12594,0,0,1,0,0.5,2
task_0012,family_02,template_02,1.0,10,B-INSTRUCTION,1,0,0,4749,19,11778,1,0,1,0,0.5,2
task_0012,family_02,template_02,1.0,10,B-RAG-EMBED,1,0,0,5238,21,10746,0,0,1,0,0.5,2
task_0012,family_02,template_02,1.0,10,B-STAGEHAND-CACHE,1,0,0,5033,21,12466,0,0,1,0,0.5,2
task_0012,family_02,template_02,1.0,10,B-TERX-REPLAY,1,0,0,5038,21,12476,0,0,1,0,0.5,2
task_0012,family_02,template_02,1.0,10,NC1-SHUFFLED,0,1,0,5241,11,11682,0,0,0,0,0.5,2
task_0012,family_02,template_02,1.0,10,NC2-RANDOM,0,1,0,5050,21,12500,0,0,0,0,0.45,2
task_0012,family_02,template_02,1.0,10,B-LENGTH-PROPORTIONAL,1,0,0,5058,21,12516,0,0,1,0,0.5,2
task_0013,family_02,template_02,0.5,10,P-SPIDER-PARAM,1,0,0,1878,7,4026,5,1,1,0,0.8382,4
task_0013,family_02,template_02,0.5,10,B-COLD,1,0,0,5069,21,12658,0,0,1,0,0.5,2
task_0013,family_02,template_02,0.5,10,B-INSTRUCTION,1,0,0,4755,19,11790,1,0,1,0,0.5,2
task_0013,family_02,template_02,0.5,10,B-RAG-EMBED,1,0,0,5257,21,10784,0,0,1,0,0.5,2
task_0013,family_02,template_02,0.5,10,B-STAGEHAND-CACHE,1,0,0,5045,21,12490,0,0,1,0,0.5,2
task_0013,family_02,template_02,0.5,10,B-TERX-REPLAY,1,0,0,5043,21,12486,0,0,1,0,0.5,2
task_0013,family_02,template_02,0.5,10,NC1-SHUFFLED,0,0,0,4693,11,10586,0,0,0,0,0.5,2
task_0013,family_02,template_02,0.5,10,NC2-RANDOM,0,1,0,5034,21,12468,0,0,0,0,0.45,2
task_0013,family_02,template_02,0.5,10,B-LENGTH-PROPORTIONAL,1,0,0,5045,21,12490,0,0,1,0,0.5,2
task_0014,family_02,template_02,0.0,10,P-SPIDER-PARAM,1,0,0,214,1,698,10,1,1,0,0.99,4
task_0014,family_02,template_02,0.0,10,B-COLD,1,0,0,5035,21,12590,0,0,1,0,0.5,2
task_0014,family_02,template_02,0.0,10,B-INSTRUCTION,1,0,0,4735,19,11750,1,0,1,0,0.5,2
task_0014,family_02,template_02,0.0,10,B-RAG-EMBED,1,0,0,583,3,1436,10,1,1,0,0.5,2
task_0014,family_02,template_02,0.0,10,B-STAGEHAND-CACHE,1,0,0,398,1,916,10,1,1,0,0.5,2
task_0014,family_02,template_02,0.0,10,B-TERX-REPLAY,1,0,0,401,1,922,10,1,1,0,0.5,2
task_0014,family_02,template_02,0.0,10,NC1-SHUFFLED,1,0,0,4739,11,10678,0,0,1,0,0.5,2
task_0014,family_02,template_02,0.0,10,NC2-RANDOM,0,1,0,5032,21,12464,0,0,0,0,0.45,2
task_0014,family_02,template_02,0.0,10,B-LENGTH-PROPORTIONAL,1,0,0,5043,21,12486,0,0,1,0,0.5,2
task_0015,family_02,template_02,0.75,10,P-SPIDER-PARAM,1,0,1,2629,9,5528,0,0,0,0,0.86658,4
task_0015,family_02,template_02,0.75,10,B-COLD,1,0,0,5054,21,12628,0,0,1,0,0.5,2
task_0015,family_02,template_02,0.75,10,B-INSTRUCTION,1,0,0,4757,19,11794,1,0,1,0,0.5,2
task_0015,family_02,template_02,0.75,10,B-RAG-EMBED,1,0,0,4350,17,8970,2,1,1,0,0.5,2
task_0015,family_02,template_02,0.75,10,B-STAGEHAND-CACHE,1,0,0,5056,21,12512,0,0,1,0,0.5,2
task_0015,family_02,template_02,0.75,10,B-TERX-REPLAY,1,0,0,5068,21,12536,0,0,1,0,0.5,2
task_0015,family_02,template_02,0.75,10,NC1-SHUFFLED,1,0,0,4622,11,10444,0,0,1,0,0.5,2
task_0015,family_02,template_02,0.75,10,NC2-RANDOM,0,1,0,5039,21,12478,0,0,0,0,0.45,2
task_0015,family_02,template_02,0.75,10,B-LENGTH-PROPORTIONAL,1,0,0,5036,21,12472,0,0,1,0,0.5,2
task_0016,family_02,template_02,0.25,10,P-SPIDER-PARAM,1,0,0,1011,5,2292,8,1,1,0,0.8591,4
task_0016,family_02,template_02,0.25,10,B-COLD,1,0,0,5041,21,12602,0,0,1,0,0.5,2
task_0016,family_02,template_02,0.25,10,B-INSTRUCTION,1,0,0,4737,19,11754,1,0,1,0,0.5,2
task_0016,family_02,template_02,0.25,10,B-RAG-EMBED,1,0,0,5250,21,10770,0,0,1,0,0.5,2
task_0016,family_02,template_02,0.25,10,B-STAGEHAND-CACHE,1,0,0,5032,21,12464,0,0,1,0,0.5,2
task_0016,family_02,template_02,0.25,10,B-TERX-REPLAY,1,0,0,5048,21,12496,0,0,1,0,0.5,2
task_0016,family_02,template_02,0.25,10,NC1-SHUFFLED,1,0,0,4471,11,10142,0,0,1,0,0.5,2
task_0016,family_02,template_02,0.25,10,NC2-RANDOM,0,1,0,5040,21,12480,0,0,0,0,0.45,2
task_0016,family_02,template_02,0.25,10,B-LENGTH-PROPORTIONAL,1,0,0,5050,21,12500,0,0,1,0,0.5,2
task_0017,family_02,template_02,0.5,10,P-SPIDER-PARAM,1,0,1,2360,7,4990,0,0,0,0,0.8621399999999999,4
task_0017,family_02,template_02,0.5,10,B-COLD,1,0,0,5055,21,12630,0,0,1,0,0.5,2
task_0017,family_02,template_02,0.5,10,B-INSTRUCTION,1,0,0,4761,19,11802,1,0,1,0,0.5,2
task_0017,family_02,template_02,0.5,10,B-RAG-EMBED,1,0,0,2850,11,5970,5,1,1,0,0.5,2
task_0017,family_02,template_02,0.5,10,B-STAGEHAND-CACHE,1,0,0,5068,21,12536,0,0,1,0,0.5,2
task_0017,family_02,template_02,0.5,10,B-TERX-REPLAY,1,0,0,5052,21,12504,0,0,1,0,0.5,2
task_0017,family_02,template_02,0.5,10,NC1-SHUFFLED,0,0,0,4868,11,10936,0,0,0,0,0.5,2
task_0017,family_02,template_02,0.5,10,NC2-RANDOM,0,1,0,5073,21,12546,0,0,0,0,0.45,2
task_0017,family_02,template_02,0.5,10,B-LENGTH-PROPORTIONAL,1,0,0,5049,21,12498,0,0,1,0,0.5,2
task_0018,family_03,template_03,1.0,11,P-SPIDER-PARAM,1,0,1,3435,13,7140,0,0,0,0,0.8084399999999999,4
task_0018,family_03,template_03,1.0,11,B-COLD,1,0,0,5559,23,13878,0,0,1,0,0.5,2
task_0018,family_03,template_03,1.0,11,B-INSTRUCTION,1,0,0,5261,21,13042,1,0,1,0,0.5,2
task_0018,family_03,template_03,1.0,11,B-RAG-EMBED,1,0,0,5757,23,11784,0,0,1,0,0.5,2
task_0018,family_03,template_03,1.0,11,B-STAGEHAND-CACHE,1,0,0,5556,23,13752,0,0,1,0,0.5,2
task_0018,family_03,template_03,1.0,11,B-TERX-REPLAY,1,0,0,5532,23,13704,0,0,1,0,0.5,2
task_0018,family_03,template_03,1.0,11,NC1-SHUFFLED,0,1,0,4280,11,9760,0,0,0,0,0.5,2
task_0018,family_03,template_03,1.0,11,NC2-RANDOM,0,1,0,5571,23,13782,0,0,0,0,0.45,2
task_0018,family_03,template_03,1.0,11,B-LENGTH-PROPORTIONAL,1,0,0,5562,23,13764,0,0,1,0,0.5,2
task_0019,family_03,template_03,0.75,11,P-SPIDER-PARAM,1,0,0,2682,11,5634,3,1,1,0,0.89668,4
task_0019,family_03,template_03,0.75,11,B-COLD,1,0,0,5565,23,13890,0,0,1,0,0.5,2
task_0019,family_03,template_03,0.75,11,B-INSTRUCTION,1,0,0,5251,21,13022,1,0,1,0,0.5,2
task_0019,family_03,template_03,0.75,11,B-RAG-EMBED,1,0,0,5743,23,11756,0,0,1,0,0.5,2
task_0019,family_03,template_03,0.75,11,B-STAGEHAND-CACHE,1,0,0,5560,23,13760,0,0,1,0,0.5,2
task_0019,family_03,template_03,0.75,11,B-TERX-REPLAY,1,0,0,5550,23,13740,0,0,1,0,0.5,2
task_0019,family_03,template_03,0.75,11,NC1-SHUFFLED,1,0,0,4378,11,9956,0,0,1,0,0.5,2
task_0019,family_03,template_03,0.75,11,NC2-RANDOM,1,0,0,5541,23,13722,0,0,1,0,0.45,2
task_0019,family_03,template_03,0.75,11,B-LENGTH-PROPORTIONAL,1,0,0,5546,23,13732,0,0,1,0,0.5,2
task_0020,family_03,template_03,0.0,11,P-SPIDER-PARAM,1,0,0,257,1,784,11,1,1,0,0.91262,4
task_0020,family_03,template_03,0.0,11,B-COLD,1,0,0,5565,23,13890,0,0,1,0,0.5,2
task_0020,family_03,template_03,0.0,11,B-INSTRUCTION,1,0,0,5258,21,13036,1,0,1,0,0.5,2
task_0020,family_03,template_03,0.0,11,B-RAG-EMBED,1,0,0,617,3,1504,11,1,1,0,0.5,2
task_0020,family_03,template_03,0.0,11,B-STAGEHAND-CACHE,1,0,0,401,1,922,11,1,1,0,0.5,2
task_0020,family_03,template_03,0.0,11,B-TERX-REPLAY,1,0,0,401,1,922,11,1,1,0,0.5,2
task_0020,family_03,template_03,0.0,11,NC1-SHUFFLED,0,0,0,5145,11,11490,0,0,0,0,0.5,2
task_0020,family_03,template_03,0.0,11,NC2-RANDOM,1,0,0,5533,23,13706,0,0,1,0,0.45,2
task_0020,family_03,template_03,0.0,11,B-LENGTH-PROPORTIONAL,1,0,0,5541,23,13722,0,0,1,0,0.5,2
task_0021,family_03,template_03,0.25,11,P-SPIDER-PARAM,1,0,0,991,5,2252,8,1,1,0,0.88472,4
task_0021,family_03,template_03,0.25,11,B-COLD,1,0,0,5555,23,13870,0,0,1,0,0.5,2
task_0021,family_03,template_03,0.25,11,B-INSTRUCTION,1,0,0,5256,21,13032,1,0,1,0,0.5,2
task_0021,family_03,template_03,0.25,11,B-RAG-EMBED,1,0,0,1850,7,3970,8,1,1,0,0.5,2
task_0021,family_03,template_03,0.25,11,B-STAGEHAND-CACHE,1,0,0,5561,23,13762,0,0,1,0,0.5,2
task_0021,family_03,template_03,0.25,11,B-TERX-REPLAY,1,0,0,5560,23,13760,0,0,1,0,0.5,2
task_0021,family_03,template_03,0.25,11,NC1-SHUFFLED,1,0,0,5015,11,11230,0,0,1,0,0.5,2
task_0021,family_03,template_03,0.25,11,NC2-RANDOM,1,0,0,5534,23,13708,0,0,1,0,0.45,2
task_0021,family_03,template_03,0.25,11,B-LENGTH-PROPORTIONAL,1,0,0,5562,23,13764,0,0,1,0,0.5,2
task_0022,family_03,template_03,0.5,11,P-SPIDER-PARAM,1,0,1,1888,7,4046,0,0,0,0,0.8246199999999999,4
task_0022,family_03,template_03,0.5,11,B-COLD,1,0,0,5555,23,13870,0,0,1,0,0.5,2
task_0022,family_03,template_03,0.5,11,B-INSTRUCTION,1,0,0,5262,21,13044,1,0,1,0,0.5,2
task_0022,family_03,template_03,0.5,11,B-RAG-EMBED,0,0,0,3350,13,6970,5,1,0,0,0.5,2
task_0022,family_03,template_03,0.5,11,B-STAGEHAND-CACHE,1,0,0,5546,23,13732,0,0,1,0,0.5,2
task_0022,family_03,template_03,0.5,11,B-TERX-REPLAY,1,0,0,5558,23,13756,0,0,1,0,0.5,2
task_0022,family_03,template_03,0.5,11,NC1-SHUFFLED,0,1,0,5085,11,11370,0,0,0,0,0.5,2
task_0022,family_03,template_03,0.5,11,NC2-RANDOM,0,1,0,5542,23,13724,0,0,0,0,0.45,2
task_0022,family_03,template_03,0.5,11,B-LENGTH-PROPORTIONAL,1,0,0,5553,23,13746,0,0,1,0,0.5,2
task_0023,family_03,template_03,0.75,11,P-SPIDER-PARAM,1,0,1,2628,9,5526,0,0,0,0,0.9138999999999999,4
task_0023,family_03,template_03,0.75,11,B-COLD,1,0,0,5567,23,13894,0,0,1,0,0.5,2
task_0023,family_03,template_03,0.75,11,B-INSTRUCTION,1,0,0,5269,21,13058,1,0,1,0,0.5,2
task_0023,family_03,template_03,0.75,11,B-RAG-EMBED,1,0,0,5743,23,11756,0,0,1,0,0.5,2
task_0023,family_03,template_03,0.75,11,B-STAGEHAND-CACHE,1,0,0,5560,23,13760,0,0,1,0,0.5,2
task_0023,family_03,template_03,0.75,11,B-TERX-REPLAY,1,0,0,5533,23,13706,0,0,1,0,0.5,2
task_0023,family_03,template_03,0.75,11,NC1-SHUFFLED,0,1,0,5087,11,11374,0,0,0,0,0.5,2
task_0023,family_03,template_03,0.75,11,NC2-RANDOM,0,1,0,5526,23,13692,0,0,0,0,0.45,2
task_0023,family_03,template_03,0.75,11,B-LENGTH-PROPORTIONAL,1,0,0,5552,23,13744,0,0,1,0,0.5,2
task_0024,family_04,template_04,0.75,12,P-SPIDER-PARAM,1,0,1,2673,9,5616,0,0,0,0,0.8026,4
task_0024,family_04,template_04,0.75,12,B-COLD,1,0,0,6059,25,15118,0,0,1,0,0.5,2
task_0024,family_04,template_04,0.75,12,B-INSTRUCTION,1,0,0,5758,23,14276,1,0,1,0,0.5,2
task_0024,family_04,template_04,0.75,12,B-RAG-EMBED,1,0,0,6251,25,12772,0,0,1,0,0.5,2
task_0024,family_04,template_04,0.75,12,B-STAGEHAND-CACHE,1,0,0,6033,25,14946,0,0,1,0,0.5,2
task_0024,family_04,template_04,0.75,12,B-TERX-REPLAY,1,0,0,6065,25,15010,0,0,1,0,0.5,2
task_0024,family_04,template_04,0.75,12,NC1-SHUFFLED,0,1,0,4616,11,10432,0,0,0,0,0.5,2
task_0024,family_04,template_04,0.75,12,NC2-RANDOM,1,0,0,6054,25,14988,0,0,1,0,0.45,2
task_0024,family_04,template_04,0.75,12,B-LENGTH-PROPORTIONAL,1,0,0,6063,25,15006,0,0,1,0,0.5,2
task_0025,family_04,template_04,1.0,12,P-SPIDER-PARAM,1,0,1,3454,13,7178,0,0,0,0,0.89972,4
task_0025,family_04,template_04,1.0,12,B-COLD,1,0,0,6042,25,15084,0,0,1,0,0.5,2
task_0025,family_04,template_04,1.0,12,B-INSTRUCTION,1,0,0,5762,23,14284,1,0,1,0,0.5,2
task_0025,family_04,template_04,1.0,12,B-RAG-EMBED,1,0,0,6350,25,12970,0,1,1,0,0.5,2
task_0025,family_04,template_04,1.0,12,B-STAGEHAND-CACHE,1,0,0,6060,25,15000,0,0,1,0,0.5,2
task_0025,family_04,template_04,1.0,12,B-TERX-REPLAY,1,0,0,6052,25,14984,0,0,1,0,0.5,2
task_0025,family_04,template_04,1.0,12,NC1-SHUFFLED,1,0,0,5280,11,11760,0,0,1,0,0.5,2
task_0025,family_04,template_04,1.0,12,NC2-RANDOM,0,1,0,6059,25,14998,0,0,0,0,0.45,2
task_0025,family_04,template_04,1.0,12,B-LENGTH-PROPORTIONAL,1,0,0,6048,25,14976,0,0,1,0,0.5,2
task_0026,family_04,template_04,0.25,12,P-SPIDER-PARAM,0,1,0,1092,7,2454,9,0,0,1,0.89606,4
task_0026,family_04,template_04,0.25,12,B-COLD,1,0,0,6031,25,15062,0,0,1,0,0.5,2
task_0026,family_04,template_04,0.25,12,B-INSTRUCTION,1,0,0,5748,23,14256,1,0,1,0,0.5,2
task_0026,family_04,template_04,0.25,12,B-RAG-EMBED,1,0,0,1850,7,3970,9,1,1,0,0.5,2
task_0026,family_04,template_04,0.25,12,B-STAGEHAND-CACHE,1,0,0,6050,25,14980,0,0,1,0,0.5,2
task_0026,family_04,template_04,0.25,12,B-TERX-REPLAY,1,0,0,6056,25,14992,0,0,1,0,0.5,2
task_0026,family_04,template_04,0.25,12,NC1-SHUFFLED,1,0,0,5243,11,11686,0,0,1,0,0.5,2
task_0026,family_04,template_04,0.25,12,NC2-RANDOM,1,0,0,6072,25,15024,0,0,1,0,0.45,2
task_0026,family_04,template_04,0.25,12,B-LENGTH-PROPORTIONAL,1,0,0,6051,25,14982,0,0,1,0,0.5,2
task_0027,family_04,template_04,0.0,12,P-SPIDER-PARAM,1,0,0,208,1,686,12,1,1,0,0.9100999999999999,4
task_0027,family_04,template_04,0.0,12,B-COLD,1,0,0,6044,25,15088,0,0,1,0,0.5,2
task_0027,family_04,template_04,0.0,12,B-INSTRUCTION,1,0,0,5736,23,14232,1,0,1,0,0.5,2
task_0027,family_04,template_04,0.0,12,B-RAG-EMBED,1,0,0,586,3,1442,12,1,1,0,0.5,2
task_0027,family_04,template_04,0.0,12,B-STAGEHAND-CACHE,1,0,0,396,1,912,12,1,1,0,0.5,2
task_0027,family_04,template_04,0.0,12,B-TERX-REPLAY,1,0,0,413,1,946,12,1,1,0,0.5,2
task_0027,family_04,template_04,0.0,12,NC1-SHUFFLED,1,0,0,5193,11,11586,0,0,1,0,0.5,2
task_0027,family_04,template_04,0.0,12,NC2-RANDOM,0,1,0,6058,25,14996,0,0,0,0,0.45,2
task_0027,family_04,template_04,0.0,12,B-LENGTH-PROPORTIONAL,1,0,0,6061,25,15002,0,0,1,0,0.5,2
task_0028,family_04,template_04,0.5,12,P-SPIDER-PARAM,1,0,0,1795,9,3860,6,1,1,0,0.8257399999999999,4
task_0028,family_04,template_04,0.5,12,B-COLD,1,0,0,6069,25,15138,0,0,1,0,0.5,2
task_0028,family_04,template_04,0.5,12,B-INSTRUCTION,1,0,0,5760,23,14280,1,0,1,0,0.5,2
task_0028,family_04,template_04,0.5,12,B-RAG-EMBED,1,0,0,6256,25,12782,0,0,1,0,0.5,2
task_0028,family_04,template_04,0.5,12,B-STAGEHAND-CACHE,1,0,0,6044,25,14968,0,0,1,0,0.5,2
task_0028,family_04,template_04,0.5,12,B-TERX-REPLAY,1,0,0,6062,25,15004,0,0,1,0,0.5,2
task_0028,family_04,template_04,0.5,12,NC1-SHUFFLED,0,0,0,4327,11,9854,0,0,0,0,0.5,2
task_0028,family_04,template_04,0.5,12,NC2-RANDOM,0,1,0,6052,25,14984,0,0,0,0,0.45,2
task_0028,family_04,template_04,0.5,12,B-LENGTH-PROPORTIONAL,1,0,0,6061,25,15002,0,0,1,0,0.5,2
task_0029,family_04,template_04,1.0,12,P-SPIDER-PARAM,1,0,0,3439,15,7148,0,1,1,0,0.8463799999999999,4
task_0029,family_04,template_04,1.0,12,B-COLD,1,0,0,6047,25,15094,0,0,1,0,0.5,2
task_0029,family_04,template_04,1.0,12,B-INSTRUCTION,1,0,0,5738,23,14236,1,0,1,0,0.5,2
task_0029,family_04,template_04,1.0,12,B-RAG-EMBED,1,0,0,6260,25,12790,0,0,1,0,0.5,2
task_0029,family_04,template_04,1.0,12,B-STAGEHAND-CACHE,1,0,0,6056,25,14992,0,0,1,0,0.5,2
task_0029,family_04,template_04,1.0,12,B-TERX-REPLAY,1,0,0,6046,25,14972,0,0,1,0,0.5,2
task_0029,family_04,template_04,1.0,12,NC1-SHUFFLED,0,1,0,4764,11,10728,0,0,0,0,0.5,2
task_0029,family_04,template_04,1.0,12,NC2-RANDOM,0,1,0,6049,25,14978,0,0,0,0,0.45,2
task_0029,family_04,template_04,1.0,12,B-LENGTH-PROPORTIONAL,1,0,0,6064,25,15008,0,0,1,0,0.5,2
task_0030,family_05,template_05,1.0,13,P-SPIDER-PARAM,1,0,1,3392,13,7054,0,0,0,0,0.7682599999999999,3
task_0030,family_05,template_05,1.0,13,B-COLD,1,0,0,6534,27,16308,0,0,1,0,0.5,2
task_0030,family_05,template_05,1.0,13,B-INSTRUCTION,1,0,0,6263,25,15526,1,0,1,0,0.5,2
task_0030,family_05,template_05,1.0,13,B-RAG-EMBED,1,0,0,6762,27,13794,0,0,1,0,0.5,2
task_0030,family_05,template_05,1.0,13,B-STAGEHAND-CACHE,1,0,0,6552,27,16224,0,0,1,0,0.5,2
task_0030,family_05,template_05,1.0,13,B-TERX-REPLAY,1,0,0,6558,27,16236,0,0,1,0,0.5,2
task_0030,family_05,template_05,1.0,13,NC1-SHUFFLED,0,0,0,4304,11,9808,0,0,0,0,0.5,2
task_0030,family_05,template_05,1.0,13,NC2-RANDOM,0,1,0,6540,27,16200,0,0,0,0,0.45,2
task_0030,family_05,template_05,1.0,13,B-LENGTH-PROPORTIONAL,1,0,0,6549,27,16218,0,0,1,0,0.5,2
task_0031,family_05,template_05,0.75,13,P-SPIDER-PARAM,1,0,1,2606,9,5482,0,0,0,0,0.87078,4
task_0031,family_05,template_05,0.75,13,B-COLD,1,0,0,6544,27,16328,0,0,1,0,0.5,2
task_0031,family_05,template_05,0.75,13,B-INSTRUCTION,1,0,0,6247,25,15494,1,0,1,0,0.5,2
task_0031,family_05,template_05,0.75,13,B-RAG-EMBED,1,0,0,5350,21,10970,3,1,1,0,0.5,2
task_0031,family_05,template_05,0.75,13,B-STAGEHAND-CACHE,1,0,0,6546,27,16212,0,0,1,0,0.5,2
task_0031,family_05,template_05,0.75,13,B-TERX-REPLAY,1,0,0,6531,27,16182,0,0,1,0,0.5,2
task_0031,family_05,template_05,0.75,13,NC1-SHUFFLED,1,0,0,4497,11,10194,0,0,1,0,0.5,2
task_0031,family_05,template_05,0.75,13,NC2-RANDOM,0,1,0,6539,27,16198,0,0,0,0,0.45,2
task_0031,family_05,template_05,0.75,13,B-LENGTH-PROPORTIONAL,1,0,0,6542,27,16204,0,0,1,0,0.5,2
task_0032,family_05,template_05,0.0,13,P-SPIDER-PARAM,1,0,0,217,1,704,13,1,1,0,0.99,4
task_0032,family_05,template_05,0.0,13,B-COLD,1,0,0,6537,27,16314,0,0,1,0,0.5,2
task_0032,family_05,template_05,0.0,13,B-INSTRUCTION,1,0,0,6263,25,15526,1,0,1,0,0.5,2
task_0032,family_05,template_05,0.0,13,B-RAG-EMBED,1,0,0,596,3,1462,13,1,1,0,0.5,2
task_0032,family_05,template_05,0.0,13,B-STAGEHAND-CACHE,1,0,0,391,1,902,13,1,1,0,0.5,2
task_0032,family_05,template_05,0.0,13,B-TERX-REPLAY,1,0,0,411,1,942,13,1,1,0,0.5,2
task_0032,family_05,template_05,0.0,13,NC1-SHUFFLED,0,0,0,4561,11,10322,0,0,0,0,0.5,2
task_0032,family_05,template_05,0.0,13,NC2-RANDOM,1,0,0,6526,27,16172,0,0,1,0,0.45,2
task_0032,family_05,template_05,0.0,13,B-LENGTH-PROPORTIONAL,1,0,0,6539,27,16198,0,0,1,0,0.5,2
task_0033,family_05,template_05,0.25,13,P-SPIDER-PARAM,1,0,0,1027,5,2324,10,1,1,0,0.9596199999999999,4
task_0033,family_05,template_05,0.25,13,B-COLD,1,0,0,6563,27,16366,0,0,1,0,0.5,2
task_0033,family_05,template_05,0.25,13,B-INSTRUCTION,1,0,0,6231,25,15462,1,0,1,0,0.5,2
task_0033,family_05,template_05,0.25,13,B-RAG-EMBED,1,0,0,1850,7,3970,10,1,1,0,0.5,2
task_0033,family_05,template_05,0.25,13,B-STAGEHAND-CACHE,1,0,0,6550,27,16220,0,0,1,0,0.5,2
task_0033,family_05,template_05,0.25,13,B-TERX-REPLAY,1,0,0,6569,27,16258,0,0,1,0,0.5,2
task_0033,family_05,template_05,0.25,13,NC1-SHUFFLED,1,0,0,5131,11,11462,0,0,1,0,0.5,2
task_0033,family_05,template_05,0.25,13,NC2-RANDOM,1,1,0,6565,27,16250,0,0,1,0,0.45,2
task_0033,family_05,template_05,0.25,13,B-LENGTH-PROPORTIONAL,1,0,0,6548,27,16216,0,0,1,0,0.5,2
task_0034,family_05,template_05,0.0,13,P-SPIDER-PARAM,1,0,0,222,1,714,13,1,1,0,0.99,4
task_0034,family_05,template_05,0.0,13,B-COLD,1,0,0,6558,27,16356,0,0,1,0,0.5,2
task_0034,family_05,template_05,0.0,13,B-INSTRUCTION,1,0,0,6252,25,15504,1,0,1,0,0.5,2
task_0034,family_05,template_05,0.0,13,B-RAG-EMBED,1,0,0,617,3,1504,13,1,1,0,0.5,2
task_0034,family_05,template_05,0.0,13,B-STAGEHAND-CACHE,1,0,0,401,1,922,13,1,1,0,0.5,2
task_0034,family_05,template_05,0.0,13,B-TERX-REPLAY,1,0,0,409,1,938,13,1,1,0,0.5,2
task_0034,family_05,template_05,0.0,13,NC1-SHUFFLED,0,0,0,4448,11,10096,0,0,0,0,0.5,2
task_0034,family_05,template_05,0.0,13,NC2-RANDOM,1,0,0,6552,27,16224,0,0,1,0,0.45,2
task_0034,family_05,template_05,0.0,13,B-LENGTH-PROPORTIONAL,1,0,0,6560,27,16240,0,0,1,0,0.5,2
task_0035,family_05,template_05,0.5,13,P-SPIDER-PARAM,1,0,1,1853,7,3976,0,0,0,0,0.8463199999999999,4
task_0035,family_05,template_05,0.5,13,B-COLD,1,0,0,6554,27,16348,0,0,1,0,0.5,2
task_0035,family_05,template_05,0.5,13,B-INSTRUCTION,1,0,0,6263,25,15526,1,0,1,0,0.5,2
task_0035,family_05,template_05,0.5,13,B-RAG-EMBED,1,0,0,6769,27,13808,0,0,1,0,0.5,2
task_0035,family_05,template_05,0.5,13,B-STAGEHAND-CACHE,1,0,0,6535,27,16190,0,0,1,0,0.5,2
task_0035,family_05,template_05,0.5,13,B-TERX-REPLAY,1,0,0,6549,27,16218,0,0,1,0,0.5,2
task_0035,family_05,template_05,0.5,13,NC1-SHUFFLED,0,1,0,4411,11,10022,0,0,0,0,0.5,2
task_0035,family_05,template_05,0.5,13,NC2-RANDOM,0,1,0,6534,27,16188,0,0,0,0,0.45,2
task_0035,family_05,template_05,0.5,13,B-LENGTH-PROPORTIONAL,1,0,0,6548,27,16216,0,0,1,0,0.5,2
task_0036,family_06,template_06,0.0,14,P-SPIDER-PARAM,0,1,0,274,3,818,14,0,0,1,0.8973599999999999,4
task_0036,family_06,template_06,0.0,14,B-COLD,1,0,0,7060,29,17600,0,0,1,0,0.5,2
task_0036,family_06,template_06,0.0,14,B-INSTRUCTION,1,0,0,6734,27,16708,1,0,1,0,0.5,2
task_0036,family_06,template_06,0.0,14,B-RAG-EMBED,1,0,0,595,3,1460,14,1,1,0,0.5,2
task_0036,family_06,template_06,0.0,14,B-STAGEHAND-CACHE,1,0,0,395,1,910,14,1,1,0,0.5,2
task_0036,family_06,template_06,0.0,14,B-TERX-REPLAY,1,0,0,400,1,920,14,1,1,0,0.5,2
task_0036,family_06,template_06,0.0,14,NC1-SHUFFLED,1,0,0,4778,11,10756,0,0,1,0,0.5,2
task_0036,family_06,template_06,0.0,14,NC2-RANDOM,0,1,0,7046,29,17452,0,0,0,0,0.45,2
task_0036,family_06,template_06,0.0,14,B-LENGTH-PROPORTIONAL,1,0,0,7057,29,17474,0,0,1,0,0.5,2
task_0037,family_06,template_06,0.25,14,P-SPIDER-PARAM,1,0,0,1073,5,2416,10,1,1,0,0.92812,4
task_0037,family_06,template_06,0.25,14,B-COLD,1,0,0,7065,29,17610,0,0,1,0,0.5,2
task_0037,family_06,template_06,0.25,14,B-INSTRUCTION,1,0,0,6731,27,16702,1,0,1,0,0.5,2
task_0037,family_06,template_06,0.25,14,B-RAG-EMBED,1,0,0,2350,9,4970,10,1,1,0,0.5,2
task_0037,family_06,template_06,0.25,14,B-STAGEHAND-CACHE,1,0,0,7068,29,17496,0,0,1,0,0.5,2
task_0037,family_06,template_06,0.25,14,B-TERX-REPLAY,1,0,0,7044,29,17448,0,0,1,0,0.5,2
task_0037,family_06,template_06,0.25,14,NC1-SHUFFLED,1,0,0,5636,11,12472,0,0,1,0,0.5,2
task_0037,family_06,template_06,0.25,14,NC2-RANDOM,1,0,0,7047,29,17454,0,0,1,0,0.45,2
task_0037,family_06,template_06,0.25,14,B-LENGTH-PROPORTIONAL,1,0,0,7049,29,17458,0,0,1,0,0.5,2
task_0038,family_06,template_06,0.25,14,P-SPIDER-PARAM,1,0,0,1050,5,2370,10,1,1,0,0.89494,4
task_0038,family_06,template_06,0.25,14,B-COLD,1,0,0,7044,29,17568,0,0,1,0,0.5,2
task_0038,family_06,template_06,0.25,14,B-INSTRUCTION,1,0,0,6761,27,16762,1,0,1,0,0.5,2
task_0038,family_06,template_06,0.25,14,B-RAG-EMBED,1,0,0,2350,9,4970,10,1,1,0,0.5,2
task_0038,family_06,template_06,0.25,14,B-STAGEHAND-CACHE,1,0,0,7069,29,17498,0,0,1,0,0.5,2
task_0038,family_06,template_06,0.25,14,B-TERX-REPLAY,1,0,0,7053,29,17466,0,0,1,0,0.5,2
task_0038,family_06,template_06,0.25,14,NC1-SHUFFLED,0,1,0,5268,11,11736,0,0,0,0,0.5,2
task_0038,family_06,template_06,0.25,14,NC2-RANDOM,0,1,0,7035,29,17430,0,0,0,0,0.45,2
task_0038,family_06,template_06,0.25,14,B-LENGTH-PROPORTIONAL,1,0,0,7053,29,17466,0,0,1,0,0.5,2
task_0039,family_06,template_06,1.0,14,P-SPIDER-PARAM,1,0,1,3493,13,7256,0,0,0,0,0.7949999999999999,3
task_0039,family_06,template_06,1.0,14,B-COLD,1,0,0,7054,29,17588,0,0,1,0,0.5,2
task_0039,family_06,template_06,1.0,14,B-INSTRUCTION,1,0,0,6753,27,16746,1,0,1,0,0.5,2
task_0039,family_06,template_06,1.0,14,B-RAG-EMBED,1,0,0,7350,29,14970,0,1,1,0,0.5,2
task_0039,family_06,template_06,1.0,14,B-STAGEHAND-CACHE,1,0,0,7037,29,17434,0,0,1,0,0.5,2
task_0039,family_06,template_06,1.0,14,B-TERX-REPLAY,1,0,0,7057,29,17474,0,0,1,0,0.5,2
task_0039,family_06,template_06,1.0,14,NC1-SHUFFLED,0,1,0,4291,11,9782,0,0,0,0,0.5,2
task_0039,family_06,template_06,1.0,14,NC2-RANDOM,0,1,0,7044,29,17448,0,0,0,0,0.45,2
task_0039,family_06,template_06,1.0,14,B-LENGTH-PROPORTIONAL,1,0,0,7055,29,17470,0,0,1,0,0.5,2
task_0040,family_06,template_06,0.75,14,P-SPIDER-PARAM,1,0,0,2683,13,5636,4,1,1,0,0.8558,4
task_0040,family_06,template_06,0.75,14,B-COLD,1,0,0,7055,29,17590,0,0,1,0,0.5,2
task_0040,family_06,template_06,0.75,14,B-INSTRUCTION,1,0,0,6753,27,16746,1,0,1,0,0.5,2
task_0040,family_06,template_06,0.75,14,B-RAG-EMBED,1,0,0,7239,29,14748,0,0,1,0,0.5,2
task_0040,family_06,template_06,0.75,14,B-STAGEHAND-CACHE,1,0,0,7052,29,17464,0,0,1,0,0.5,2
task_0040,family_06,template_06,0.75,14,B-TERX-REPLAY,1,0,0,7043,29,17446,0,0,1,0,0.5,2
task_0040,family_06,template_06,0.75,14,NC1-SHUFFLED,0,1,0,4895,11,10990,0,0,0,0,0.5,2
task_0040,family_06,template_06,0.75,14,NC2-RANDOM,0,1,0,7053,29,17466,0,0,0,0,0.45,2
task_0040,family_06,template_06,0.75,14,B-LENGTH-PROPORTIONAL,1,0,0,7053,29,17466,0,0,1,0,0.5,2
task_0041,family_06,template_06,0.5,14,P-SPIDER-PARAM,1,0,0,1846,9,3962,7,1,1,0,0.8734799999999999,4
task_0041,family_06,template_06,0.5,14,B-COLD,1,0,0,7047,29,17574,0,0,1,0,0.5,2
task_0041,family_06,template_06,0.5,14,B-INSTRUCTION,1,0,0,6760,27,16760,1,0,1,0,0.5,2
task_0041,family_06,template_06,0.5,14,B-RAG-EMBED,1,0,0,3850,15,7970,7,1,1,0,0.5,2
task_0041,family_06,template_06,0.5,14,B-STAGEHAND-CACHE,1,0,0,7062,29,17484,0,0,1,0,0.5,2
task_0041,family_06,template_06,0.5,14,B-TERX-REPLAY,1,0,0,7043,29,17446,0,0,1,0,0.5,2
task_0041,family_06,template_06,0.5,14,NC1-SHUFFLED,0,0,0,4477,11,10154,0,0,0,0,0.5,2
task_0041,family_06,template_06,0.5,14,NC2-RANDOM,0,1,0,7037,29,17434,0,0,0,0,0.45,2
task_0041,family_06,template_06,0.5,14,B-LENGTH-PROPORTIONAL,1,0,0,7045,29,17450,0,0,1,0,0.5,2
task_0042,family_07,template_07,0.5,8,P-SPIDER-PARAM,1,0,0,1877,5,4024,4,1,1,0,0.8519199999999999,4
task_0042,family_07,template_07,0.5,8,B-COLD,1,0,0,4059,17,10158,0,0,1,0,0.5,2
task_0042,family_07,template_07,0.5,8,B-INSTRUCTION,1,0,0,3738,15,9276,1,0,1,0,0.5,2
task_0042,family_07,template_07,0.5,8,B-RAG-EMBED,1,0,0,2350,9,4970,4,1,1,0,0.5,2
task_0042,family_07,template_07,0.5,8,B-STAGEHAND-CACHE,1,0,0,4050,17,10020,0,0,1,0,0.5,2
task_0042,family_07,template_07,0.5,8,B-TERX-REPLAY,1,0,0,4047,17,10014,0,0,1,0,0.5,2
task_0042,family_07,template_07,0.5,8,NC1-SHUFFLED,0,0,0,5220,11,11640,0,0,0,0,0.5,2
task_0042,family_07,template_07,0.5,8,NC2-RANDOM,1,1,0,4066,17,10052,0,0,1,0,0.45,2
task_0042,family_07,template_07,0.5,8,B-LENGTH-PROPORTIONAL,1,0,0,4061,17,10042,0,0,1,0,0.5,2
task_0043,family_07,template_07,0.5,8,P-SPIDER-PARAM,1,0,0,1814,5,3898,4,1,1,0,0.9299,4
task_0043,family_07,template_07,0.5,8,B-COLD,1,0,0,4046,17,10132,0,0,1,0,0.5,2
task_0043,family_07,template_07,0.5,8,B-INSTRUCTION,1,0,0,3733,15,9266,1,0,1,0,0.5,2
task_0043,family_07,template_07,0.5,8,B-RAG-EMBED,1,0,0,4253,17,8776,0,0,1,0,0.5,2
task_0043,family_07,template_07,0.5,8,B-STAGEHAND-CACHE,1,0,0,4048,17,10016,0,0,1,0,0.5,2
task_0043,family_07,template_07,0.5,8,B-TERX-REPLAY,1,0,0,4063,17,10046,0,0,1,0,0.5,2
task_0043,family_07,template_07,0.5,8,NC1-SHUFFLED,0,0,0,4665,11,10530,0,0,0,0,0.5,2
task_0043,family_07,template_07,0.5,8,NC2-RANDOM,0,1,0,4040,17,10000,0,0,0,0,0.45,2
task_0043,family_07,template_07,0.5,8,B-LENGTH-PROPORTIONAL,1,0,0,4049,17,10018,0,0,1,0,0.5,2
task_0044,family_07,template_07,1.0,8,P-SPIDER-PARAM,1,0,1,3413,13,7096,0,0,0,0,0.82216,4
task_0044,family_07,template_07,1.0,8,B-COLD,1,0,0,4061,17,10162,0,0,1,0,0.5,2
task_0044,family_07,template_07,1.0,8,B-INSTRUCTION,1,0,0,3764,15,9328,1,0,1,0,0.5,2
task_0044,family_07,template_07,1.0,8,B-RAG-EMBED,1,0,0,4232,17,8734,0,0,1,0,0.5,2
task_0044,family_07,template_07,1.0,8,B-STAGEHAND-CACHE,1,0,0,4042,17,10004,0,0,1,0,0.5,2
task_0044,family_07,template_07,1.0,8,B-TERX-REPLAY,1,0,0,4050,17,10020,0,0,1,0,0.5,2
task_0044,family_07,template_07,1.0,8,NC1-SHUFFLED,0,1,0,4558,11,10316,0,0,0,0,0.5,2
task_0044,family_07,template_07,1.0,8,NC2-RANDOM,0,1,0,4058,17,10036,0,0,0,0,0.45,2
task_0044,family_07,template_07,1.0,8,B-LENGTH-PROPORTIONAL,1,0,0,4063,17,10046,0,0,1,0,0.5,2
task_0045,family_07,template_07,0.0,8,P-SPIDER-PARAM,1,0,0,260,1,790,8,1,1,0,0.96624,4
task_0045,family_07,template_07,0.0,8,B-COLD,1,0,0,4041,17,10122,0,0,1,0,0.5,2
task_0045,family_07,template_07,0.0,8,B-INSTRUCTION,1,0,0,3750,15,9300,1,0,1,0,0.5,2
task_0045,family_07,template_07,0.0,8,B-RAG-EMBED,1,0,0,586,3,1442,8,1,1,0,0.5,2
task_0045,family_07,template_07,0.0,8,B-STAGEHAND-CACHE,1,0,0,409,1,938,8,1,1,0,0.5,2
task_0045,family_07,template_07,0.0,8,B-TERX-REPLAY,1,0,0,398,1,916,8,1,1,0,0.5,2
task_0045,family_07,template_07,0.0,8,NC1-SHUFFLED,0,1,0,4424,11,10048,0,0,0,0,0.5,2
task_0045,family_07,template_07,0.0,8,NC2-RANDOM,0,1,0,4046,17,10012,0,0,0,0,0.45,2
task_0045,family_07,template_07,0.0,8,B-LENGTH-PROPORTIONAL,1,0,0,4043,17,10006,0,0,1,0,0.5,2
task_0046,family_07,template_07,0.25,8,P-SPIDER-PARAM,1,0,0,1069,3,2408,6,1,1,0,0.8516799999999999,4
task_0046,family_07,template_07,0.25,8,B-COLD,1,0,0,4037,17,10114,0,0,1,0,0.5,2
task_0046,family_07,template_07,0.25,8,B-INSTRUCTION,1,0,0,3758,15,9316,1,0,1,0,0.5,2
task_0046,family_07,template_07,0.25,8,B-RAG-EMBED,1,0,0,1350,5,2970,6,1,1,0,0.5,2
task_0046,family_07,template_07,0.25,8,B-STAGEHAND-CACHE,1,0,0,4068,17,10056,0,0,1,0,0.5,2
task_0046,family_07,template_07,0.25,8,B-TERX-REPLAY,1,0,0,4031,17,9982,0,0,1,0,0.5,2
task_0046,family_07,template_07,0.25,8,NC1-SHUFFLED,0,0,0,4941,11,11082,0,0,0,0,0.5,2
task_0046,family_07,template_07,0.25,8,NC2-RANDOM,1,1,0,4069,17,10058,0,0,1,0,0.45,2
task_0046,family_07,template_07,0.25,8,B-LENGTH-PROPORTIONAL,1,0,0,4064,17,10048,0,0,1,0,0.5,2
task_0047,family_07,template_07,0.75,8,P-SPIDER-PARAM,1,0,1,2613,9,5496,0,0,0,0,0.86392,4
task_0047,family_07,template_07,0.75,8,B-COLD,1,0,0,4066,17,10172,0,0,1,0,0.5,2
task_0047,family_07,template_07,0.75,8,B-INSTRUCTION,1,0,0,3766,15,9332,1,0,1,0,0.5,2
task_0047,family_07,template_07,0.75,8,B-RAG-EMBED,1,0,0,4265,17,8800,0,0,1,0,0.5,2
task_0047,family_07,template_07,0.75,8,B-STAGEHAND-CACHE,1,0,0,4041,17,10002,0,0,1,0,0.5,2
task_0047,family_07,template_07,0.75,8,B-TERX-REPLAY,1,0,0,4058,17,10036,0,0,1,0,0.5,2
task_0047,family_07,template_07,0.75,8,NC1-SHUFFLED,0,1,0,4589,11,10378,0,0,0,0,0.5,2
task_0047,family_07,template_07,0.75,8,NC2-RANDOM,1,1,0,4031,17,9982,0,0,1,0,0.45,2
task_0047,family_07,template_07,0.75,8,B-LENGTH-PROPORTIONAL,1,0,0,4061,17,10042,0,0,1,0,0.5,2
task_0048,family_08,template_08,0.25,9,P-SPIDER-PARAM,1,0,0,999,3,2268,7,1,1,0,0.9516399999999999,4
task_0048,family_08,template_08,0.25,9,B-COLD,1,0,0,4555,19,11390,0,0,1,0,0.5,2
task_0048,family_08,template_08,0.25,9,B-INSTRUCTION,1,0,0,4267,17,10574,1,0,1,0,0.5,2
task_0048,family_08,template_08,0.25,9,B-RAG-EMBED,1,0,0,4744,19,9758,0,0,1,0,0.5,2
task_0048,family_08,template_08,0.25,9,B-STAGEHAND-CACHE,1,0,0,4550,19,11260,0,0,1,0,0.5,2
task_0048,family_08,template_08,0.25,9,B-TERX-REPLAY,1,0,0,4538,19,11236,0,0,1,0,0.5,2
task_0048,family_08,template_08,0.25,9,NC1-SHUFFLED,0,1,0,4671,11,10542,0,0,0,0,0.5,2
task_0048,family_08,template_08,0.25,9,NC2-RANDOM,0,1,0,4572,19,11304,0,0,0,0,0.45,2
task_0048,family_08,template_08,0.25,9,B-LENGTH-PROPORTIONAL,1,0,0,4553,19,11266,0,0,1,0,0.5,2
task_0049,family_08,template_08,0.0,9,P-SPIDER-PARAM,1,0,0,691,1,1652,9,1,1,0,0.88518,4
task_0049,family_08,template_08,0.0,9,B-COLD,1,0,0,4560,19,11400,0,0,1,0,0.5,2
task_0049,family_08,template_08,0.0,9,B-INSTRUCTION,1,0,0,4264,17,10568,1,0,1,0,0.5,2
task_0049,family_08,template_08,0.0,9,B-RAG-EMBED,1,0,0,589,3,1448,9,1,1,0,0.5,2
task_0049,family_08,template_08,0.0,9,B-STAGEHAND-CACHE,1,0,0,386,1,892,9,1,1,0,0.5,2
task_0049,family_08,template_08,0.0,9,B-TERX-REPLAY,1,0,0,410,1,940,9,1,1,0,0.5,2
task_0049,family_08,template_08,0.0,9,NC1-SHUFFLED,1,0,0,5116,11,11432,0,0,1,0,0.5,2
task_0049,family_08,template_08,0.0,9,NC2-RANDOM,0,1,0,4526,19,11212,0,0,0,0,0.45,2
task_0049,family_08,template_08,0.0,9,B-LENGTH-PROPORTIONAL,1,0,0,4555,19,11270,0,0,1,0,0.5,2
task_0050,family_08,template_08,1.0,9,P-SPIDER-PARAM,1,0,0,3420,11,7110,0,1,1,0,0.8412,4
task_0050,family_08,template_08,1.0,9,B-COLD,1,0,0,4568,19,11416,0,0,1,0,0.5,2
task_0050,family_08,template_08,1.0,9,B-INSTRUCTION,1,0,0,4247,17,10534,1,0,1,0,0.5,2
task_0050,family_08,template_08,1.0,9,B-RAG-EMBED,1,0,0,4850,19,9970,0,1,1,0,0.5,2
task_0050,family_08,template_08,1.0,9,B-STAGEHAND-CACHE,1,0,0,4561,19,11282,0,0,1,0,0.5,2
task_0050,family_08,template_08,1.0,9,B-TERX-REPLAY,1,0,0,4554,19,11268,0,0,1,0,0.5,2
task_0050,family_08,template_08,1.0,9,NC1-SHUFFLED,1,0,0,5573,11,12346,0,0,1,0,0.5,2
task_0050,family_08,template_08,1.0,9,NC2-RANDOM,1,1,0,4569,19,11298,0,0,1,0,0.45,2
task_0050,family_08,template_08,1.0,9,B-LENGTH-PROPORTIONAL,1,0,0,4555,19,11270,0,0,1,0,0.5,2
task_0051,family_08,template_08,0.5,9,P-SPIDER-PARAM,1,0,0,1886,7,4042,5,1,1,0,0.9158999999999999,4
task_0051,family_08,template_08,0.5,9,B-COLD,1,0,0,4555,19,11390,0,0,1,0,0.5,2
task_0051,family_08,template_08,0.5,9,B-INSTRUCTION,1,0,0,4245,17,10530,1,0,1,0,0.5,2
task_0051,family_08,template_08,0.5,9,B-RAG-EMBED,1,0,0,4731,19,9732,0,0,1,0,0.5,2
task_0051,family_08,template_08,0.5,9,B-STAGEHAND-CACHE,1,0,0,4565,19,11290,0,0,1,0,0.5,2
task_0051,family_08,template_08,0.5,9,B-TERX-REPLAY,1,0,0,4541,19,11242,0,0,1,0,0.5,2
task_0051,family_08,template_08,0.5,9,NC1-SHUFFLED,0,0,0,5101,11,11402,0,0,0,0,0.5,2
task_0051,family_08,template_08,0.5,9,NC2-RANDOM,1,1,0,4530,19,11220,0,0,1,0,0.45,2
task_0051,family_08,template_08,0.5,9,B-LENGTH-PROPORTIONAL,1,0,0,4548,19,11256,0,0,1,0,0.5,2
task_0052,family_08,template_08,0.75,9,P-SPIDER-PARAM,1,0,1,2633,9,5536,0,0,0,0,0.88702,4
task_0052,family_08,template_08,0.75,9,B-COLD,1,0,0,4551,19,11382,0,0,1,0,0.5,2
task_0052,family_08,template_08,0.75,9,B-INSTRUCTION,1,0,0,4266,17,10572,1,0,1,0,0.5,2
task_0052,family_08,template_08,0.75,9,B-RAG-EMBED,1,0,0,4732,19,9734,0,0,1,0,0.5,2
task_0052,family_08,template_08,0.75,9,B-STAGEHAND-CACHE,1,0,0,4556,19,11272,0,0,1,0,0.5,2
task_0052,family_08,template_08,0.75,9,B-TERX-REPLAY,1,0,0,4565,19,11290,0,0,1,0,0.5,2
task_0052,family_08,template_08,0.75,9,NC1-SHUFFLED,0,1,0,4681,11,10562,0,0,0,0,0.5,2
task_0052,family_08,template_08,0.75,9,NC2-RANDOM,1,0,0,4564,19,11288,0,0,1,0,0.45,2
task_0052,family_08,template_08,0.75,9,B-LENGTH-PROPORTIONAL,1,0,0,4564,19,11288,0,0,1,0,0.5,2
task_0053,family_08,template_08,0.75,9,P-SPIDER-PARAM,0,1,0,3189,11,6648,2,0,0,1,0.85146,4
task_0053,family_08,template_08,0.75,9,B-COLD,1,0,0,4535,19,11350,0,0,1,0,0.5,2
task_0053,family_08,template_08,0.75,9,B-INSTRUCTION,1,0,0,4235,17,10510,1,0,1,0,0.5,2
task_0053,family_08,template_08,0.75,9,B-RAG-EMBED,1,0,0,3850,15,7970,2,1,1,0,0.5,2
task_0053,family_08,template_08,0.75,9,B-STAGEHAND-CACHE,1,0,0,4536,19,11232,0,0,1,0,0.5,2
task_0053,family_08,template_08,0.75,9,B-TERX-REPLAY,1,0,0,4562,19,11284,0,0,1,0,0.5,2
task_0053,family_08,template_08,0.75,9,NC1-SHUFFLED,0,0,0,4796,11,10792,0,0,0,0,0.5,2
task_0053,family_08,template_08,0.75,9,NC2-RANDOM,0,1,0,4562,19,11284,0,0,0,0,0.45,2
task_0053,family_08,template_08,0.75,9,B-LENGTH-PROPORTIONAL,1,0,0,4550,19,11260,0,0,1,0,0.5,2
task_0054,family_09,template_09,1.0,10,P-SPIDER-PARAM,0,1,0,3394,15,7058,0,0,0,1,0.81124,4
task_0054,family_09,template_09,1.0,10,B-COLD,1,0,0,5036,21,12592,0,0,1,0,0.5,2
task_0054,family_09,template_09,1.0,10,B-INSTRUCTION,1,0,0,4752,19,11784,1,0,1,0,0.5,2
task_0054,family_09,template_09,1.0,10,B-RAG-EMBED,1,0,0,5268,21,10806,0,0,1,0,0.5,2
task_0054,family_09,template_09,1.0,10,B-STAGEHAND-CACHE,1,0,0,5050,21,12500,0,0,1,0,0.5,2
task_0054,family_09,template_09,1.0,10,B-TERX-REPLAY,1,0,0,5038,21,12476,0,0,1,0,0.5,2
task_0054,family_09,template_09,1.0,10,NC1-SHUFFLED,0,1,0,5375,11,11950,0,0,0,0,0.5,2
task_0054,family_09,template_09,1.0,10,NC2-RANDOM,0,1,0,5038,21,12476,0,0,0,0,0.45,2
task_0054,family_09,template_09,1.0,10,B-LENGTH-PROPORTIONAL,1,0,0,5057,21,12514,0,0,1,0,0.5,2
task_0055,family_09,template_09,1.0,10,P-SPIDER-PARAM,1,0,0,3466,13,7202,0,1,1,0,0.8341999999999999,4
task_0055,family_09,template_09,1.0,10,B-COLD,1,0,0,5032,21,12584,0,0,1,0,0.5,2
task_0055,family_09,template_09,1.0,10,B-INSTRUCTION,1,0,0,4743,19,11766,1,0,1,0,0.5,2
task_0055,family_09,template_09,1.0,10,B-RAG-EMBED,1,0,0,5244,21,10758,0,0,1,0,0.5,2
task_0055,family_09,template_09,1.0,10,B-STAGEHAND-CACHE,1,0,0,5038,21,12476,0,0,1,0,0.5,2
task_0055,family_09,template_09,1.0,10,B-TERX-REPLAY,1,0,0,5040,21,12480,0,0,1,0,0.5,2
task_0055,family_09,template_09,1.0,10,NC1-SHUFFLED,0,1,0,4820,11,10840,0,0,0,0,0.5,2
task_0055,family_09,template_09,1.0,10,NC2-RANDOM,0,1,0,5040,21,12480,0,0,0,0,0.45,2
task_0055,family_09,template_09,1.0,10,B-LENGTH-PROPORTIONAL,1,0,0,5038,21,12476,0,0,1,0,0.5,2
task_0056,family_09,template_09,0.0,10,P-SPIDER-PARAM,1,0,0,216,1,702,10,1,1,0,0.99,4
task_0056,family_09,template_09,0.0,10,B-COLD,1,0,0,5031,21,12582,0,0,1,0,0.5,2
task_0056,family_09,template_09,0.0,10,B-INSTRUCTION,1,0,0,4761,19,11802,1,0,1,0,0.5,2
task_0056,family_09,template_09,0.0,10,B-RAG-EMBED,1,0,0,612,3,1494,10,1,1,0,0.5,2
task_0056,family_09,template_09,0.0,10,B-STAGEHAND-CACHE,1,0,0,404,1,928,10,1,1,0,0.5,2
task_0056,family_09,template_09,0.0,10,B-TERX-REPLAY,1,0,0,403,1,926,10,1,1,0,0.5,2
task_0056,family_09,template_09,0.0,10,NC1-SHUFFLED,0,0,0,4784,11,10768,0,0,0,0,0.5,2
task_0056,family_09,template_09,0.0,10,NC2-RANDOM,0,1,0,5041,21,12482,0,0,0,0,0.45,2
task_0056,family_09,template_09,0.0,10,B-LENGTH-PROPORTIONAL,1,0,0,5059,21,12518,0,0,1,0,0.5,2
task_0057,family_09,template_09,0.25,10,P-SPIDER-PARAM,1,0,0,1033,5,2336,8,1,1,0,0.92546,4
task_0057,family_09,template_09,0.25,10,B-COLD,1,0,0,5066,21,12652,0,0,1,0,0.5,2
task_0057,family_09,template_09,0.25,10,B-INSTRUCTION,1,0,0,4756,19,11792,1,0,1,0,0.5,2
task_0057,family_09,template_09,0.25,10,B-RAG-EMBED,1,0,0,1350,5,2970,8,1,1,0,0.5,2
task_0057,family_09,template_09,0.25,10,B-STAGEHAND-CACHE,1,0,0,5053,21,12506,0,0,1,0,0.5,2
task_0057,family_09,template_09,0.25,10,B-TERX-REPLAY,1,0,0,5041,21,12482,0,0,1,0,0.5,2
task_0057,family_09,template_09,0.25,10,NC1-SHUFFLED,1,0,0,4264,11,9728,0,0,1,0,0.5,2
task_0057,family_09,template_09,0.25,10,NC2-RANDOM,0,1,0,5062,21,12524,0,0,0,0,0.45,2
task_0057,family_09,template_09,0.25,10,B-LENGTH-PROPORTIONAL,1,0,0,5046,21,12492,0,0,1,0,0.5,2
task_0058,family_09,template_09,0.75,10,P-SPIDER-PARAM,1,0,1,2705,9,5680,0,0,0,0,0.9272,4
task_0058,family_09,template_09,0.75,10,B-COLD,1,0,0,5039,21,12598,0,0,1,0,0.5,2
task_0058,family_09,template_09,0.75,10,B-INSTRUCTION,1,0,0,4766,19,11812,1,0,1,0,0.5,2
task_0058,family_09,template_09,0.75,10,B-RAG-EMBED,1,0,0,5261,21,10792,0,0,1,0,0.5,2
task_0058,family_09,template_09,0.75,10,B-STAGEHAND-CACHE,1,0,0,5052,21,12504,0,0,1,0,0.5,2
task_0058,family_09,template_09,0.75,10,B-TERX-REPLAY,1,0,0,5054,21,12508,0,0,1,0,0.5,2
task_0058,family_09,template_09,0.75,10,NC1-SHUFFLED,1,0,0,5488,11,12176,0,0,1,0,0.5,2
task_0058,family_09,template_09,0.75,10,NC2-RANDOM,1,0,0,5054,21,12508,0,0,1,0,0.45,2
task_0058,family_09,template_09,0.75,10,B-LENGTH-PROPORTIONAL,1,0,0,5053,21,12506,0,0,1,0,0.5,2
task_0059,family_09,template_09,0.5,10,P-SPIDER-PARAM,1,0,0,1866,7,4002,5,1,1,0,0.9506199999999999,4
task_0059,family_09,template_09,0.5,10,B-COLD,1,0,0,5035,21,12590,0,0,1,0,0.5,2
task_0059,family_09,template_09,0.5,10,B-INSTRUCTION,1,0,0,4769,19,11818,1,0,1,0,0.5,2
task_0059,family_09,template_09,0.5,10,B-RAG-EMBED,1,0,0,2850,11,5970,5,1,1,0,0.5,2
task_0059,family_09,template_09,0.5,10,B-STAGEHAND-CACHE,1,0,0,5041,21,12482,0,0,1,0,0.5,2
task_0059,family_09,template_09,0.5,10,B-TERX-REPLAY,1,0,0,5048,21,12496,0,0,1,0,0.5,2
task_0059,family_09,template_09,0.5,10,NC1-SHUFFLED,0,1,0,5256,11,11712,0,0,0,0,0.5,2
task_0059,family_09,template_09,0.5,10,NC2-RANDOM,0,1,0,5045,21,12490,0,0,0,0,0.45,2
task_0059,family_09,template_09,0.5,10,B-LENGTH-PROPORTIONAL,1,0,0,5047,21,12494,0,0,1,0,0.5,2
task_0060,family_10,template_10,0.25,11,P-SPIDER-PARAM,1,0,0,1090,5,2450,8,1,1,0,0.9451999999999999,4
task_0060,family_10,template_10,0.25,11,B-COLD,1,0,0,5537,23,13834,0,0,1,0,0.5,2
task_0060,family_10,template_10,0.25,11,B-INSTRUCTION,1,0,0,5250,21,13020,1,0,1,0,0.5,2
task_0060,family_10,template_10,0.25,11,B-RAG-EMBED,1,0,0,1850,7,3970,8,1,1,0,0.5,2
task_0060,family_10,template_10,0.25,11,B-STAGEHAND-CACHE,1,0,0,5532,23,13704,0,0,1,0,0.5,2
task_0060,family_10,template_10,0.25,11,B-TERX-REPLAY,1,0,0,5567,23,13774,0,0,1,0,0.5,2
task_0060,family_10,template_10,0.25,11,NC1-SHUFFLED,0,1,0,4766,11,10732,0,0,0,0,0.5,2
task_0060,family_10,template_10,0.25,11,NC2-RANDOM,1,0,0,5536,23,13712,0,0,1,0,0.45,2
task_0060,family_10,template_10,0.25,11,B-LENGTH-PROPORTIONAL,1,0,0,5562,23,13764,0,0,1,0,0.5,2
task_0061,family_10,template_10,1.0,11,P-SPIDER-PARAM,1,0,1,3508,13,7286,0,0,0,0,0.8459599999999999,4
task_0061,family_10,template_10,1.0,11,B-COLD,1,0,0,5550,23,13860,0,0,1,0,0.5,2
task_0061,family_10,template_10,1.0,11,B-INSTRUCTION,1,0,0,5245,21,13010,1,0,1,0,0.5,2
task_0061,family_10,template_10,1.0,11,B-RAG-EMBED,1,0,0,5850,23,11970,0,1,1,0,0.5,2
task_0061,family_10,template_10,1.0,11,B-STAGEHAND-CACHE,1,0,0,5559,23,13758,0,0,1,0,0.5,2
task_0061,family_10,template_10,1.0,11,B-TERX-REPLAY,1,0,0,5541,23,13722,0,0,1,0,0.5,2
task_0061,family_10,template_10,1.0,11,NC1-SHUFFLED,0,0,0,4777,11,10754,0,0,0,0,0.5,2
task_0061,family_10,template_10,1.0,11,NC2-RANDOM,0,1,0,5536,23,13712,0,0,0,0,0.45,2
task_0061,family_10,template_10,1.0,11,B-LENGTH-PROPORTIONAL,1,0,0,5559,23,13758,0,0,1,0,0.5,2
task_0062,family_10,template_10,0.0,11,P-SPIDER-PARAM,1,0,0,293,1,856,11,1,1,0,0.9017,4
task_0062,family_10,template_10,0.0,11,B-COLD,1,0,0,5562,23,13884,0,0,1,0,0.5,2
task_0062,family_10,template_10,0.0,11,B-INSTRUCTION,1,0,0,5233,21,12986,1,0,1,0,0.5,2
task_0062,family_10,template_10,0.0,11,B-RAG-EMBED,1,0,0,585,3,1440,11,1,1,0,0.5,2
task_0062,family_10,template_10,0.0,11,B-STAGEHAND-CACHE,1,0,0,396,1,912,11,1,1,0,0.5,2
task_0062,family_10,template_10,0.0,11,B-TERX-REPLAY,1,0,0,405,1,930,11,1,1,0,0.5,2
task_0062,family_10,template_10,0.0,11,NC1-SHUFFLED,0,0,0,4802,11,10804,0,0,0,0,0.5,2
task_0062,family_10,template_10,0.0,11,NC2-RANDOM,0,1,0,5553,23,13746,0,0,0,0,0.45,2
task_0062,family_10,template_10,0.0,11,B-LENGTH-PROPORTIONAL,1,0,0,5551,23,13742,0,0,1,0,0.5,2
task_0063,family_10,template_10,0.75,11,P-SPIDER-PARAM,1,0,1,2608,9,5486,0,0,0,0,0.92272,4
task_0063,family_10,template_10,0.75,11,B-COLD,1,0,0,5550,23,13860,0,0,1,0,0.5,2
task_0063,family_10,template_10,0.75,11,B-INSTRUCTION,1,0,0,5248,21,13016,1,0,1,0,0.5,2
task_0063,family_10,template_10,0.75,11,B-RAG-EMBED,1,0,0,5747,23,11764,0,0,1,0,0.5,2
task_0063,family_10,template_10,0.75,11,B-STAGEHAND-CACHE,1,0,0,5539,23,13718,0,0,1,0,0.5,2
task_0063,family_10,template_10,0.75,11,B-TERX-REPLAY,1,0,0,5538,23,13716,0,0,1,0,0.5,2
task_0063,family_10,template_10,0.75,11,NC1-SHUFFLED,0,1,0,5412,11,12024,0,0,0,0,0.5,2
task_0063,family_10,template_10,0.75,11,NC2-RANDOM,1,0,0,5548,23,13736,0,0,1,0,0.45,2
task_0063,family_10,template_10,0.75,11,B-LENGTH-PROPORTIONAL,1,0,0,5547,23,13734,0,0,1,0,0.5,2
task_0064,family_10,template_10,0.0,11,P-SPIDER-PARAM,1,0,0,232,1,734,11,1,1,0,0.99,4
task_0064,family_10,template_10,0.0,11,B-COLD,1,0,0,5567,23,13894,0,0,1,0,0.5,2
task_0064,family_10,template_10,0.0,11,B-INSTRUCTION,1,0,0,5245,21,13010,1,0,1,0,0.5,2
task_0064,family_10,template_10,0.0,11,B-RAG-EMBED,1,0,0,590,3,1450,11,1,1,0,0.5,2
task_0064,family_10,template_10,0.0,11,B-STAGEHAND-CACHE,1,0,0,402,1,924,11,1,1,0,0.5,2
task_0064,family_10,template_10,0.0,11,B-TERX-REPLAY,1,0,0,393,1,906,11,1,1,0,0.5,2
task_0064,family_10,template_10,0.0,11,NC1-SHUFFLED,0,1,0,5095,11,11390,0,0,0,0,0.5,2
task_0064,family_10,template_10,0.0,11,NC2-RANDOM,0,1,0,5551,23,13742,0,0,0,0,0.45,2
task_0064,family_10,template_10,0.0,11,B-LENGTH-PROPORTIONAL,1,0,0,5537,23,13714,0,0,1,0,0.5,2
task_0065,family_10,template_10,0.5,11,P-SPIDER-PARAM,0,1,0,1873,9,4016,5,0,0,1,0.8940599999999999,4
task_0065,family_10,template_10,0.5,11,B-COLD,1,0,0,5547,23,13854,0,0,1,0,0.5,2
task_0065,family_10,template_10,0.5,11,B-INSTRUCTION,1,0,0,5249,21,13018,1,0,1,0,0.5,2
task_0065,family_10,template_10,0.5,11,B-RAG-EMBED,1,0,0,5739,23,11748,0,0,1,0,0.5,2
task_0065,family_10,template_10,0.5,11,B-STAGEHAND-CACHE,1,0,0,5544,23,13728,0,0,1,0,0.5,2
task_0065,family_10,template_10,0.5,11,B-TERX-REPLAY,1,0,0,5537,23,13714,0,0,1,0,0.5,2
task_0065,family_10,template_10,0.5,11,NC1-SHUFFLED,1,0,0,4621,11,10442,0,0,1,0,0.5,2
task_0065,family_10,template_10,0.5,11,NC2-RANDOM,1,0,0,5539,23,13718,0,0,1,0,0.45,2
task_0065,family_10,template_10,0.5,11,B-LENGTH-PROPORTIONAL,1,0,0,5544,23,13728,0,0,1,0,0.5,2
task_0066,family_11,template_11,0.25,12,P-SPIDER-PARAM,1,0,0,999,5,2268,9,1,1,0,0.9685799999999999,4
task_0066,family_11,template_11,0.25,12,B-COLD,1,0,0,6057,25,15114,0,0,1,0,0.5,2
task_0066,family_11,template_11,0.25,12,B-INSTRUCTION,1,0,0,5750,23,14260,1,0,1,0,0.5,2
task_0066,family_11,template_11,0.25,12,B-RAG-EMBED,1,0,0,6257,25,12784,0,0,1,0,0.5,2
task_0066,family_11,template_11,0.25,12,B-STAGEHAND-CACHE,1,0,0,6036,25,14952,0,0,1,0,0.5,2
task_0066,family_11,template_11,0.25,12,B-TERX-REPLAY,1,0,0,6038,25,14956,0,0,1,0,0.5,2
task_0066,family_11,template_11,0.25,12,NC1-SHUFFLED,0,1,0,4851,11,10902,0,0,0,0,0.5,2
task_0066,family_11,template_11,0.25,12,NC2-RANDOM,0,1,0,6070,25,15020,0,0,0,0,0.45,2
task_0066,family_11,template_11,0.25,12,B-LENGTH-PROPORTIONAL,1,0,0,6048,25,14976,0,0,1,0,0.5,2
task_0067,family_11,template_11,0.0,12,P-SPIDER-PARAM,1,0,0,252,1,774,12,1,1,0,0.8903599999999999,4
task_0067,family_11,template_11,0.0,12,B-COLD,1,0,0,6034,25,15068,0,0,1,0,0.5,2
task_0067,family_11,template_11,0.0,12,B-INSTRUCTION,1,0,0,5745,23,14250,1,0,1,0,0.5,2
task_0067,family_11,template_11,0.0,12,B-RAG-EMBED,1,0,0,610,3,1490,12,1,1,0,0.5,2
task_0067,family_11,template_11,0.0,12,B-STAGEHAND-CACHE,1,0,0,395,1,910,12,1,1,0,0.5,2
task_0067,family_11,template_11,0.0,12,B-TERX-REPLAY,1,0,0,400,1,920,12,1,1,0,0.5,2
task_0067,family_11,template_11,0.0,12,NC1-SHUFFLED,0,1,0,4483,11,10166,0,0,0,0,0.5,2
task_0067,family_11,template_11,0.0,12,NC2-RANDOM,0,1,0,6048,25,14976,0,0,0,0,0.45,2
task_0067,family_11,template_11,0.0,12,B-LENGTH-PROPORTIONAL,1,0,0,6050,25,14980,0,0,1,0,0.5,2
task_0068,family_11,template_11,0.5,12,P-SPIDER-PARAM,1,0,0,1827,9,3924,6,1,1,0,0.8538799999999999,4
task_0068,family_11,template_11,0.5,12,B-COLD,1,0,0,6064,25,15128,0,0,1,0,0.5,2
task_0068,family_11,template_11,0.5,12,B-INSTRUCTION,1,0,0,5760,23,14280,1,0,1,0,0.5,2
task_0068,family_11,template_11,0.5,12,B-RAG-EMBED,1,0,0,6252,25,12774,0,0,1,0,0.5,2
task_0068,family_11,template_11,0.5,12,B-STAGEHAND-CACHE,1,0,0,6061,25,15002,0,0,1,0,0.5,2
task_0068,family_11,template_11,0.5,12,B-TERX-REPLAY,1,0,0,6060,25,15000,0,0,1,0,0.5,2
task_0068,family_11,template_11,0.5,12,NC1-SHUFFLED,1,0,0,4445,11,10090,0,0,1,0,0.5,2
task_0068,family_11,template_11,0.5,12,NC2-RANDOM,0,1,0,6046,25,14972,0,0,0,0,0.45,2
task_0068,family_11,template_11,0.5,12,B-LENGTH-PROPORTIONAL,1,0,0,6050,25,14980,0,0,1,0,0.5,2
task_0069,family_11,template_11,1.0,12,P-SPIDER-PARAM,1,0,1,3423,13,7116,0,0,0,0,0.83714,4
task_0069,family_11,template_11,1.0,12,B-COLD,1,0,0,6056,25,15112,0,0,1,0,0.5,2
task_0069,family_11,template_11,1.0,12,B-INSTRUCTION,1,0,0,5757,23,14274,1,0,1,0,0.5,2
task_0069,family_11,template_11,1.0,12,B-RAG-EMBED,1,0,0,6350,25,12970,0,1,1,0,0.5,2
task_0069,family_11,template_11,1.0,12,B-STAGEHAND-CACHE,1,0,0,6047,25,14974,0,0,1,0,0.5,2
task_0069,family_11,template_11,1.0,12,B-TERX-REPLAY,1,0,0,6038,25,14956,0,0,1,0,0.5,2
task_0069,family_11,template_11,1.0,12,NC1-SHUFFLED,0,0,0,5334,11,11868,0,0,0,0,0.5,2
task_0069,family_11,template_11,1.0,12,NC2-RANDOM,0,1,0,6031,25,14942,0,0,0,0,0.45,2
task_0069,family_11,template_11,1.0,12,B-LENGTH-PROPORTIONAL,1,0,0,6046,25,14972,0,0,1,0,0.5,2
task_0070,family_11,template_11,0.25,12,P-SPIDER-PARAM,1,0,0,1075,5,2420,9,1,1,0,0.9832799999999999,4
task_0070,family_11,template_11,0.25,12,B-COLD,1,0,0,6055,25,15110,0,0,1,0,0.5,2
task_0070,family_11,template_11,0.25,12,B-INSTRUCTION,1,0,0,5731,23,14222,1,0,1,0,0.5,2
task_0070,family_11,template_11,0.25,12,B-RAG-EMBED,1,0,0,6253,25,12776,0,0,1,0,0.5,2
task_0070,family_11,template_11,0.25,12,B-STAGEHAND-CACHE,1,0,0,6036,25,14952,0,0,1,0,0.5,2
task_0070,family_11,template_11,0.25,12,B-TERX-REPLAY,1,0,0,6069,25,15018,0,0,1,0,0.5,2
task_0070,family_11,template_11,0.25,12,NC1-SHUFFLED,0,1,0,4929,11,11058,0,0,0,0,0.5,2
task_0070,family_11,template_11,0.25,12,NC2-RANDOM,0,1,0,6065,25,15010,0,0,0,0,0.45,2
task_0070,family_11,template_11,0.25,12,B-LENGTH-PROPORTIONAL,1,0,0,6051,25,14982,0,0,1,0,0.5,2
task_0071,family_11,template_11,0.75,12,P-SPIDER-PARAM,1,0,0,2592,11,5454,3,1,1,0,0.86364,4
task_0071,family_11,template_11,0.75,12,B-COLD,1,0,0,6051,25,15102,0,0,1,0,0.5,2
task_0071,family_11,template_11,0.75,12,B-INSTRUCTION,1,0,0,5763,23,14286,1,0,1,0,0.5,2
task_0071,family_11,template_11,0.75,12,B-RAG-EMBED,1,0,0,6259,25,12788,0,0,1,0,0.5,2
task_0071,family_11,template_11,0.75,12,B-STAGEHAND-CACHE,1,0,0,6055,25,14990,0,0,1,0,0.5,2
task_0071,family_11,template_11,0.75,12,B-TERX-REPLAY,1,0,0,6061,25,15002,0,0,1,0,0.5,2
task_0071,family_11,template_11,0.75,12,NC1-SHUFFLED,1,0,0,4552,11,10304,0,0,1,0,0.5,2
task_0071,family_11,template_11,0.75,12,NC2-RANDOM,0,1,0,6065,25,15010,0,0,0,0,0.45,2
task_0071,family_11,template_11,0.75,12,B-LENGTH-PROPORTIONAL,1,0,0,6042,25,14964,0,0,1,0,0.5,2
task_0072,family_12,template_12,0.0,13,P-SPIDER-PARAM,1,0,0,214,1,698,13,1,1,0,0.9871,4
task_0072,family_12,template_12,0.0,13,B-COLD,1,0,0,6565,27,16370,0,0,1,0,0.5,2
task_0072,family_12,template_12,0.0,13,B-INSTRUCTION,1,0,0,6238,25,15476,1,0,1,0,0.5,2
task_0072,family_12,template_12,0.0,13,B-RAG-EMBED,1,0,0,599,3,1468,13,1,1,0,0.5,2
task_0072,family_12,template_12,0.0,13,B-STAGEHAND-CACHE,1,0,0,411,1,942,13,1,1,0,0.5,2
task_0072,family_12,template_12,0.0,13,B-TERX-REPLAY,1,0,0,397,1,914,13,1,1,0,0.5,2
task_0072,family_12,template_12,0.0,13,NC1-SHUFFLED,1,0,0,4999,11,11198,0,0,1,0,0.5,2
task_0072,family_12,template_12,0.0,13,NC2-RANDOM,0,1,0,6550,27,16220,0,0,0,0,0.45,2
task_0072,family_12,template_12,0.0,13,B-LENGTH-PROPORTIONAL,1,0,0,6547,27,16214,0,0,1,0,0.5,2
task_0073,family_12,template_12,1.0,13,P-SPIDER-PARAM,1,0,1,3490,13,7250,0,0,0,0,0.87396,4
task_0073,family_12,template_12,1.0,13,B-COLD,1,0,0,6554,27,16348,0,0,1,0,0.5,2
task_0073,family_12,template_12,1.0,13,B-INSTRUCTION,1,0,0,6265,25,15530,1,0,1,0,0.5,2
task_0073,family_12,template_12,1.0,13,B-RAG-EMBED,1,0,0,6748,27,13766,0,0,1,0,0.5,2
task_0073,family_12,template_12,1.0,13,B-STAGEHAND-CACHE,1,0,0,6563,27,16246,0,0,1,0,0.5,2
task_0073,family_12,template_12,1.0,13,B-TERX-REPLAY,1,0,0,6564,27,16248,0,0,1,0,0.5,2
task_0073,family_12,template_12,1.0,13,NC1-SHUFFLED,1,0,0,4438,11,10076,0,0,1,0,0.5,2
task_0073,family_12,template_12,1.0,13,NC2-RANDOM,1,0,0,6534,27,16188,0,0,1,0,0.45,2
task_0073,family_12,template_12,1.0,13,B-LENGTH-PROPORTIONAL,1,0,0,6538,27,16196,0,0,1,0,0.5,2
task_0074,family_12,template_12,0.25,13,P-SPIDER-PARAM,1,0,0,1016,5,2302,10,1,1,0,0.9709599999999999,4
task_0074,family_12,template_12,0.25,13,B-COLD,1,0,0,6541,27,16322,0,0,1,0,0.5,2
task_0074,family_12,template_12,0.25,13,B-INSTRUCTION,1,0,0,6243,25,15486,1,0,1,0,0.5,2
task_0074,family_12,template_12,0.25,13,B-RAG-EMBED,1,0,0,1850,7,3970,10,1,1,0,0.5,2
task_0074,family_12,template_12,0.25,13,B-STAGEHAND-CACHE,1,0,0,6567,27,16254,0,0,1,0,0.5,2
task_0074,family_12,template_12,0.25,13,B-TERX-REPLAY,1,0,0,6550,27,16220,0,0,1,0,0.5,2
task_0074,family_12,template_12,0.25,13,NC1-SHUFFLED,1,0,0,4568,11,10336,0,0,1,0,0.5,2
task_0074,family_12,template_12,0.25,13,NC2-RANDOM,1,0,0,6561,27,16242,0,0,1,0,0.45,2
task_0074,family_12,template_12,0.25,13,B-LENGTH-PROPORTIONAL,1,0,0,6541,27,16202,0,0,1,0,0.5,2
task_0075,family_12,template_12,0.5,13,P-SPIDER-PARAM,1,0,0,1851,9,3972,7,1,1,0,0.8474399999999999,4
task_0075,family_12,template_12,0.5,13,B-COLD,1,0,0,6547,27,16334,0,0,1,0,0.5,2
task_0075,family_12,template_12,0.5,13,B-INSTRUCTION,1,0,0,6262,25,15524,1,0,1,0,0.5,2
task_0075,family_12,template_12,0.5,13,B-RAG-EMBED,1,0,0,3350,13,6970,7,1,1,0,0.5,2
task_0075,family_12,template_12,0.5,13,B-STAGEHAND-CACHE,1,0,0,6552,27,16224,0,0,1,0,0.5,2
task_0075,family_12,template_12,0.5,13,B-TERX-REPLAY,1,0,0,6557,27,16234,0,0,1,0,0.5,2
task_0075,family_12,template_12,0.5,13,NC1-SHUFFLED,1,0,0,5030,11,11260,0,0,1,0,0.5,2
task_0075,family_12,template_12,0.5,13,NC2-RANDOM,1,1,0,6567,27,16254,0,0,1,0,0.45,2
task_0075,family_12,template_12,0.5,13,B-LENGTH-PROPORTIONAL,1,0,0,6537,27,16194,0,0,1,0,0.5,2
task_0076,family_12,template_12,0.75,13,P-SPIDER-PARAM,1,0,1,2620,9,5510,0,0,0,0,0.84138,4
task_0076,family_12,template_12,0.75,13,B-COLD,1,0,0,6564,27,16368,0,0,1,0,0.5,2
task_0076,family_12,template_12,0.75,13,B-INSTRUCTION,1,0,0,6269,25,15538,1,0,1,0,0.5,2
task_0076,family_12,template_12,0.75,13,B-RAG-EMBED,1,0,0,5350,21,10970,3,1,1,0,0.5,2
task_0076,family_12,template_12,0.75,13,B-STAGEHAND-CACHE,1,0,0,6557,27,16234,0,0,1,0,0.5,2
task_0076,family_12,template_12,0.75,13,B-TERX-REPLAY,1,0,0,6540,27,16200,0,0,1,0,0.5,2
task_0076,family_12,template_12,0.75,13,NC1-SHUFFLED,0,1,0,4292,11,9784,0,0,0,0,0.5,2
task_0076,family_12,template_12,0.75,13,NC2-RANDOM,0,1,0,6536,27,16192,0,0,0,0,0.45,2
task_0076,family_12,template_12,0.75,13,B-LENGTH-PROPORTIONAL,1,0,0,6547,27,16214,0,0,1,0,0.5,2
task_0077,family_13,template_13,0.75,14,P-SPIDER-PARAM,1,0,0,2660,13,5590,4,1,1,0,0.8432,4
task_0077,family_13,template_13,0.75,14,B-COLD,1,0,0,7049,29,17578,0,0,1,0,0.5,2
task_0077,family_13,template_13,0.75,14,B-INSTRUCTION,1,0,0,6766,27,16772,1,0,1,0,0.5,2
task_0077,family_13,template_13,0.75,14,B-RAG-EMBED,1,0,0,7241,29,14752,0,0,1,0,0.5,2
task_0077,family_13,template_13,0.75,14,B-STAGEHAND-CACHE,1,0,0,7032,29,17424,0,0,1,0,0.5,2
task_0077,family_13,template_13,0.75,14,B-TERX-REPLAY,1,0,0,7059,29,17478,0,0,1,0,0.5,2
task_0077,family_13,template_13,0.75,14,NC1-SHUFFLED,0,1,0,5066,11,11332,0,0,0,0,0.5,2
task_0077,family_13,template_13,0.75,14,NC2-RANDOM,0,1,0,7033,29,17426,0,0,0,0,0.45,2
task_0077,family_13,template_13,0.75,14,B-LENGTH-PROPORTIONAL,1,0,0,7063,29,17486,0,0,1,0,0.5,2
task_0078,family_13,template_13,0.5,14,P-SPIDER-PARAM,1,0,1,1806,7,3882,0,0,0,0,0.8828599999999999,4
task_0078,family_13,template_13,0.5,14,B-COLD,1,0,0,7050,29,17580,0,0,1,0,0.5,2
task_0078,family_13,template_13,0.5,14,B-INSTRUCTION,1,0,0,6746,27,16732,1,0,1,0,0.5,2
task_0078,family_13,template_13,0.5,14,B-RAG-EMBED,1,0,0,7257,29,14784,0,0,1,0,0.5,2
task_0078,family_13,template_13,0.5,14,B-STAGEHAND-CACHE,1,0,0,7036,29,17432,0,0,1,0,0.5,2
task_0078,family_13,template_13,0.5,14,B-TERX-REPLAY,1,0,0,7034,29,17428,0,0,1,0,0.5,2
task_0078,family_13,template_13,0.5,14,NC1-SHUFFLED,1,0,0,4781,11,10762,0,0,1,0,0.5,2
task_0078,family_13,template_13,0.5,14,NC2-RANDOM,0,1,0,7039,29,17438,0,0,0,0,0.45,2
task_0078,family_13,template_13,0.5,14,B-LENGTH-PROPORTIONAL,1,0,0,7043,29,17446,0,0,1,0,0.5,2
task_0079,family_13,template_13,0.0,14,P-SPIDER-PARAM,1,0,0,232,1,734,14,1,1,0,0.95056,4
task_0079,family_13,template_13,0.0,14,B-COLD,1,0,0,7051,29,17582,0,0,1,0,0.5,2
task_0079,family_13,template_13,0.0,14,B-INSTRUCTION,1,0,0,6756,27,16752,1,0,1,0,0.5,2
task_0079,family_13,template_13,0.0,14,B-RAG-EMBED,1,0,0,615,3,1500,14,1,1,0,0.5,2
task_0079,family_13,template_13,0.0,14,B-STAGEHAND-CACHE,1,0,0,402,1,924,14,1,1,0,0.5,2
task_0079,family_13,template_13,0.0,14,B-TERX-REPLAY,1,0,0,387,1,894,14,1,1,0,0.5,2
task_0079,family_13,template_13,0.0,14,NC1-SHUFFLED,1,0,0,5112,11,11424,0,0,1,0,0.5,2
task_0079,family_13,template_13,0.0,14,NC2-RANDOM,0,1,0,7072,29,17504,0,0,0,0,0.45,2
task_0079,family_13,template_13,0.0,14,B-LENGTH-PROPORTIONAL,1,0,0,7054,29,17468,0,0,1,0,0.5,2
task_0080,family_13,template_13,1.0,14,P-SPIDER-PARAM,1,0,1,3447,13,7164,0,0,0,0,0.76364,3
task_0080,family_13,template_13,1.0,14,B-COLD,1,0,0,7063,29,17606,0,0,1,0,0.5,2
task_0080,family_13,template_13,1.0,14,B-INSTRUCTION,1,0,0,6759,27,16758,1,0,1,0,0.5,2
task_0080,family_13,template_13,1.0,14,B-RAG-EMBED,1,0,0,7265,29,14800,0,0,1,0,0.5,2
task_0080,family_13,template_13,1.0,14,B-STAGEHAND-CACHE,1,0,0,7046,29,17452,0,0,1,0,0.5,2
task_0080,family_13,template_13,1.0,14,B-TERX-REPLAY,1,0,0,7031,29,17422,0,0,1,0,0.5,2
task_0080,family_13,template_13,1.0,14,NC1-SHUFFLED,1,0,0,5430,11,12060,0,0,1,0,0.5,2
task_0080,family_13,template_13,1.0,14,NC2-RANDOM,0,1,0,7055,29,17470,0,0,0,0,0.45,2
task_0080,family_13,template_13,1.0,14,B-LENGTH-PROPORTIONAL,1,0,0,7048,29,17456,0,0,1,0,0.5,2
task_0081,family_13,template_13,0.25,14,P-SPIDER-PARAM,1,0,0,1007,5,2284,10,1,1,0,0.96466,4
task_0081,family_13,template_13,0.25,14,B-COLD,1,0,0,7033,29,17546,0,0,1,0,0.5,2
task_0081,family_13,template_13,0.25,14,B-INSTRUCTION,1,0,0,6741,27,16722,1,0,1,0,0.5,2
task_0081,family_13,template_13,0.25,14,B-RAG-EMBED,1,0,0,2350,9,4970,10,1,1,0,0.5,2
task_0081,family_13,template_13,0.25,14,B-STAGEHAND-CACHE,1,0,0,7032,29,17424,0,0,1,0,0.5,2
task_0081,family_13,template_13,0.25,14,B-TERX-REPLAY,1,0,0,7040,29,17440,0,0,1,0,0.5,2
task_0081,family_13,template_13,0.25,14,NC1-SHUFFLED,1,0,0,5528,11,12256,0,0,1,0,0.5,2
task_0081,family_13,template_13,0.25,14,NC2-RANDOM,1,0,0,7035,29,17430,0,0,1,0,0.45,2
task_0081,family_13,template_13,0.25,14,B-LENGTH-PROPORTIONAL,1,0,0,7047,29,17454,0,0,1,0,0.5,2
task_0082,family_14,template_14,0.25,8,P-SPIDER-PARAM,0,1,0,1018,5,2306,6,0,0,1,0.88584,4
task_0082,family_14,template_14,0.25,8,B-COLD,1,0,0,4034,17,10108,0,0,1,0,0.5,2
task_0082,family_14,template_14,0.25,8,B-INSTRUCTION,1,0,0,3761,15,9322,1,0,1,0,0.5,2
task_0082,family_14,template_14,0.25,8,B-RAG-EMBED,1,0,0,1350,5,2970,6,1,1,0,0.5,2
task_0082,family_14,template_14,0.25,8,B-STAGEHAND-CACHE,1,0,0,4037,17,9994,0,0,1,0,0.5,2
task_0082,family_14,template_14,0.25,8,B-TERX-REPLAY,1,0,0,4048,17,10016,0,0,1,0,0.5,2
task_0082,family_14,template_14,0.25,8,NC1-SHUFFLED,0,0,0,5142,11,11484,0,0,0,0,0.5,2
task_0082,family_14,template_14,0.25,8,NC2-RANDOM,0,1,0,4069,17,10058,0,0,0,0,0.45,2
task_0082,family_14,template_14,0.25,8,B-LENGTH-PROPORTIONAL,1,0,0,4062,17,10044,0,0,1,0,0.5,2
task_0083,family_14,template_14,0.5,8,P-SPIDER-PARAM,1,0,1,1861,7,3992,0,0,0,0,0.9371799999999999,4
task_0083,family_14,template_14,0.5,8,B-COLD,1,0,0,4036,17,10112,0,0,1,0,0.5,2
task_0083,family_14,template_14,0.5,8,B-INSTRUCTION,1,0,0,3753,15,9306,1,0,1,0,0.5,2
task_0083,family_14,template_14,0.5,8,B-RAG-EMBED,1,0,0,2350,9,4970,4,1,1,0,0.5,2
task_0083,family_14,template_14,0.5,8,B-STAGEHAND-CACHE,1,0,0,4044,17,10008,0,0,1,0,0.5,2
task_0083,family_14,template_14,0.5,8,B-TERX-REPLAY,1,0,0,4063,17,10046,0,0,1,0,0.5,2
task_0083,family_14,template_14,0.5,8,NC1-SHUFFLED,0,0,0,4730,11,10660,0,0,0,0,0.5,2
task_0083,family_14,template_14,0.5,8,NC2-RANDOM,0,1,0,4068,17,10056,0,0,0,0,0.45,2
task_0083,family_14,template_14,0.5,8,B-LENGTH-PROPORTIONAL,1,0,0,4063,17,10046,0,0,1,0,0.5,2
task_0084,family_14,template_14,0.75,8,P-SPIDER-PARAM,1,0,1,2694,9,5658,0,0,0,0,0.86532,4
task_0084,family_14,template_14,0.75,8,B-COLD,1,0,0,4034,17,10108,0,0,1,0,0.5,2
task_0084,family_14,template_14,0.75,8,B-INSTRUCTION,1,0,0,3747,15,9294,1,0,1,0,0.5,2
task_0084,family_14,template_14,0.75,8,B-RAG-EMBED,1,0,0,4250,17,8770,0,0,1,0,0.5,2
task_0084,family_14,template_14,0.75,8,B-STAGEHAND-CACHE,1,0,0,4055,17,10030,0,0,1,0,0.5,2
task_0084,family_14,template_14,0.75,8,B-TERX-REPLAY,1,0,0,4051,17,10022,0,0,1,0,0.5,2
task_0084,family_14,template_14,0.75,8,NC1-SHUFFLED,0,1,0,4255,11,9710,0,0,0,0,0.5,2
task_0084,family_14,template_14,0.75,8,NC2-RANDOM,0,1,0,4057,17,10034,0,0,0,0,0.45,2
task_0084,family_14,template_14,0.75,8,B-LENGTH-PROPORTIONAL,1,0,0,4050,17,10020,0,0,1,0,0.5,2
task_0085,family_14,template_14,0.0,8,P-SPIDER-PARAM,1,0,0,213,1,696,8,1,1,0,0.9847199999999999,4
task_0085,family_14,template_14,0.0,8,B-COLD,1,0,0,4058,17,10156,0,0,1,0,0.5,2
task_0085,family_14,template_14,0.0,8,B-INSTRUCTION,1,0,0,3750,15,9300,1,0,1,0,0.5,2
task_0085,family_14,template_14,0.0,8,B-RAG-EMBED,1,0,0,613,3,1496,8,1,1,0,0.5,2
task_0085,family_14,template_14,0.0,8,B-STAGEHAND-CACHE,1,0,0,409,1,938,8,1,1,0,0.5,2
task_0085,family_14,template_14,0.0,8,B-TERX-REPLAY,1,0,0,387,1,894,8,1,1,0,0.5,2
task_0085,family_14,template_14,0.0,8,NC1-SHUFFLED,0,1,0,5228,11,11656,0,0,0,0,0.5,2
task_0085,family_14,template_14,0.0,8,NC2-RANDOM,1,0,0,4026,17,9972,0,0,1,0,0.45,2
task_0085,family_14,template_14,0.0,8,B-LENGTH-PROPORTIONAL,1,0,0,4062,17,10044,0,0,1,0,0.5,2
task_0086,family_14,template_14,1.0,8,P-SPIDER-PARAM,1,0,1,3480,13,7230,0,0,0,0,0.8753599999999999,4
task_0086,family_14,template_14,1.0,8,B-COLD,1,0,0,4061,17,10162,0,0,1,0,0.5,2
task_0086,family_14,template_14,1.0,8,B-INSTRUCTION,1,0,0,3763,15,9326,1,0,1,0,0.5,2
task_0086,family_14,template_14,1.0,8,B-RAG-EMBED,1,0,0,4243,17,8756,0,0,1,0,0.5,2
task_0086,family_14,template_14,1.0,8,B-STAGEHAND-CACHE,1,0,0,4051,17,10022,0,0,1,0,0.5,2
task_0086,family_14,template_14,1.0,8,B-TERX-REPLAY,1,0,0,4032,17,9984,0,0,1,0,0.5,2
task_0086,family_14,template_14,1.0,8,NC1-SHUFFLED,0,1,0,5390,11,11980,0,0,0,0,0.5,2
task_0086,family_14,template_14,1.0,8,NC2-RANDOM,0,1,0,4033,17,9986,0,0,0,0,0.45,2
task_0086,family_14,template_14,1.0,8,B-LENGTH-PROPORTIONAL,1,0,0,4050,17,10020,0,0,1,0,0.5,2
task_0087,family_15,template_15,0.5,9,P-SPIDER-PARAM,1,0,0,1831,7,3932,5,1,1,0,0.93578,4
task_0087,family_15,template_15,0.5,9,B-COLD,1,0,0,4563,19,11406,0,0,1,0,0.5,2
task_0087,family_15,template_15,0.5,9,B-INSTRUCTION,1,0,0,4245,17,10530,1,0,1,0,0.5,2
task_0087,family_15,template_15,0.5,9,B-RAG-EMBED,1,0,0,2350,9,4970,5,1,1,0,0.5,2
task_0087,family_15,template_15,0.5,9,B-STAGEHAND-CACHE,1,0,0,4565,19,11290,0,0,1,0,0.5,2
task_0087,family_15,template_15,0.5,9,B-TERX-REPLAY,1,0,0,4543,19,11246,0,0,1,0,0.5,2
task_0087,family_15,template_15,0.5,9,NC1-SHUFFLED,1,0,0,5112,11,11424,0,0,1,0,0.5,2
task_0087,family_15,template_15,0.5,9,NC2-RANDOM,0,1,0,4527,19,11214,0,0,0,0,0.45,2
task_0087,family_15,template_15,0.5,9,B-LENGTH-PROPORTIONAL,1,0,0,4541,19,11242,0,0,1,0,0.5,2
task_0088,family_15,template_15,0.75,9,P-SPIDER-PARAM,1,0,0,2607,9,5484,2,1,1,0,0.9241199999999999,4
task_0088,family_15,template_15,0.75,9,B-COLD,1,0,0,4560,19,11400,0,0,1,0,0.5,2
task_0088,family_15,template_15,0.75,9,B-INSTRUCTION,1,0,0,4238,17,10516,1,0,1,0,0.5,2
task_0088,family_15,template_15,0.75,9,B-RAG-EMBED,1,0,0,4749,19,9768,0,0,1,0,0.5,2
task_0088,family_15,template_15,0.75,9,B-STAGEHAND-CACHE,1,0,0,4562,19,11284,0,0,1,0,0.5,2
task_0088,family_15,template_15,0.75,9,B-TERX-REPLAY,1,0,0,4541,19,11242,0,0,1,0,0.5,2
task_0088,family_15,template_15,0.75,9,NC1-SHUFFLED,1,0,0,5399,11,11998,0,0,1,0,0.5,2
task_0088,family_15,template_15,0.75,9,NC2-RANDOM,1,0,0,4563,19,11286,0,0,1,0,0.45,2
task_0088,family_15,template_15,0.75,9,B-LENGTH-PROPORTIONAL,1,0,0,4563,19,11286,0,0,1,0,0.5,2
task_0089,family_15,template_15,0.25,9,P-SPIDER-PARAM,1,0,0,1580,3,3430,7,1,1,0,0.96942,4
task_0089,family_15,template_15,0.25,9,B-COLD,1,0,0,4551,19,11382,0,0,1,0,0.5,2
task_0089,family_15,template_15,0.25,9,B-INSTRUCTION,1,0,0,4260,17,10560,1,0,1,0,0.5,2
task_0089,family_15,template_15,0.25,9,B-RAG-EMBED,1,0,0,1350,5,2970,7,1,1,0,0.5,2
task_0089,family_15,template_15,0.25,9,B-STAGEHAND-CACHE,1,0,0,4553,19,11266,0,0,1,0,0.5,2
task_0089,family_15,template_15,0.25,9,B-TERX-REPLAY,1,0,0,4562,19,11284,0,0,1,0,0.5,2
task_0089,family_15,template_15,0.25,9,NC1-SHUFFLED,1,0,0,4733,11,10666,0,0,1,0,0.5,2
task_0089,family_15,template_15,0.25,9,NC2-RANDOM,0,1,0,4560,19,11280,0,0,0,0,0.45,2
task_0089,family_15,template_15,0.25,9,B-LENGTH-PROPORTIONAL,1,0,0,4547,19,11254,0,0,1,0,0.5,2
task_0090,family_15,template_15,0.0,9,P-SPIDER-PARAM,1,0,0,196,1,662,9,1,1,0,0.8994599999999999,4
task_0090,family_15,template_15,0.0,9,B-COLD,1,0,0,4543,19,11366,0,0,1,0,0.5,2
task_0090,family_15,template_15,0.0,9,B-INSTRUCTION,1,0,0,4264,17,10568,1,0,1,0,0.5,2
task_0090,family_15,template_15,0.0,9,B-RAG-EMBED,1,0,0,610,3,1490,9,1,1,0,0.5,2
task_0090,family_15,template_15,0.0,9,B-STAGEHAND-CACHE,1,0,0,407,1,934,9,1,1,0,0.5,2
task_0090,family_15,template_15,0.0,9,B-TERX-REPLAY,1,0,0,387,1,894,9,1,1,0,0.5,2
task_0090,family_15,template_15,0.0,9,NC1-SHUFFLED,0,0,0,5107,11,11414,0,0,0,0,0.5,2
task_0090,family_15,template_15,0.0,9,NC2-RANDOM,0,1,0,4545,19,11250,0,0,0,0,0.45,2
task_0090,family_15,template_15,0.0,9,B-LENGTH-PROPORTIONAL,1,0,0,4550,19,11260,0,0,1,0,0.5,2
task_0091,family_15,template_15,1.0,9,P-SPIDER-PARAM,1,0,0,3989,11,8248,0,1,1,0,0.8146,4
task_0091,family_15,template_15,1.0,9,B-COLD,1,0,0,4560,19,11400,0,0,1,0,0.5,2
task_0091,family_15,template_15,1.0,9,B-INSTRUCTION,1,0,0,4237,17,10514,1,0,1,0,0.5,2
task_0091,family_15,template_15,1.0,9,B-RAG-EMBED,1,0,0,4755,19,9780,0,0,1,0,0.5,2
task_0091,family_15,template_15,1.0,9,B-STAGEHAND-CACHE,1,0,0,4563,19,11286,0,0,1,0,0.5,2
task_0091,family_15,template_15,1.0,9,B-TERX-REPLAY,1,0,0,4561,19,11282,0,0,1,0,0.5,2
task_0091,family_15,template_15,1.0,9,NC1-SHUFFLED,1,0,0,5100,11,11400,0,0,1,0,0.5,2
task_0091,family_15,template_15,1.0,9,NC2-RANDOM,0,1,0,4562,19,11284,0,0,0,0,0.45,2
task_0091,family_15,template_15,1.0,9,B-LENGTH-PROPORTIONAL,1,0,0,4541,19,11242,0,0,1,0,0.5,2
task_0092,family_16,template_16,0.75,10,P-SPIDER-PARAM,1,0,1,2671,9,5612,0,0,0,0,0.88324,4
task_0092,family_16,template_16,0.75,10,B-COLD,1,0,0,5033,21,12586,0,0,1,0,0.5,2
task_0092,family_16,template_16,0.75,10,B-INSTRUCTION,1,0,0,4731,19,11742,1,0,1,0,0.5,2
task_0092,family_16,template_16,0.75,10,B-RAG-EMBED,1,0,0,5265,21,10800,0,0,1,0,0.5,2
task_0092,family_16,template_16,0.75,10,B-STAGEHAND-CACHE,1,0,0,5058,21,12516,0,0,1,0,0.5,2
task_0092,family_16,template_16,0.75,10,B-TERX-REPLAY,1,0,0,5033,21,12466,0,0,1,0,0.5,2
task_0092,family_16,template_16,0.75,10,NC1-SHUFFLED,1,0,0,5427,11,12054,0,0,1,0,0.5,2
task_0092,family_16,template_16,0.75,10,NC2-RANDOM,0,1,0,5034,21,12468,0,0,0,0,0.45,2
task_0092,family_16,template_16,0.75,10,B-LENGTH-PROPORTIONAL,1,0,0,5048,21,12496,0,0,1,0,0.5,2
task_0093,family_16,template_16,1.0,10,P-SPIDER-PARAM,1,0,1,3491,13,7252,0,0,0,0,0.79682,3
task_0093,family_16,template_16,1.0,10,B-COLD,1,0,0,5054,21,12628,0,0,1,0,0.5,2
task_0093,family_16,template_16,1.0,10,B-INSTRUCTION,1,0,0,4732,19,11744,1,0,1,0,0.5,2
task_0093,family_16,template_16,1.0,10,B-RAG-EMBED,1,0,0,5252,21,10774,0,0,1,0,0.5,2
task_0093,family_16,template_16,1.0,10,B-STAGEHAND-CACHE,1,0,0,5044,21,12488,0,0,1,0,0.5,2
task_0093,family_16,template_16,1.0,10,B-TERX-REPLAY,1,0,0,5063,21,12526,0,0,1,0,0.5,2
task_0093,family_16,template_16,1.0,10,NC1-SHUFFLED,1,0,0,5107,11,11414,0,0,1,0,0.5,2
task_0093,family_16,template_16,1.0,10,NC2-RANDOM,1,0,0,5064,21,12528,0,0,1,0,0.45,2
task_0093,family_16,template_16,1.0,10,B-LENGTH-PROPORTIONAL,1,0,0,5041,21,12482,0,0,1,0,0.5,2
task_0094,family_16,template_16,0.25,10,P-SPIDER-PARAM,1,0,0,1103,5,2476,8,1,1,0,0.86554,4
task_0094,family_16,template_16,0.25,10,B-COLD,1,0,0,5053,21,12626,0,0,1,0,0.5,2
task_0094,family_16,template_16,0.25,10,B-INSTRUCTION,1,0,0,4734,19,11748,1,0,1,0,0.5,2
task_0094,family_16,template_16,0.25,10,B-RAG-EMBED,1,0,0,5245,21,10760,0,0,1,0,0.5,2
task_0094,family_16,template_16,0.25,10,B-STAGEHAND-CACHE,1,0,0,5069,21,12538,0,0,1,0,0.5,2
task_0094,family_16,template_16,0.25,10,B-TERX-REPLAY,1,0,0,5052,21,12504,0,0,1,0,0.5,2
task_0094,family_16,template_16,0.25,10,NC1-SHUFFLED,0,1,0,4659,11,10518,0,0,0,0,0.5,2
task_0094,family_16,template_16,0.25,10,NC2-RANDOM,0,1,0,5070,21,12540,0,0,0,0,0.45,2
task_0094,family_16,template_16,0.25,10,B-LENGTH-PROPORTIONAL,1,0,0,5057,21,12514,0,0,1,0,0.5,2
task_0095,family_16,template_16,0.5,10,P-SPIDER-PARAM,1,0,1,1838,7,3946,0,0,0,0,0.8526199999999999,4
task_0095,family_16,template_16,0.5,10,B-COLD,1,0,0,5062,21,12644,0,0,1,0,0.5,2
task_0095,family_16,template_16,0.5,10,B-INSTRUCTION,1,0,0,4744,19,11768,1,0,1,0,0.5,2
task_0095,family_16,template_16,0.5,10,B-RAG-EMBED,1,0,0,2850,11,5970,5,1,1,0,0.5,2
task_0095,family_16,template_16,0.5,10,B-STAGEHAND-CACHE,1,0,0,5050,21,12500,0,0,1,0,0.5,2
task_0095,family_16,template_16,0.5,10,B-TERX-REPLAY,1,0,0,5034,21,12468,0,0,1,0,0.5,2
task_0095,family_16,template_16,0.5,10,NC1-SHUFFLED,0,0,0,4877,11,10954,0,0,0,0,0.5,2
task_0095,family_16,template_16,0.5,10,NC2-RANDOM,0,1,0,5031,21,12462,0,0,0,0,0.45,2
task_0095,family_16,template_16,0.5,10,B-LENGTH-PROPORTIONAL,1,0,0,5064,21,12528,0,0,1,0,0.5,2
task_0096,family_16,template_16,0.0,10,P-SPIDER-PARAM,1,0,0,263,1,796,10,1,1,0,0.99,4
task_0096,family_16,template_16,0.0,10,B-COLD,1,0,0,5065,21,12650,0,0,1,0,0.5,2
task_0096,family_16,template_16,0.0,10,B-INSTRUCTION,1,0,0,4740,19,11760,1,0,1,0,0.5,2
task_0096,family_16,template_16,0.0,10,B-RAG-EMBED,1,0,0,603,3,1476,10,1,1,0,0.5,2
task_0096,family_16,template_16,0.0,10,B-STAGEHAND-CACHE,1,0,0,406,1,932,10,1,1,0,0.5,2
task_0096,family_16,template_16,0.0,10,B-TERX-REPLAY,1,0,0,387,1,894,10,1,1,0,0.5,2
task_0096,family_16,template_16,0.0,10,NC1-SHUFFLED,1,0,0,5476,11,12152,0,0,1,0,0.5,2
task_0096,family_16,template_16,0.0,10,NC2-RANDOM,0,1,0,5048,21,12496,0,0,0,0,0.45,2
task_0096,family_16,template_16,0.0,10,B-LENGTH-PROPORTIONAL,1,0,0,5039,21,12478,0,0,1,0,0.5,2
task_0097,family_17,template_17,1.0,11,P-SPIDER-PARAM,1,0,1,3454,13,7178,0,0,0,0,0.7927599999999999,3
task_0097,family_17,template_17,1.0,11,B-COLD,1,0,0,5563,23,13886,0,0,1,0,0.5,2
task_0097,family_17,template_17,1.0,11,B-INSTRUCTION,1,0,0,5262,21,13044,1,0,1,0,0.5,2
task_0097,family_17,template_17,1.0,11,B-RAG-EMBED,1,0,0,5737,23,11744,0,0,1,0,0.5,2
task_0097,family_17,template_17,1.0,11,B-STAGEHAND-CACHE,1,0,0,5562,23,13764,0,0,1,0,0.5,2
task_0097,family_17,template_17,1.0,11,B-TERX-REPLAY,1,0,0,5553,23,13746,0,0,1,0,0.5,2
task_0097,family_17,template_17,1.0,11,NC1-SHUFFLED,0,0,0,4961,11,11122,0,0,0,0,0.5,2
task_0097,family_17,template_17,1.0,11,NC2-RANDOM,0,1,0,5566,23,13772,0,0,0,0,0.45,2
task_0097,family_17,template_17,1.0,11,B-LENGTH-PROPORTIONAL,1,0,0,5541,23,13722,0,0,1,0,0.5,2
task_0098,family_17,template_17,0.25,11,P-SPIDER-PARAM,1,0,0,1016,5,2302,8,1,1,0,0.9430999999999999,4
task_0098,family_17,template_17,0.25,11,B-COLD,1,0,0,5565,23,13890,0,0,1,0,0.5,2
task_0098,family_17,template_17,0.25,11,B-INSTRUCTION,1,0,0,5236,21,12992,1,0,1,0,0.5,2
task_0098,family_17,template_17,0.25,11,B-RAG-EMBED,1,0,0,1850,7,3970,8,1,1,0,0.5,2
task_0098,family_17,template_17,0.25,11,B-STAGEHAND-CACHE,1,0,0,5551,23,13742,0,0,1,0,0.5,2
task_0098,family_17,template_17,0.25,11,B-TERX-REPLAY,1,0,0,5561,23,13762,0,0,1,0,0.5,2
task_0098,family_17,template_17,0.25,11,NC1-SHUFFLED,0,0,0,4702,11,10604,0,0,0,0,0.5,2
task_0098,family_17,template_17,0.25,11,NC2-RANDOM,0,1,0,5535,23,13710,0,0,0,0,0.45,2
task_0098,family_17,template_17,0.25,11,B-LENGTH-PROPORTIONAL,1,0,0,5564,23,13768,0,0,1,0,0.5,2
task_0099,family_17,template_17,0.0,11,P-SPIDER-PARAM,1,0,0,221,1,712,11,1,1,0,0.9395,4
task_0099,family_17,template_17,0.0,11,B-COLD,1,0,0,5555,23,13870,0,0,1,0,0.5,2
task_0099,family_17,template_17,0.0,11,B-INSTRUCTION,1,0,0,5253,21,13026,1,0,1,0,0.5,2
task_0099,family_17,template_17,0.0,11,B-RAG-EMBED,1,0,0,590,3,1450,11,1,1,0,0.5,2
task_0099,family_17,template_17,0.0,11,B-STAGEHAND-CACHE,1,0,0,396,1,912,11,1,1,0,0.5,2
task_0099,family_17,template_17,0.0,11,B-TERX-REPLAY,1,0,0,399,1,918,11,1,1,0,0.5,2
task_0099,family_17,template_17,0.0,11,NC1-SHUFFLED,0,0,0,4970,11,11140,0,0,0,0,0.5,2
task_0099,family_17,template_17,0.0,11,NC2-RANDOM,1,0,0,5541,23,13722,0,0,1,0,0.45,2
task_0099,family_17,template_17,0.0,11,B-LENGTH-PROPORTIONAL,1,0,0,5550,23,13740,0,0,1,0,0.5,2
task_0100,family_17,template_17,0.75,11,P-SPIDER-PARAM,1,0,0,2648,11,5566,3,1,1,0,0.8964,4
task_0100,family_17,template_17,0.75,11,B-COLD,1,0,0,5533,23,13826,0,0,1,0,0.5,2
task_0100,family_17,template_17,0.75,11,B-INSTRUCTION,1,0,0,5254,21,13028,1,0,1,0,0.5,2
task_0100,family_17,template_17,0.75,11,B-RAG-EMBED,1,0,0,5751,23,11772,0,0,1,0,0.5,2
task_0100,family_17,template_17,0.75,11,B-STAGEHAND-CACHE,1,0,0,5557,23,13754,0,0,1,0,0.5,2
task_0100,family_17,template_17,0.75,11,B-TERX-REPLAY,1,0,0,5537,23,13714,0,0,1,0,0.5,2
task_0100,family_17,template_17,0.75,11,NC1-SHUFFLED,0,1,0,4415,11,10030,0,0,0,0,0.5,2
task_0100,family_17,template_17,0.75,11,NC2-RANDOM,0,1,0,5556,23,13752,0,0,0,0,0.45,2
task_0100,family_17,template_17,0.75,11,B-LENGTH-PROPORTIONAL,1,0,0,5541,23,13722,0,0,1,0,0.5,2
task_0101,family_17,template_17,0.5,11,P-SPIDER-PARAM,1,0,1,1858,7,3986,0,0,0,0,0.8758599999999999,4
task_0101,family_17,template_17,0.5,11,B-COLD,1,0,0,5569,23,13898,0,0,1,0,0.5,2
task_0101,family_17,template_17,0.5,11,B-INSTRUCTION,1,0,0,5243,21,13006,1,0,1,0,0.5,2
task_0101,family_17,template_17,0.5,11,B-RAG-EMBED,1,0,0,5737,23,11744,0,0,1,0,0.5,2
task_0101,family_17,template_17,0.5,11,B-STAGEHAND-CACHE,1,0,0,5569,23,13778,0,0,1,0,0.5,2
task_0101,family_17,template_17,0.5,11,B-TERX-REPLAY,1,0,0,5565,23,13770,0,0,1,0,0.5,2
task_0101,family_17,template_17,0.5,11,NC1-SHUFFLED,1,0,0,4696,11,10592,0,0,1,0,0.5,2
task_0101,family_17,template_17,0.5,11,NC2-RANDOM,0,1,0,5540,23,13720,0,0,0,0,0.45,2
task_0101,family_17,template_17,0.5,11,B-LENGTH-PROPORTIONAL,1,0,0,5541,23,13722,0,0,1,0,0.5,2
task_0102,family_18,template_18,0.75,12,P-SPIDER-PARAM,1,0,1,2705,9,5680,0,0,0,0,0.79798,3
task_0102,family_18,template_18,0.75,12,B-COLD,1,0,0,6066,25,15132,0,0,1,0,0.5,2
task_0102,family_18,template_18,0.75,12,B-INSTRUCTION,1,0,0,5761,23,14282,1,0,1,0,0.5,2
task_0102,family_18,template_18,0.75,12,B-RAG-EMBED,1,0,0,4850,19,9970,3,1,1,0,0.5,2
task_0102,family_18,template_18,0.75,12,B-STAGEHAND-CACHE,1,0,0,6050,25,14980,0,0,1,0,0.5,2
task_0102,family_18,template_18,0.75,12,B-TERX-REPLAY,1,0,0,6052,25,14984,0,0,1,0,0.5,2
task_0102,family_18,template_18,0.75,12,NC1-SHUFFLED,0,1,0,5429,11,12058,0,0,0,0,0.5,2
task_0102,family_18,template_18,0.75,12,NC2-RANDOM,0,1,0,6049,25,14978,0,0,0,0,0.45,2
task_0102,family_18,template_18,0.75,12,B-LENGTH-PROPORTIONAL,1,0,0,6062,25,15004,0,0,1,0,0.5,2
task_0103,family_18,template_18,0.0,12,P-SPIDER-PARAM,1,0,0,252,1,774,12,1,1,0,0.99,4
task_0103,family_18,template_18,0.0,12,B-COLD,1,0,0,6047,25,15094,0,0,1,0,0.5,2
task_0103,family_18,template_18,0.0,12,B-INSTRUCTION,1,0,0,5743,23,14246,1,0,1,0,0.5,2
task_0103,family_18,template_18,0.0,12,B-RAG-EMBED,1,0,0,614,3,1498,12,1,1,0,0.5,2
task_0103,family_18,template_18,0.0,12,B-STAGEHAND-CACHE,1,0,0,407,1,934,12,1,1,0,0.5,2
task_0103,family_18,template_18,0.0,12,B-TERX-REPLAY,1,0,0,400,1,920,12,1,1,0,0.5,2
task_0103,family_18,template_18,0.0,12,NC1-SHUFFLED,0,1,0,5012,11,11224,0,0,0,0,0.5,2
task_0103,family_18,template_18,0.0,12,NC2-RANDOM,1,0,0,6033,25,14946,0,0,1,0,0.45,2
task_0103,family_18,template_18,0.0,12,B-LENGTH-PROPORTIONAL,1,0,0,6063,25,15006,0,0,1,0,0.5,2
task_0104,family_18,template_18,0.5,12,P-SPIDER-PARAM,1,0,0,1856,9,3982,6,1,1,0,0.91604,4
task_0104,family_18,template_18,0.5,12,B-COLD,1,0,0,6067,25,15134,0,0,1,0,0.5,2
task_0104,family_18,template_18,0.5,12,B-INSTRUCTION,1,0,0,5745,23,14250,1,0,1,0,0.5,2
task_0104,family_18,template_18,0.5,12,B-RAG-EMBED,1,0,0,3350,13,6970,6,1,1,0,0.5,2
task_0104,family_18,template_18,0.5,12,B-STAGEHAND-CACHE,1,0,0,6060,25,15000,0,0,1,0,0.5,2
task_0104,family_18,template_18,0.5,12,B-TERX-REPLAY,1,0,0,6066,25,15012,0,0,1,0,0.5,2
task_0104,family_18,template_18,0.5,12,NC1-SHUFFLED,0,1,0,4273,11,9746,0,0,0,0,0.5,2
task_0104,family_18,template_18,0.5,12,NC2-RANDOM,0,1,0,6039,25,14958,0,0,0,0,0.45,2
task_0104,family_18,template_18,0.5,12,B-LENGTH-PROPORTIONAL,1,0,0,6044,25,14968,0,0,1,0,0.5,2
task_0105,family_18,template_18,1.0,12,P-SPIDER-PARAM,1,0,1,3432,13,7134,0,0,0,0,0.89664,4
task_0105,family_18,template_18,1.0,12,B-COLD,1,0,0,6063,25,15126,0,0,1,0,0.5,2
task_0105,family_18,template_18,1.0,12,B-INSTRUCTION,1,0,0,5756,23,14272,1,0,1,0,0.5,2
task_0105,family_18,template_18,1.0,12,B-RAG-EMBED,1,0,0,6236,25,12742,0,0,1,0,0.5,2
task_0105,family_18,template_18,1.0,12,B-STAGEHAND-CACHE,1,0,0,6041,25,14962,0,0,1,0,0.5,2
task_0105,family_18,template_18,1.0,12,B-TERX-REPLAY,1,0,0,6066,25,15012,0,0,1,0,0.5,2
task_0105,family_18,template_18,1.0,12,NC1-SHUFFLED,0,1,0,4399,11,9998,0,0,0,0,0.5,2
task_0105,family_18,template_18,1.0,12,NC2-RANDOM,1,1,0,6057,25,14994,0,0,1,0,0.45,2
task_0105,family_18,template_18,1.0,12,B-LENGTH-PROPORTIONAL,1,0,0,6036,25,14952,0,0,1,0,0.5,2
task_0106,family_18,template_18,0.25,12,P-SPIDER-PARAM,1,0,0,1034,5,2338,9,1,1,0,0.8591,4
task_0106,family_18,template_18,0.25,12,B-COLD,1,0,0,6050,25,15100,0,0,1,0,0.5,2
task_0106,family_18,template_18,0.25,12,B-INSTRUCTION,1,0,0,5731,23,14222,1,0,1,0,0.5,2
task_0106,family_18,template_18,0.25,12,B-RAG-EMBED,1,0,0,1850,7,3970,9,1,1,0,0.5,2
task_0106,family_18,template_18,0.25,12,B-STAGEHAND-CACHE,1,0,0,6047,25,14974,0,0,1,0,0.5,2
task_0106,family_18,template_18,0.25,12,B-TERX-REPLAY,1,0,0,6041,25,14962,0,0,1,0,0.5,2
task_0106,family_18,template_18,0.25,12,NC1-SHUFFLED,0,1,0,4741,11,10682,0,0,0,0,0.5,2
task_0106,family_18,template_18,0.25,12,NC2-RANDOM,0,1,0,6035,25,14950,0,0,0,0,0.45,2
task_0106,family_18,template_18,0.25,12,B-LENGTH-PROPORTIONAL,1,0,0,6056,25,14992,0,0,1,0,0.5,2
task_0107,family_19,template_19,1.0,13,P-SPIDER-PARAM,1,0,1,3475,13,7220,0,0,0,0,0.77162,3
task_0107,family_19,template_19,1.0,13,B-COLD,1,0,0,6551,27,16342,0,0,1,0,0.5,2
task_0107,family_19,template_19,1.0,13,B-INSTRUCTION,1,0,0,6264,25,15528,1,0,1,0,0.5,2
task_0107,family_19,template_19,1.0,13,B-RAG-EMBED,1,0,0,6768,27,13806,0,0,1,0,0.5,2
task_0107,family_19,template_19,1.0,13,B-STAGEHAND-CACHE,1,0,0,6564,27,16248,0,0,1,0,0.5,2
task_0107,family_19,template_19,1.0,13,B-TERX-REPLAY,1,0,0,6541,27,16202,0,0,1,0,0.5,2
task_0107,family_19,template_19,1.0,13,NC1-SHUFFLED,1,0,0,4298,11,9796,0,0,1,0,0.5,2
task_0107,family_19,template_19,1.0,13,NC2-RANDOM,1,0,0,6558,27,16236,0,0,1,0,0.45,2
task_0107,family_19,template_19,1.0,13,B-LENGTH-PROPORTIONAL,1,0,0,6555,27,16230,0,0,1,0,0.5,2
task_0108,family_19,template_19,0.25,13,P-SPIDER-PARAM,1,0,0,1078,5,2426,10,1,1,0,0.98552,4
task_0108,family_19,template_19,0.25,13,B-COLD,1,0,0,6558,27,16356,0,0,1,0,0.5,2
task_0108,family_19,template_19,0.25,13,B-INSTRUCTION,1,0,0,6256,25,15512,1,0,1,0,0.5,2
task_0108,family_19,template_19,0.25,13,B-RAG-EMBED,0,0,0,1850,7,3970,10,1,0,0,0.5,2
task_0108,family_19,template_19,0.25,13,B-STAGEHAND-CACHE,1,0,0,6555,27,16230,0,0,1,0,0.5,2
task_0108,family_19,template_19,0.25,13,B-TERX-REPLAY,1,0,0,6560,27,16240,0,0,1,0,0.5,2
task_0108,family_19,template_19,0.25,13,NC1-SHUFFLED,0,1,0,4828,11,10856,0,0,0,0,0.5,2
task_0108,family_19,template_19,0.25,13,NC2-RANDOM,0,1,0,6547,27,16214,0,0,0,0,0.45,2
task_0108,family_19,template_19,0.25,13,B-LENGTH-PROPORTIONAL,1,0,0,6556,27,16232,0,0,1,0,0.5,2
task_0109,family_19,template_19,0.0,13,P-SPIDER-PARAM,1,0,0,249,1,768,13,1,1,0,0.93684,4
task_0109,family_19,template_19,0.0,13,B-COLD,1,0,0,6541,27,16322,0,0,1,0,0.5,2
task_0109,family_19,template_19,0.0,13,B-INSTRUCTION,1,0,0,6240,25,15480,1,0,1,0,0.5,2
task_0109,family_19,template_19,0.0,13,B-RAG-EMBED,1,0,0,584,3,1438,13,1,1,0,0.5,2
task_0109,family_19,template_19,0.0,13,B-STAGEHAND-CACHE,1,0,0,404,1,928,13,1,1,0,0.5,2
task_0109,family_19,template_19,0.0,13,B-TERX-REPLAY,1,0,0,405,1,930,13,1,1,0,0.5,2
task_0109,family_19,template_19,0.0,13,NC1-SHUFFLED,1,0,0,5006,11,11212,0,0,1,0,0.5,2
task_0109,family_19,template_19,0.0,13,NC2-RANDOM,0,1,0,6556,27,16232,0,0,0,0,0.45,2
task_0109,family_19,template_19,0.0,13,B-LENGTH-PROPORTIONAL,1,0,0,6559,27,16238,0,0,1,0,0.5,2
task_0110,family_19,template_19,0.75,13,P-SPIDER-PARAM,1,0,0,2669,13,5608,3,1,1,0,0.90354,4
task_0110,family_19,template_19,0.75,13,B-COLD,1,0,0,6532,27,16304,0,0,1,0,0.5,2
task_0110,family_19,template_19,0.75,13,B-INSTRUCTION,1,0,0,6254,25,15508,1,0,1,0,0.5,2
task_0110,family_19,template_19,0.75,13,B-RAG-EMBED,1,0,0,5350,21,10970,3,1,1,0,0.5,2
task_0110,family_19,template_19,0.75,13,B-STAGEHAND-CACHE,1,0,0,6547,27,16214,0,0,1,0,0.5,2
task_0110,family_19,template_19,0.75,13,B-TERX-REPLAY,1,0,0,6563,27,16246,0,0,1,0,0.5,2
task_0110,family_19,template_19,0.75,13,NC1-SHUFFLED,0,1,0,4315,11,9830,0,0,0,0,0.5,2
task_0110,family_19,template_19,0.75,13,NC2-RANDOM,0,1,0,6561,27,16242,0,0,0,0,0.45,2
task_0110,family_19,template_19,0.75,13,B-LENGTH-PROPORTIONAL,1,0,0,6550,27,16220,0,0,1,0,0.5,2
task_0111,family_19,template_19,0.5,13,P-SPIDER-PARAM,1,0,0,1817,9,3904,7,1,1,0,0.9563599999999999,4
task_0111,family_19,template_19,0.5,13,B-COLD,1,0,0,6567,27,16374,0,0,1,0,0.5,2
task_0111,family_19,template_19,0.5,13,B-INSTRUCTION,1,0,0,6239,25,15478,1,0,1,0,0.5,2
task_0111,family_19,template_19,0.5,13,B-RAG-EMBED,1,0,0,6738,27,13746,0,0,1,0,0.5,2
task_0111,family_19,template_19,0.5,13,B-STAGEHAND-CACHE,1,0,0,6550,27,16220,0,0,1,0,0.5,2
task_0111,family_19,template_19,0.5,13,B-TERX-REPLAY,1,0,0,6562,27,16244,0,0,1,0,0.5,2
task_0111,family_19,template_19,0.5,13,NC1-SHUFFLED,0,0,0,5651,11,12502,0,0,0,0,0.5,2
task_0111,family_19,template_19,0.5,13,NC2-RANDOM,1,0,0,6529,27,16178,0,0,1,0,0.45,2
task_0111,family_19,template_19,0.5,13,B-LENGTH-PROPORTIONAL,1,0,0,6551,27,16222,0,0,1,0,0.5,2
task_0112,family_20,template_20,0.25,14,P-SPIDER-PARAM,1,0,0,1024,5,2318,10,1,1,0,0.9439399999999999,4
task_0112,family_20,template_20,0.25,14,B-COLD,1,0,0,7060,29,17600,0,0,1,0,0.5,2
task_0112,family_20,template_20,0.25,14,B-INSTRUCTION,1,0,0,6765,27,16770,1,0,1,0,0.5,2
task_0112,family_20,template_20,0.25,14,B-RAG-EMBED,1,0,0,2350,9,4970,10,1,1,0,0.5,2
task_0112,family_20,template_20,0.25,14,B-STAGEHAND-CACHE,1,0,0,7050,29,17460,0,0,1,0,0.5,2
task_0112,family_20,template_20,0.25,14,B-TERX-REPLAY,1,0,0,7035,29,17430,0,0,1,0,0.5,2
task_0112,family_20,template_20,0.25,14,NC1-SHUFFLED,1,0,0,4823,11,10846,0,0,1,0,0.5,2
task_0112,family_20,template_20,0.25,14,NC2-RANDOM,0,1,0,7027,29,17414,0,0,0,0,0.45,2
task_0112,family_20,template_20,0.25,14,B-LENGTH-PROPORTIONAL,1,0,0,7060,29,17480,0,0,1,0,0.5,2
task_0113,family_20,template_20,0.0,14,P-SPIDER-PARAM,1,0,0,197,1,664,14,1,1,0,0.9583999999999999,4
task_0113,family_20,template_20,0.0,14,B-COLD,1,0,0,7032,29,17544,0,0,1,0,0.5,2
task_0113,family_20,template_20,0.0,14,B-INSTRUCTION,1,0,0,6762,27,16764,1,0,1,0,0.5,2
task_0113,family_20,template_20,0.0,14,B-RAG-EMBED,1,0,0,582,3,1434,14,1,1,0,0.5,2
task_0113,family_20,template_20,0.0,14,B-STAGEHAND-CACHE,1,0,0,407,1,934,14,1,1,0,0.5,2
task_0113,family_20,template_20,0.0,14,B-TERX-REPLAY,1,0,0,394,1,908,14,1,1,0,0.5,2
task_0113,family_20,template_20,0.0,14,NC1-SHUFFLED,0,0,0,4654,11,10508,0,0,0,0,0.5,2
task_0113,family_20,template_20,0.0,14,NC2-RANDOM,0,1,0,7039,29,17438,0,0,0,0,0.45,2
task_0113,family_20,template_20,0.0,14,B-LENGTH-PROPORTIONAL,1,0,0,7057,29,17474,0,0,1,0,0.5,2
task_0114,family_20,template_20,1.0,14,P-SPIDER-PARAM,1,0,1,3500,13,7270,0,0,0,0,0.8260799999999999,4
task_0114,family_20,template_20,1.0,14,B-COLD,1,0,0,7036,29,17552,0,0,1,0,0.5,2
task_0114,family_20,template_20,1.0,14,B-INSTRUCTION,1,0,0,6766,27,16772,1,0,1,0,0.5,2
task_0114,family_20,template_20,1.0,14,B-RAG-EMBED,1,0,0,7269,29,14808,0,0,1,0,0.5,2
task_0114,family_20,template_20,1.0,14,B-STAGEHAND-CACHE,1,0,0,7063,29,17486,0,0,1,0,0.5,2
task_0114,family_20,template_20,1.0,14,B-TERX-REPLAY,1,0,0,7042,29,17444,0,0,1,0,0.5,2
task_0114,family_20,template_20,1.0,14,NC1-SHUFFLED,0,1,0,4994,11,11188,0,0,0,0,0.5,2
task_0114,family_20,template_20,1.0,14,NC2-RANDOM,0,1,0,7041,29,17442,0,0,0,0,0.45,2
task_0114,family_20,template_20,1.0,14,B-LENGTH-PROPORTIONAL,1,0,0,7046,29,17452,0,0,1,0,0.5,2
task_0115,family_20,template_20,0.75,14,P-SPIDER-PARAM,1,0,0,2607,13,5484,4,1,1,0,0.9111,4
task_0115,family_20,template_20,0.75,14,B-COLD,1,0,0,7039,29,17558,0,0,1,0,0.5,2
task_0115,family_20,template_20,0.75,14,B-INSTRUCTION,1,0,0,6750,27,16740,1,0,1,0,0.5,2
task_0115,family_20,template_20,0.75,14,B-RAG-EMBED,1,0,0,7242,29,14754,0,0,1,0,0.5,2
task_0115,family_20,template_20,0.75,14,B-STAGEHAND-CACHE,1,0,0,7057,29,17474,0,0,1,0,0.5,2
task_0115,family_20,template_20,0.75,14,B-TERX-REPLAY,1,0,0,7051,29,17462,0,0,1,0,0.5,2
task_0115,family_20,template_20,0.75,14,NC1-SHUFFLED,0,0,0,4981,11,11162,0,0,0,0,0.5,2
task_0115,family_20,template_20,0.75,14,NC2-RANDOM,0,1,0,7060,29,17480,0,0,0,0,0.45,2
task_0115,family_20,template_20,0.75,14,B-LENGTH-PROPORTIONAL,1,0,0,7050,29,17460,0,0,1,0,0.5,2
task_0116,family_20,template_20,0.5,14,P-SPIDER-PARAM,1,0,0,1880,9,4030,7,1,1,0,0.9473999999999999,4
task_0116,family_20,template_20,0.5,14,B-COLD,1,0,0,7059,29,17598,0,0,1,0,0.5,2
task_0116,family_20,template_20,0.5,14,B-INSTRUCTION,1,0,0,6752,27,16744,1,0,1,0,0.5,2
task_0116,family_20,template_20,0.5,14,B-RAG-EMBED,1,0,0,7246,29,14762,0,0,1,0,0.5,2
task_0116,family_20,template_20,0.5,14,B-STAGEHAND-CACHE,1,0,0,7043,29,17446,0,0,1,0,0.5,2
task_0116,family_20,template_20,0.5,14,B-TERX-REPLAY,1,0,0,7041,29,17442,0,0,1,0,0.5,2
task_0116,family_20,template_20,0.5,14,NC1-SHUFFLED,0,1,0,5287,11,11774,0,0,0,0,0.5,2
task_0116,family_20,template_20,0.5,14,NC2-RANDOM,1,1,0,7069,29,17498,0,0,1,0,0.45,2
task_0116,family_20,template_20,0.5,14,B-LENGTH-PROPORTIONAL,1,0,0,7041,29,17442,0,0,1,0,0.5,2
task_0117,family_21,template_21,0.25,8,P-SPIDER-PARAM,1,0,0,1058,3,2386,6,1,1,0,0.95346,4
task_0117,family_21,template_21,0.25,8,B-COLD,1,0,0,4031,17,10102,0,0,1,0,0.5,2
task_0117,family_21,template_21,0.25,8,B-INSTRUCTION,1,0,0,3749,15,9298,1,0,1,0,0.5,2
task_0117,family_21,template_21,0.25,8,B-RAG-EMBED,1,0,0,1350,5,2970,6,1,1,0,0.5,2
task_0117,family_21,template_21,0.25,8,B-STAGEHAND-CACHE,1,0,0,4044,17,10008,0,0,1,0,0.5,2
task_0117,family_21,template_21,0.25,8,B-TERX-REPLAY,1,0,0,4052,17,10024,0,0,1,0,0.5,2
task_0117,family_21,template_21,0.25,8,NC1-SHUFFLED,0,1,0,4394,11,9988,0,0,0,0,0.5,2
task_0117,family_21,template_21,0.25,8,NC2-RANDOM,0,1,0,4048,17,10016,0,0,0,0,0.45,2
task_0117,family_21,template_21,0.25,8,B-LENGTH-PROPORTIONAL,1,0,0,4047,17,10014,0,0,1,0,0.5,2
task_0118,family_21,template_21,0.75,8,P-SPIDER-PARAM,1,0,0,2596,9,5462,2,1,1,0,0.92146,4
task_0118,family_21,template_21,0.75,8,B-COLD,1,0,0,4063,17,10166,0,0,1,0,0.5,2
task_0118,family_21,template_21,0.75,8,B-INSTRUCTION,1,0,0,3757,15,9314,1,0,1,0,0.5,2
task_0118,family_21,template_21,0.75,8,B-RAG-EMBED,1,0,0,3350,13,6970,2,1,1,0,0.5,2
task_0118,family_21,template_21,0.75,8,B-STAGEHAND-CACHE,1,0,0,4050,17,10020,0,0,1,0,0.5,2
task_0118,family_21,template_21,0.75,8,B-TERX-REPLAY,1,0,0,4031,17,9982,0,0,1,0,0.5,2
task_0118,family_21,template_21,0.75,8,NC1-SHUFFLED,1,0,0,5075,11,11350,0,0,1,0,0.5,2
task_0118,family_21,template_21,0.75,8,NC2-RANDOM,0,1,0,4060,17,10040,0,0,0,0,0.45,2
task_0118,family_21,template_21,0.75,8,B-LENGTH-PROPORTIONAL,1,0,0,4060,17,10040,0,0,1,0,0.5,2
task_0119,family_21,template_21,1.0,8,P-SPIDER-PARAM,1,0,1,3450,13,7170,0,0,0,0,0.8003199999999999,4
task_0119,family_21,template_21,1.0,8,B-COLD,1,0,0,4038,17,10116,0,0,1,0,0.5,2
task_0119,family_21,template_21,1.0,8,B-INSTRUCTION,1,0,0,3765,15,9330,1,0,1,0,0.5,2
task_0119,family_21,template_21,1.0,8,B-RAG-EMBED,1,0,0,4258,17,8786,0,0,1,0,0.5,2
task_0119,family_21,template_21,1.0,8,B-STAGEHAND-CACHE,1,0,0,4035,17,9990,0,0,1,0,0.5,2
task_0119,family_21,template_21,1.0,8,B-TERX-REPLAY,1,0,0,4044,17,10008,0,0,1,0,0.5,2
task_0119,family_21,template_21,1.0,8,NC1-SHUFFLED,0,0,0,5506,11,12212,0,0,0,0,0.5,2
task_0119,family_21,template_21,1.0,8,NC2-RANDOM,0,1,0,4059,17,10038,0,0,0,0,0.45,2
task_0119,family_21,template_21,1.0,8,B-LENGTH-PROPORTIONAL,1,0,0,4050,17,10020,0,0,1,0,0.5,2
task_0120,family_21,template_21,0.0,8,P-SPIDER-PARAM,1,0,0,252,1,774,8,1,1,0,0.88616,4
task_0120,family_21,template_21,0.0,8,B-COLD,1,0,0,4054,17,10148,0,0,1,0,0.5,2
task_0120,family_21,template_21,0.0,8,B-INSTRUCTION,1,0,0,3767,15,9334,1,0,1,0,0.5,2
task_0120,family_21,template_21,0.0,8,B-RAG-EMBED,1,0,0,585,3,1440,8,1,1,0,0.5,2
task_0120,family_21,template_21,0.0,8,B-STAGEHAND-CACHE,1,0,0,386,1,892,8,1,1,0,0.5,2
task_0120,family_21,template_21,0.0,8,B-TERX-REPLAY,1,0,0,411,1,942,8,1,1,0,0.5,2
task_0120,family_21,template_21,0.0,8,NC1-SHUFFLED,0,0,0,5549,11,12298,0,0,0,0,0.5,2
task_0120,family_21,template_21,0.0,8,NC2-RANDOM,0,1,0,4049,17,10018,0,0,0,0,0.45,2
task_0120,family_21,template_21,0.0,8,B-LENGTH-PROPORTIONAL,1,0,0,4059,17,10038,0,0,1,0,0.5,2
task_0121,family_21,template_21,0.5,8,P-SPIDER-PARAM,1,0,0,1790,5,3850,4,1,1,0,0.84464,4
task_0121,family_21,template_21,0.5,8,B-COLD,1,0,0,4050,17,10140,0,0,1,0,0.5,2
task_0121,family_21,template_21,0.5,8,B-INSTRUCTION,1,0,0,3756,15,9312,1,0,1,0,0.5,2
task_0121,family_21,template_21,0.5,8,B-RAG-EMBED,1,0,0,2350,9,4970,4,1,1,0,0.5,2
task_0121,family_21,template_21,0.5,8,B-STAGEHAND-CACHE,1,0,0,4049,17,10018,0,0,1,0,0.5,2
task_0121,family_21,template_21,0.5,8,B-TERX-REPLAY,1,0,0,4031,17,9982,0,0,1,0,0.5,2
task_0121,family_21,template_21,0.5,8,NC1-SHUFFLED,0,0,0,5091,11,11382,0,0,0,0,0.5,2
task_0121,family_21,template_21,0.5,8,NC2-RANDOM,0,1,0,4033,17,9986,0,0,0,0,0.45,2
task_0121,family_21,template_21,0.5,8,B-LENGTH-PROPORTIONAL,1,0,0,4046,17,10012,0,0,1,0,0.5,2
task_0122,family_22,template_22,0.0,9,P-SPIDER-PARAM,1,0,0,269,1,808,9,1,1,0,0.94384,4
task_0122,family_22,template_22,0.0,9,B-COLD,1,0,0,4534,19,11348,0,0,1,0,0.5,2
task_0122,family_22,template_22,0.0,9,B-INSTRUCTION,1,0,0,4236,17,10512,1,0,1,0,0.5,2
task_0122,family_22,template_22,0.0,9,B-RAG-EMBED,1,0,0,612,3,1494,9,1,1,0,0.5,2
task_0122,family_22,template_22,0.0,9,B-STAGEHAND-CACHE,1,0,0,406,1,932,9,1,1,0,0.5,2
task_0122,family_22,template_22,0.0,9,B-TERX-REPLAY,1,0,0,396,1,912,9,1,1,0,0.5,2
task_0122,family_22,template_22,0.0,9,NC1-SHUFFLED,1,0,0,4313,11,9826,0,0,1,0,0.5,2
task_0122,family_22,template_22,0.0,9,NC2-RANDOM,1,1,0,4550,19,11260,0,0,1,0,0.45,2
task_0122,family_22,template_22,0.0,9,B-LENGTH-PROPORTIONAL,1,0,0,4536,19,11232,0,0,1,0,0.5,2
task_0123,family_22,template_22,0.5,9,P-SPIDER-PARAM,1,0,0,1823,7,3916,5,1,1,0,0.8992399999999999,4
task_0123,family_22,template_22,0.5,9,B-COLD,1,0,0,4556,19,11392,0,0,1,0,0.5,2
task_0123,family_22,template_22,0.5,9,B-INSTRUCTION,1,0,0,4263,17,10566,1,0,1,0,0.5,2
task_0123,family_22,template_22,0.5,9,B-RAG-EMBED,1,0,0,2350,9,4970,5,1,1,0,0.5,2
task_0123,family_22,template_22,0.5,9,B-STAGEHAND-CACHE,1,0,0,4547,19,11254,0,0,1,0,0.5,2
task_0123,family_22,template_22,0.5,9,B-TERX-REPLAY,1,0,0,4548,19,11256,0,0,1,0,0.5,2
task_0123,family_22,template_22,0.5,9,NC1-SHUFFLED,1,0,0,5694,11,12588,0,0,1,0,0.5,2
task_0123,family_22,template_22,0.5,9,NC2-RANDOM,0,1,0,4574,19,11308,0,0,0,0,0.45,2
task_0123,family_22,template_22,0.5,9,B-LENGTH-PROPORTIONAL,1,0,0,4545,19,11250,0,0,1,0,0.5,2
task_0124,family_22,template_22,0.75,9,P-SPIDER-PARAM,1,0,1,2699,9,5668,0,0,0,0,0.79126,3
task_0124,family_22,template_22,0.75,9,B-COLD,1,0,0,4556,19,11392,0,0,1,0,0.5,2
task_0124,family_22,template_22,0.75,9,B-INSTRUCTION,1,0,0,4266,17,10572,1,0,1,0,0.5,2
task_0124,family_22,template_22,0.75,9,B-RAG-EMBED,1,0,0,3850,15,7970,2,1,1,0,0.5,2
task_0124,family_22,template_22,0.75,9,B-STAGEHAND-CACHE,1,0,0,4537,19,11234,0,0,1,0,0.5,2
task_0124,family_22,template_22,0.75,9,B-TERX-REPLAY,1,0,0,4563,19,11286,0,0,1,0,0.5,2
task_0124,family_22,template_22,0.75,9,NC1-SHUFFLED,0,0,0,5445,11,12090,0,0,0,0,0.5,2
task_0124,family_22,template_22,0.75,9,NC2-RANDOM,0,1,0,4569,19,11298,0,0,0,0,0.45,2
task_0124,family_22,template_22,0.75,9,B-LENGTH-PROPORTIONAL,1,0,0,4541,19,11242,0,0,1,0,0.5,2
task_0125,family_22,template_22,0.25,9,P-SPIDER-PARAM,1,0,0,1075,3,2420,7,1,1,0,0.9465999999999999,4
task_0125,family_22,template_22,0.25,9,B-COLD,1,0,0,4553,19,11386,0,0,1,0,0.5,2
task_0125,family_22,template_22,0.25,9,B-INSTRUCTION,1,0,0,4240,17,10520,1,0,1,0,0.5,2
task_0125,family_22,template_22,0.25,9,B-RAG-EMBED,1,0,0,1350,5,2970,7,1,1,0,0.5,2
task_0125,family_22,template_22,0.25,9,B-STAGEHAND-CACHE,1,0,0,4561,19,11282,0,0,1,0,0.5,2
task_0125,family_22,template_22,0.25,9,B-TERX-REPLAY,1,0,0,4540,19,11240,0,0,1,0,0.5,2
task_0125,family_22,template_22,0.25,9,NC1-SHUFFLED,0,0,0,5332,11,11864,0,0,0,0,0.5,2
task_0125,family_22,template_22,0.25,9,NC2-RANDOM,0,1,0,4526,19,11212,0,0,0,0,0.45,2
task_0125,family_22,template_22,0.25,9,B-LENGTH-PROPORTIONAL,1,0,0,4537,19,11234,0,0,1,0,0.5,2
task_0126,family_22,template_22,1.0,9,P-SPIDER-PARAM,1,0,0,3411,11,7092,0,1,1,0,0.8391,4
task_0126,family_22,template_22,1.0,9,B-COLD,1,0,0,4558,19,11396,0,0,1,0,0.5,2
task_0126,family_22,template_22,1.0,9,B-INSTRUCTION,1,0,0,4231,17,10502,1,0,1,0,0.5,2
task_0126,family_22,template_22,1.0,9,B-RAG-EMBED,1,0,0,4767,19,9804,0,0,1,0,0.5,2
task_0126,family_22,template_22,1.0,9,B-STAGEHAND-CACHE,1,0,0,4551,19,11262,0,0,1,0,0.5,2
task_0126,family_22,template_22,1.0,9,B-TERX-REPLAY,1,0,0,4532,19,11224,0,0,1,0,0.5,2
task_0126,family_22,template_22,1.0,9,NC1-SHUFFLED,0,0,0,5372,11,11944,0,0,0,0,0.5,2
task_0126,family_22,template_22,1.0,9,NC2-RANDOM,1,0,0,4564,19,11288,0,0,1,0,0.45,2
task_0126,family_22,template_22,1.0,9,B-LENGTH-PROPORTIONAL,1,0,0,4560,19,11280,0,0,1,0,0.5,2
task_0127,family_23,template_23,0.75,10,P-SPIDER-PARAM,1,0,1,2655,9,5580,0,0,0,0,0.84782,4
task_0127,family_23,template_23,0.75,10,B-COLD,1,0,0,5065,21,12650,0,0,1,0,0.5,2
task_0127,family_23,template_23,0.75,10,B-INSTRUCTION,1,0,0,4735,19,11750,1,0,1,0,0.5,2
task_0127,family_23,template_23,0.75,10,B-RAG-EMBED,1,0,0,4350,17,8970,2,1,1,0,0.5,2
task_0127,family_23,template_23,0.75,10,B-STAGEHAND-CACHE,1,0,0,5048,21,12496,0,0,1,0,0.5,2
task_0127,family_23,template_23,0.75,10,B-TERX-REPLAY,1,0,0,5045,21,12490,0,0,1,0,0.5,2
task_0127,family_23,template_23,0.75,10,NC1-SHUFFLED,0,0,0,5724,11,12648,0,0,0,0,0.5,2
task_0127,family_23,template_23,0.75,10,NC2-RANDOM,1,1,0,5049,21,12498,0,0,1,0,0.45,2
task_0127,family_23,template_23,0.75,10,B-LENGTH-PROPORTIONAL,1,0,0,5050,21,12500,0,0,1,0,0.5,2
task_0128,family_23,template_23,1.0,10,P-SPIDER-PARAM,1,0,1,3413,13,7096,0,0,0,0,0.87284,4
task_0128,family_23,template_23,1.0,10,B-COLD,1,0,0,5033,21,12586,0,0,1,0,0.5,2
task_0128,family_23,template_23,1.0,10,B-INSTRUCTION,1,0,0,4754,19,11788,1,0,1,0,0.5,2
task_0128,family_23,template_23,1.0,10,B-RAG-EMBED,1,0,0,5262,21,10794,0,0,1,0,0.5,2
task_0128,family_23,template_23,1.0,10,B-STAGEHAND-CACHE,1,0,0,5044,21,12488,0,0,1,0,0.5,2
task_0128,family_23,template_23,1.0,10,B-TERX-REPLAY,1,0,0,5068,21,12536,0,0,1,0,0.5,2
task_0128,family_23,template_23,1.0,10,NC1-SHUFFLED,0,0,0,5363,11,11926,0,0,0,0,0.5,2
task_0128,family_23,template_23,1.0,10,NC2-RANDOM,0,1,0,5042,21,12484,0,0,0,0,0.45,2
task_0128,family_23,template_23,1.0,10,B-LENGTH-PROPORTIONAL,1,0,0,5050,21,12500,0,0,1,0,0.5,2
task_0129,family_23,template_23,0.0,10,P-SPIDER-PARAM,1,0,0,225,1,720,10,1,1,0,0.96736,4
task_0129,family_23,template_23,0.0,10,B-COLD,1,0,0,5050,21,12620,0,0,1,0,0.5,2
task_0129,family_23,template_23,0.0,10,B-INSTRUCTION,1,0,0,4738,19,11756,1,0,1,0,0.5,2
task_0129,family_23,template_23,0.0,10,B-RAG-EMBED,1,0,0,603,3,1476,10,1,1,0,0.5,2
task_0129,family_23,template_23,0.0,10,B-STAGEHAND-CACHE,1,0,0,396,1,912,10,1,1,0,0.5,2
task_0129,family_23,template_23,0.0,10,B-TERX-REPLAY,1,0,0,390,1,900,10,1,1,0,0.5,2
task_0129,family_23,template_23,0.0,10,NC1-SHUFFLED,0,0,0,4369,11,9938,0,0,0,0,0.5,2
task_0129,family_23,template_23,0.0,10,NC2-RANDOM,0,1,0,5029,21,12458,0,0,0,0,0.45,2
task_0129,family_23,template_23,0.0,10,B-LENGTH-PROPORTIONAL,1,0,0,5063,21,12526,0,0,1,0,0.5,2
task_0130,family_23,template_23,0.25,10,P-SPIDER-PARAM,1,0,0,1049,5,2368,8,1,1,0,0.8752,4
task_0130,family_23,template_23,0.25,10,B-COLD,1,0,0,5051,21,12622,0,0,1,0,0.5,2
task_0130,family_23,template_23,0.25,10,B-INSTRUCTION,1,0,0,4751,19,11782,1,0,1,0,0.5,2
task_0130,family_23,template_23,0.25,10,B-RAG-EMBED,0,0,0,1350,5,2970,8,1,0,0,0.5,2
task_0130,family_23,template_23,0.25,10,B-STAGEHAND-CACHE,1,0,0,5051,21,12502,0,0,1,0,0.5,2
task_0130,family_23,template_23,0.25,10,B-TERX-REPLAY,1,0,0,5059,21,12518,0,0,1,0,0.5,2
task_0130,family_23,template_23,0.25,10,NC1-SHUFFLED,0,0,0,4913,11,11026,0,0,0,0,0.5,2
task_0130,family_23,template_23,0.25,10,NC2-RANDOM,0,1,0,5027,21,12454,0,0,0,0,0.45,2
task_0130,family_23,template_23,0.25,10,B-LENGTH-PROPORTIONAL,1,0,0,5054,21,12508,0,0,1,0,0.5,2
task_0131,family_23,template_23,0.5,10,P-SPIDER-PARAM,1,0,0,1842,7,3954,5,1,1,0,0.8899999999999999,4
task_0131,family_23,template_23,0.5,10,B-COLD,1,0,0,5042,21,12604,0,0,1,0,0.5,2
task_0131,family_23,template_23,0.5,10,B-INSTRUCTION,1,0,0,4752,19,11784,1,0,1,0,0.5,2
task_0131,family_23,template_23,0.5,10,B-RAG-EMBED,1,0,0,5261,21,10792,0,0,1,0,0.5,2
task_0131,family_23,template_23,0.5,10,B-STAGEHAND-CACHE,1,0,0,5041,21,12482,0,0,1,0,0.5,2
task_0131,family_23,template_23,0.5,10,B-TERX-REPLAY,1,0,0,5060,21,12520,0,0,1,0,0.5,2
task_0131,family_23,template_23,0.5,10,NC1-SHUFFLED,1,0,0,4981,11,11162,0,0,1,0,0.5,2
task_0131,family_23,template_23,0.5,10,NC2-RANDOM,1,0,0,5046,21,12492,0,0,1,0,0.45,2
task_0131,family_23,template_23,0.5,10,B-LENGTH-PROPORTIONAL,1,0,0,5060,21,12520,0,0,1,0,0.5,2
task_0132,family_24,template_24,1.0,11,P-SPIDER-PARAM,1,0,0,3414,15,7098,0,1,1,0,0.8673799999999999,4
task_0132,family_24,template_24,1.0,11,B-COLD,1,0,0,5559,23,13878,0,0,1,0,0.5,2
task_0132,family_24,template_24,1.0,11,B-INSTRUCTION,1,0,0,5245,21,13010,1,0,1,0,0.5,2
task_0132,family_24,template_24,1.0,11,B-RAG-EMBED,1,0,0,5738,23,11746,0,0,1,0,0.5,2
task_0132,family_24,template_24,1.0,11,B-STAGEHAND-CACHE,1,0,0,5532,23,13704,0,0,1,0,0.5,2
task_0132,family_24,template_24,1.0,11,B-TERX-REPLAY,1,0,0,5541,23,13722,0,0,1,0,0.5,2
task_0132,family_24,template_24,1.0,11,NC1-SHUFFLED,0,0,0,5199,11,11598,0,0,0,0,0.5,2
task_0132,family_24,template_24,1.0,11,NC2-RANDOM,0,1,0,5573,23,13786,0,0,0,0,0.45,2
task_0132,family_24,template_24,1.0,11,B-LENGTH-PROPORTIONAL,1,0,0,5553,23,13746,0,0,1,0,0.5,2
task_0133,family_24,template_24,0.5,11,P-SPIDER-PARAM,1,0,0,1903,7,4076,5,1,1,0,0.8565399999999999,4
task_0133,family_24,template_24,0.5,11,B-COLD,1,0,0,5549,23,13858,0,0,1,0,0.5,2
task_0133,family_24,template_24,0.5,11,B-INSTRUCTION,1,0,0,5262,21,13044,1,0,1,0,0.5,2
task_0133,family_24,template_24,0.5,11,B-RAG-EMBED,1,0,0,3350,13,6970,5,1,1,0,0.5,2
task_0133,family_24,template_24,0.5,11,B-STAGEHAND-CACHE,1,0,0,5557,23,13754,0,0,1,0,0.5,2
task_0133,family_24,template_24,0.5,11,B-TERX-REPLAY,1,0,0,5568,23,13776,0,0,1,0,0.5,2
task_0133,family_24,template_24,0.5,11,NC1-SHUFFLED,1,0,0,5152,11,11504,0,0,1,0,0.5,2
task_0133,family_24,template_24,0.5,11,NC2-RANDOM,1,0,0,5543,23,13726,0,0,1,0,0.45,2
task_0133,family_24,template_24,0.5,11,B-LENGTH-PROPORTIONAL,1,0,0,5556,23,13752,0,0,1,0,0.5,2
task_0134,family_24,template_24,0.25,11,P-SPIDER-PARAM,1,0,0,1070,5,2410,8,1,1,0,0.9208399999999999,4
task_0134,family_24,template_24,0.25,11,B-COLD,1,0,0,5540,23,13840,0,0,1,0,0.5,2
task_0134,family_24,template_24,0.25,11,B-INSTRUCTION,1,0,0,5239,21,12998,1,0,1,0,0.5,2
task_0134,family_24,template_24,0.25,11,B-RAG-EMBED,1,0,0,1850,7,3970,8,1,1,0,0.5,2
task_0134,family_24,template_24,0.25,11,B-STAGEHAND-CACHE,1,0,0,5540,23,13720,0,0,1,0,0.5,2
task_0134,family_24,template_24,0.25,11,B-TERX-REPLAY,1,0,0,5546,23,13732,0,0,1,0,0.5,2
task_0134,family_24,template_24,0.25,11,NC1-SHUFFLED,0,0,0,4978,11,11156,0,0,0,0,0.5,2
task_0134,family_24,template_24,0.25,11,NC2-RANDOM,0,1,0,5570,23,13780,0,0,0,0,0.45,2
task_0134,family_24,template_24,0.25,11,B-LENGTH-PROPORTIONAL,1,0,0,5536,23,13712,0,0,1,0,0.5,2
task_0135,family_24,template_24,0.75,11,P-SPIDER-PARAM,1,0,1,2653,9,5576,0,0,0,0,0.8356399999999999,4
task_0135,family_24,template_24,0.75,11,B-COLD,1,0,0,5553,23,13866,0,0,1,0,0.5,2
task_0135,family_24,template_24,0.75,11,B-INSTRUCTION,1,0,0,5261,21,13042,1,0,1,0,0.5,2
task_0135,family_24,template_24,0.75,11,B-RAG-EMBED,1,0,0,4350,17,8970,3,1,1,0,0.5,2
task_0135,family_24,template_24,0.75,11,B-STAGEHAND-CACHE,1,0,0,5540,23,13720,0,0,1,0,0.5,2
task_0135,family_24,template_24,0.75,11,B-TERX-REPLAY,1,0,0,5534,23,13708,0,0,1,0,0.5,2
task_0135,family_24,template_24,0.75,11,NC1-SHUFFLED,0,1,0,5642,11,12484,0,0,0,0,0.5,2
task_0135,family_24,template_24,0.75,11,NC2-RANDOM,0,1,0,5531,23,13702,0,0,0,0,0.45,2
task_0135,family_24,template_24,0.75,11,B-LENGTH-PROPORTIONAL,1,0,0,5560,23,13760,0,0,1,0,0.5,2
task_0136,family_24,template_24,0.0,11,P-SPIDER-PARAM,1,0,0,205,1,680,11,1,1,0,0.9621799999999999,4
task_0136,family_24,template_24,0.0,11,B-COLD,1,0,0,5569,23,13898,0,0,1,0,0.5,2
task_0136,family_24,template_24,0.0,11,B-INSTRUCTION,1,0,0,5238,21,12996,1,0,1,0,0.5,2
task_0136,family_24,template_24,0.0,11,B-RAG-EMBED,1,0,0,618,3,1506,11,1,1,0,0.5,2
task_0136,family_24,template_24,0.0,11,B-STAGEHAND-CACHE,1,0,0,405,1,930,11,1,1,0,0.5,2
task_0136,family_24,template_24,0.0,11,B-TERX-REPLAY,1,0,0,405,1,930,11,1,1,0,0.5,2
task_0136,family_24,template_24,0.0,11,NC1-SHUFFLED,0,1,0,4319,11,9838,0,0,0,0,0.5,2
task_0136,family_24,template_24,0.0,11,NC2-RANDOM,0,1,0,5553,23,13746,0,0,0,0,0.45,2
task_0136,family_24,template_24,0.0,11,B-LENGTH-PROPORTIONAL,1,0,0,5556,23,13752,0,0,1,0,0.5,2
task_0137,family_25,template_25,1.0,12,P-SPIDER-PARAM,1,0,1,3432,13,7134,0,0,0,0,0.7978,3
task_0137,family_25,template_25,1.0,12,B-COLD,1,0,0,6052,25,15104,0,0,1,0,0.5,2
task_0137,family_25,template_25,1.0,12,B-INSTRUCTION,1,0,0,5748,23,14256,1,0,1,0,0.5,2
task_0137,family_25,template_25,1.0,12,B-RAG-EMBED,1,0,0,6350,25,12970,0,1,1,0,0.5,2
task_0137,family_25,template_25,1.0,12,B-STAGEHAND-CACHE,1,0,0,6048,25,14976,0,0,1,0,0.5,2
task_0137,family_25,template_25,1.0,12,B-TERX-REPLAY,1,0,0,6033,25,14946,0,0,1,0,0.5,2
task_0137,family_25,template_25,1.0,12,NC1-SHUFFLED,0,1,0,4615,11,10430,0,0,0,0,0.5,2
task_0137,family_25,template_25,1.0,12,NC2-RANDOM,0,1,0,6061,25,15002,0,0,0,0,0.45,2
task_0137,family_25,template_25,1.0,12,B-LENGTH-PROPORTIONAL,1,0,0,6051,25,14982,0,0,1,0,0.5,2
task_0138,family_25,template_25,0.5,12,P-SPIDER-PARAM,1,0,0,1894,9,4058,6,1,1,0,0.8702599999999999,4
task_0138,family_25,template_25,0.5,12,B-COLD,1,0,0,6054,25,15108,0,0,1,0,0.5,2
task_0138,family_25,template_25,0.5,12,B-INSTRUCTION,1,0,0,5760,23,14280,1,0,1,0,0.5,2
task_0138,family_25,template_25,0.5,12,B-RAG-EMBED,1,0,0,6248,25,12766,0,0,1,0,0.5,2
task_0138,family_25,template_25,0.5,12,B-STAGEHAND-CACHE,1,0,0,6060,25,15000,0,0,1,0,0.5,2
task_0138,family_25,template_25,0.5,12,B-TERX-REPLAY,1,0,0,6062,25,15004,0,0,1,0,0.5,2
task_0138,family_25,template_25,0.5,12,NC1-SHUFFLED,0,0,0,4668,11,10536,0,0,0,0,0.5,2
task_0138,family_25,template_25,0.5,12,NC2-RANDOM,0,1,0,6035,25,14950,0,0,0,0,0.45,2
task_0138,family_25,template_25,0.5,12,B-LENGTH-PROPORTIONAL,1,0,0,6045,25,14970,0,0,1,0,0.5,2
task_0139,family_25,template_25,0.75,12,P-SPIDER-PARAM,1,0,1,2598,9,5466,0,0,0,0,0.87274,4
task_0139,family_25,template_25,0.75,12,B-COLD,1,0,0,6053,25,15106,0,0,1,0,0.5,2
task_0139,family_25,template_25,0.75,12,B-INSTRUCTION,1,0,0,5736,23,14232,1,0,1,0,0.5,2
task_0139,family_25,template_25,0.75,12,B-RAG-EMBED,1,0,0,6250,25,12770,0,0,1,0,0.5,2
task_0139,family_25,template_25,0.75,12,B-STAGEHAND-CACHE,1,0,0,6059,25,14998,0,0,1,0,0.5,2
task_0139,family_25,template_25,0.75,12,B-TERX-REPLAY,1,0,0,6065,25,15010,0,0,1,0,0.5,2
task_0139,family_25,template_25,0.75,12,NC1-SHUFFLED,1,0,0,4721,11,10642,0,0,1,0,0.5,2
task_0139,family_25,template_25,0.75,12,NC2-RANDOM,0,1,0,6030,25,14940,0,0,0,0,0.45,2
task_0139,family_25,template_25,0.75,12,B-LENGTH-PROPORTIONAL,1,0,0,6055,25,14990,0,0,1,0,0.5,2
task_0140,family_25,template_25,0.0,12,P-SPIDER-PARAM,1,0,0,309,1,888,12,1,1,0,0.99,4
task_0140,family_25,template_25,0.0,12,B-COLD,1,0,0,6055,25,15110,0,0,1,0,0.5,2
task_0140,family_25,template_25,0.0,12,B-INSTRUCTION,1,0,0,5730,23,14220,1,0,1,0,0.5,2
task_0140,family_25,template_25,0.0,12,B-RAG-EMBED,1,0,0,597,3,1464,12,1,1,0,0.5,2
task_0140,family_25,template_25,0.0,12,B-STAGEHAND-CACHE,1,0,0,403,1,926,12,1,1,0,0.5,2
task_0140,family_25,template_25,0.0,12,B-TERX-REPLAY,1,0,0,410,1,940,12,1,1,0,0.5,2
task_0140,family_25,template_25,0.0,12,NC1-SHUFFLED,0,0,0,4517,11,10234,0,0,0,0,0.5,2
task_0140,family_25,template_25,0.0,12,NC2-RANDOM,0,1,0,6041,25,14962,0,0,0,0,0.45,2
task_0140,family_25,template_25,0.0,12,B-LENGTH-PROPORTIONAL,1,0,0,6063,25,15006,0,0,1,0,0.5,2
task_0141,family_25,template_25,0.25,12,P-SPIDER-PARAM,1,0,0,1070,5,2410,9,1,1,0,0.9645199999999999,4
task_0141,family_25,template_25,0.25,12,B-COLD,1,0,0,6042,25,15084,0,0,1,0,0.5,2
task_0141,family_25,template_25,0.25,12,B-INSTRUCTION,1,0,0,5751,23,14262,1,0,1,0,0.5,2
task_0141,family_25,template_25,0.25,12,B-RAG-EMBED,1,0,0,1850,7,3970,9,1,1,0,0.5,2
task_0141,family_25,template_25,0.25,12,B-STAGEHAND-CACHE,1,0,0,6038,25,14956,0,0,1,0,0.5,2
task_0141,family_25,template_25,0.25,12,B-TERX-REPLAY,1,0,0,6042,25,14964,0,0,1,0,0.5,2
task_0141,family_25,template_25,0.25,12,NC1-SHUFFLED,0,0,0,5674,11,12548,0,0,0,0,0.5,2
task_0141,family_25,template_25,0.25,12,NC2-RANDOM,1,0,0,6049,25,14978,0,0,1,0,0.45,2
task_0141,family_25,template_25,0.25,12,B-LENGTH-PROPORTIONAL,1,0,0,6049,25,14978,0,0,1,0,0.5,2
task_0142,family_26,template_26,0.25,13,P-SPIDER-PARAM,1,0,0,1004,5,2278,10,1,1,0,0.93302,4
task_0142,family_26,template_26,0.25,13,B-COLD,1,0,0,6554,27,16348,0,0,1,0,0.5,2
task_0142,family_26,template_26,0.25,13,B-INSTRUCTION,1,0,0,6264,25,15528,1,0,1,0,0.5,2
task_0142,family_26,template_26,0.25,13,B-RAG-EMBED,1,0,0,1850,7,3970,10,1,1,0,0.5,2
task_0142,family_26,template_26,0.25,13,B-STAGEHAND-CACHE,1,0,0,6548,27,16216,0,0,1,0,0.5,2
task_0142,family_26,template_26,0.25,13,B-TERX-REPLAY,1,0,0,6557,27,16234,0,0,1,0,0.5,2
task_0142,family_26,template_26,0.25,13,NC1-SHUFFLED,1,0,0,5488,11,12176,0,0,1,0,0.5,2
task_0142,family_26,template_26,0.25,13,NC2-RANDOM,0,1,0,6550,27,16220,0,0,0,0,0.45,2
task_0142,family_26,template_26,0.25,13,B-LENGTH-PROPORTIONAL,1,0,0,6560,27,16240,0,0,1,0,0.5,2
task_0143,family_26,template_26,0.5,13,P-SPIDER-PARAM,1,0,0,1871,9,4012,7,1,1,0,0.9352199999999999,4
task_0143,family_26,template_26,0.5,13,B-COLD,1,0,0,6544,27,16328,0,0,1,0,0.5,2
task_0143,family_26,template_26,0.5,13,B-INSTRUCTION,1,0,0,6243,25,15486,1,0,1,0,0.5,2
task_0143,family_26,template_26,0.5,13,B-RAG-EMBED,1,0,0,3350,13,6970,7,1,1,0,0.5,2
task_0143,family_26,template_26,0.5,13,B-STAGEHAND-CACHE,1,0,0,6550,27,16220,0,0,1,0,0.5,2
task_0143,family_26,template_26,0.5,13,B-TERX-REPLAY,1,0,0,6536,27,16192,0,0,1,0,0.5,2
task_0143,family_26,template_26,0.5,13,NC1-SHUFFLED,0,1,0,4778,11,10756,0,0,0,0,0.5,2
task_0143,family_26,template_26,0.5,13,NC2-RANDOM,1,0,0,6561,27,16242,0,0,1,0,0.45,2
task_0143,family_26,template_26,0.5,13,B-LENGTH-PROPORTIONAL,1,0,0,6557,27,16234,0,0,1,0,0.5,2
task_0144,family_26,template_26,1.0,13,P-SPIDER-PARAM,1,0,1,3393,13,7056,0,0,0,0,0.8368599999999999,4
task_0144,family_26,template_26,1.0,13,B-COLD,1,0,0,6542,27,16324,0,0,1,0,0.5,2
task_0144,family_26,template_26,1.0,13,B-INSTRUCTION,1,0,0,6241,25,15482,1,0,1,0,0.5,2
task_0144,family_26,template_26,1.0,13,B-RAG-EMBED,1,0,0,6850,27,13970,0,1,1,0,0.5,2
task_0144,family_26,template_26,1.0,13,B-STAGEHAND-CACHE,1,0,0,6545,27,16210,0,0,1,0,0.5,2
task_0144,family_26,template_26,1.0,13,B-TERX-REPLAY,1,0,0,6547,27,16214,0,0,1,0,0.5,2
task_0144,family_26,template_26,1.0,13,NC1-SHUFFLED,0,0,0,4649,11,10498,0,0,0,0,0.5,2
task_0144,family_26,template_26,1.0,13,NC2-RANDOM,1,1,0,6572,27,16264,0,0,1,0,0.45,2
task_0144,family_26,template_26,1.0,13,B-LENGTH-PROPORTIONAL,1,0,0,6548,27,16216,0,0,1,0,0.5,2
task_0145,family_26,template_26,0.0,13,P-SPIDER-PARAM,1,0,0,201,1,672,13,1,1,0,0.9004399999999999,4
task_0145,family_26,template_26,0.0,13,B-COLD,1,0,0,6540,27,16320,0,0,1,0,0.5,2
task_0145,family_26,template_26,0.0,13,B-INSTRUCTION,1,0,0,6261,25,15522,1,0,1,0,0.5,2
task_0145,family_26,template_26,0.0,13,B-RAG-EMBED,1,0,0,592,3,1454,13,1,1,0,0.5,2
task_0145,family_26,template_26,0.0,13,B-STAGEHAND-CACHE,1,0,0,398,1,916,13,1,1,0,0.5,2
task_0145,family_26,template_26,0.0,13,B-TERX-REPLAY,1,0,0,387,1,894,13,1,1,0,0.5,2
task_0145,family_26,template_26,0.0,13,NC1-SHUFFLED,1,0,0,5213,11,11626,0,0,1,0,0.5,2
task_0145,family_26,template_26,0.0,13,NC2-RANDOM,0,1,0,6544,27,16208,0,0,0,0,0.45,2
task_0145,family_26,template_26,0.0,13,B-LENGTH-PROPORTIONAL,1,0,0,6559,27,16238,0,0,1,0,0.5,2
task_0146,family_26,template_26,0.75,13,P-SPIDER-PARAM,1,0,1,2691,9,5652,0,0,0,0,0.9074599999999999,4
task_0146,family_26,template_26,0.75,13,B-COLD,1,0,0,6536,27,16312,0,0,1,0,0.5,2
task_0146,family_26,template_26,0.75,13,B-INSTRUCTION,1,0,0,6268,25,15536,1,0,1,0,0.5,2
task_0146,family_26,template_26,0.75,13,B-RAG-EMBED,1,0,0,6735,27,13740,0,0,1,0,0.5,2
task_0146,family_26,template_26,0.75,13,B-STAGEHAND-CACHE,1,0,0,6544,27,16208,0,0,1,0,0.5,2
task_0146,family_26,template_26,0.75,13,B-TERX-REPLAY,1,0,0,6546,27,16212,0,0,1,0,0.5,2
task_0146,family_26,template_26,0.75,13,NC1-SHUFFLED,1,0,0,5131,11,11462,0,0,1,0,0.5,2
task_0146,family_26,template_26,0.75,13,NC2-RANDOM,1,0,0,6531,27,16182,0,0,1,0,0.45,2
task_0146,family_26,template_26,0.75,13,B-LENGTH-PROPORTIONAL,1,0,0,6537,27,16194,0,0,1,0,0.5,2
task_0147,family_27,template_27,0.5,14,P-SPIDER-PARAM,1,0,1,1902,7,4074,0,0,0,0,0.91282,4
task_0147,family_27,template_27,0.5,14,B-COLD,1,0,0,7047,29,17574,0,0,1,0,0.5,2
task_0147,family_27,template_27,0.5,14,B-INSTRUCTION,1,0,0,6766,27,16772,1,0,1,0,0.5,2
task_0147,family_27,template_27,0.5,14,B-RAG-EMBED,1,0,0,7250,29,14770,0,0,1,0,0.5,2
task_0147,family_27,template_27,0.5,14,B-STAGEHAND-CACHE,1,0,0,7051,29,17462,0,0,1,0,0.5,2
task_0147,family_27,template_27,0.5,14,B-TERX-REPLAY,1,0,0,7057,29,17474,0,0,1,0,0.5,2
task_0147,family_27,template_27,0.5,14,NC1-SHUFFLED,1,0,0,4283,11,9766,0,0,1,0,0.5,2
task_0147,family_27,template_27,0.5,14,NC2-RANDOM,1,0,0,7028,29,17416,0,0,1,0,0.45,2
task_0147,family_27,template_27,0.5,14,B-LENGTH-PROPORTIONAL,1,0,0,7062,29,17484,0,0,1,0,0.5,2
task_0148,family_27,template_27,0.25,14,P-SPIDER-PARAM,1,0,0,1079,5,2428,10,1,1,0,0.9804799999999999,4
task_0148,family_27,template_27,0.25,14,B-COLD,1,0,0,7067,29,17614,0,0,1,0,0.5,2
task_0148,family_27,template_27,0.25,14,B-INSTRUCTION,1,0,0,6741,27,16722,1,0,1,0,0.5,2
task_0148,family_27,template_27,0.25,14,B-RAG-EMBED,0,0,0,2350,9,4970,10,1,0,0,0.5,2
task_0148,family_27,template_27,0.25,14,B-STAGEHAND-CACHE,1,0,0,7044,29,17448,0,0,1,0,0.5,2
task_0148,family_27,template_27,0.25,14,B-TERX-REPLAY,1,0,0,7035,29,17430,0,0,1,0,0.5,2
task_0148,family_27,template_27,0.25,14,NC1-SHUFFLED,1,0,0,5340,11,11880,0,0,1,0,0.5,2
task_0148,family_27,template_27,0.25,14,NC2-RANDOM,1,0,0,7073,29,17506,0,0,1,0,0.45,2
task_0148,family_27,template_27,0.25,14,B-LENGTH-PROPORTIONAL,1,0,0,7041,29,17442,0,0,1,0,0.5,2
task_0149,family_27,template_27,0.75,14,P-SPIDER-PARAM,1,0,0,2627,13,5524,4,1,1,0,0.8425,4
task_0149,family_27,template_27,0.75,14,B-COLD,1,0,0,7066,29,17612,0,0,1,0,0.5,2
task_0149,family_27,template_27,0.75,14,B-INSTRUCTION,1,0,0,6750,27,16740,1,0,1,0,0.5,2
task_0149,family_27,template_27,0.75,14,B-RAG-EMBED,1,0,0,5350,21,10970,4,1,1,0,0.5,2
task_0149,family_27,template_27,0.75,14,B-STAGEHAND-CACHE,1,0,0,7043,29,17446,0,0,1,0,0.5,2
task_0149,family_27,template_27,0.75,14,B-TERX-REPLAY,1,0,0,7054,29,17468,0,0,1,0,0.5,2
task_0149,family_27,template_27,0.75,14,NC1-SHUFFLED,0,0,0,4640,11,10480,0,0,0,0,0.5,2
task_0149,family_27,template_27,0.75,14,NC2-RANDOM,0,1,0,7056,29,17472,0,0,0,0,0.45,2
task_0149,family_27,template_27,0.75,14,B-LENGTH-PROPORTIONAL,1,0,0,7050,29,17460,0,0,1,0,0.5,2
task_0150,family_27,template_27,0.0,14,P-SPIDER-PARAM,1,0,0,222,1,714,14,1,1,0,0.9299799999999999,4
task_0150,family_27,template_27,0.0,14,B-COLD,1,0,0,7045,29,17570,0,0,1,0,0.5,2
task_0150,family_27,template_27,0.0,14,B-INSTRUCTION,1,0,0,6744,27,16728,1,0,1,0,0.5,2
task_0150,family_27,template_27,0.0,14,B-RAG-EMBED,1,0,0,597,3,1464,14,1,1,0,0.5,2
task_0150,family_27,template_27,0.0,14,B-STAGEHAND-CACHE,1,0,0,402,1,924,14,1,1,0,0.5,2
task_0150,family_27,template_27,0.0,14,B-TERX-REPLAY,1,0,0,401,1,922,14,1,1,0,0.5,2
task_0150,family_27,template_27,0.0,14,NC1-SHUFFLED,1,0,0,4941,11,11082,0,0,1,0,0.5,2
task_0150,family_27,template_27,0.0,14,NC2-RANDOM,0,1,0,7065,29,17490,0,0,0,0,0.45,2
task_0150,family_27,template_27,0.0,14,B-LENGTH-PROPORTIONAL,1,0,0,7040,29,17440,0,0,1,0,0.5,2
task_0151,family_27,template_27,1.0,14,P-SPIDER-PARAM,1,0,1,3484,13,7238,0,0,0,0,0.7873,3
task_0151,family_27,template_27,1.0,14,B-COLD,1,0,0,7047,29,17574,0,0,1,0,0.5,2
task_0151,family_27,template_27,1.0,14,B-INSTRUCTION,1,0,0,6745,27,16730,1,0,1,0,0.5,2
task_0151,family_27,template_27,1.0,14,B-RAG-EMBED,1,0,0,7244,29,14758,0,0,1,0,0.5,2
task_0151,family_27,template_27,1.0,14,B-STAGEHAND-CACHE,1,0,0,7041,29,17442,0,0,1,0,0.5,2
task_0151,family_27,template_27,1.0,14,B-TERX-REPLAY,1,0,0,7064,29,17488,0,0,1,0,0.5,2
task_0151,family_27,template_27,1.0,14,NC1-SHUFFLED,0,0,0,5018,11,11236,0,0,0,0,0.5,2
task_0151,family_27,template_27,1.0,14,NC2-RANDOM,0,1,0,7062,29,17484,0,0,0,0,0.45,2
task_0151,family_27,template_27,1.0,14,B-LENGTH-PROPORTIONAL,1,0,0,7052,29,17464,0,0,1,0,0.5,2
task_0152,family_28,template_28,0.25,8,P-SPIDER-PARAM,1,0,0,1088,3,2446,6,1,1,0,0.9186,4
task_0152,family_28,template_28,0.25,8,B-COLD,1,0,0,4042,17,10124,0,0,1,0,0.5,2
task_0152,family_28,template_28,0.25,8,B-INSTRUCTION,1,0,0,3767,15,9334,1,0,1,0,0.5,2
task_0152,family_28,template_28,0.25,8,B-RAG-EMBED,1,0,0,1350,5,2970,6,1,1,0,0.5,2
task_0152,family_28,template_28,0.25,8,B-STAGEHAND-CACHE,1,0,0,4069,17,10058,0,0,1,0,0.5,2
task_0152,family_28,template_28,0.25,8,B-TERX-REPLAY,1,0,0,4069,17,10058,0,0,1,0,0.5,2
task_0152,family_28,template_28,0.25,8,NC1-SHUFFLED,0,1,0,4312,11,9824,0,0,0,0,0.5,2
task_0152,family_28,template_28,0.25,8,NC2-RANDOM,0,1,0,4031,17,9982,0,0,0,0,0.45,2
task_0152,family_28,template_28,0.25,8,B-LENGTH-PROPORTIONAL,1,0,0,4051,17,10022,0,0,1,0,0.5,2
task_0153,family_28,template_28,0.0,8,P-SPIDER-PARAM,1,0,0,194,1,658,8,1,1,0,0.96344,4
task_0153,family_28,template_28,0.0,8,B-COLD,1,0,0,4034,17,10108,0,0,1,0,0.5,2
task_0153,family_28,template_28,0.0,8,B-INSTRUCTION,1,0,0,3750,15,9300,1,0,1,0,0.5,2
task_0153,family_28,template_28,0.0,8,B-RAG-EMBED,1,0,0,591,3,1452,8,1,1,0,0.5,2
task_0153,family_28,template_28,0.0,8,B-STAGEHAND-CACHE,1,0,0,401,1,922,8,1,1,0,0.5,2
task_0153,family_28,template_28,0.0,8,B-TERX-REPLAY,1,0,0,400,1,920,8,1,1,0,0.5,2
task_0153,family_28,template_28,0.0,8,NC1-SHUFFLED,0,1,0,5677,11,12554,0,0,0,0,0.5,2
task_0153,family_28,template_28,0.0,8,NC2-RANDOM,1,0,0,4032,17,9984,0,0,1,0,0.45,2
task_0153,family_28,template_28,0.0,8,B-LENGTH-PROPORTIONAL,1,0,0,4059,17,10038,0,0,1,0,0.5,2
task_0154,family_28,template_28,0.5,8,P-SPIDER-PARAM,1,0,0,1804,5,3878,4,1,1,0,0.8282599999999999,4
task_0154,family_28,template_28,0.5,8,B-COLD,1,0,0,4050,17,10140,0,0,1,0,0.5,2
task_0154,family_28,template_28,0.5,8,B-INSTRUCTION,1,0,0,3732,15,9264,1,0,1,0,0.5,2
task_0154,family_28,template_28,0.5,8,B-RAG-EMBED,1,0,0,2350,9,4970,4,1,1,0,0.5,2
task_0154,family_28,template_28,0.5,8,B-STAGEHAND-CACHE,1,0,0,4057,17,10034,0,0,1,0,0.5,2
task_0154,family_28,template_28,0.5,8,B-TERX-REPLAY,1,0,0,4064,17,10048,0,0,1,0,0.5,2
task_0154,family_28,template_28,0.5,8,NC1-SHUFFLED,0,0,0,5304,11,11808,0,0,0,0,0.5,2
task_0154,family_28,template_28,0.5,8,NC2-RANDOM,0,1,0,4044,17,10008,0,0,0,0,0.45,2
task_0154,family_28,template_28,0.5,8,B-LENGTH-PROPORTIONAL,1,0,0,4045,17,10010,0,0,1,0,0.5,2
task_0155,family_28,template_28,1.0,8,P-SPIDER-PARAM,1,0,1,3428,13,7126,0,0,0,0,0.87284,4
task_0155,family_28,template_28,1.0,8,B-COLD,1,0,0,4066,17,10172,0,0,1,0,0.5,2
task_0155,family_28,template_28,1.0,8,B-INSTRUCTION,1,0,0,3740,15,9280,1,0,1,0,0.5,2
task_0155,family_28,template_28,1.0,8,B-RAG-EMBED,1,0,0,4350,17,8970,0,1,1,0,0.5,2
task_0155,family_28,template_28,1.0,8,B-STAGEHAND-CACHE,1,0,0,4043,17,10006,0,0,1,0,0.5,2
task_0155,family_28,template_28,1.0,8,B-TERX-REPLAY,1,0,0,4045,17,10010,0,0,1,0,0.5,2
task_0155,family_28,template_28,1.0,8,NC1-SHUFFLED,0,0,0,5252,11,11704,0,0,0,0,0.5,2
task_0155,family_28,template_28,1.0,8,NC2-RANDOM,0,1,0,4058,17,10036,0,0,0,0,0.45,2
task_0155,family_28,template_28,1.0,8,B-LENGTH-PROPORTIONAL,1,0,0,4055,17,10030,0,0,1,0,0.5,2
task_0156,family_28,template_28,0.75,8,P-SPIDER-PARAM,1,0,1,2702,9,5674,0,0,0,0,0.87484,4
task_0156,family_28,template_28,0.75,8,B-COLD,1,0,0,4060,17,10160,0,0,1,0,0.5,2
task_0156,family_28,template_28,0.75,8,B-INSTRUCTION,1,0,0,3747,15,9294,1,0,1,0,0.5,2
task_0156,family_28,template_28,0.75,8,B-RAG-EMBED,1,0,0,3350,13,6970,2,1,1,0,0.5,2
task_0156,family_28,template_28,0.75,8,B-STAGEHAND-CACHE,1,0,0,4050,17,10020,0,0,1,0,0.5,2
task_0156,family_28,template_28,0.75,8,B-TERX-REPLAY,1,0,0,4034,17,9988,0,0,1,0,0.5,2
task_0156,family_28,template_28,0.75,8,NC1-SHUFFLED,1,0,0,5717,11,12634,0,0,1,0,0.5,2
task_0156,family_28,template_28,0.75,8,NC2-RANDOM,1,0,0,4059,17,10038,0,0,1,0,0.45,2
task_0156,family_28,template_28,0.75,8,B-LENGTH-PROPORTIONAL,1,0,0,4038,17,9996,0,0,1,0,0.5,2
task_0157,family_29,template_29,0.25,9,P-SPIDER-PARAM,1,0,0,1050,3,2370,7,1,1,0,0.8666599999999999,4
task_0157,family_29,template_29,0.25,9,B-COLD,1,0,0,4556,19,11392,0,0,1,0,0.5,2
task_0157,family_29,template_29,0.25,9,B-INSTRUCTION,1,0,0,4266,17,10572,1,0,1,0,0.5,2
task_0157,family_29,template_29,0.25,9,B-RAG-EMBED,1,0,0,4762,19,9794,0,0,1,0,0.5,2
task_0157,family_29,template_29,0.25,9,B-STAGEHAND-CACHE,1,0,0,4543,19,11246,0,0,1,0,0.5,2
task_0157,family_29,template_29,0.25,9,B-TERX-REPLAY,1,0,0,4564,19,11288,0,0,1,0,0.5,2
task_0157,family_29,template_29,0.25,9,NC1-SHUFFLED,0,0,0,5054,11,11308,0,0,0,0,0.5,2
task_0157,family_29,template_29,0.25,9,NC2-RANDOM,0,1,0,4550,19,11260,0,0,0,0,0.45,2
task_0157,family_29,template_29,0.25,9,B-LENGTH-PROPORTIONAL,1,0,0,4539,19,11238,0,0,1,0,0.5,2
task_0158,family_29,template_29,0.5,9,P-SPIDER-PARAM,1,0,0,1848,7,3966,5,1,1,0,0.8220999999999999,4
task_0158,family_29,template_29,0.5,9,B-COLD,1,0,0,4543,19,11366,0,0,1,0,0.5,2
task_0158,family_29,template_29,0.5,9,B-INSTRUCTION,1,0,0,4239,17,10518,1,0,1,0,0.5,2
task_0158,family_29,template_29,0.5,9,B-RAG-EMBED,1,0,0,2350,9,4970,5,1,1,0,0.5,2
task_0158,family_29,template_29,0.5,9,B-STAGEHAND-CACHE,1,0,0,4568,19,11296,0,0,1,0,0.5,2
task_0158,family_29,template_29,0.5,9,B-TERX-REPLAY,1,0,0,4566,19,11292,0,0,1,0,0.5,2
task_0158,family_29,template_29,0.5,9,NC1-SHUFFLED,0,1,0,4880,11,10960,0,0,0,0,0.5,2
task_0158,family_29,template_29,0.5,9,NC2-RANDOM,0,1,0,4572,19,11304,0,0,0,0,0.45,2
task_0158,family_29,template_29,0.5,9,B-LENGTH-PROPORTIONAL,1,0,0,4555,19,11270,0,0,1,0,0.5,2
task_0159,family_29,template_29,0.75,9,P-SPIDER-PARAM,1,0,0,2676,9,5622,2,1,1,0,0.84124,4
task_0159,family_29,template_29,0.75,9,B-COLD,1,0,0,4549,19,11378,0,0,1,0,0.5,2
task_0159,family_29,template_29,0.75,9,B-INSTRUCTION,1,0,0,4269,17,10578,1,0,1,0,0.5,2
task_0159,family_29,template_29,0.75,9,B-RAG-EMBED,1,0,0,4750,19,9770,0,0,1,0,0.5,2
task_0159,family_29,template_29,0.75,9,B-STAGEHAND-CACHE,1,0,0,4554,19,11268,0,0,1,0,0.5,2
task_0159,family_29,template_29,0.75,9,B-TERX-REPLAY,1,0,0,4536,19,11232,0,0,1,0,0.5,2
task_0159,family_29,template_29,0.75,9,NC1-SHUFFLED,0,0,0,5113,11,11426,0,0,0,0,0.5,2
task_0159,family_29,template_29,0.75,9,NC2-RANDOM,1,0,0,4571,19,11302,0,0,1,0,0.45,2
task_0159,family_29,template_29,0.75,9,B-LENGTH-PROPORTIONAL,1,0,0,4562,19,11284,0,0,1,0,0.5,2
task_0160,family_29,template_29,1.0,9,P-SPIDER-PARAM,1,0,0,3419,11,7108,0,1,1,0,0.89174,4
task_0160,family_29,template_29,1.0,9,B-COLD,1,0,0,4554,19,11388,0,0,1,0,0.5,2
task_0160,family_29,template_29,1.0,9,B-INSTRUCTION,1,0,0,4236,17,10512,1,0,1,0,0.5,2
task_0160,family_29,template_29,1.0,9,B-RAG-EMBED,1,0,0,4768,19,9806,0,0,1,0,0.5,2
task_0160,family_29,template_29,1.0,9,B-STAGEHAND-CACHE,1,0,0,4556,19,11272,0,0,1,0,0.5,2
task_0160,family_29,template_29,1.0,9,B-TERX-REPLAY,1,0,0,4569,19,11298,0,0,1,0,0.5,2
task_0160,family_29,template_29,1.0,9,NC1-SHUFFLED,0,0,0,5460,11,12120,0,0,0,0,0.5,2
task_0160,family_29,template_29,1.0,9,NC2-RANDOM,0,1,0,4532,19,11224,0,0,0,0,0.45,2
task_0160,family_29,template_29,1.0,9,B-LENGTH-PROPORTIONAL,1,0,0,4545,19,11250,0,0,1,0,0.5,2
task_0161,family_29,template_29,0.0,9,P-SPIDER-PARAM,1,0,0,274,1,818,9,1,1,0,0.93082,4
task_0161,family_29,template_29,0.0,9,B-COLD,1,0,0,4553,19,11386,0,0,1,0,0.5,2
task_0161,family_29,template_29,0.0,9,B-INSTRUCTION,1,0,0,4233,17,10506,1,0,1,0,0.5,2
task_0161,family_29,template_29,0.0,9,B-RAG-EMBED,1,0,0,597,3,1464,9,1,1,0,0.5,2
task_0161,family_29,template_29,0.0,9,B-STAGEHAND-CACHE,1,0,0,386,1,892,9,1,1,0,0.5,2
task_0161,family_29,template_29,0.0,9,B-TERX-REPLAY,1,0,0,414,1,948,9,1,1,0,0.5,2
task_0161,family_29,template_29,0.0,9,NC1-SHUFFLED,0,1,0,4478,11,10156,0,0,0,0,0.5,2
task_0161,family_29,template_29,0.0,9,NC2-RANDOM,0,1,0,4530,19,11220,0,0,0,0,0.45,2
task_0161,family_29,template_29,0.0,9,B-LENGTH-PROPORTIONAL,1,0,0,4546,19,11252,0,0,1,0,0.5,2
task_0162,family_30,template_30,0.75,10,P-SPIDER-PARAM,1,0,0,2674,9,5618,2,1,1,0,0.8517399999999999,4
task_0162,family_30,template_30,0.75,10,B-COLD,1,0,0,5055,21,12630,0,0,1,0,0.5,2
task_0162,family_30,template_30,0.75,10,B-INSTRUCTION,1,0,0,4766,19,11812,1,0,1,0,0.5,2
task_0162,family_30,template_30,0.75,10,B-RAG-EMBED,1,0,0,5264,21,10798,0,0,1,0,0.5,2
task_0162,family_30,template_30,0.75,10,B-STAGEHAND-CACHE,1,0,0,5036,21,12472,0,0,1,0,0.5,2
task_0162,family_30,template_30,0.75,10,B-TERX-REPLAY,1,0,0,5055,21,12510,0,0,1,0,0.5,2
task_0162,family_30,template_30,0.75,10,NC1-SHUFFLED,1,0,0,5281,11,11762,0,0,1,0,0.5,2
task_0162,family_30,template_30,0.75,10,NC2-RANDOM,1,0,0,5071,21,12542,0,0,1,0,0.45,2
task_0162,family_30,template_30,0.75,10,B-LENGTH-PROPORTIONAL,1,0,0,5043,21,12486,0,0,1,0,0.5,2
task_0163,family_30,template_30,1.0,10,P-SPIDER-PARAM,1,0,1,3394,13,7058,0,0,0,0,0.8993,4
task_0163,family_30,template_30,1.0,10,B-COLD,1,0,0,5060,21,12640,0,0,1,0,0.5,2
task_0163,family_30,template_30,1.0,10,B-INSTRUCTION,1,0,0,4768,19,11816,1,0,1,0,0.5,2
task_0163,family_30,template_30,1.0,10,B-RAG-EMBED,1,0,0,5266,21,10802,0,0,1,0,0.5,2
task_0163,family_30,template_30,1.0,10,B-STAGEHAND-CACHE,1,0,0,5042,21,12484,0,0,1,0,0.5,2
task_0163,family_30,template_30,1.0,10,B-TERX-REPLAY,1,0,0,5041,21,12482,0,0,1,0,0.5,2
task_0163,family_30,template_30,1.0,10,NC1-SHUFFLED,1,0,0,5131,11,11462,0,0,1,0,0.5,2
task_0163,family_30,template_30,1.0,10,NC2-RANDOM,0,1,0,5029,21,12458,0,0,0,0,0.45,2
task_0163,family_30,template_30,1.0,10,B-LENGTH-PROPORTIONAL,1,0,0,5044,21,12488,0,0,1,0,0.5,2
task_0164,family_30,template_30,0.5,10,P-SPIDER-PARAM,1,0,0,1889,7,4048,5,1,1,0,0.9182799999999999,4
task_0164,family_30,template_30,0.5,10,B-COLD,1,0,0,5057,21,12634,0,0,1,0,0.5,2
task_0164,family_30,template_30,0.5,10,B-INSTRUCTION,1,0,0,4734,19,11748,1,0,1,0,0.5,2
task_0164,family_30,template_30,0.5,10,B-RAG-EMBED,1,0,0,5232,21,10734,0,0,1,0,0.5,2
task_0164,family_30,template_30,0.5,10,B-STAGEHAND-CACHE,1,0,0,5048,21,12496,0,0,1,0,0.5,2
task_0164,family_30,template_30,0.5,10,B-TERX-REPLAY,1,0,0,5069,21,12538,0,0,1,0,0.5,2
task_0164,family_30,template_30,0.5,10,NC1-SHUFFLED,0,0,0,4256,11,9712,0,0,0,0,0.5,2
task_0164,family_30,template_30,0.5,10,NC2-RANDOM,0,1,0,5069,21,12538,0,0,0,0,0.45,2
task_0164,family_30,template_30,0.5,10,B-LENGTH-PROPORTIONAL,1,0,0,5056,21,12512,0,0,1,0,0.5,2
task_0165,family_30,template_30,0.25,10,P-SPIDER-PARAM,1,0,0,1079,5,2428,8,1,1,0,0.9338599999999999,4
task_0165,family_30,template_30,0.25,10,B-COLD,1,0,0,5059,21,12638,0,0,1,0,0.5,2
task_0165,family_30,template_30,0.25,10,B-INSTRUCTION,1,0,0,4731,19,11742,1,0,1,0,0.5,2
task_0165,family_30,template_30,0.25,10,B-RAG-EMBED,1,0,0,5251,21,10772,0,0,1,0,0.5,2
task_0165,family_30,template_30,0.25,10,B-STAGEHAND-CACHE,1,0,0,5061,21,12522,0,0,1,0,0.5,2
task_0165,family_30,template_30,0.25,10,B-TERX-REPLAY,1,0,0,5058,21,12516,0,0,1,0,0.5,2
task_0165,family_30,template_30,0.25,10,NC1-SHUFFLED,1,0,0,5655,11,12510,0,0,1,0,0.5,2
task_0165,family_30,template_30,0.25,10,NC2-RANDOM,1,0,0,5072,21,12544,0,0,1,0,0.45,2
task_0165,family_30,template_30,0.25,10,B-LENGTH-PROPORTIONAL,1,0,0,5052,21,12504,0,0,1,0,0.5,2
task_0166,family_30,template_30,0.0,10,P-SPIDER-PARAM,1,0,0,239,1,748,10,1,1,0,0.88056,4
task_0166,family_30,template_30,0.0,10,B-COLD,1,0,0,5044,21,12608,0,0,1,0,0.5,2
task_0166,family_30,template_30,0.0,10,B-INSTRUCTION,1,0,0,4755,19,11790,1,0,1,0,0.5,2
task_0166,family_30,template_30,0.0,10,B-RAG-EMBED,1,0,0,592,3,1454,10,1,1,0,0.5,2
task_0166,family_30,template_30,0.0,10,B-STAGEHAND-CACHE,1,0,0,410,1,940,10,1,1,0,0.5,2
task_0166,family_30,template_30,0.0,10,B-TERX-REPLAY,1,0,0,405,1,930,10,1,1,0,0.5,2
task_0166,family_30,template_30,0.0,10,NC1-SHUFFLED,0,0,0,5180,11,11560,0,0,0,0,0.5,2
task_0166,family_30,template_30,0.0,10,NC2-RANDOM,1,1,0,5052,21,12504,0,0,1,0,0.45,2
task_0166,family_30,template_30,0.0,10,B-LENGTH-PROPORTIONAL,1,0,0,5042,21,12484,0,0,1,0,0.5,2
task_0167,family_31,template_31,1.0,11,P-SPIDER-PARAM,1,0,1,3397,13,7064,0,0,0,0,0.7928999999999999,3
task_0167,family_31,template_31,1.0,11,B-COLD,1,0,0,5555,23,13870,0,0,1,0,0.5,2
task_0167,family_31,template_31,1.0,11,B-INSTRUCTION,1,0,0,5234,21,12988,1,0,1,0,0.5,2
task_0167,family_31,template_31,1.0,11,B-RAG-EMBED,1,0,0,5767,23,11804,0,0,1,0,0.5,2
task_0167,family_31,template_31,1.0,11,B-STAGEHAND-CACHE,1,0,0,5558,23,13756,0,0,1,0,0.5,2
task_0167,family_31,template_31,1.0,11,B-TERX-REPLAY,1,0,0,5540,23,13720,0,0,1,0,0.5,2
task_0167,family_31,template_31,1.0,11,NC1-SHUFFLED,0,0,0,4420,11,10040,0,0,0,0,0.5,2
task_0167,family_31,template_31,1.0,11,NC2-RANDOM,1,0,0,5563,23,13766,0,0,1,0,0.45,2
task_0167,family_31,template_31,1.0,11,B-LENGTH-PROPORTIONAL,1,0,0,5550,23,13740,0,0,1,0,0.5,2
task_0168,family_31,template_31,0.5,11,P-SPIDER-PARAM,1,0,0,1890,7,4050,5,1,1,0,0.8566799999999999,4
task_0168,family_31,template_31,0.5,11,B-COLD,1,0,0,5533,23,13826,0,0,1,0,0.5,2
task_0168,family_31,template_31,0.5,11,B-INSTRUCTION,1,0,0,5249,21,13018,1,0,1,0,0.5,2
task_0168,family_31,template_31,0.5,11,B-RAG-EMBED,1,0,0,3350,13,6970,5,1,1,0,0.5,2
task_0168,family_31,template_31,0.5,11,B-STAGEHAND-CACHE,1,0,0,5568,23,13776,0,0,1,0,0.5,2
task_0168,family_31,template_31,0.5,11,B-TERX-REPLAY,1,0,0,5548,23,13736,0,0,1,0,0.5,2
task_0168,family_31,template_31,0.5,11,NC1-SHUFFLED,0,1,0,4848,11,10896,0,0,0,0,0.5,2
task_0168,family_31,template_31,0.5,11,NC2-RANDOM,0,1,0,5546,23,13732,0,0,0,0,0.45,2
task_0168,family_31,template_31,0.5,11,B-LENGTH-PROPORTIONAL,1,0,0,5538,23,13716,0,0,1,0,0.5,2
task_0169,family_31,template_31,0.75,11,P-SPIDER-PARAM,1,0,1,2691,9,5652,0,0,0,0,0.916,4
task_0169,family_31,template_31,0.75,11,B-COLD,1,0,0,5558,23,13876,0,0,1,0,0.5,2
task_0169,family_31,template_31,0.75,11,B-INSTRUCTION,1,0,0,5244,21,13008,1,0,1,0,0.5,2
task_0169,family_31,template_31,0.75,11,B-RAG-EMBED,1,0,0,5747,23,11764,0,0,1,0,0.5,2
task_0169,family_31,template_31,0.75,11,B-STAGEHAND-CACHE,1,0,0,5549,23,13738,0,0,1,0,0.5,2
task_0169,family_31,template_31,0.75,11,B-TERX-REPLAY,1,0,0,5532,23,13704,0,0,1,0,0.5,2
task_0169,family_31,template_31,0.75,11,NC1-SHUFFLED,0,1,0,4277,11,9754,0,0,0,0,0.5,2
task_0169,family_31,template_31,0.75,11,NC2-RANDOM,0,1,0,5532,23,13704,0,0,0,0,0.45,2
task_0169,family_31,template_31,0.75,11,B-LENGTH-PROPORTIONAL,1,0,0,5560,23,13760,0,0,1,0,0.5,2
task_0170,family_31,template_31,0.0,11,P-SPIDER-PARAM,1,0,0,752,1,1774,11,1,1,0,0.9159799999999999,4
task_0170,family_31,template_31,0.0,11,B-COLD,1,0,0,5546,23,13852,0,0,1,0,0.5,2
task_0170,family_31,template_31,0.0,11,B-INSTRUCTION,1,0,0,5246,21,13012,1,0,1,0,0.5,2
task_0170,family_31,template_31,0.0,11,B-RAG-EMBED,1,0,0,608,3,1486,11,1,1,0,0.5,2
task_0170,family_31,template_31,0.0,11,B-STAGEHAND-CACHE,1,0,0,397,1,914,11,1,1,0,0.5,2
task_0170,family_31,template_31,0.0,11,B-TERX-REPLAY,1,0,0,393,1,906,11,1,1,0,0.5,2
task_0170,family_31,template_31,0.0,11,NC1-SHUFFLED,1,0,0,5228,11,11656,0,0,1,0,0.5,2
task_0170,family_31,template_31,0.0,11,NC2-RANDOM,0,1,0,5539,23,13718,0,0,0,0,0.45,2
task_0170,family_31,template_31,0.0,11,B-LENGTH-PROPORTIONAL,1,0,0,5549,23,13738,0,0,1,0,0.5,2
task_0171,family_31,template_31,0.25,11,P-SPIDER-PARAM,1,0,0,1547,5,3364,8,1,1,0,0.9331599999999999,4
task_0171,family_31,template_31,0.25,11,B-COLD,1,0,0,5538,23,13836,0,0,1,0,0.5,2
task_0171,family_31,template_31,0.25,11,B-INSTRUCTION,1,0,0,5264,21,13048,1,0,1,0,0.5,2
task_0171,family_31,template_31,0.25,11,B-RAG-EMBED,1,0,0,5758,23,11786,0,0,1,0,0.5,2
task_0171,family_31,template_31,0.25,11,B-STAGEHAND-CACHE,1,0,0,5547,23,13734,0,0,1,0,0.5,2
task_0171,family_31,template_31,0.25,11,B-TERX-REPLAY,1,0,0,5546,23,13732,0,0,1,0,0.5,2
task_0171,family_31,template_31,0.25,11,NC1-SHUFFLED,0,1,0,5163,11,11526,0,0,0,0,0.5,2
task_0171,family_31,template_31,0.25,11,NC2-RANDOM,1,0,0,5550,23,13740,0,0,1,0,0.45,2
task_0171,family_31,template_31,0.25,11,B-LENGTH-PROPORTIONAL,1,0,0,5542,23,13724,0,0,1,0,0.5,2
task_0172,family_32,template_32,0.5,12,P-SPIDER-PARAM,1,0,0,1850,9,3970,6,1,1,0,0.9339599999999999,4
task_0172,family_32,template_32,0.5,12,B-COLD,1,0,0,6067,25,15134,0,0,1,0,0.5,2
task_0172,family_32,template_32,0.5,12,B-INSTRUCTION,1,0,0,5744,23,14248,1,0,1,0,0.5,2
task_0172,family_32,template_32,0.5,12,B-RAG-EMBED,1,0,0,3350,13,6970,6,1,1,0,0.5,2
task_0172,family_32,template_32,0.5,12,B-STAGEHAND-CACHE,1,0,0,6052,25,14984,0,0,1,0,0.5,2
task_0172,family_32,template_32,0.5,12,B-TERX-REPLAY,1,0,0,6069,25,15018,0,0,1,0,0.5,2
task_0172,family_32,template_32,0.5,12,NC1-SHUFFLED,1,0,0,4842,11,10884,0,0,1,0,0.5,2
task_0172,family_32,template_32,0.5,12,NC2-RANDOM,1,0,0,6056,25,14992,0,0,1,0,0.45,2
task_0172,family_32,template_32,0.5,12,B-LENGTH-PROPORTIONAL,1,0,0,6058,25,14996,0,0,1,0,0.5,2
task_0173,family_32,template_32,0.25,12,P-SPIDER-PARAM,1,0,0,1009,5,2288,9,1,1,0,0.9551399999999999,4
task_0173,family_32,template_32,0.25,12,B-COLD,1,0,0,6039,25,15078,0,0,1,0,0.5,2
task_0173,family_32,template_32,0.25,12,B-INSTRUCTION,1,0,0,5759,23,14278,1,0,1,0,0.5,2
task_0173,family_32,template_32,0.25,12,B-RAG-EMBED,1,0,0,1850,7,3970,9,1,1,0,0.5,2
task_0173,family_32,template_32,0.25,12,B-STAGEHAND-CACHE,1,0,0,6058,25,14996,0,0,1,0,0.5,2
task_0173,family_32,template_32,0.25,12,B-TERX-REPLAY,1,0,0,6039,25,14958,0,0,1,0,0.5,2
task_0173,family_32,template_32,0.25,12,NC1-SHUFFLED,0,1,0,5535,11,12270,0,0,0,0,0.5,2
task_0173,family_32,template_32,0.25,12,NC2-RANDOM,0,1,0,6037,25,14954,0,0,0,0,0.45,2
task_0173,family_32,template_32,0.25,12,B-LENGTH-PROPORTIONAL,1,0,0,6039,25,14958,0,0,1,0,0.5,2
task_0174,family_32,template_32,0.75,12,P-SPIDER-PARAM,1,0,1,2696,9,5662,0,0,0,0,0.89206,4
task_0174,family_32,template_32,0.75,12,B-COLD,1,0,0,6036,25,15072,0,0,1,0,0.5,2
task_0174,family_32,template_32,0.75,12,B-INSTRUCTION,1,0,0,5762,23,14284,1,0,1,0,0.5,2
task_0174,family_32,template_32,0.75,12,B-RAG-EMBED,1,0,0,6252,25,12774,0,0,1,0,0.5,2
task_0174,family_32,template_32,0.75,12,B-STAGEHAND-CACHE,1,0,0,6033,25,14946,0,0,1,0,0.5,2
task_0174,family_32,template_32,0.75,12,B-TERX-REPLAY,1,0,0,6058,25,14996,0,0,1,0,0.5,2
task_0174,family_32,template_32,0.75,12,NC1-SHUFFLED,1,0,0,4511,11,10222,0,0,1,0,0.5,2
task_0174,family_32,template_32,0.75,12,NC2-RANDOM,1,1,0,6058,25,14996,0,0,1,0,0.45,2
task_0174,family_32,template_32,0.75,12,B-LENGTH-PROPORTIONAL,1,0,0,6057,25,14994,0,0,1,0,0.5,2
task_0175,family_32,template_32,1.0,12,P-SPIDER-PARAM,1,0,1,3415,13,7100,0,0,0,0,0.8056399999999999,4
task_0175,family_32,template_32,1.0,12,B-COLD,1,0,0,6050,25,15100,0,0,1,0,0.5,2
task_0175,family_32,template_32,1.0,12,B-INSTRUCTION,1,0,0,5735,23,14230,1,0,1,0,0.5,2
task_0175,family_32,template_32,1.0,12,B-RAG-EMBED,1,0,0,6350,25,12970,0,1,1,0,0.5,2
task_0175,family_32,template_32,1.0,12,B-STAGEHAND-CACHE,1,0,0,6058,25,14996,0,0,1,0,0.5,2
task_0175,family_32,template_32,1.0,12,B-TERX-REPLAY,1,0,0,6057,25,14994,0,0,1,0,0.5,2
task_0175,family_32,template_32,1.0,12,NC1-SHUFFLED,0,1,0,5505,11,12210,0,0,0,0,0.5,2
task_0175,family_32,template_32,1.0,12,NC2-RANDOM,1,1,0,6056,25,14992,0,0,1,0,0.45,2
task_0175,family_32,template_32,1.0,12,B-LENGTH-PROPORTIONAL,1,0,0,6048,25,14976,0,0,1,0,0.5,2
task_0176,family_32,template_32,0.0,12,P-SPIDER-PARAM,1,0,0,286,1,842,12,1,1,0,0.9213,4
task_0176,family_32,template_32,0.0,12,B-COLD,1,0,0,6068,25,15136,0,0,1,0,0.5,2
task_0176,family_32,template_32,0.0,12,B-INSTRUCTION,1,0,0,5734,23,14228,1,0,1,0,0.5,2
task_0176,family_32,template_32,0.0,12,B-RAG-EMBED,1,0,0,608,3,1486,12,1,1,0,0.5,2
task_0176,family_32,template_32,0.0,12,B-STAGEHAND-CACHE,1,0,0,386,1,892,12,1,1,0,0.5,2
task_0176,family_32,template_32,0.0,12,B-TERX-REPLAY,1,0,0,395,1,910,12,1,1,0,0.5,2
task_0176,family_32,template_32,0.0,12,NC1-SHUFFLED,0,0,0,5208,11,11616,0,0,0,0,0.5,2
task_0176,family_32,template_32,0.0,12,NC2-RANDOM,0,1,0,6071,25,15022,0,0,0,0,0.45,2
task_0176,family_32,template_32,0.0,12,B-LENGTH-PROPORTIONAL,1,0,0,6050,25,14980,0,0,1,0,0.5,2
task_0177,family_33,template_33,0.0,13,P-SPIDER-PARAM,1,0,0,295,1,860,13,1,1,0,0.99,4
task_0177,family_33,template_33,0.0,13,B-COLD,1,0,0,6555,27,16350,0,0,1,0,0.5,2
task_0177,family_33,template_33,0.0,13,B-INSTRUCTION,1,0,0,6260,25,15520,1,0,1,0,0.5,2
task_0177,family_33,template_33,0.0,13,B-RAG-EMBED,1,0,0,592,3,1454,13,1,1,0,0.5,2
task_0177,family_33,template_33,0.0,13,B-STAGEHAND-CACHE,1,0,0,396,1,912,13,1,1,0,0.5,2
task_0177,family_33,template_33,0.0,13,B-TERX-REPLAY,1,0,0,397,1,914,13,1,1,0,0.5,2
task_0177,family_33,template_33,0.0,13,NC1-SHUFFLED,1,0,0,5293,11,11786,0,0,1,0,0.5,2
task_0177,family_33,template_33,0.0,13,NC2-RANDOM,1,0,0,6573,27,16266,0,0,1,0,0.45,2
task_0177,family_33,template_33,0.0,13,B-LENGTH-PROPORTIONAL,1,0,0,6547,27,16214,0,0,1,0,0.5,2
task_0178,family_33,template_33,0.25,13,P-SPIDER-PARAM,1,0,0,1093,5,2456,10,1,1,0,0.96578,4
task_0178,family_33,template_33,0.25,13,B-COLD,1,0,0,6551,27,16342,0,0,1,0,0.5,2
task_0178,family_33,template_33,0.25,13,B-INSTRUCTION,1,0,0,6250,25,15500,1,0,1,0,0.5,2
task_0178,family_33,template_33,0.25,13,B-RAG-EMBED,1,0,0,1850,7,3970,10,1,1,0,0.5,2
task_0178,family_33,template_33,0.25,13,B-STAGEHAND-CACHE,1,0,0,6561,27,16242,0,0,1,0,0.5,2
task_0178,family_33,template_33,0.25,13,B-TERX-REPLAY,1,0,0,6539,27,16198,0,0,1,0,0.5,2
task_0178,family_33,template_33,0.25,13,NC1-SHUFFLED,0,1,0,5384,11,11968,0,0,0,0,0.5,2
task_0178,family_33,template_33,0.25,13,NC2-RANDOM,0,1,0,6572,27,16264,0,0,0,0,0.45,2
task_0178,family_33,template_33,0.25,13,B-LENGTH-PROPORTIONAL,1,0,0,6548,27,16216,0,0,1,0,0.5,2
task_0179,family_33,template_33,0.75,13,P-SPIDER-PARAM,1,0,1,2683,9,5636,0,0,0,0,0.90718,4
task_0179,family_33,template_33,0.75,13,B-COLD,1,0,0,6554,27,16348,0,0,1,0,0.5,2
task_0179,family_33,template_33,0.75,13,B-INSTRUCTION,1,0,0,6240,25,15480,1,0,1,0,0.5,2
task_0179,family_33,template_33,0.75,13,B-RAG-EMBED,1,0,0,6746,27,13762,0,0,1,0,0.5,2
task_0179,family_33,template_33,0.75,13,B-STAGEHAND-CACHE,1,0,0,6567,27,16254,0,0,1,0,0.5,2
task_0179,family_33,template_33,0.75,13,B-TERX-REPLAY,1,0,0,6565,27,16250,0,0,1,0,0.5,2
task_0179,family_33,template_33,0.75,13,NC1-SHUFFLED,1,0,0,4938,11,11076,0,0,1,0,0.5,2
task_0179,family_33,template_33,0.75,13,NC2-RANDOM,0,1,0,6560,27,16240,0,0,0,0,0.45,2
task_0179,family_33,template_33,0.75,13,B-LENGTH-PROPORTIONAL,1,0,0,6544,27,16208,0,0,1,0,0.5,2
task_0180,family_33,template_33,1.0,13,P-SPIDER-PARAM,1,0,0,3407,17,7084,0,1,1,0,0.80774,4
task_0180,family_33,template_33,1.0,13,B-COLD,1,0,0,6543,27,16326,0,0,1,0,0.5,2
task_0180,family_33,template_33,1.0,13,B-INSTRUCTION,1,0,0,6259,25,15518,1,0,1,0,0.5,2
task_0180,family_33,template_33,1.0,13,B-RAG-EMBED,1,0,0,6734,27,13738,0,0,1,0,0.5,2
task_0180,family_33,template_33,1.0,13,B-STAGEHAND-CACHE,1,0,0,6533,27,16186,0,0,1,0,0.5,2
task_0180,family_33,template_33,1.0,13,B-TERX-REPLAY,1,0,0,6541,27,16202,0,0,1,0,0.5,2
task_0180,family_33,template_33,1.0,13,NC1-SHUFFLED,0,0,0,4525,11,10250,0,0,0,0,0.5,2
task_0180,family_33,template_33,1.0,13,NC2-RANDOM,0,1,0,6536,27,16192,0,0,0,0,0.45,2
task_0180,family_33,template_33,1.0,13,B-LENGTH-PROPORTIONAL,1,0,0,6560,27,16240,0,0,1,0,0.5,2
task_0181,family_33,template_33,0.5,13,P-SPIDER-PARAM,1,0,0,1828,9,3926,7,1,1,0,0.9007799999999999,4
task_0181,family_33,template_33,0.5,13,B-COLD,1,0,0,6567,27,16374,0,0,1,0,0.5,2
task_0181,family_33,template_33,0.5,13,B-INSTRUCTION,1,0,0,6249,25,15498,1,0,1,0,0.5,2
task_0181,family_33,template_33,0.5,13,B-RAG-EMBED,1,0,0,3350,13,6970,7,1,1,0,0.5,2
task_0181,family_33,template_33,0.5,13,B-STAGEHAND-CACHE,1,0,0,6564,27,16248,0,0,1,0,0.5,2
task_0181,family_33,template_33,0.5,13,B-TERX-REPLAY,1,0,0,6558,27,16236,0,0,1,0,0.5,2
task_0181,family_33,template_33,0.5,13,NC1-SHUFFLED,0,1,0,4877,11,10954,0,0,0,0,0.5,2
task_0181,family_33,template_33,0.5,13,NC2-RANDOM,1,0,0,6541,27,16202,0,0,1,0,0.45,2
task_0181,family_33,template_33,0.5,13,B-LENGTH-PROPORTIONAL,1,0,0,6550,27,16220,0,0,1,0,0.5,2
task_0182,family_34,template_34,1.0,14,P-SPIDER-PARAM,1,0,0,3395,17,7060,0,1,1,0,0.80872,4
task_0182,family_34,template_34,1.0,14,B-COLD,1,0,0,7040,29,17560,0,0,1,0,0.5,2
task_0182,family_34,template_34,1.0,14,B-INSTRUCTION,1,0,0,6761,27,16762,1,0,1,0,0.5,2
task_0182,family_34,template_34,1.0,14,B-RAG-EMBED,1,0,0,7257,29,14784,0,0,1,0,0.5,2
task_0182,family_34,template_34,1.0,14,B-STAGEHAND-CACHE,1,0,0,7064,29,17488,0,0,1,0,0.5,2
task_0182,family_34,template_34,1.0,14,B-TERX-REPLAY,1,0,0,7051,29,17462,0,0,1,0,0.5,2
task_0182,family_34,template_34,1.0,14,NC1-SHUFFLED,1,0,0,5649,11,12498,0,0,1,0,0.5,2
task_0182,family_34,template_34,1.0,14,NC2-RANDOM,0,1,0,7058,29,17476,0,0,0,0,0.45,2
task_0182,family_34,template_34,1.0,14,B-LENGTH-PROPORTIONAL,1,0,0,7050,29,17460,0,0,1,0,0.5,2
task_0183,family_34,template_34,0.0,14,P-SPIDER-PARAM,0,1,0,734,3,1738,14,0,0,1,0.99,4
task_0183,family_34,template_34,0.0,14,B-COLD,1,0,0,7050,29,17580,0,0,1,0,0.5,2
task_0183,family_34,template_34,0.0,14,B-INSTRUCTION,1,0,0,6752,27,16744,1,0,1,0,0.5,2
task_0183,family_34,template_34,0.0,14,B-RAG-EMBED,1,0,0,584,3,1438,14,1,1,0,0.5,2
task_0183,family_34,template_34,0.0,14,B-STAGEHAND-CACHE,1,0,0,395,1,910,14,1,1,0,0.5,2
task_0183,family_34,template_34,0.0,14,B-TERX-REPLAY,1,0,0,402,1,924,14,1,1,0,0.5,2
task_0183,family_34,template_34,0.0,14,NC1-SHUFFLED,1,0,0,4747,11,10694,0,0,1,0,0.5,2
task_0183,family_34,template_34,0.0,14,NC2-RANDOM,1,0,0,7050,29,17460,0,0,1,0,0.45,2
task_0183,family_34,template_34,0.0,14,B-LENGTH-PROPORTIONAL,1,0,0,7038,29,17436,0,0,1,0,0.5,2
task_0184,family_34,template_34,0.25,14,P-SPIDER-PARAM,1,0,0,1036,5,2342,10,1,1,0,0.96998,4
task_0184,family_34,template_34,0.25,14,B-COLD,1,0,0,7049,29,17578,0,0,1,0,0.5,2
task_0184,family_34,template_34,0.25,14,B-INSTRUCTION,1,0,0,6753,27,16746,1,0,1,0,0.5,2
task_0184,family_34,template_34,0.25,14,B-RAG-EMBED,1,0,0,7266,29,14802,0,0,1,0,0.5,2
task_0184,family_34,template_34,0.25,14,B-STAGEHAND-CACHE,1,0,0,7043,29,17446,0,0,1,0,0.5,2
task_0184,family_34,template_34,0.25,14,B-TERX-REPLAY,1,0,0,7059,29,17478,0,0,1,0,0.5,2
task_0184,family_34,template_34,0.25,14,NC1-SHUFFLED,0,0,0,5280,11,11760,0,0,0,0,0.5,2
task_0184,family_34,template_34,0.25,14,NC2-RANDOM,0,1,0,7050,29,17460,0,0,0,0,0.45,2
task_0184,family_34,template_34,0.25,14,B-LENGTH-PROPORTIONAL,1,0,0,7061,29,17482,0,0,1,0,0.5,2
task_0185,family_34,template_34,0.75,14,P-SPIDER-PARAM,1,0,1,2663,9,5596,0,0,0,0,0.86266,4
task_0185,family_34,template_34,0.75,14,B-COLD,1,0,0,7063,29,17606,0,0,1,0,0.5,2
task_0185,family_34,template_34,0.75,14,B-INSTRUCTION,1,0,0,6742,27,16724,1,0,1,0,0.5,2
task_0185,family_34,template_34,0.75,14,B-RAG-EMBED,1,0,0,7237,29,14744,0,0,1,0,0.5,2
task_0185,family_34,template_34,0.75,14,B-STAGEHAND-CACHE,1,0,0,7058,29,17476,0,0,1,0,0.5,2
task_0185,family_34,template_34,0.75,14,B-TERX-REPLAY,1,0,0,7058,29,17476,0,0,1,0,0.5,2
task_0185,family_34,template_34,0.75,14,NC1-SHUFFLED,1,0,0,4802,11,10804,0,0,1,0,0.5,2
task_0185,family_34,template_34,0.75,14,NC2-RANDOM,0,1,0,7065,29,17490,0,0,0,0,0.45,2
task_0185,family_34,template_34,0.75,14,B-LENGTH-PROPORTIONAL,1,0,0,7055,29,17470,0,0,1,0,0.5,2
task_0186,family_34,template_34,0.5,14,P-SPIDER-PARAM,1,0,0,1876,9,4022,7,1,1,0,0.8246199999999999,4
task_0186,family_34,template_34,0.5,14,B-COLD,1,0,0,7064,29,17608,0,0,1,0,0.5,2
task_0186,family_34,template_34,0.5,14,B-INSTRUCTION,1,0,0,6760,27,16760,1,0,1,0,0.5,2
task_0186,family_34,template_34,0.5,14,B-RAG-EMBED,1,0,0,7253,29,14776,0,0,1,0,0.5,2
task_0186,family_34,template_34,0.5,14,B-STAGEHAND-CACHE,1,0,0,7050,29,17460,0,0,1,0,0.5,2
task_0186,family_34,template_34,0.5,14,B-TERX-REPLAY,1,0,0,7059,29,17478,0,0,1,0,0.5,2
task_0186,family_34,template_34,0.5,14,NC1-SHUFFLED,0,1,0,4993,11,11186,0,0,0,0,0.5,2
task_0186,family_34,template_34,0.5,14,NC2-RANDOM,1,0,0,7074,29,17508,0,0,1,0,0.45,2
task_0186,family_34,template_34,0.5,14,B-LENGTH-PROPORTIONAL,1,0,0,7055,29,17470,0,0,1,0,0.5,2
task_0187,family_35,template_35,0.25,8,P-SPIDER-PARAM,1,0,0,1088,3,2446,6,1,1,0,0.91692,4
task_0187,family_35,template_35,0.25,8,B-COLD,1,0,0,4048,17,10136,0,0,1,0,0.5,2
task_0187,family_35,template_35,0.25,8,B-INSTRUCTION,1,0,0,3769,15,9338,1,0,1,0,0.5,2
task_0187,family_35,template_35,0.25,8,B-RAG-EMBED,1,0,0,1350,5,2970,6,1,1,0,0.5,2
task_0187,family_35,template_35,0.25,8,B-STAGEHAND-CACHE,1,0,0,4048,17,10016,0,0,1,0,0.5,2
task_0187,family_35,template_35,0.25,8,B-TERX-REPLAY,1,0,0,4055,17,10030,0,0,1,0,0.5,2
task_0187,family_35,template_35,0.25,8,NC1-SHUFFLED,0,1,0,5414,11,12028,0,0,0,0,0.5,2
task_0187,family_35,template_35,0.25,8,NC2-RANDOM,0,1,0,4038,17,9996,0,0,0,0,0.45,2
task_0187,family_35,template_35,0.25,8,B-LENGTH-PROPORTIONAL,1,0,0,4051,17,10022,0,0,1,0,0.5,2
task_0188,family_35,template_35,1.0,8,P-SPIDER-PARAM,1,0,1,3480,13,7230,0,0,0,0,0.8372799999999999,4
task_0188,family_35,template_35,1.0,8,B-COLD,1,0,0,4069,17,10178,0,0,1,0,0.5,2
task_0188,family_35,template_35,1.0,8,B-INSTRUCTION,1,0,0,3740,15,9280,1,0,1,0,0.5,2
task_0188,family_35,template_35,1.0,8,B-RAG-EMBED,1,0,0,4241,17,8752,0,0,1,0,0.5,2
task_0188,family_35,template_35,1.0,8,B-STAGEHAND-CACHE,1,0,0,4059,17,10038,0,0,1,0,0.5,2
task_0188,family_35,template_35,1.0,8,B-TERX-REPLAY,1,0,0,4045,17,10010,0,0,1,0,0.5,2
task_0188,family_35,template_35,1.0,8,NC1-SHUFFLED,0,1,0,5516,11,12232,0,0,0,0,0.5,2
task_0188,family_35,template_35,1.0,8,NC2-RANDOM,0,1,0,4031,17,9982,0,0,0,0,0.45,2
task_0188,family_35,template_35,1.0,8,B-LENGTH-PROPORTIONAL,1,0,0,4050,17,10020,0,0,1,0,0.5,2
task_0189,family_35,template_35,0.0,8,P-SPIDER-PARAM,0,1,0,213,3,696,8,0,0,1,0.91318,4
task_0189,family_35,template_35,0.0,8,B-COLD,1,0,0,4038,17,10116,0,0,1,0,0.5,2
task_0189,family_35,template_35,0.0,8,B-INSTRUCTION,1,0,0,3747,15,9294,1,0,1,0,0.5,2
task_0189,family_35,template_35,0.0,8,B-RAG-EMBED,1,0,0,607,3,1484,8,1,1,0,0.5,2
task_0189,family_35,template_35,0.0,8,B-STAGEHAND-CACHE,1,0,0,400,1,920,8,1,1,0,0.5,2
task_0189,family_35,template_35,0.0,8,B-TERX-REPLAY,1,0,0,406,1,932,8,1,1,0,0.5,2
task_0189,family_35,template_35,0.0,8,NC1-SHUFFLED,0,0,0,4718,11,10636,0,0,0,0,0.5,2
task_0189,family_35,template_35,0.0,8,NC2-RANDOM,0,1,0,4048,17,10016,0,0,0,0,0.45,2
task_0189,family_35,template_35,0.0,8,B-LENGTH-PROPORTIONAL,1,0,0,4037,17,9994,0,0,1,0,0.5,2
task_0190,family_35,template_35,0.75,8,P-SPIDER-PARAM,1,0,0,2624,9,5518,2,1,1,0,0.91376,4
task_0190,family_35,template_35,0.75,8,B-COLD,1,0,0,4056,17,10152,0,0,1,0,0.5,2
task_0190,family_35,template_35,0.75,8,B-INSTRUCTION,1,0,0,3750,15,9300,1,0,1,0,0.5,2
task_0190,family_35,template_35,0.75,8,B-RAG-EMBED,1,0,0,4242,17,8754,0,0,1,0,0.5,2
task_0190,family_35,template_35,0.75,8,B-STAGEHAND-CACHE,1,0,0,4061,17,10042,0,0,1,0,0.5,2
task_0190,family_35,template_35,0.75,8,B-TERX-REPLAY,1,0,0,4051,17,10022,0,0,1,0,0.5,2
task_0190,family_35,template_35,0.75,8,NC1-SHUFFLED,0,1,0,4808,11,10816,0,0,0,0,0.5,2
task_0190,family_35,template_35,0.75,8,NC2-RANDOM,0,1,0,4050,17,10020,0,0,0,0,0.45,2
task_0190,family_35,template_35,0.75,8,B-LENGTH-PROPORTIONAL,1,0,0,4043,17,10006,0,0,1,0,0.5,2
task_0191,family_35,template_35,0.5,8,P-SPIDER-PARAM,1,0,0,1881,5,4032,4,1,1,0,0.9525799999999999,4
task_0191,family_35,template_35,0.5,8,B-COLD,1,0,0,4036,17,10112,0,0,1,0,0.5,2
task_0191,family_35,template_35,0.5,8,B-INSTRUCTION,1,0,0,3769,15,9338,1,0,1,0,0.5,2
task_0191,family_35,template_35,0.5,8,B-RAG-EMBED,1,0,0,4231,17,8732,0,0,1,0,0.5,2
task_0191,family_35,template_35,0.5,8,B-STAGEHAND-CACHE,1,0,0,4068,17,10056,0,0,1,0,0.5,2
task_0191,family_35,template_35,0.5,8,B-TERX-REPLAY,1,0,0,4053,17,10026,0,0,1,0,0.5,2
task_0191,family_35,template_35,0.5,8,NC1-SHUFFLED,0,0,0,4894,11,10988,0,0,0,0,0.5,2
task_0191,family_35,template_35,0.5,8,NC2-RANDOM,1,0,0,4035,17,9990,0,0,1,0,0.45,2
task_0191,family_35,template_35,0.5,8,B-LENGTH-PROPORTIONAL,1,0,0,4053,17,10026,0,0,1,0,0.5,2
