task_id,family_id,template_id,novelty_fraction,realized_novelty,length,system,success,false_accept,unknown,precision,tokens,tokens_f10,per_hit,browser_calls,latency_ms,retrieval_ms,verification_ms,reused_steps,hit,verify_passed,repair_triggered,confidence,ECE_bin,wrong_bound,probeHit,etagMatched,ttlValid,auditorBlocked,curatedFlag,frontierHit,frontierCrossFamilyAdoption,retrieval_hit,retrieval_use_hit,frontier_use_hit,provenanceHash,qcr_jaccard,frontier_jaccard
task_0000,family_00,template_00,0.0,0.0,8,P-SPIDER-MEA,1,0,0,1,910,910,68.75,12,1350,150,120,8,1,1,0,0.99,4,0,0,0,0,0,1,1,0,1,1,1,21582d946d19f31a,0.6666666666666666,1.0
task_0000,family_00,template_00,0.0,0.0,8,B-COLD,1,0,0,1,4050,4050,506.25,17,8120,0,120,0,0,1,0,0.99,4,0,0,0,0,0,0,0,0,0,0,0,,0.6666666666666666,0.0
task_0000,family_00,template_00,0.0,0.0,8,B-RAG-EMBED,1,0,0,1,650,650,56.25,10,1230,150,120,8,1,1,0,0.99,4,0,0,0,0,0,0,0,0,1,1,0,,0.6666666666666666,0.0
task_0000,family_00,template_00,0.0,0.0,8,B-STAGEHAND-CACHE,1,0,0,1,450,450,56.25,9,1080,0,120,8,1,1,0,0.99,4,0,0,0,0,0,0,0,0,1,1,0,,0.6666666666666666,0.0
task_0000,family_00,template_00,0.0,0.0,8,B-TERX-REPLAY,1,0,0,1,450,450,56.25,9,1080,0,120,8,1,1,0,0.99,4,0,0,0,0,0,0,0,0,1,1,0,,0.6666666666666666,0.0
task_0000,family_00,template_00,0.0,0.0,8,NC1-SHUFFLED,0,0,1,1,4050,4050,500.0,17,8120,0,120,0,0,1,0,0.0389,0,0,0,0,0,1,0,0,0,0,0,0,,0.0,0.0
task_0000,family_00,template_00,0.0,0.0,8,NC2-RANDOM,1,0,0,1,4050,4050,500.0,17,8120,0,120,0,0,1,0,0.9726,4,0,0,0,0,0,0,0,0,0,0,0,,0.0,0.0
task_0000,family_00,template_00,0.0,0.0,8,NC3-LENGTH,1,0,0,1,4050,4050,500.0,17,8120,0,120,0,0,1,0,0.55,2,0,0,0,0,0,0,0,0,0,0,0,,0.0,0.0
task_0000,family_00,template_00,0.0,0.0,8,NC4-ABLATION,1,0,0,1,4450,4450,550.0,17,1080,0,120,8,1,1,0,0.99,4,0,0,0,0,0,0,0,0,0,0,0,,0.0,0.0
task_0001,family_00,template_00,0.25,0.5,8,P-SPIDER-MEA,1,0,0,1,870,870,63.75,12,1260,150,30,8,1,1,0,0.99,4,0,1,1,1,0,1,1,0,1,1,1,f5c06291b602be94,0.6222222222222222,1.0
task_0001,family_00,template_00,0.25,0.5,8,B-COLD,1,0,0,1,4050,4050,506.25,17,8120,0,120,0,0,1,0,0.99,4,0,0,0,0,0,0,0,0,0,0,0,,0.6222222222222222,0.0
task_0001,family_00,template_00,0.25,0.5,8,B-RAG-EMBED,1,0,0,1,2450,2450,281.25,14,4750,150,120,4,1,1,0,0.99,4,0,0,0,0,0,0,0,0,1,1,0,,0.6222222222222222,0.0
task_0001,family_00,template_00,0.25,0.5,8,B-STAGEHAND-CACHE,1,0,0,1,4050,4050,506.25,17,8120,0,120,0,0,1,0,0.99,4,0,0,0,0,0,0,0,0,1,0,0,,0.6222222222222222,0.0
task_0001,family_00,template_00,0.25,0.5,8,B-TERX-REPLAY,1,0,0,1,4050,4050,506.25,17,8120,0,120,0,0,1,0,0.99,4,0,0,0,0,0,0,0,0,1,0,0,,0.6222222222222222,0.0
task_0001,family_00,template_00,0.25,0.5,8,NC1-SHUFFLED,0,0,1,1,4050,4050,500.0,17,8120,0,120,0,0,1,0,0.01,0,0,0,0,0,1,0,0,0,0,0,0,,0.0,0.0
task_0001,family_00,template_00,0.25,0.5,8,NC2-RANDOM,1,0,0,1,4050,4050,500.0,17,8120,0,120,0,0,1,0,0.99,4,0,0,0,0,0,0,0,0,0,0,0,,0.0,0.0
task_0001,family_00,template_00,0.25,0.5,8,NC3-LENGTH,1,0,0,1,4050,4050,500.0,17,8120,0,120,0,0,1,0,0.55,2,0,0,0,0,0,0,0,0,0,0,0,,0.0,0.0
task_0001,family_00,template_00,0.25,0.5,8,NC4-ABLATION,0,1,0,0,4450,4450,550.0,17,1080,0,120,8,1,0,0,0.01,0,1,0,0,0,0,0,0,0,0,0,0,,0.0,0.0
task_0002,family_00,template_00,0.5,0.5,8,P-SPIDER-MEA,1,0,0,1,870,870,63.75,12,1260,150,30,8,1,1,0,0.99,4,0,1,1,1,0,1,1,0,1,1,1,ebfe3cb7e75b8be7,0.6,1.0
task_0002,family_00,template_00,0.5,0.5,8,B-COLD,1,0,0,1,4050,4050,506.25,17,8120,0,120,0,0,1,0,0.99,4,0,0,0,0,0,0,0,0,0,0,0,,0.6,0.0
task_0002,family_00,template_00,0.5,0.5,8,B-RAG-EMBED,1,0,0,1,2450,2450,281.25,14,4750,150,120,4,1,1,0,0.99,4,0,0,0,0,0,0,0,0,1,1,0,,0.6,0.0
task_0002,family_00,template_00,0.5,0.5,8,B-STAGEHAND-CACHE,1,0,0,1,4050,4050,506.25,17,8120,0,120,0,0,1,0,0.99,4,0,0,0,0,0,0,0,0,1,0,0,,0.6,0.0
task_0002,family_00,template_00,0.5,0.5,8,B-TERX-REPLAY,1,0,0,1,4050,4050,506.25,17,8120,0,120,0,0,1,0,0.99,4,0,0,0,0,0,0,0,0,1,0,0,,0.6,0.0
task_0002,family_00,template_00,0.5,0.5,8,NC1-SHUFFLED,0,0,1,1,4050,4050,500.0,17,8120,0,120,0,0,1,0,0.01,0,0,0,0,0,1,0,0,0,0,0,0,,0.0,0.0
task_0002,family_00,template_00,0.5,0.5,8,NC2-RANDOM,1,0,0,1,4050,4050,500.0,17,8120,0,120,0,0,1,0,0.99,4,0,0,0,0,0,0,0,0,0,0,0,,0.0,0.0
task_0002,family_00,template_00,0.5,0.5,8,NC3-LENGTH,1,0,0,1,4050,4050,500.0,17,8120,0,120,0,0,1,0,0.55,2,0,0,0,0,0,0,0,0,0,0,0,,0.0,0.0
task_0002,family_00,template_00,0.5,0.5,8,NC4-ABLATION,1,0,0,1,4450,4450,550.0,17,1080,0,120,8,1,1,0,0.9535,4,0,0,0,0,0,0,0,0,0,0,0,,0.0,0.0
task_0003,family_00,template_00,0.75,1.0,8,P-SPIDER-MEA,1,0,0,1,870,870,63.75,12,1260,150,30,8,1,1,0,0.99,4,0,1,1,1,0,1,1,0,1,1,1,04be958d00f828ff,0.5555555555555556,0.8666666666666667
task_0003,family_00,template_00,0.75,1.0,8,B-COLD,1,0,0,1,4050,4050,506.25,17,8120,0,120,0,0,1,0,0.9681,4,0,0,0,0,0,0,0,0,0,0,0,,0.5555555555555556,0.0
task_0003,family_00,template_00,0.75,1.0,8,B-RAG-EMBED,1,0,0,1,4250,4250,506.25,18,8270,150,120,0,0,1,0,0.9681,4,0,0,0,0,0,0,0,0,1,0,0,,0.5555555555555556,0.0
task_0003,family_00,template_00,0.75,1.0,8,B-STAGEHAND-CACHE,1,0,0,1,4050,4050,506.25,17,8120,0,120,0,0,1,0,0.9681,4,0,0,0,0,0,0,0,0,1,0,0,,0.5555555555555556,0.0
task_0003,family_00,template_00,0.75,1.0,8,B-TERX-REPLAY,1,0,0,1,4050,4050,506.25,17,8120,0,120,0,0,1,0,0.9681,4,0,0,0,0,0,0,0,0,1,0,0,,0.5555555555555556,0.0
task_0003,family_00,template_00,0.75,1.0,8,NC1-SHUFFLED,1,0,0,1,4050,4050,500.0,17,8120,0,120,0,0,1,0,0.9851,4,0,0,0,0,0,0,0,0,0,0,0,,0.0,0.0
task_0003,family_00,template_00,0.75,1.0,8,NC2-RANDOM,1,0,0,1,4050,4050,500.0,17,8120,0,120,0,0,1,0,0.99,4,0,0,0,0,0,0,0,0,0,0,0,,0.0,0.0
task_0003,family_00,template_00,0.75,1.0,8,NC3-LENGTH,1,0,0,1,4050,4050,500.0,17,8120,0,120,0,0,1,0,0.55,2,0,0,0,0,0,0,0,0,0,0,0,,0.0,0.0
task_0003,family_00,template_00,0.75,1.0,8,NC4-ABLATION,0,1,0,0,4450,4450,550.0,17,1080,0,120,8,1,0,0,0.01,0,1,0,0,0,0,0,0,0,0,0,0,,0.0,0.0
task_0004,family_00,template_00,1.0,1.0,8,P-SPIDER-MEA,1,0,0,1,910,910,68.75,12,1350,150,120,8,1,1,0,0.99,4,0,0,0,0,0,1,1,0,1,1,1,eb84134ca2fa2edf,0.5333333333333333,0.8
task_0004,family_00,template_00,1.0,1.0,8,B-COLD,1,0,0,1,4050,4050,506.25,17,8120,0,120,0,0,1,0,0.99,4,0,0,0,0,0,0,0,0,0,0,0,,0.5333333333333333,0.0
task_0004,family_00,template_00,1.0,1.0,8,B-RAG-EMBED,1,0,0,1,4250,4250,506.25,18,8270,150,120,0,0,1,0,0.99,4,0,0,0,0,0,0,0,0,1,0,0,,0.5333333333333333,0.0
task_0004,family_00,template_00,1.0,1.0,8,B-STAGEHAND-CACHE,1,0,0,1,4050,4050,506.25,17,8120,0,120,0,0,1,0,0.99,4,0,0,0,0,0,0,0,0,1,0,0,,0.5333333333333333,0.0
task_0004,family_00,template_00,1.0,1.0,8,B-TERX-REPLAY,1,0,0,1,4050,4050,506.25,17,8120,0,120,0,0,1,0,0.99,4,0,0,0,0,0,0,0,0,1,0,0,,0.5333333333333333,0.0
task_0004,family_00,template_00,1.0,1.0,8,NC1-SHUFFLED,0,0,1,1,4050,4050,500.0,17,8120,0,120,0,0,1,0,0.0422,0,0,0,0,0,1,0,0,0,0,0,0,,0.0,0.0
task_0004,family_00,template_00,1.0,1.0,8,NC2-RANDOM,1,0,0,1,4050,4050,500.0,17,8120,0,120,0,0,1,0,0.9533,4,0,0,0,0,0,0,0,0,0,0,0,,0.0,0.0
task_0004,family_00,template_00,1.0,1.0,8,NC3-LENGTH,1,0,0,1,4050,4050,500.0,17,8120,0,120,0,0,1,0,0.55,2,0,0,0,0,0,0,0,0,0,0,0,,0.0,0.0
task_0004,family_00,template_00,1.0,1.0,8,NC4-ABLATION,1,0,0,1,4450,4450,550.0,17,1080,0,120,8,1,1,0,0.9834,4,0,0,0,0,0,0,0,0,0,0,0,,0.0,0.0
task_0005,family_00,template_00,0.25,0.5,8,P-SPIDER-MEA,1,0,1,1,870,870,63.75,12,1260,150,30,8,0,0,0,0.044,0,1,1,1,1,1,1,1,0,1,0,0,7a324e69a461aba7,0.562962962962963,0.8888888888888888
task_0005,family_00,template_00,0.25,0.5,8,B-COLD,1,0,0,1,4050,4050,506.25,17,8120,0,120,0,0,1,0,0.9801,4,0,0,0,0,0,0,0,0,0,0,0,,0.562962962962963,0.0
task_0005,family_00,template_00,0.25,0.5,8,B-RAG-EMBED,1,0,0,1,2450,2450,281.25,14,4750,150,120,4,1,1,0,0.9801,4,0,0,0,0,0,0,0,0,1,1,0,,0.562962962962963,0.0
task_0005,family_00,template_00,0.25,0.5,8,B-STAGEHAND-CACHE,1,0,0,1,4050,4050,506.25,17,8120,0,120,0,0,1,0,0.9801,4,0,0,0,0,0,0,0,0,1,0,0,,0.562962962962963,0.0
task_0005,family_00,template_00,0.25,0.5,8,B-TERX-REPLAY,1,0,0,1,4050,4050,506.25,17,8120,0,120,0,0,1,0,0.9801,4,0,0,0,0,0,0,0,0,1,0,0,,0.562962962962963,0.0
task_0005,family_00,template_00,0.25,0.5,8,NC1-SHUFFLED,1,0,0,1,4050,4050,500.0,17,8120,0,120,0,0,1,0,0.9792,4,0,0,0,0,0,0,0,0,0,0,0,,0.0,0.0
task_0005,family_00,template_00,0.25,0.5,8,NC2-RANDOM,1,0,0,1,4050,4050,500.0,17,8120,0,120,0,0,1,0,0.9801,4,0,0,0,0,0,0,0,0,0,0,0,,0.0,0.0
task_0005,family_00,template_00,0.25,0.5,8,NC3-LENGTH,1,0,0,1,4050,4050,500.0,17,8120,0,120,0,0,1,0,0.55,2,0,0,0,0,0,0,0,0,0,0,0,,0.0,0.0
task_0005,family_00,template_00,0.25,0.5,8,NC4-ABLATION,1,0,0,1,4450,4450,550.0,17,1080,0,120,8,1,1,0,0.99,4,0,0,0,0,0,0,0,0,0,0,0,,0.0,0.0
task_0006,family_01,template_01,0.0,0.0,9,P-SPIDER-MEA,1,0,0,1,920,920,62.22222222222222,13,1380,150,30,9,1,1,0,0.99,4,0,1,1,1,0,1,1,0,1,1,1,e2fa428e2b25459c,0.6666666666666666,1.0
task_0006,family_01,template_01,0.0,0.0,9,B-COLD,1,0,0,1,4550,4550,505.55555555555554,19,9120,0,120,0,0,1,0,0.9861,4,0,0,0,0,0,0,0,0,0,0,0,,0.6666666666666666,0.0
task_0006,family_01,template_01,0.0,0.0,9,B-RAG-EMBED,1,0,0,1,700,700,55.55555555555556,11,1350,150,120,9,1,1,0,0.9861,4,0,0,0,0,0,0,0,0,1,1,0,,0.6666666666666666,0.0
task_0006,family_01,template_01,0.0,0.0,9,B-STAGEHAND-CACHE,1,0,0,1,500,500,55.55555555555556,10,1200,0,120,9,1,1,0,0.9861,4,0,0,0,0,0,0,0,0,1,1,0,,0.6666666666666666,0.0
task_0006,family_01,template_01,0.0,0.0,9,B-TERX-REPLAY,1,0,0,1,500,500,55.55555555555556,10,1200,0,120,9,1,1,0,0.9861,4,0,0,0,0,0,0,0,0,1,1,0,,0.6666666666666666,0.0
task_0006,family_01,template_01,0.0,0.0,9,NC1-SHUFFLED,0,0,1,1,4550,4550,500.0,19,9120,0,120,0,0,1,0,0.0376,0,0,0,0,0,1,0,0,0,0,0,0,,0.0,0.0
task_0006,family_01,template_01,0.0,0.0,9,NC2-RANDOM,1,0,0,1,4550,4550,500.0,19,9120,0,120,0,0,1,0,0.99,4,0,0,0,0,0,0,0,0,0,0,0,,0.0,0.0
task_0006,family_01,template_01,0.0,0.0,9,NC3-LENGTH,1,0,0,1,4550,4550,500.0,19,9120,0,120,0,0,1,0,0.55,2,0,0,0,0,0,0,0,0,0,0,0,,0.0,0.0
task_0006,family_01,template_01,0.0,0.0,9,NC4-ABLATION,1,0,0,1,5000,5000,550.0,19,1200,0,120,9,1,1,0,0.99,4,0,0,0,0,0,0,0,0,0,0,0,,0.0,0.0
task_0007,family_01,template_01,0.5,0.5,9,P-SPIDER-MEA,1,0,0,1,960,960,66.66666666666667,13,1470,150,120,9,1,1,0,0.99,4,0,0,0,0,0,1,1,0,1,1,1,aaa8877eaf5a565d,0.6,1.0
task_0007,family_01,template_01,0.5,0.5,9,B-COLD,1,0,0,1,4550,4550,505.55555555555554,19,9120,0,120,0,0,1,0,0.99,4,0,0,0,0,0,0,0,0,0,0,0,,0.6,0.0
task_0007,family_01,template_01,0.5,0.5,9,B-RAG-EMBED,1,0,0,1,2500,2500,255.55555555555554,15,4870,150,120,5,1,1,0,0.99,4,0,0,0,0,0,0,0,0,1,1,0,,0.6,0.0
task_0007,family_01,template_01,0.5,0.5,9,B-STAGEHAND-CACHE,1,0,0,1,4550,4550,505.55555555555554,19,9120,0,120,0,0,1,0,0.99,4,0,0,0,0,0,0,0,0,1,0,0,,0.6,0.0
task_0007,family_01,template_01,0.5,0.5,9,B-TERX-REPLAY,1,0,0,1,4550,4550,505.55555555555554,19,9120,0,120,0,0,1,0,0.99,4,0,0,0,0,0,0,0,0,1,0,0,,0.6,0.0
task_0007,family_01,template_01,0.5,0.5,9,NC1-SHUFFLED,0,0,1,1,4550,4550,500.0,19,9120,0,120,0,0,1,0,0.01,0,0,0,0,0,1,0,0,0,0,0,0,,0.0,0.0
task_0007,family_01,template_01,0.5,0.5,9,NC2-RANDOM,1,0,0,1,4550,4550,500.0,19,9120,0,120,0,0,1,0,0.99,4,0,0,0,0,0,0,0,0,0,0,0,,0.0,0.0
task_0007,family_01,template_01,0.5,0.5,9,NC3-LENGTH,1,0,0,1,4550,4550,500.0,19,9120,0,120,0,0,1,0,0.55,2,0,0,0,0,0,0,0,0,0,0,0,,0.0,0.0
task_0007,family_01,template_01,0.5,0.5,9,NC4-ABLATION,0,1,0,0,5000,5000,550.0,19,1200,0,120,9,1,0,0,0.01,0,1,0,0,0,0,0,0,0,0,0,0,,0.0,0.0
task_0008,family_01,template_01,0.75,1.0,9,P-SPIDER-MEA,1,0,0,1,960,960,66.66666666666667,13,1470,150,120,9,1,1,0,0.9567,4,0,0,0,1,0,1,1,0,1,1,1,b230a02eb0293147,0.5523809523809524,0.8571428571428571
task_0008,family_01,template_01,0.75,1.0,9,B-COLD,1,0,0,1,4550,4550,505.55555555555554,19,9120,0,120,0,0,1,0,0.99,4,0,0,0,0,0,0,0,0,0,0,0,,0.5523809523809524,0.0
task_0008,family_01,template_01,0.75,1.0,9,B-RAG-EMBED,1,0,0,1,4750,4750,505.55555555555554,20,9270,150,120,0,0,1,0,0.99,4,0,0,0,0,0,0,0,0,1,0,0,,0.5523809523809524,0.0
task_0008,family_01,template_01,0.75,1.0,9,B-STAGEHAND-CACHE,1,0,0,1,4550,4550,505.55555555555554,19,9120,0,120,0,0,1,0,0.99,4,0,0,0,0,0,0,0,0,1,0,0,,0.5523809523809524,0.0
task_0008,family_01,template_01,0.75,1.0,9,B-TERX-REPLAY,1,0,0,1,4550,4550,505.55555555555554,19,9120,0,120,0,0,1,0,0.99,4,0,0,0,0,0,0,0,0,1,0,0,,0.5523809523809524,0.0
task_0008,family_01,template_01,0.75,1.0,9,NC1-SHUFFLED,0,0,1,1,4550,4550,500.0,19,9120,0,120,0,0,1,0,0.0475,0,0,0,0,0,1,0,0,0,0,0,0,,0.0,0.0
task_0008,family_01,template_01,0.75,1.0,9,NC2-RANDOM,1,0,0,1,4550,4550,500.0,19,9120,0,120,0,0,1,0,0.99,4,0,0,0,0,0,0,0,0,0,0,0,,0.0,0.0
task_0008,family_01,template_01,0.75,1.0,9,NC3-LENGTH,1,0,0,1,4550,4550,500.0,19,9120,0,120,0,0,1,0,0.55,2,0,0,0,0,0,0,0,0,0,0,0,,0.0,0.0
task_0008,family_01,template_01,0.75,1.0,9,NC4-ABLATION,1,0,0,1,5000,5000,550.0,19,1200,0,120,9,1,1,0,0.99,4,0,0,0,0,0,0,0,0,0,0,0,,0.0,0.0
task_0009,family_01,template_01,1.0,1.0,9,P-SPIDER-MEA,1,0,1,1,960,960,66.66666666666667,13,1470,150,120,9,0,0,0,0.0117,0,1,0,0,0,1,1,1,0,1,0,0,cf9dfd6d95f5282c,0.5523809523809524,0.8571428571428571
task_0009,family_01,template_01,1.0,1.0,9,B-COLD,1,0,0,1,4550,4550,505.55555555555554,19,9120,0,120,0,0,1,0,0.99,4,0,0,0,0,0,0,0,0,0,0,0,,0.5523809523809524,0.0
task_0009,family_01,template_01,1.0,1.0,9,B-RAG-EMBED,1,0,0,1,4750,4750,505.55555555555554,20,9270,150,120,0,0,1,0,0.99,4,0,0,0,0,0,0,0,0,1,0,0,,0.5523809523809524,0.0
task_0009,family_01,template_01,1.0,1.0,9,B-STAGEHAND-CACHE,1,0,0,1,4550,4550,505.55555555555554,19,9120,0,120,0,0,1,0,0.99,4,0,0,0,0,0,0,0,0,1,0,0,,0.5523809523809524,0.0
task_0009,family_01,template_01,1.0,1.0,9,B-TERX-REPLAY,1,0,0,1,4550,4550,505.55555555555554,19,9120,0,120,0,0,1,0,0.99,4,0,0,0,0,0,0,0,0,1,0,0,,0.5523809523809524,0.0
task_0009,family_01,template_01,1.0,1.0,9,NC1-SHUFFLED,0,0,1,1,4550,4550,500.0,19,9120,0,120,0,0,1,0,0.01,0,0,0,0,0,1,0,0,0,0,0,0,,0.0,0.0
task_0009,family_01,template_01,1.0,1.0,9,NC2-RANDOM,1,0,0,1,4550,4550,500.0,19,9120,0,120,0,0,1,0,0.9535,4,0,0,0,0,0,0,0,0,0,0,0,,0.0,0.0
task_0009,family_01,template_01,1.0,1.0,9,NC3-LENGTH,1,0,0,1,4550,4550,500.0,19,9120,0,120,0,0,1,0,0.55,2,0,0,0,0,0,0,0,0,0,0,0,,0.0,0.0
task_0009,family_01,template_01,1.0,1.0,9,NC4-ABLATION,1,0,0,1,5000,5000,550.0,19,1200,0,120,9,1,1,0,0.99,4,0,0,0,0,0,0,0,0,0,0,0,,0.0,0.0
task_0010,family_01,template_01,0.25,0.5,9,P-SPIDER-MEA,1,0,1,1,920,920,62.22222222222222,13,1380,150,30,9,0,0,0,0.0184,0,1,1,1,1,1,1,1,0,1,0,0,3d044d040a01e548,0.5952380952380952,1.0
task_0010,family_01,template_01,0.25,0.5,9,B-COLD,1,0,0,1,4550,4550,505.55555555555554,19,9120,0,120,0,0,1,0,0.9821,4,0,0,0,0,0,0,0,0,0,0,0,,0.5952380952380952,0.0
task_0010,family_01,template_01,0.25,0.5,9,B-RAG-EMBED,1,0,0,1,2500,2500,255.55555555555554,15,4870,150,120,5,1,1,0,0.9821,4,0,0,0,0,0,0,0,0,1,1,0,,0.5952380952380952,0.0
task_0010,family_01,template_01,0.25,0.5,9,B-STAGEHAND-CACHE,1,0,0,1,4550,4550,505.55555555555554,19,9120,0,120,0,0,1,0,0.9821,4,0,0,0,0,0,0,0,0,1,0,0,,0.5952380952380952,0.0
task_0010,family_01,template_01,0.25,0.5,9,B-TERX-REPLAY,1,0,0,1,4550,4550,505.55555555555554,19,9120,0,120,0,0,1,0,0.9821,4,0,0,0,0,0,0,0,0,1,0,0,,0.5952380952380952,0.0
task_0010,family_01,template_01,0.25,0.5,9,NC1-SHUFFLED,0,0,1,0,4550,4550,500.0,19,9120,0,120,0,0,0,0,0.01,0,1,0,0,0,1,0,0,0,0,0,0,,0.0,0.0
task_0010,family_01,template_01,0.25,0.5,9,NC2-RANDOM,0,1,0,0,4550,4550,500.0,19,9120,0,120,0,0,0,0,0.0485,0,1,0,0,0,0,0,0,0,0,0,0,,0.0,0.0
task_0010,family_01,template_01,0.25,0.5,9,NC3-LENGTH,1,0,0,1,4550,4550,500.0,19,9120,0,120,0,0,1,0,0.55,2,0,0,0,0,0,0,0,0,0,0,0,,0.0,0.0
task_0010,family_01,template_01,0.25,0.5,9,NC4-ABLATION,1,0,0,1,5000,5000,550.0,19,1200,0,120,9,1,1,0,0.99,4,0,0,0,0,0,0,0,0,0,0,0,,0.0,0.0
task_0011,family_01,template_01,0.5,0.5,9,P-SPIDER-MEA,1,0,1,1,960,960,66.66666666666667,13,1470,150,120,9,0,0,0,0.0213,0,1,0,0,0,1,1,1,0,1,0,0,0b4ee4f1529c875d,0.541025641025641,0.9230769230769231
task_0011,family_01,template_01,0.5,0.5,9,B-COLD,1,0,0,1,4550,4550,505.55555555555554,19,9120,0,120,0,0,1,0,0.99,4,0,0,0,0,0,0,0,0,0,0,0,,0.541025641025641,0.0
task_0011,family_01,template_01,0.5,0.5,9,B-RAG-EMBED,1,0,0,1,2500,2500,255.55555555555554,15,4870,150,120,5,1,1,0,0.99,4,0,0,0,0,0,0,0,0,1,1,0,,0.541025641025641,0.0
task_0011,family_01,template_01,0.5,0.5,9,B-STAGEHAND-CACHE,1,0,0,1,4550,4550,505.55555555555554,19,9120,0,120,0,0,1,0,0.99,4,0,0,0,0,0,0,0,0,1,0,0,,0.541025641025641,0.0
task_0011,family_01,template_01,0.5,0.5,9,B-TERX-REPLAY,1,0,0,1,4550,4550,505.55555555555554,19,9120,0,120,0,0,1,0,0.99,4,0,0,0,0,0,0,0,0,1,0,0,,0.541025641025641,0.0
task_0011,family_01,template_01,0.5,0.5,9,NC1-SHUFFLED,0,0,1,1,4550,4550,500.0,19,9120,0,120,0,0,1,0,0.01,0,0,0,0,0,1,0,0,0,0,0,0,,0.0,0.0
task_0011,family_01,template_01,0.5,0.5,9,NC2-RANDOM,1,0,0,1,4550,4550,500.0,19,9120,0,120,0,0,1,0,0.99,4,0,0,0,0,0,0,0,0,0,0,0,,0.0,0.0
task_0011,family_01,template_01,0.5,0.5,9,NC3-LENGTH,1,0,0,1,4550,4550,500.0,19,9120,0,120,0,0,1,0,0.55,2,0,0,0,0,0,0,0,0,0,0,0,,0.0,0.0
task_0011,family_01,template_01,0.5,0.5,9,NC4-ABLATION,1,0,0,1,5000,5000,550.0,19,1200,0,120,9,1,1,0,0.99,4,0,0,0,0,0,0,0,0,0,0,0,,0.0,0.0
task_0012,family_02,template_02,0.0,0.0,10,P-SPIDER-MEA,1,0,0,1,970,970,61.0,14,1500,150,30,10,1,1,0,0.99,4,0,1,1,1,0,1,1,0,1,1,1,2322950b99b11622,0.75,1.0
task_0012,family_02,template_02,0.0,0.0,10,B-COLD,1,0,0,1,5050,5050,505.0,21,10120,0,120,0,0,1,0,0.99,4,0,0,0,0,0,0,0,0,0,0,0,,0.75,0.0
task_0012,family_02,template_02,0.0,0.0,10,B-RAG-EMBED,1,0,0,1,750,750,55.0,12,1470,150,120,10,1,1,0,0.99,4,0,0,0,0,0,0,0,0,1,1,0,,0.75,0.0
task_0012,family_02,template_02,0.0,0.0,10,B-STAGEHAND-CACHE,1,0,0,1,550,550,55.0,11,1320,0,120,10,1,1,0,0.99,4,0,0,0,0,0,0,0,0,1,1,0,,0.75,0.0
task_0012,family_02,template_02,0.0,0.0,10,B-TERX-REPLAY,1,0,0,1,550,550,55.0,11,1320,0,120,10,1,1,0,0.99,4,0,0,0,0,0,0,0,0,1,1,0,,0.75,0.0
task_0012,family_02,template_02,0.0,0.0,10,NC1-SHUFFLED,0,0,1,1,5050,5050,500.0,21,10120,0,120,0,0,1,0,0.045,0,0,0,0,0,1,0,0,0,0,0,0,,0.0,0.0
task_0012,family_02,template_02,0.0,0.0,10,NC2-RANDOM,1,0,0,1,5050,5050,500.0,21,10120,0,120,0,0,1,0,0.988,4,0,0,0,0,0,0,0,0,0,0,0,,0.0,0.0
task_0012,family_02,template_02,0.0,0.0,10,NC3-LENGTH,1,0,0,1,5050,5050,500.0,21,10120,0,120,0,0,1,0,0.55,2,0,0,0,0,0,0,0,0,0,0,0,,0.0,0.0
task_0012,family_02,template_02,0.0,0.0,10,NC4-ABLATION,0,1,0,0,5550,5550,550.0,21,1320,0,120,10,1,0,0,0.01,0,1,0,0,0,0,0,0,0,0,0,0,,0.0,0.0
task_0013,family_02,template_02,0.75,0.6667,10,P-SPIDER-MEA,1,0,0,1,1010,1010,65.0,14,1590,150,120,10,1,1,0,0.99,4,0,0,0,1,0,1,1,0,1,1,1,077540b6d24841e1,0.6666666666666667,1.0
task_0013,family_02,template_02,0.75,0.6667,10,B-COLD,1,0,0,1,5050,5050,505.0,21,10120,0,120,0,0,1,0,0.9551,4,0,0,0,0,0,0,0,0,0,0,0,,0.6666666666666667,0.0
task_0013,family_02,template_02,0.75,0.6667,10,B-RAG-EMBED,1,0,0,1,3900,3900,370.0,19,7630,150,120,3,1,1,0,0.9551,4,0,0,0,0,0,0,0,0,1,1,0,,0.6666666666666667,0.0
task_0013,family_02,template_02,0.75,0.6667,10,B-STAGEHAND-CACHE,1,0,0,1,5050,5050,505.0,21,10120,0,120,0,0,1,0,0.9551,4,0,0,0,0,0,0,0,0,1,0,0,,0.6666666666666667,0.0
task_0013,family_02,template_02,0.75,0.6667,10,B-TERX-REPLAY,1,0,0,1,5050,5050,505.0,21,10120,0,120,0,0,1,0,0.9551,4,0,0,0,0,0,0,0,0,1,0,0,,0.6666666666666667,0.0
task_0013,family_02,template_02,0.75,0.6667,10,NC1-SHUFFLED,0,0,1,1,5050,5050,500.0,21,10120,0,120,0,0,1,0,0.02,0,0,0,0,0,1,0,0,0,0,0,0,,0.0,0.0
task_0013,family_02,template_02,0.75,0.6667,10,NC2-RANDOM,1,0,0,1,5050,5050,500.0,21,10120,0,120,0,0,1,0,0.99,4,0,0,0,0,0,0,0,0,0,0,0,,0.0,0.0
task_0013,family_02,template_02,0.75,0.6667,10,NC3-LENGTH,1,0,0,1,5050,5050,500.0,21,10120,0,120,0,0,1,0,0.55,2,0,0,0,0,0,0,0,0,0,0,0,,0.0,0.0
task_0013,family_02,template_02,0.75,0.6667,10,NC4-ABLATION,1,0,0,1,5550,5550,550.0,21,1320,0,120,10,1,1,0,0.99,4,0,0,0,0,0,0,0,0,0,0,0,,0.0,0.0
task_0014,family_02,template_02,1.0,1.0,10,P-SPIDER-MEA,1,0,0,1,970,970,61.0,14,1500,150,30,10,1,1,0,0.99,4,0,1,1,1,0,1,1,0,1,1,1,f828e93fbaf086f2,0.6333333333333333,0.8666666666666667
task_0014,family_02,template_02,1.0,1.0,10,B-COLD,1,0,0,1,5050,5050,505.0,21,10120,0,120,0,0,1,0,0.9631,4,0,0,0,0,0,0,0,0,0,0,0,,0.6333333333333333,0.0
task_0014,family_02,template_02,1.0,1.0,10,B-RAG-EMBED,1,0,0,1,5250,5250,505.0,22,10270,150,120,0,0,1,0,0.9631,4,0,0,0,0,0,0,0,0,1,0,0,,0.6333333333333333,0.0
task_0014,family_02,template_02,1.0,1.0,10,B-STAGEHAND-CACHE,1,0,0,1,5050,5050,505.0,21,10120,0,120,0,0,1,0,0.9631,4,0,0,0,0,0,0,0,0,1,0,0,,0.6333333333333333,0.0
task_0014,family_02,template_02,1.0,1.0,10,B-TERX-REPLAY,1,0,0,1,5050,5050,505.0,21,10120,0,120,0,0,1,0,0.9631,4,0,0,0,0,0,0,0,0,1,0,0,,0.6333333333333333,0.0
task_0014,family_02,template_02,1.0,1.0,10,NC1-SHUFFLED,0,0,1,1,5050,5050,500.0,21,10120,0,120,0,0,1,0,0.01,0,0,0,0,0,1,0,0,0,0,0,0,,0.0,0.0
task_0014,family_02,template_02,1.0,1.0,10,NC2-RANDOM,1,0,0,1,5050,5050,500.0,21,10120,0,120,0,0,1,0,0.9712,4,0,0,0,0,0,0,0,0,0,0,0,,0.0,0.0
task_0014,family_02,template_02,1.0,1.0,10,NC3-LENGTH,1,0,0,1,5050,5050,500.0,21,10120,0,120,0,0,1,0,0.55,2,0,0,0,0,0,0,0,0,0,0,0,,0.0,0.0
task_0014,family_02,template_02,1.0,1.0,10,NC4-ABLATION,1,0,0,1,5550,5550,550.0,21,1320,0,120,10,1,1,0,0.9652,4,0,0,0,0,0,0,0,0,0,0,0,,0.0,0.0
task_0015,family_02,template_02,0.25,0.3333,10,P-SPIDER-MEA,1,0,0,1,1010,1010,65.0,14,1590,150,120,10,1,1,0,0.99,4,0,0,0,0,0,1,1,0,1,1,1,c556a556281ae292,0.7,1.0
task_0015,family_02,template_02,0.25,0.3333,10,B-COLD,1,0,0,1,5050,5050,505.0,21,10120,0,120,0,0,1,0,0.99,4,0,0,0,0,0,0,0,0,0,0,0,,0.7,0.0
task_0015,family_02,template_02,0.25,0.3333,10,B-RAG-EMBED,1,0,0,1,2100,2100,190.0,15,4110,150,120,7,1,1,0,0.99,4,0,0,0,0,0,0,0,0,1,1,0,,0.7,0.0
task_0015,family_02,template_02,0.25,0.3333,10,B-STAGEHAND-CACHE,1,0,0,1,5050,5050,505.0,21,10120,0,120,0,0,1,0,0.99,4,0,0,0,0,0,0,0,0,1,0,0,,0.7,0.0
task_0015,family_02,template_02,0.25,0.3333,10,B-TERX-REPLAY,1,0,0,1,5050,5050,505.0,21,10120,0,120,0,0,1,0,0.99,4,0,0,0,0,0,0,0,0,1,0,0,,0.7,0.0
task_0015,family_02,template_02,0.25,0.3333,10,NC1-SHUFFLED,0,0,1,1,5050,5050,500.0,21,10120,0,120,0,0,1,0,0.01,0,0,0,0,0,1,0,0,0,0,0,0,,0.0,0.0
task_0015,family_02,template_02,0.25,0.3333,10,NC2-RANDOM,1,0,0,1,5050,5050,500.0,21,10120,0,120,0,0,1,0,0.99,4,0,0,0,0,0,0,0,0,0,0,0,,0.0,0.0
task_0015,family_02,template_02,0.25,0.3333,10,NC3-LENGTH,1,0,0,1,5050,5050,500.0,21,10120,0,120,0,0,1,0,0.55,2,0,0,0,0,0,0,0,0,0,0,0,,0.0,0.0
task_0015,family_02,template_02,0.25,0.3333,10,NC4-ABLATION,1,0,0,1,5550,5550,550.0,21,1320,0,120,10,1,1,0,0.9507,4,0,0,0,0,0,0,0,0,0,0,0,,0.0,0.0
task_0016,family_02,template_02,0.5,0.6667,10,P-SPIDER-MEA,1,0,0,1,1010,1010,65.0,14,1590,150,120,10,1,1,0,0.99,4,0,0,0,0,0,1,1,0,1,1,1,2c2aa14fbec5b356,0.65,1.0
task_0016,family_02,template_02,0.5,0.6667,10,B-COLD,1,0,0,1,5050,5050,505.0,21,10120,0,120,0,0,1,0,0.99,4,0,0,0,0,0,0,0,0,0,0,0,,0.65,0.0
task_0016,family_02,template_02,0.5,0.6667,10,B-RAG-EMBED,1,0,0,1,3900,3900,370.0,19,7630,150,120,3,1,1,0,0.99,4,0,0,0,0,0,0,0,0,1,1,0,,0.65,0.0
task_0016,family_02,template_02,0.5,0.6667,10,B-STAGEHAND-CACHE,1,0,0,1,5050,5050,505.0,21,10120,0,120,0,0,1,0,0.99,4,0,0,0,0,0,0,0,0,1,0,0,,0.65,0.0
task_0016,family_02,template_02,0.5,0.6667,10,B-TERX-REPLAY,1,0,0,1,5050,5050,505.0,21,10120,0,120,0,0,1,0,0.99,4,0,0,0,0,0,0,0,0,1,0,0,,0.65,0.0
task_0016,family_02,template_02,0.5,0.6667,10,NC1-SHUFFLED,0,0,1,1,5050,5050,500.0,21,10120,0,120,0,0,1,0,0.01,0,0,0,0,0,1,0,0,0,0,0,0,,0.0,0.0
task_0016,family_02,template_02,0.5,0.6667,10,NC2-RANDOM,1,0,0,1,5050,5050,500.0,21,10120,0,120,0,0,1,0,0.99,4,0,0,0,0,0,0,0,0,0,0,0,,0.0,0.0
task_0016,family_02,template_02,0.5,0.6667,10,NC3-LENGTH,1,0,0,1,5050,5050,500.0,21,10120,0,120,0,0,1,0,0.55,2,0,0,0,0,0,0,0,0,0,0,0,,0.0,0.0
task_0016,family_02,template_02,0.5,0.6667,10,NC4-ABLATION,1,0,0,1,5550,5550,550.0,21,1320,0,120,10,1,1,0,0.9738,4,0,0,0,0,0,0,0,0,0,0,0,,0.0,0.0
task_0017,family_02,template_02,0.75,0.6667,10,P-SPIDER-MEA,1,0,0,1,1010,1010,65.0,14,1590,150,120,10,1,1,0,0.99,4,0,0,0,0,0,1,1,0,1,1,1,13e4001bf252249e,0.6222222222222222,0.8888888888888888
task_0017,family_02,template_02,0.75,0.6667,10,B-COLD,1,0,0,1,5050,5050,505.0,21,10120,0,120,0,0,1,0,0.99,4,0,0,0,0,0,0,0,0,0,0,0,,0.6222222222222222,0.0
task_0017,family_02,template_02,0.75,0.6667,10,B-RAG-EMBED,1,0,0,1,3900,3900,370.0,19,7630,150,120,3,1,1,0,0.99,4,0,0,0,0,0,0,0,0,1,1,0,,0.6222222222222222,0.0
task_0017,family_02,template_02,0.75,0.6667,10,B-STAGEHAND-CACHE,1,0,0,1,5050,5050,505.0,21,10120,0,120,0,0,1,0,0.99,4,0,0,0,0,0,0,0,0,1,0,0,,0.6222222222222222,0.0
task_0017,family_02,template_02,0.75,0.6667,10,B-TERX-REPLAY,1,0,0,1,5050,5050,505.0,21,10120,0,120,0,0,1,0,0.99,4,0,0,0,0,0,0,0,0,1,0,0,,0.6222222222222222,0.0
task_0017,family_02,template_02,0.75,0.6667,10,NC1-SHUFFLED,0,0,1,1,5050,5050,500.0,21,10120,0,120,0,0,1,0,0.0185,0,0,0,0,0,1,0,0,0,0,0,0,,0.0,0.0
task_0017,family_02,template_02,0.75,0.6667,10,NC2-RANDOM,1,0,0,1,5050,5050,500.0,21,10120,0,120,0,0,1,0,0.99,4,0,0,0,0,0,0,0,0,0,0,0,,0.0,0.0
task_0017,family_02,template_02,0.75,0.6667,10,NC3-LENGTH,1,0,0,1,5050,5050,500.0,21,10120,0,120,0,0,1,0,0.55,2,0,0,0,0,0,0,0,0,0,0,0,,0.0,0.0
task_0017,family_02,template_02,0.75,0.6667,10,NC4-ABLATION,1,0,0,1,5550,5550,550.0,21,1320,0,120,10,1,1,0,0.9658,4,0,0,0,0,0,0,0,0,0,0,0,,0.0,0.0
task_0018,family_03,template_03,0.0,0.0,11,P-SPIDER-MEA,1,0,0,1,1060,1060,63.63636363636363,15,1710,150,120,11,1,1,0,0.9764,4,0,0,0,1,0,1,1,0,1,1,1,3e636c57e8d5cbee,0.5,1.0
task_0018,family_03,template_03,0.0,0.0,11,B-COLD,1,0,0,1,5550,5550,504.54545454545456,23,11120,0,120,0,0,1,0,0.9862,4,0,0,0,0,0,0,0,0,0,0,0,,0.5,0.0
task_0018,family_03,template_03,0.0,0.0,11,B-RAG-EMBED,1,0,0,1,800,800,54.54545454545455,13,1590,150,120,11,1,1,0,0.9862,4,0,0,0,0,0,0,0,0,1,1,0,,0.5,0.0
task_0018,family_03,template_03,0.0,0.0,11,B-STAGEHAND-CACHE,1,0,0,1,600,600,54.54545454545455,12,1440,0,120,11,1,1,0,0.9862,4,0,0,0,0,0,0,0,0,1,1,0,,0.5,0.0
task_0018,family_03,template_03,0.0,0.0,11,B-TERX-REPLAY,1,0,0,1,600,600,54.54545454545455,12,1440,0,120,11,1,1,0,0.9862,4,0,0,0,0,0,0,0,0,1,1,0,,0.5,0.0
task_0018,family_03,template_03,0.0,0.0,11,NC1-SHUFFLED,0,0,1,1,5550,5550,500.0,23,11120,0,120,0,0,1,0,0.01,0,0,0,0,0,1,0,0,0,0,0,0,,0.0,0.0
task_0018,family_03,template_03,0.0,0.0,11,NC2-RANDOM,1,0,0,1,5550,5550,500.0,23,11120,0,120,0,0,1,0,0.99,4,0,0,0,0,0,0,0,0,0,0,0,,0.0,0.0
task_0018,family_03,template_03,0.0,0.0,11,NC3-LENGTH,1,0,0,1,5550,5550,500.0,23,11120,0,120,0,0,1,0,0.55,2,0,0,0,0,0,0,0,0,0,0,0,,0.0,0.0
task_0018,family_03,template_03,0.0,0.0,11,NC4-ABLATION,0,1,0,0,6100,6100,550.0,23,1440,0,120,11,1,0,0,0.0347,0,1,0,0,0,0,0,0,0,0,0,0,,0.0,0.0
task_0019,family_03,template_03,1.0,1.0,11,P-SPIDER-MEA,1,0,0,1,1020,1020,60.0,15,1620,150,30,11,1,1,0,0.979,4,0,1,1,1,0,1,1,0,1,1,1,a436ce7fb9092009,0.4,0.8
task_0019,family_03,template_03,1.0,1.0,11,B-COLD,1,0,0,1,5550,5550,504.54545454545456,23,11120,0,120,0,0,1,0,0.99,4,0,0,0,0,0,0,0,0,0,0,0,,0.4,0.0
task_0019,family_03,template_03,1.0,1.0,11,B-RAG-EMBED,1,0,0,1,5750,5750,504.54545454545456,24,11270,150,120,0,0,1,0,0.99,4,0,0,0,0,0,0,0,0,1,0,0,,0.4,0.0
task_0019,family_03,template_03,1.0,1.0,11,B-STAGEHAND-CACHE,1,0,0,1,5550,5550,504.54545454545456,23,11120,0,120,0,0,1,0,0.99,4,0,0,0,0,0,0,0,0,1,0,0,,0.4,0.0
task_0019,family_03,template_03,1.0,1.0,11,B-TERX-REPLAY,1,0,0,1,5550,5550,504.54545454545456,23,11120,0,120,0,0,1,0,0.99,4,0,0,0,0,0,0,0,0,1,0,0,,0.4,0.0
task_0019,family_03,template_03,1.0,1.0,11,NC1-SHUFFLED,0,0,1,0,5550,5550,500.0,23,11120,0,120,0,0,0,0,0.01,0,1,0,0,0,1,0,0,0,0,0,0,,0.0,0.0
task_0019,family_03,template_03,1.0,1.0,11,NC2-RANDOM,0,1,0,0,5550,5550,500.0,23,11120,0,120,0,0,0,0,0.0295,0,1,0,0,0,0,0,0,0,0,0,0,,0.0,0.0
task_0019,family_03,template_03,1.0,1.0,11,NC3-LENGTH,1,0,0,1,5550,5550,500.0,23,11120,0,120,0,0,1,0,0.55,2,0,0,0,0,0,0,0,0,0,0,0,,0.0,0.0
task_0019,family_03,template_03,1.0,1.0,11,NC4-ABLATION,1,0,0,1,6100,6100,550.0,23,1440,0,120,11,1,1,0,0.9858,4,0,0,0,0,0,0,0,0,0,0,0,,0.0,0.0
task_0020,family_03,template_03,0.25,0.0,11,P-SPIDER-MEA,1,0,0,1,1060,1060,63.63636363636363,15,1710,150,120,11,1,1,0,0.99,4,0,0,0,0,0,1,1,0,1,1,1,4dbb5db4e84e8f89,0.5,1.0
task_0020,family_03,template_03,0.25,0.0,11,B-COLD,1,0,0,1,5550,5550,504.54545454545456,23,11120,0,120,0,0,1,0,0.99,4,0,0,0,0,0,0,0,0,0,0,0,,0.5,0.0
task_0020,family_03,template_03,0.25,0.0,11,B-RAG-EMBED,1,0,0,1,800,800,54.54545454545455,13,1590,150,120,11,1,1,0,0.99,4,0,0,0,0,0,0,0,0,1,1,0,,0.5,0.0
task_0020,family_03,template_03,0.25,0.0,11,B-STAGEHAND-CACHE,1,0,0,1,5550,5550,504.54545454545456,23,11120,0,120,0,0,1,0,0.99,4,0,0,0,0,0,0,0,0,1,0,0,,0.5,0.0
task_0020,family_03,template_03,0.25,0.0,11,B-TERX-REPLAY,1,0,0,1,5550,5550,504.54545454545456,23,11120,0,120,0,0,1,0,0.99,4,0,0,0,0,0,0,0,0,1,0,0,,0.5,0.0
task_0020,family_03,template_03,0.25,0.0,11,NC1-SHUFFLED,0,0,1,1,5550,5550,500.0,23,11120,0,120,0,0,1,0,0.0267,0,0,0,0,0,1,0,0,0,0,0,0,,0.0,0.0
task_0020,family_03,template_03,0.25,0.0,11,NC2-RANDOM,1,0,0,1,5550,5550,500.0,23,11120,0,120,0,0,1,0,0.99,4,0,0,0,0,0,0,0,0,0,0,0,,0.0,0.0
task_0020,family_03,template_03,0.25,0.0,11,NC3-LENGTH,1,0,0,1,5550,5550,500.0,23,11120,0,120,0,0,1,0,0.55,2,0,0,0,0,0,0,0,0,0,0,0,,0.0,0.0
task_0020,family_03,template_03,0.25,0.0,11,NC4-ABLATION,1,0,0,1,6100,6100,550.0,23,1440,0,120,11,1,1,0,0.99,4,0,0,0,0,0,0,0,0,0,0,0,,0.0,0.0
task_0021,family_03,template_03,0.5,1.0,11,P-SPIDER-MEA,1,0,0,1,1060,1060,63.63636363636363,15,1710,150,120,11,1,1,0,0.99,4,0,0,0,0,0,1,1,0,1,1,1,6cc1e790dc93a2ca,0.4,0.8
task_0021,family_03,template_03,0.5,1.0,11,B-COLD,1,0,0,1,5550,5550,504.54545454545456,23,11120,0,120,0,0,1,0,0.99,4,0,0,0,0,0,0,0,0,0,0,0,,0.4,0.0
task_0021,family_03,template_03,0.5,1.0,11,B-RAG-EMBED,1,0,0,1,5750,5750,504.54545454545456,24,11270,150,120,0,0,1,0,0.99,4,0,0,0,0,0,0,0,0,1,0,0,,0.4,0.0
task_0021,family_03,template_03,0.5,1.0,11,B-STAGEHAND-CACHE,1,0,0,1,5550,5550,504.54545454545456,23,11120,0,120,0,0,1,0,0.99,4,0,0,0,0,0,0,0,0,1,0,0,,0.4,0.0
task_0021,family_03,template_03,0.5,1.0,11,B-TERX-REPLAY,1,0,0,1,5550,5550,504.54545454545456,23,11120,0,120,0,0,1,0,0.99,4,0,0,0,0,0,0,0,0,1,0,0,,0.4,0.0
task_0021,family_03,template_03,0.5,1.0,11,NC1-SHUFFLED,0,0,1,1,5550,5550,500.0,23,11120,0,120,0,0,1,0,0.0325,0,0,0,0,0,1,0,0,0,0,0,0,,0.0,0.0
task_0021,family_03,template_03,0.5,1.0,11,NC2-RANDOM,1,0,0,1,5550,5550,500.0,23,11120,0,120,0,0,1,0,0.99,4,0,0,0,0,0,0,0,0,0,0,0,,0.0,0.0
task_0021,family_03,template_03,0.5,1.0,11,NC3-LENGTH,1,0,0,1,5550,5550,500.0,23,11120,0,120,0,0,1,0,0.55,2,0,0,0,0,0,0,0,0,0,0,0,,0.0,0.0
task_0021,family_03,template_03,0.5,1.0,11,NC4-ABLATION,1,0,0,1,6100,6100,550.0,23,1440,0,120,11,1,1,0,0.99,4,0,0,0,0,0,0,0,0,0,0,0,,0.0,0.0
task_0022,family_03,template_03,0.75,1.0,11,P-SPIDER-MEA,1,0,0,1,1060,1060,63.63636363636363,15,1710,150,120,11,1,1,0,0.99,4,0,0,0,0,0,1,1,0,1,1,1,f069a5ca966775dd,0.4,0.8
task_0022,family_03,template_03,0.75,1.0,11,B-COLD,1,0,0,1,5550,5550,504.54545454545456,23,11120,0,120,0,0,1,0,0.99,4,0,0,0,0,0,0,0,0,0,0,0,,0.4,0.0
task_0022,family_03,template_03,0.75,1.0,11,B-RAG-EMBED,1,0,0,1,5750,5750,504.54545454545456,24,11270,150,120,0,0,1,0,0.99,4,0,0,0,0,0,0,0,0,1,0,0,,0.4,0.0
task_0022,family_03,template_03,0.75,1.0,11,B-STAGEHAND-CACHE,1,0,0,1,5550,5550,504.54545454545456,23,11120,0,120,0,0,1,0,0.99,4,0,0,0,0,0,0,0,0,1,0,0,,0.4,0.0
task_0022,family_03,template_03,0.75,1.0,11,B-TERX-REPLAY,1,0,0,1,5550,5550,504.54545454545456,23,11120,0,120,0,0,1,0,0.99,4,0,0,0,0,0,0,0,0,1,0,0,,0.4,0.0
task_0022,family_03,template_03,0.75,1.0,11,NC1-SHUFFLED,0,0,1,1,5550,5550,500.0,23,11120,0,120,0,0,1,0,0.01,0,0,0,0,0,1,0,0,0,0,0,0,,0.0,0.0
task_0022,family_03,template_03,0.75,1.0,11,NC2-RANDOM,1,0,0,1,5550,5550,500.0,23,11120,0,120,0,0,1,0,0.9791,4,0,0,0,0,0,0,0,0,0,0,0,,0.0,0.0
task_0022,family_03,template_03,0.75,1.0,11,NC3-LENGTH,1,0,0,1,5550,5550,500.0,23,11120,0,120,0,0,1,0,0.55,2,0,0,0,0,0,0,0,0,0,0,0,,0.0,0.0
task_0022,family_03,template_03,0.75,1.0,11,NC4-ABLATION,0,1,0,0,6100,6100,550.0,23,1440,0,120,11,1,0,0,0.01,0,1,0,0,0,0,0,0,0,0,0,0,,0.0,0.0
task_0023,family_03,template_03,1.0,1.0,11,P-SPIDER-MEA,1,0,0,1,1020,1020,60.0,15,1620,150,30,11,1,1,0,0.9685,4,0,1,1,1,0,1,1,0,1,1,1,4c0ab367c618a3bb,0.35,0.7
task_0023,family_03,template_03,1.0,1.0,11,B-COLD,1,0,0,1,5550,5550,504.54545454545456,23,11120,0,120,0,0,1,0,0.99,4,0,0,0,0,0,0,0,0,0,0,0,,0.35,0.0
task_0023,family_03,template_03,1.0,1.0,11,B-RAG-EMBED,1,0,0,1,5750,5750,504.54545454545456,24,11270,150,120,0,0,1,0,0.99,4,0,0,0,0,0,0,0,0,1,0,0,,0.35,0.0
task_0023,family_03,template_03,1.0,1.0,11,B-STAGEHAND-CACHE,1,0,0,1,5550,5550,504.54545454545456,23,11120,0,120,0,0,1,0,0.99,4,0,0,0,0,0,0,0,0,1,0,0,,0.35,0.0
task_0023,family_03,template_03,1.0,1.0,11,B-TERX-REPLAY,1,0,0,1,5550,5550,504.54545454545456,23,11120,0,120,0,0,1,0,0.99,4,0,0,0,0,0,0,0,0,1,0,0,,0.35,0.0
task_0023,family_03,template_03,1.0,1.0,11,NC1-SHUFFLED,0,0,1,0,5550,5550,500.0,23,11120,0,120,0,0,0,0,0.01,0,1,0,0,0,1,0,0,0,0,0,0,,0.0,0.0
task_0023,family_03,template_03,1.0,1.0,11,NC2-RANDOM,0,1,0,0,5550,5550,500.0,23,11120,0,120,0,0,0,0,0.0151,0,1,0,0,0,0,0,0,0,0,0,0,,0.0,0.0
task_0023,family_03,template_03,1.0,1.0,11,NC3-LENGTH,1,0,0,1,5550,5550,500.0,23,11120,0,120,0,0,1,0,0.55,2,0,0,0,0,0,0,0,0,0,0,0,,0.0,0.0
task_0023,family_03,template_03,1.0,1.0,11,NC4-ABLATION,0,1,0,0,6100,6100,550.0,23,1440,0,120,11,1,0,0,0.0456,0,1,0,0,0,0,0,0,0,0,0,0,,0.0,0.0
task_0024,family_04,template_04,0.0,0.0,12,P-SPIDER-MEA,1,0,0,1,1070,1070,59.166666666666664,16,1740,150,30,12,1,1,0,0.99,4,0,1,1,1,0,1,1,0,1,1,1,8a7197c1a2604620,0.6666666666666666,1.0
task_0024,family_04,template_04,0.0,0.0,12,B-COLD,1,0,0,1,6050,6050,504.1666666666667,25,12120,0,120,0,0,1,0,0.99,4,0,0,0,0,0,0,0,0,0,0,0,,0.6666666666666666,0.0
task_0024,family_04,template_04,0.0,0.0,12,B-RAG-EMBED,1,0,0,1,850,850,54.166666666666664,14,1710,150,120,12,1,1,0,0.99,4,0,0,0,0,0,0,0,0,1,1,0,,0.6666666666666666,0.0
task_0024,family_04,template_04,0.0,0.0,12,B-STAGEHAND-CACHE,1,0,0,1,650,650,54.166666666666664,13,1560,0,120,12,1,1,0,0.99,4,0,0,0,0,0,0,0,0,1,1,0,,0.6666666666666666,0.0
task_0024,family_04,template_04,0.0,0.0,12,B-TERX-REPLAY,1,0,0,1,650,650,54.166666666666664,13,1560,0,120,12,1,1,0,0.99,4,0,0,0,0,0,0,0,0,1,1,0,,0.6666666666666666,0.0
task_0024,family_04,template_04,0.0,0.0,12,NC1-SHUFFLED,1,0,0,1,6050,6050,500.0,25,12120,0,120,0,0,1,0,0.99,4,0,0,0,0,0,0,0,0,0,0,0,,0.0,0.0
task_0024,family_04,template_04,0.0,0.0,12,NC2-RANDOM,1,0,0,1,6050,6050,500.0,25,12120,0,120,0,0,1,0,0.99,4,0,0,0,0,0,0,0,0,0,0,0,,0.0,0.0
task_0024,family_04,template_04,0.0,0.0,12,NC3-LENGTH,1,0,0,1,6050,6050,500.0,25,12120,0,120,0,0,1,0,0.55,2,0,0,0,0,0,0,0,0,0,0,0,,0.0,0.0
task_0024,family_04,template_04,0.0,0.0,12,NC4-ABLATION,1,0,0,1,6650,6650,550.0,25,1560,0,120,12,1,1,0,0.99,4,0,0,0,0,0,0,0,0,0,0,0,,0.0,0.0
task_0025,family_04,template_04,0.25,0.5,12,P-SPIDER-MEA,1,0,0,1,1110,1110,62.5,16,1830,150,120,12,1,1,0,0.99,4,0,0,0,0,0,1,1,0,1,1,1,b49d66ece58580fa,0.6222222222222222,1.0
task_0025,family_04,template_04,0.25,0.5,12,B-COLD,1,0,0,1,6050,6050,504.1666666666667,25,12120,0,120,0,0,1,0,0.99,4,0,0,0,0,0,0,0,0,0,0,0,,0.6222222222222222,0.0
task_0025,family_04,template_04,0.25,0.5,12,B-RAG-EMBED,1,0,0,1,3550,3550,279.1666666666667,20,6990,150,120,6,1,1,0,0.99,4,0,0,0,0,0,0,0,0,1,1,0,,0.6222222222222222,0.0
task_0025,family_04,template_04,0.25,0.5,12,B-STAGEHAND-CACHE,1,0,0,1,6050,6050,504.1666666666667,25,12120,0,120,0,0,1,0,0.99,4,0,0,0,0,0,0,0,0,1,0,0,,0.6222222222222222,0.0
task_0025,family_04,template_04,0.25,0.5,12,B-TERX-REPLAY,1,0,0,1,6050,6050,504.1666666666667,25,12120,0,120,0,0,1,0,0.99,4,0,0,0,0,0,0,0,0,1,0,0,,0.6222222222222222,0.0
task_0025,family_04,template_04,0.25,0.5,12,NC1-SHUFFLED,1,0,0,1,6050,6050,500.0,25,12120,0,120,0,0,1,0,0.953,4,0,0,0,0,0,0,0,0,0,0,0,,0.0,0.0
task_0025,family_04,template_04,0.25,0.5,12,NC2-RANDOM,1,0,0,1,6050,6050,500.0,25,12120,0,120,0,0,1,0,0.99,4,0,0,0,0,0,0,0,0,0,0,0,,0.0,0.0
task_0025,family_04,template_04,0.25,0.5,12,NC3-LENGTH,1,0,0,1,6050,6050,500.0,25,12120,0,120,0,0,1,0,0.55,2,0,0,0,0,0,0,0,0,0,0,0,,0.0,0.0
task_0025,family_04,template_04,0.25,0.5,12,NC4-ABLATION,0,1,0,0,6650,6650,550.0,25,1560,0,120,12,1,0,0,0.0337,0,1,0,0,0,0,0,0,0,0,0,0,,0.0,0.0
task_0026,family_04,template_04,0.5,0.5,12,P-SPIDER-MEA,1,0,0,1,1070,1070,59.166666666666664,16,1740,150,30,12,1,1,0,0.98,4,0,1,1,1,0,1,1,0,1,1,1,8cc431dab16c94ed,0.6,1.0
task_0026,family_04,template_04,0.5,0.5,12,B-COLD,1,0,0,1,6050,6050,504.1666666666667,25,12120,0,120,0,0,1,0,0.99,4,0,0,0,0,0,0,0,0,0,0,0,,0.6,0.0
task_0026,family_04,template_04,0.5,0.5,12,B-RAG-EMBED,1,0,0,1,3550,3550,279.1666666666667,20,6990,150,120,6,1,1,0,0.99,4,0,0,0,0,0,0,0,0,1,1,0,,0.6,0.0
task_0026,family_04,template_04,0.5,0.5,12,B-STAGEHAND-CACHE,1,0,0,1,6050,6050,504.1666666666667,25,12120,0,120,0,0,1,0,0.99,4,0,0,0,0,0,0,0,0,1,0,0,,0.6,0.0
task_0026,family_04,template_04,0.5,0.5,12,B-TERX-REPLAY,1,0,0,1,6050,6050,504.1666666666667,25,12120,0,120,0,0,1,0,0.99,4,0,0,0,0,0,0,0,0,1,0,0,,0.6,0.0
task_0026,family_04,template_04,0.5,0.5,12,NC1-SHUFFLED,0,0,1,1,6050,6050,500.0,25,12120,0,120,0,0,1,0,0.0335,0,0,0,0,0,1,0,0,0,0,0,0,,0.0,0.0
task_0026,family_04,template_04,0.5,0.5,12,NC2-RANDOM,1,0,0,1,6050,6050,500.0,25,12120,0,120,0,0,1,0,0.99,4,0,0,0,0,0,0,0,0,0,0,0,,0.0,0.0
task_0026,family_04,template_04,0.5,0.5,12,NC3-LENGTH,1,0,0,1,6050,6050,500.0,25,12120,0,120,0,0,1,0,0.55,2,0,0,0,0,0,0,0,0,0,0,0,,0.0,0.0
task_0026,family_04,template_04,0.5,0.5,12,NC4-ABLATION,0,1,0,0,6650,6650,550.0,25,1560,0,120,12,1,0,0,0.0136,0,1,0,0,0,0,0,0,0,0,0,0,,0.0,0.0
task_0027,family_04,template_04,0.75,1.0,12,P-SPIDER-MEA,1,0,0,1,1110,1110,62.5,16,1830,150,120,12,1,1,0,0.9671,4,0,0,0,0,0,1,1,0,1,1,1,1a44515b68e225e1,0.5555555555555556,0.8666666666666667
task_0027,family_04,template_04,0.75,1.0,12,B-COLD,1,0,0,1,6050,6050,504.1666666666667,25,12120,0,120,0,0,1,0,0.99,4,0,0,0,0,0,0,0,0,0,0,0,,0.5555555555555556,0.0
task_0027,family_04,template_04,0.75,1.0,12,B-RAG-EMBED,1,0,0,1,6250,6250,504.1666666666667,26,12270,150,120,0,0,1,0,0.99,4,0,0,0,0,0,0,0,0,1,0,0,,0.5555555555555556,0.0
task_0027,family_04,template_04,0.75,1.0,12,B-STAGEHAND-CACHE,1,0,0,1,6050,6050,504.1666666666667,25,12120,0,120,0,0,1,0,0.99,4,0,0,0,0,0,0,0,0,1,0,0,,0.5555555555555556,0.0
task_0027,family_04,template_04,0.75,1.0,12,B-TERX-REPLAY,1,0,0,1,6050,6050,504.1666666666667,25,12120,0,120,0,0,1,0,0.99,4,0,0,0,0,0,0,0,0,1,0,0,,0.5555555555555556,0.0
task_0027,family_04,template_04,0.75,1.0,12,NC1-SHUFFLED,0,0,1,0,6050,6050,500.0,25,12120,0,120,0,0,0,0,0.01,0,1,0,0,0,1,0,0,0,0,0,0,,0.0,0.0
task_0027,family_04,template_04,0.75,1.0,12,NC2-RANDOM,0,1,0,0,6050,6050,500.0,25,12120,0,120,0,0,0,0,0.01,0,1,0,0,0,0,0,0,0,0,0,0,,0.0,0.0
task_0027,family_04,template_04,0.75,1.0,12,NC3-LENGTH,1,0,0,1,6050,6050,500.0,25,12120,0,120,0,0,1,0,0.55,2,0,0,0,0,0,0,0,0,0,0,0,,0.0,0.0
task_0027,family_04,template_04,0.75,1.0,12,NC4-ABLATION,1,0,0,1,6650,6650,550.0,25,1560,0,120,12,1,1,0,0.99,4,0,0,0,0,0,0,0,0,0,0,0,,0.0,0.0
task_0028,family_04,template_04,1.0,1.0,12,P-SPIDER-MEA,1,0,0,1,1110,1110,62.5,16,1830,150,120,12,1,1,0,0.99,4,0,0,0,1,0,1,1,0,1,1,1,f108c36b752410d5,0.5333333333333333,0.8
task_0028,family_04,template_04,1.0,1.0,12,B-COLD,1,0,0,1,6050,6050,504.1666666666667,25,12120,0,120,0,0,1,0,0.9554,4,0,0,0,0,0,0,0,0,0,0,0,,0.5333333333333333,0.0
task_0028,family_04,template_04,1.0,1.0,12,B-RAG-EMBED,1,0,0,1,6250,6250,504.1666666666667,26,12270,150,120,0,0,1,0,0.9554,4,0,0,0,0,0,0,0,0,1,0,0,,0.5333333333333333,0.0
task_0028,family_04,template_04,1.0,1.0,12,B-STAGEHAND-CACHE,1,0,0,1,6050,6050,504.1666666666667,25,12120,0,120,0,0,1,0,0.9554,4,0,0,0,0,0,0,0,0,1,0,0,,0.5333333333333333,0.0
task_0028,family_04,template_04,1.0,1.0,12,B-TERX-REPLAY,1,0,0,1,6050,6050,504.1666666666667,25,12120,0,120,0,0,1,0,0.9554,4,0,0,0,0,0,0,0,0,1,0,0,,0.5333333333333333,0.0
task_0028,family_04,template_04,1.0,1.0,12,NC1-SHUFFLED,1,0,0,1,6050,6050,500.0,25,12120,0,120,0,0,1,0,0.9739,4,0,0,0,0,0,0,0,0,0,0,0,,0.0,0.0
task_0028,family_04,template_04,1.0,1.0,12,NC2-RANDOM,1,0,0,1,6050,6050,500.0,25,12120,0,120,0,0,1,0,0.9687,4,0,0,0,0,0,0,0,0,0,0,0,,0.0,0.0
task_0028,family_04,template_04,1.0,1.0,12,NC3-LENGTH,1,0,0,1,6050,6050,500.0,25,12120,0,120,0,0,1,0,0.55,2,0,0,0,0,0,0,0,0,0,0,0,,0.0,0.0
task_0028,family_04,template_04,1.0,1.0,12,NC4-ABLATION,1,0,0,1,6650,6650,550.0,25,1560,0,120,12,1,1,0,0.9793,4,0,0,0,0,0,0,0,0,0,0,0,,0.0,0.0
task_0029,family_04,template_04,0.25,0.5,12,P-SPIDER-MEA,1,0,0,1,1070,1070,59.166666666666664,16,1740,150,30,12,1,1,0,0.99,4,0,1,1,1,0,1,1,0,1,1,1,a31bb187cb786956,0.562962962962963,0.8888888888888888
task_0029,family_04,template_04,0.25,0.5,12,B-COLD,1,0,0,1,6050,6050,504.1666666666667,25,12120,0,120,0,0,1,0,0.9504,4,0,0,0,0,0,0,0,0,0,0,0,,0.562962962962963,0.0
task_0029,family_04,template_04,0.25,0.5,12,B-RAG-EMBED,1,0,0,1,3550,3550,279.1666666666667,20,6990,150,120,6,1,1,0,0.9504,4,0,0,0,0,0,0,0,0,1,1,0,,0.562962962962963,0.0
task_0029,family_04,template_04,0.25,0.5,12,B-STAGEHAND-CACHE,1,0,0,1,6050,6050,504.1666666666667,25,12120,0,120,0,0,1,0,0.9504,4,0,0,0,0,0,0,0,0,1,0,0,,0.562962962962963,0.0
task_0029,family_04,template_04,0.25,0.5,12,B-TERX-REPLAY,1,0,0,1,6050,6050,504.1666666666667,25,12120,0,120,0,0,1,0,0.9504,4,0,0,0,0,0,0,0,0,1,0,0,,0.562962962962963,0.0
task_0029,family_04,template_04,0.25,0.5,12,NC1-SHUFFLED,0,0,1,1,6050,6050,500.0,25,12120,0,120,0,0,1,0,0.049,0,0,0,0,0,1,0,0,0,0,0,0,,0.0,0.0
task_0029,family_04,template_04,0.25,0.5,12,NC2-RANDOM,1,0,0,1,6050,6050,500.0,25,12120,0,120,0,0,1,0,0.99,4,0,0,0,0,0,0,0,0,0,0,0,,0.0,0.0
task_0029,family_04,template_04,0.25,0.5,12,NC3-LENGTH,1,0,0,1,6050,6050,500.0,25,12120,0,120,0,0,1,0,0.55,2,0,0,0,0,0,0,0,0,0,0,0,,0.0,0.0
task_0029,family_04,template_04,0.25,0.5,12,NC4-ABLATION,1,0,0,1,6650,6650,550.0,25,1560,0,120,12,1,1,0,0.9591,4,0,0,0,0,0,0,0,0,0,0,0,,0.0,0.0
task_0030,family_05,template_05,0.0,0.0,13,P-SPIDER-MEA,1,0,0,1,1120,1120,58.46153846153846,17,1860,150,30,13,1,1,0,0.9549,4,0,1,1,1,0,1,1,0,1,1,1,4ce9cf16a28b0d22,0.6666666666666666,1.0
task_0030,family_05,template_05,0.0,0.0,13,B-COLD,1,0,0,1,6550,6550,503.84615384615387,27,13120,0,120,0,0,1,0,0.9625,4,0,0,0,0,0,0,0,0,0,0,0,,0.6666666666666666,0.0
task_0030,family_05,template_05,0.0,0.0,13,B-RAG-EMBED,1,0,0,1,900,900,53.84615384615385,15,1830,150,120,13,1,1,0,0.9625,4,0,0,0,0,0,0,0,0,1,1,0,,0.6666666666666666,0.0
task_0030,family_05,template_05,0.0,0.0,13,B-STAGEHAND-CACHE,1,0,0,1,700,700,53.84615384615385,14,1680,0,120,13,1,1,0,0.9625,4,0,0,0,0,0,0,0,0,1,1,0,,0.6666666666666666,0.0
task_0030,family_05,template_05,0.0,0.0,13,B-TERX-REPLAY,1,0,0,1,700,700,53.84615384615385,14,1680,0,120,13,1,1,0,0.9625,4,0,0,0,0,0,0,0,0,1,1,0,,0.6666666666666666,0.0
task_0030,family_05,template_05,0.0,0.0,13,NC1-SHUFFLED,0,0,1,1,6550,6550,500.0,27,13120,0,120,0,0,1,0,0.0229,0,0,0,0,0,1,0,0,0,0,0,0,,0.0,0.0
task_0030,family_05,template_05,0.0,0.0,13,NC2-RANDOM,1,0,0,1,6550,6550,500.0,27,13120,0,120,0,0,1,0,0.9574,4,0,0,0,0,0,0,0,0,0,0,0,,0.0,0.0
task_0030,family_05,template_05,0.0,0.0,13,NC3-LENGTH,1,0,0,1,6550,6550,500.0,27,13120,0,120,0,0,1,0,0.55,2,0,0,0,0,0,0,0,0,0,0,0,,0.0,0.0
task_0030,family_05,template_05,0.0,0.0,13,NC4-ABLATION,1,0,0,1,7200,7200,550.0,27,1680,0,120,13,1,1,0,0.99,4,0,0,0,0,0,0,0,0,0,0,0,,0.0,0.0
task_0031,family_05,template_05,0.5,0.5,13,P-SPIDER-MEA,1,0,1,1,1120,1120,58.46153846153846,17,1860,150,30,13,0,0,0,0.01,0,1,1,1,1,1,1,1,0,1,0,0,03e4fb5ee2e7b6ba,0.6,1.0
task_0031,family_05,template_05,0.5,0.5,13,B-COLD,1,0,0,1,6550,6550,503.84615384615387,27,13120,0,120,0,0,1,0,0.9754,4,0,0,0,0,0,0,0,0,0,0,0,,0.6,0.0
task_0031,family_05,template_05,0.5,0.5,13,B-RAG-EMBED,1,0,0,1,3600,3600,261.53846153846155,21,7110,150,120,7,1,1,0,0.9754,4,0,0,0,0,0,0,0,0,1,1,0,,0.6,0.0
task_0031,family_05,template_05,0.5,0.5,13,B-STAGEHAND-CACHE,1,0,0,1,6550,6550,503.84615384615387,27,13120,0,120,0,0,1,0,0.9754,4,0,0,0,0,0,0,0,0,1,0,0,,0.6,0.0
task_0031,family_05,template_05,0.5,0.5,13,B-TERX-REPLAY,1,0,0,1,6550,6550,503.84615384615387,27,13120,0,120,0,0,1,0,0.9754,4,0,0,0,0,0,0,0,0,1,0,0,,0.6,0.0
task_0031,family_05,template_05,0.5,0.5,13,NC1-SHUFFLED,0,0,1,1,6550,6550,500.0,27,13120,0,120,0,0,1,0,0.0152,0,0,0,0,0,1,0,0,0,0,0,0,,0.0,0.0
task_0031,family_05,template_05,0.5,0.5,13,NC2-RANDOM,1,0,0,1,6550,6550,500.0,27,13120,0,120,0,0,1,0,0.99,4,0,0,0,0,0,0,0,0,0,0,0,,0.0,0.0
task_0031,family_05,template_05,0.5,0.5,13,NC3-LENGTH,1,0,0,1,6550,6550,500.0,27,13120,0,120,0,0,1,0,0.55,2,0,0,0,0,0,0,0,0,0,0,0,,0.0,0.0
task_0031,family_05,template_05,0.5,0.5,13,NC4-ABLATION,1,0,0,1,7200,7200,550.0,27,1680,0,120,13,1,1,0,0.99,4,0,0,0,0,0,0,0,0,0,0,0,,0.0,0.0
task_0032,family_05,template_05,0.75,1.0,13,P-SPIDER-MEA,1,0,1,1,1120,1120,58.46153846153846,17,1860,150,30,13,0,0,0,0.01,0,1,1,1,1,1,1,1,0,1,0,0,2f499b12036eb790,0.5523809523809524,0.8571428571428571
task_0032,family_05,template_05,0.75,1.0,13,B-COLD,1,0,0,1,6550,6550,503.84615384615387,27,13120,0,120,0,0,1,0,0.9836,4,0,0,0,0,0,0,0,0,0,0,0,,0.5523809523809524,0.0
task_0032,family_05,template_05,0.75,1.0,13,B-RAG-EMBED,1,0,0,1,6750,6750,503.84615384615387,28,13270,150,120,0,0,1,0,0.9836,4,0,0,0,0,0,0,0,0,1,0,0,,0.5523809523809524,0.0
task_0032,family_05,template_05,0.75,1.0,13,B-STAGEHAND-CACHE,1,0,0,1,6550,6550,503.84615384615387,27,13120,0,120,0,0,1,0,0.9836,4,0,0,0,0,0,0,0,0,1,0,0,,0.5523809523809524,0.0
task_0032,family_05,template_05,0.75,1.0,13,B-TERX-REPLAY,1,0,0,1,6550,6550,503.84615384615387,27,13120,0,120,0,0,1,0,0.9836,4,0,0,0,0,0,0,0,0,1,0,0,,0.5523809523809524,0.0
task_0032,family_05,template_05,0.75,1.0,13,NC1-SHUFFLED,0,0,1,1,6550,6550,500.0,27,13120,0,120,0,0,1,0,0.01,0,0,0,0,0,1,0,0,0,0,0,0,,0.0,0.0
task_0032,family_05,template_05,0.75,1.0,13,NC2-RANDOM,1,0,0,1,6550,6550,500.0,27,13120,0,120,0,0,1,0,0.9712,4,0,0,0,0,0,0,0,0,0,0,0,,0.0,0.0
task_0032,family_05,template_05,0.75,1.0,13,NC3-LENGTH,1,0,0,1,6550,6550,500.0,27,13120,0,120,0,0,1,0,0.55,2,0,0,0,0,0,0,0,0,0,0,0,,0.0,0.0
task_0032,family_05,template_05,0.75,1.0,13,NC4-ABLATION,0,1,0,0,7200,7200,550.0,27,1680,0,120,13,1,0,0,0.01,0,1,0,0,0,0,0,0,0,0,0,0,,0.0,0.0
task_0033,family_05,template_05,1.0,1.0,13,P-SPIDER-MEA,1,0,1,1,1160,1160,61.53846153846154,17,1950,150,120,13,0,0,0,0.01,0,1,0,0,0,1,1,1,0,1,0,0,a8e21a6a700b3331,0.5523809523809524,0.8571428571428571
task_0033,family_05,template_05,1.0,1.0,13,B-COLD,1,0,0,1,6550,6550,503.84615384615387,27,13120,0,120,0,0,1,0,0.99,4,0,0,0,0,0,0,0,0,0,0,0,,0.5523809523809524,0.0
task_0033,family_05,template_05,1.0,1.0,13,B-RAG-EMBED,1,0,0,1,6750,6750,503.84615384615387,28,13270,150,120,0,0,1,0,0.99,4,0,0,0,0,0,0,0,0,1,0,0,,0.5523809523809524,0.0
task_0033,family_05,template_05,1.0,1.0,13,B-STAGEHAND-CACHE,1,0,0,1,6550,6550,503.84615384615387,27,13120,0,120,0,0,1,0,0.99,4,0,0,0,0,0,0,0,0,1,0,0,,0.5523809523809524,0.0
task_0033,family_05,template_05,1.0,1.0,13,B-TERX-REPLAY,1,0,0,1,6550,6550,503.84615384615387,27,13120,0,120,0,0,1,0,0.99,4,0,0,0,0,0,0,0,0,1,0,0,,0.5523809523809524,0.0
task_0033,family_05,template_05,1.0,1.0,13,NC1-SHUFFLED,0,0,1,1,6550,6550,500.0,27,13120,0,120,0,0,1,0,0.0402,0,0,0,0,0,1,0,0,0,0,0,0,,0.0,0.0
task_0033,family_05,template_05,1.0,1.0,13,NC2-RANDOM,1,0,0,1,6550,6550,500.0,27,13120,0,120,0,0,1,0,0.99,4,0,0,0,0,0,0,0,0,0,0,0,,0.0,0.0
task_0033,family_05,template_05,1.0,1.0,13,NC3-LENGTH,1,0,0,1,6550,6550,500.0,27,13120,0,120,0,0,1,0,0.55,2,0,0,0,0,0,0,0,0,0,0,0,,0.0,0.0
task_0033,family_05,template_05,1.0,1.0,13,NC4-ABLATION,1,0,0,1,7200,7200,550.0,27,1680,0,120,13,1,1,0,0.99,4,0,0,0,0,0,0,0,0,0,0,0,,0.0,0.0
task_0034,family_05,template_05,0.25,0.5,13,P-SPIDER-MEA,1,0,0,1,1160,1160,61.53846153846154,17,1950,150,120,13,1,1,0,0.99,4,0,0,0,0,0,1,1,0,1,1,1,b8058c69187e2d90,0.5952380952380952,1.0
task_0034,family_05,template_05,0.25,0.5,13,B-COLD,1,0,0,1,6550,6550,503.84615384615387,27,13120,0,120,0,0,1,0,0.99,4,0,0,0,0,0,0,0,0,0,0,0,,0.5952380952380952,0.0
task_0034,family_05,template_05,0.25,0.5,13,B-RAG-EMBED,1,0,0,1,3600,3600,261.53846153846155,21,7110,150,120,7,1,1,0,0.99,4,0,0,0,0,0,0,0,0,1,1,0,,0.5952380952380952,0.0
task_0034,family_05,template_05,0.25,0.5,13,B-STAGEHAND-CACHE,1,0,0,1,6550,6550,503.84615384615387,27,13120,0,120,0,0,1,0,0.99,4,0,0,0,0,0,0,0,0,1,0,0,,0.5952380952380952,0.0
task_0034,family_05,template_05,0.25,0.5,13,B-TERX-REPLAY,1,0,0,1,6550,6550,503.84615384615387,27,13120,0,120,0,0,1,0,0.99,4,0,0,0,0,0,0,0,0,1,0,0,,0.5952380952380952,0.0
task_0034,family_05,template_05,0.25,0.5,13,NC1-SHUFFLED,0,0,1,1,6550,6550,500.0,27,13120,0,120,0,0,1,0,0.01,0,0,0,0,0,1,0,0,0,0,0,0,,0.0,0.0
task_0034,family_05,template_05,0.25,0.5,13,NC2-RANDOM,1,0,0,1,6550,6550,500.0,27,13120,0,120,0,0,1,0,0.99,4,0,0,0,0,0,0,0,0,0,0,0,,0.0,0.0
task_0034,family_05,template_05,0.25,0.5,13,NC3-LENGTH,1,0,0,1,6550,6550,500.0,27,13120,0,120,0,0,1,0,0.55,2,0,0,0,0,0,0,0,0,0,0,0,,0.0,0.0
task_0034,family_05,template_05,0.25,0.5,13,NC4-ABLATION,1,0,0,1,7200,7200,550.0,27,1680,0,120,13,1,1,0,0.9504,4,0,0,0,0,0,0,0,0,0,0,0,,0.0,0.0
task_0035,family_05,template_05,0.5,0.5,13,P-SPIDER-MEA,1,0,1,1,1120,1120,58.46153846153846,17,1860,150,30,13,0,0,0,0.01,0,1,1,1,1,1,1,1,0,1,0,0,04a61f3514915b2b,0.541025641025641,0.9230769230769231
task_0035,family_05,template_05,0.5,0.5,13,B-COLD,1,0,0,1,6550,6550,503.84615384615387,27,13120,0,120,0,0,1,0,0.99,4,0,0,0,0,0,0,0,0,0,0,0,,0.541025641025641,0.0
task_0035,family_05,template_05,0.5,0.5,13,B-RAG-EMBED,1,0,0,1,3600,3600,261.53846153846155,21,7110,150,120,7,1,1,0,0.99,4,0,0,0,0,0,0,0,0,1,1,0,,0.541025641025641,0.0
task_0035,family_05,template_05,0.5,0.5,13,B-STAGEHAND-CACHE,1,0,0,1,6550,6550,503.84615384615387,27,13120,0,120,0,0,1,0,0.99,4,0,0,0,0,0,0,0,0,1,0,0,,0.541025641025641,0.0
task_0035,family_05,template_05,0.5,0.5,13,B-TERX-REPLAY,1,0,0,1,6550,6550,503.84615384615387,27,13120,0,120,0,0,1,0,0.99,4,0,0,0,0,0,0,0,0,1,0,0,,0.541025641025641,0.0
task_0035,family_05,template_05,0.5,0.5,13,NC1-SHUFFLED,0,0,1,1,6550,6550,500.0,27,13120,0,120,0,0,1,0,0.01,0,0,0,0,0,1,0,0,0,0,0,0,,0.0,0.0
task_0035,family_05,template_05,0.5,0.5,13,NC2-RANDOM,1,0,0,1,6550,6550,500.0,27,13120,0,120,0,0,1,0,0.984,4,0,0,0,0,0,0,0,0,0,0,0,,0.0,0.0
task_0035,family_05,template_05,0.5,0.5,13,NC3-LENGTH,1,0,0,1,6550,6550,500.0,27,13120,0,120,0,0,1,0,0.55,2,0,0,0,0,0,0,0,0,0,0,0,,0.0,0.0
task_0035,family_05,template_05,0.5,0.5,13,NC4-ABLATION,0,1,0,0,7200,7200,550.0,27,1680,0,120,13,1,0,0,0.0106,0,1,0,0,0,0,0,0,0,0,0,0,,0.0,0.0
task_0036,family_06,template_06,0.0,0.0,14,P-SPIDER-MEA,1,0,0,1,1210,1210,60.714285714285715,18,2070,150,120,14,1,1,0,0.9797,4,0,0,0,0,0,1,1,0,1,1,1,a3f3f04e97ef1663,0.75,1.0
task_0036,family_06,template_06,0.0,0.0,14,B-COLD,1,0,0,1,7050,7050,503.57142857142856,29,14120,0,120,0,0,1,0,0.99,4,0,0,0,0,0,0,0,0,0,0,0,,0.75,0.0
task_0036,family_06,template_06,0.0,0.0,14,B-RAG-EMBED,1,0,0,1,950,950,53.57142857142857,16,1950,150,120,14,1,1,0,0.99,4,0,0,0,0,0,0,0,0,1,1,0,,0.75,0.0
task_0036,family_06,template_06,0.0,0.0,14,B-STAGEHAND-CACHE,1,0,0,1,750,750,53.57142857142857,15,1800,0,120,14,1,1,0,0.99,4,0,0,0,0,0,0,0,0,1,1,0,,0.75,0.0
task_0036,family_06,template_06,0.0,0.0,14,B-TERX-REPLAY,1,0,0,1,750,750,53.57142857142857,15,1800,0,120,14,1,1,0,0.99,4,0,0,0,0,0,0,0,0,1,1,0,,0.75,0.0
task_0036,family_06,template_06,0.0,0.0,14,NC1-SHUFFLED,0,0,1,1,7050,7050,500.0,29,14120,0,120,0,0,1,0,0.01,0,0,0,0,0,1,0,0,0,0,0,0,,0.0,0.0
task_0036,family_06,template_06,0.0,0.0,14,NC2-RANDOM,1,0,0,1,7050,7050,500.0,29,14120,0,120,0,0,1,0,0.9629,4,0,0,0,0,0,0,0,0,0,0,0,,0.0,0.0
task_0036,family_06,template_06,0.0,0.0,14,NC3-LENGTH,1,0,0,1,7050,7050,500.0,29,14120,0,120,0,0,1,0,0.55,2,0,0,0,0,0,0,0,0,0,0,0,,0.0,0.0
task_0036,family_06,template_06,0.0,0.0,14,NC4-ABLATION,0,1,0,0,7750,7750,550.0,29,1800,0,120,14,1,0,0,0.01,0,1,0,0,0,0,0,0,0,0,0,0,,0.0,0.0
task_0037,family_06,template_06,0.75,0.6667,14,P-SPIDER-MEA,1,0,0,1,1170,1170,57.857142857142854,18,1980,150,30,14,1,1,0,0.99,4,0,1,1,1,0,1,1,0,1,1,1,8652c7daf295ac22,0.6833333333333333,1.0
task_0037,family_06,template_06,0.75,0.6667,14,B-COLD,1,0,0,1,7050,7050,503.57142857142856,29,14120,0,120,0,0,1,0,0.99,4,0,0,0,0,0,0,0,0,0,0,0,,0.6833333333333333,0.0
task_0037,family_06,template_06,0.75,0.6667,14,B-RAG-EMBED,1,0,0,1,5000,5000,342.85714285714283,25,9870,150,120,5,1,1,0,0.99,4,0,0,0,0,0,0,0,0,1,1,0,,0.6833333333333333,0.0
task_0037,family_06,template_06,0.75,0.6667,14,B-STAGEHAND-CACHE,1,0,0,1,7050,7050,503.57142857142856,29,14120,0,120,0,0,1,0,0.99,4,0,0,0,0,0,0,0,0,1,0,0,,0.6833333333333333,0.0
task_0037,family_06,template_06,0.75,0.6667,14,B-TERX-REPLAY,1,0,0,1,7050,7050,503.57142857142856,29,14120,0,120,0,0,1,0,0.99,4,0,0,0,0,0,0,0,0,1,0,0,,0.6833333333333333,0.0
task_0037,family_06,template_06,0.75,0.6667,14,NC1-SHUFFLED,0,0,1,1,7050,7050,500.0,29,14120,0,120,0,0,1,0,0.01,0,0,0,0,0,1,0,0,0,0,0,0,,0.0,0.0
task_0037,family_06,template_06,0.75,0.6667,14,NC2-RANDOM,1,0,0,1,7050,7050,500.0,29,14120,0,120,0,0,1,0,0.99,4,0,0,0,0,0,0,0,0,0,0,0,,0.0,0.0
task_0037,family_06,template_06,0.75,0.6667,14,NC3-LENGTH,1,0,0,1,7050,7050,500.0,29,14120,0,120,0,0,1,0,0.55,2,0,0,0,0,0,0,0,0,0,0,0,,0.0,0.0
task_0037,family_06,template_06,0.75,0.6667,14,NC4-ABLATION,1,0,0,1,7750,7750,550.0,29,1800,0,120,14,1,1,0,0.99,4,0,0,0,0,0,0,0,0,0,0,0,,0.0,0.0
task_0038,family_06,template_06,1.0,1.0,14,P-SPIDER-MEA,1,0,1,1,1170,1170,57.857142857142854,18,1980,150,30,14,0,0,0,0.01,0,1,1,1,1,1,1,1,0,1,0,0,ad9d98e271b1a798,0.6333333333333333,0.8666666666666667
task_0038,family_06,template_06,1.0,1.0,14,B-COLD,1,0,0,1,7050,7050,503.57142857142856,29,14120,0,120,0,0,1,0,0.9695,4,0,0,0,0,0,0,0,0,0,0,0,,0.6333333333333333,0.0
task_0038,family_06,template_06,1.0,1.0,14,B-RAG-EMBED,1,0,0,1,7250,7250,503.57142857142856,30,14270,150,120,0,0,1,0,0.9695,4,0,0,0,0,0,0,0,0,1,0,0,,0.6333333333333333,0.0
task_0038,family_06,template_06,1.0,1.0,14,B-STAGEHAND-CACHE,1,0,0,1,7050,7050,503.57142857142856,29,14120,0,120,0,0,1,0,0.9695,4,0,0,0,0,0,0,0,0,1,0,0,,0.6333333333333333,0.0
task_0038,family_06,template_06,1.0,1.0,14,B-TERX-REPLAY,1,0,0,1,7050,7050,503.57142857142856,29,14120,0,120,0,0,1,0,0.9695,4,0,0,0,0,0,0,0,0,1,0,0,,0.6333333333333333,0.0
task_0038,family_06,template_06,1.0,1.0,14,NC1-SHUFFLED,0,0,1,1,7050,7050,500.0,29,14120,0,120,0,0,1,0,0.01,0,0,0,0,0,1,0,0,0,0,0,0,,0.0,0.0
task_0038,family_06,template_06,1.0,1.0,14,NC2-RANDOM,1,0,0,1,7050,7050,500.0,29,14120,0,120,0,0,1,0,0.99,4,0,0,0,0,0,0,0,0,0,0,0,,0.0,0.0
task_0038,family_06,template_06,1.0,1.0,14,NC3-LENGTH,1,0,0,1,7050,7050,500.0,29,14120,0,120,0,0,1,0,0.55,2,0,0,0,0,0,0,0,0,0,0,0,,0.0,0.0
task_0038,family_06,template_06,1.0,1.0,14,NC4-ABLATION,0,1,0,0,7750,7750,550.0,29,1800,0,120,14,1,0,0,0.01,0,1,0,0,0,0,0,0,0,0,0,0,,0.0,0.0
task_0039,family_06,template_06,0.25,0.3333,14,P-SPIDER-MEA,1,0,0,1,1210,1210,60.714285714285715,18,2070,150,120,14,1,1,0,0.99,4,0,0,0,0,0,1,1,0,1,1,1,f57699f6770f0780,0.7,1.0
task_0039,family_06,template_06,0.25,0.3333,14,B-COLD,1,0,0,1,7050,7050,503.57142857142856,29,14120,0,120,0,0,1,0,0.99,4,0,0,0,0,0,0,0,0,0,0,0,,0.7,0.0
task_0039,family_06,template_06,0.25,0.3333,14,B-RAG-EMBED,1,0,0,1,3200,3200,214.28571428571428,21,6350,150,120,9,1,1,0,0.99,4,0,0,0,0,0,0,0,0,1,1,0,,0.7,0.0
task_0039,family_06,template_06,0.25,0.3333,14,B-STAGEHAND-CACHE,1,0,0,1,7050,7050,503.57142857142856,29,14120,0,120,0,0,1,0,0.99,4,0,0,0,0,0,0,0,0,1,0,0,,0.7,0.0
task_0039,family_06,template_06,0.25,0.3333,14,B-TERX-REPLAY,1,0,0,1,7050,7050,503.57142857142856,29,14120,0,120,0,0,1,0,0.99,4,0,0,0,0,0,0,0,0,1,0,0,,0.7,0.0
task_0039,family_06,template_06,0.25,0.3333,14,NC1-SHUFFLED,0,0,1,1,7050,7050,500.0,29,14120,0,120,0,0,1,0,0.01,0,0,0,0,0,1,0,0,0,0,0,0,,0.0,0.0
task_0039,family_06,template_06,0.25,0.3333,14,NC2-RANDOM,1,0,0,1,7050,7050,500.0,29,14120,0,120,0,0,1,0,0.99,4,0,0,0,0,0,0,0,0,0,0,0,,0.0,0.0
task_0039,family_06,template_06,0.25,0.3333,14,NC3-LENGTH,1,0,0,1,7050,7050,500.0,29,14120,0,120,0,0,1,0,0.55,2,0,0,0,0,0,0,0,0,0,0,0,,0.0,0.0
task_0039,family_06,template_06,0.25,0.3333,14,NC4-ABLATION,1,0,0,1,7750,7750,550.0,29,1800,0,120,14,1,1,0,0.978,4,0,0,0,0,0,0,0,0,0,0,0,,0.0,0.0
task_0040,family_06,template_06,0.5,0.6667,14,P-SPIDER-MEA,1,0,0,1,1170,1170,57.857142857142854,18,1980,150,30,14,1,1,0,0.9819,4,0,1,1,1,0,1,1,0,1,1,1,351c0c9b2f0d01e2,0.65,1.0
task_0040,family_06,template_06,0.5,0.6667,14,B-COLD,1,0,0,1,7050,7050,503.57142857142856,29,14120,0,120,0,0,1,0,0.9613,4,0,0,0,0,0,0,0,0,0,0,0,,0.65,0.0
task_0040,family_06,template_06,0.5,0.6667,14,B-RAG-EMBED,1,0,0,1,5000,5000,342.85714285714283,25,9870,150,120,5,1,1,0,0.9613,4,0,0,0,0,0,0,0,0,1,1,0,,0.65,0.0
task_0040,family_06,template_06,0.5,0.6667,14,B-STAGEHAND-CACHE,1,0,0,1,7050,7050,503.57142857142856,29,14120,0,120,0,0,1,0,0.9613,4,0,0,0,0,0,0,0,0,1,0,0,,0.65,0.0
task_0040,family_06,template_06,0.5,0.6667,14,B-TERX-REPLAY,1,0,0,1,7050,7050,503.57142857142856,29,14120,0,120,0,0,1,0,0.9613,4,0,0,0,0,0,0,0,0,1,0,0,,0.65,0.0
task_0040,family_06,template_06,0.5,0.6667,14,NC1-SHUFFLED,0,0,1,1,7050,7050,500.0,29,14120,0,120,0,0,1,0,0.01,0,0,0,0,0,1,0,0,0,0,0,0,,0.0,0.0
task_0040,family_06,template_06,0.5,0.6667,14,NC2-RANDOM,1,0,0,1,7050,7050,500.0,29,14120,0,120,0,0,1,0,0.99,4,0,0,0,0,0,0,0,0,0,0,0,,0.0,0.0
task_0040,family_06,template_06,0.5,0.6667,14,NC3-LENGTH,1,0,0,1,7050,7050,500.0,29,14120,0,120,0,0,1,0,0.55,2,0,0,0,0,0,0,0,0,0,0,0,,0.0,0.0
task_0040,family_06,template_06,0.5,0.6667,14,NC4-ABLATION,1,0,0,1,7750,7750,550.0,29,1800,0,120,14,1,1,0,0.99,4,0,0,0,0,0,0,0,0,0,0,0,,0.0,0.0
task_0041,family_06,template_06,0.75,0.6667,14,P-SPIDER-MEA,1,0,0,1,1210,1210,60.714285714285715,18,2070,150,120,14,1,1,0,0.99,4,0,0,0,0,0,1,1,0,1,1,1,a5f8c0a609cb9ff6,0.6071428571428572,0.9285714285714286
task_0041,family_06,template_06,0.75,0.6667,14,B-COLD,1,0,0,1,7050,7050,503.57142857142856,29,14120,0,120,0,0,1,0,0.99,4,0,0,0,0,0,0,0,0,0,0,0,,0.6071428571428572,0.0
task_0041,family_06,template_06,0.75,0.6667,14,B-RAG-EMBED,1,0,0,1,5000,5000,342.85714285714283,25,9870,150,120,5,1,1,0,0.99,4,0,0,0,0,0,0,0,0,1,1,0,,0.6071428571428572,0.0
task_0041,family_06,template_06,0.75,0.6667,14,B-STAGEHAND-CACHE,1,0,0,1,7050,7050,503.57142857142856,29,14120,0,120,0,0,1,0,0.99,4,0,0,0,0,0,0,0,0,1,0,0,,0.6071428571428572,0.0
task_0041,family_06,template_06,0.75,0.6667,14,B-TERX-REPLAY,1,0,0,1,7050,7050,503.57142857142856,29,14120,0,120,0,0,1,0,0.99,4,0,0,0,0,0,0,0,0,1,0,0,,0.6071428571428572,0.0
task_0041,family_06,template_06,0.75,0.6667,14,NC1-SHUFFLED,0,0,1,1,7050,7050,500.0,29,14120,0,120,0,0,1,0,0.0156,0,0,0,0,0,1,0,0,0,0,0,0,,0.0,0.0
task_0041,family_06,template_06,0.75,0.6667,14,NC2-RANDOM,1,0,0,1,7050,7050,500.0,29,14120,0,120,0,0,1,0,0.9565,4,0,0,0,0,0,0,0,0,0,0,0,,0.0,0.0
task_0041,family_06,template_06,0.75,0.6667,14,NC3-LENGTH,1,0,0,1,7050,7050,500.0,29,14120,0,120,0,0,1,0,0.55,2,0,0,0,0,0,0,0,0,0,0,0,,0.0,0.0
task_0041,family_06,template_06,0.75,0.6667,14,NC4-ABLATION,0,1,0,0,7750,7750,550.0,29,1800,0,120,14,1,0,0,0.01,0,1,0,0,0,0,0,0,0,0,0,0,,0.0,0.0
task_0042,family_07,template_07,0.0,0.0,8,P-SPIDER-MEA,1,0,0,1,910,910,68.75,12,1350,150,120,8,1,1,0,0.9572,4,0,0,0,0,0,1,1,0,1,1,1,b900ad86fcfe5b2a,0.5,1.0
task_0042,family_07,template_07,0.0,0.0,8,B-COLD,1,0,0,1,4050,4050,506.25,17,8120,0,120,0,0,1,0,0.99,4,0,0,0,0,0,0,0,0,0,0,0,,0.5,0.0
task_0042,family_07,template_07,0.0,0.0,8,B-RAG-EMBED,1,0,0,1,650,650,56.25,10,1230,150,120,8,1,1,0,0.99,4,0,0,0,0,0,0,0,0,1,1,0,,0.5,0.0
task_0042,family_07,template_07,0.0,0.0,8,B-STAGEHAND-CACHE,1,0,0,1,450,450,56.25,9,1080,0,120,8,1,1,0,0.99,4,0,0,0,0,0,0,0,0,1,1,0,,0.5,0.0
task_0042,family_07,template_07,0.0,0.0,8,B-TERX-REPLAY,1,0,0,1,450,450,56.25,9,1080,0,120,8,1,1,0,0.99,4,0,0,0,0,0,0,0,0,1,1,0,,0.5,0.0
task_0042,family_07,template_07,0.0,0.0,8,NC1-SHUFFLED,0,0,1,1,4050,4050,500.0,17,8120,0,120,0,0,1,0,0.01,0,0,0,0,0,1,0,0,0,0,0,0,,0.0,0.0
task_0042,family_07,template_07,0.0,0.0,8,NC2-RANDOM,1,0,0,1,4050,4050,500.0,17,8120,0,120,0,0,1,0,0.99,4,0,0,0,0,0,0,0,0,0,0,0,,0.0,0.0
task_0042,family_07,template_07,0.0,0.0,8,NC3-LENGTH,1,0,0,1,4050,4050,500.0,17,8120,0,120,0,0,1,0,0.55,2,0,0,0,0,0,0,0,0,0,0,0,,0.0,0.0
task_0042,family_07,template_07,0.0,0.0,8,NC4-ABLATION,1,0,0,1,4450,4450,550.0,17,1080,0,120,8,1,1,0,0.99,4,0,0,0,0,0,0,0,0,0,0,0,,0.0,0.0
task_0043,family_07,template_07,1.0,1.0,8,P-SPIDER-MEA,1,0,0,1,910,910,68.75,12,1350,150,120,8,1,1,0,0.99,4,0,0,0,0,0,1,1,0,1,1,1,34f2f7a988f203ee,0.4,0.8
task_0043,family_07,template_07,1.0,1.0,8,B-COLD,1,0,0,1,4050,4050,506.25,17,8120,0,120,0,0,1,0,0.99,4,0,0,0,0,0,0,0,0,0,0,0,,0.4,0.0
task_0043,family_07,template_07,1.0,1.0,8,B-RAG-EMBED,1,0,0,1,4250,4250,506.25,18,8270,150,120,0,0,1,0,0.99,4,0,0,0,0,0,0,0,0,1,0,0,,0.4,0.0
task_0043,family_07,template_07,1.0,1.0,8,B-STAGEHAND-CACHE,1,0,0,1,4050,4050,506.25,17,8120,0,120,0,0,1,0,0.99,4,0,0,0,0,0,0,0,0,1,0,0,,0.4,0.0
task_0043,family_07,template_07,1.0,1.0,8,B-TERX-REPLAY,1,0,0,1,4050,4050,506.25,17,8120,0,120,0,0,1,0,0.99,4,0,0,0,0,0,0,0,0,1,0,0,,0.4,0.0
task_0043,family_07,template_07,1.0,1.0,8,NC1-SHUFFLED,0,0,1,1,4050,4050,500.0,17,8120,0,120,0,0,1,0,0.0191,0,0,0,0,0,1,0,0,0,0,0,0,,0.0,0.0
task_0043,family_07,template_07,1.0,1.0,8,NC2-RANDOM,1,0,0,1,4050,4050,500.0,17,8120,0,120,0,0,1,0,0.9507,4,0,0,0,0,0,0,0,0,0,0,0,,0.0,0.0
task_0043,family_07,template_07,1.0,1.0,8,NC3-LENGTH,1,0,0,1,4050,4050,500.0,17,8120,0,120,0,0,1,0,0.55,2,0,0,0,0,0,0,0,0,0,0,0,,0.0,0.0
task_0043,family_07,template_07,1.0,1.0,8,NC4-ABLATION,0,1,0,0,4450,4450,550.0,17,1080,0,120,8,1,0,0,0.01,0,1,0,0,0,0,0,0,0,0,0,0,,0.0,0.0
task_0044,family_07,template_07,0.25,0.0,8,P-SPIDER-MEA,1,0,0,1,870,870,63.75,12,1260,150,30,8,1,1,0,0.9813,4,0,1,1,1,0,1,1,0,1,1,1,6e1b372a5515db2a,0.5,1.0
task_0044,family_07,template_07,0.25,0.0,8,B-COLD,1,0,0,1,4050,4050,506.25,17,8120,0,120,0,0,1,0,0.9728,4,0,0,0,0,0,0,0,0,0,0,0,,0.5,0.0
task_0044,family_07,template_07,0.25,0.0,8,B-RAG-EMBED,1,0,0,1,650,650,56.25,10,1230,150,120,8,1,1,0,0.9728,4,0,0,0,0,0,0,0,0,1,1,0,,0.5,0.0
task_0044,family_07,template_07,0.25,0.0,8,B-STAGEHAND-CACHE,1,0,0,1,4050,4050,506.25,17,8120,0,120,0,0,1,0,0.9728,4,0,0,0,0,0,0,0,0,1,0,0,,0.5,0.0
task_0044,family_07,template_07,0.25,0.0,8,B-TERX-REPLAY,1,0,0,1,4050,4050,506.25,17,8120,0,120,0,0,1,0,0.9728,4,0,0,0,0,0,0,0,0,1,0,0,,0.5,0.0
task_0044,family_07,template_07,0.25,0.0,8,NC1-SHUFFLED,0,0,1,1,4050,4050,500.0,17,8120,0,120,0,0,1,0,0.01,0,0,0,0,0,1,0,0,0,0,0,0,,0.0,0.0
task_0044,family_07,template_07,0.25,0.0,8,NC2-RANDOM,1,0,0,1,4050,4050,500.0,17,8120,0,120,0,0,1,0,0.99,4,0,0,0,0,0,0,0,0,0,0,0,,0.0,0.0
task_0044,family_07,template_07,0.25,0.0,8,NC3-LENGTH,1,0,0,1,4050,4050,500.0,17,8120,0,120,0,0,1,0,0.55,2,0,0,0,0,0,0,0,0,0,0,0,,0.0,0.0
task_0044,family_07,template_07,0.25,0.0,8,NC4-ABLATION,1,0,0,1,4450,4450,550.0,17,1080,0,120,8,1,1,0,0.9687,4,0,0,0,0,0,0,0,0,0,0,0,,0.0,0.0
task_0045,family_07,template_07,0.5,1.0,8,P-SPIDER-MEA,1,0,1,1,870,870,63.75,12,1260,150,30,8,0,0,0,0.0341,0,1,1,1,1,1,1,1,0,1,0,0,a5dbf04881cfe8e4,0.4,0.8
task_0045,family_07,template_07,0.5,1.0,8,B-COLD,1,0,0,1,4050,4050,506.25,17,8120,0,120,0,0,1,0,0.99,4,0,0,0,0,0,0,0,0,0,0,0,,0.4,0.0
task_0045,family_07,template_07,0.5,1.0,8,B-RAG-EMBED,1,0,0,1,4250,4250,506.25,18,8270,150,120,0,0,1,0,0.99,4,0,0,0,0,0,0,0,0,1,0,0,,0.4,0.0
task_0045,family_07,template_07,0.5,1.0,8,B-STAGEHAND-CACHE,1,0,0,1,4050,4050,506.25,17,8120,0,120,0,0,1,0,0.99,4,0,0,0,0,0,0,0,0,1,0,0,,0.4,0.0
task_0045,family_07,template_07,0.5,1.0,8,B-TERX-REPLAY,1,0,0,1,4050,4050,506.25,17,8120,0,120,0,0,1,0,0.99,4,0,0,0,0,0,0,0,0,1,0,0,,0.4,0.0
task_0045,family_07,template_07,0.5,1.0,8,NC1-SHUFFLED,0,0,1,1,4050,4050,500.0,17,8120,0,120,0,0,1,0,0.0139,0,0,0,0,0,1,0,0,0,0,0,0,,0.0,0.0
task_0045,family_07,template_07,0.5,1.0,8,NC2-RANDOM,1,0,0,1,4050,4050,500.0,17,8120,0,120,0,0,1,0,0.99,4,0,0,0,0,0,0,0,0,0,0,0,,0.0,0.0
task_0045,family_07,template_07,0.5,1.0,8,NC3-LENGTH,1,0,0,1,4050,4050,500.0,17,8120,0,120,0,0,1,0,0.55,2,0,0,0,0,0,0,0,0,0,0,0,,0.0,0.0
task_0045,family_07,template_07,0.5,1.0,8,NC4-ABLATION,1,0,0,1,4450,4450,550.0,17,1080,0,120,8,1,1,0,0.99,4,0,0,0,0,0,0,0,0,0,0,0,,0.0,0.0
task_0046,family_07,template_07,0.75,1.0,8,P-SPIDER-MEA,1,0,0,1,870,870,63.75,12,1260,150,30,8,1,1,0,0.99,4,0,1,1,1,0,1,1,0,1,1,1,64670cb8e0fc7c60,0.4,0.8
task_0046,family_07,template_07,0.75,1.0,8,B-COLD,1,0,0,1,4050,4050,506.25,17,8120,0,120,0,0,1,0,0.9504,4,0,0,0,0,0,0,0,0,0,0,0,,0.4,0.0
task_0046,family_07,template_07,0.75,1.0,8,B-RAG-EMBED,1,0,0,1,4250,4250,506.25,18,8270,150,120,0,0,1,0,0.9504,4,0,0,0,0,0,0,0,0,1,0,0,,0.4,0.0
task_0046,family_07,template_07,0.75,1.0,8,B-STAGEHAND-CACHE,1,0,0,1,4050,4050,506.25,17,8120,0,120,0,0,1,0,0.9504,4,0,0,0,0,0,0,0,0,1,0,0,,0.4,0.0
task_0046,family_07,template_07,0.75,1.0,8,B-TERX-REPLAY,1,0,0,1,4050,4050,506.25,17,8120,0,120,0,0,1,0,0.9504,4,0,0,0,0,0,0,0,0,1,0,0,,0.4,0.0
task_0046,family_07,template_07,0.75,1.0,8,NC1-SHUFFLED,0,0,1,1,4050,4050,500.0,17,8120,0,120,0,0,1,0,0.0365,0,0,0,0,0,1,0,0,0,0,0,0,,0.0,0.0
task_0046,family_07,template_07,0.75,1.0,8,NC2-RANDOM,1,0,0,1,4050,4050,500.0,17,8120,0,120,0,0,1,0,0.99,4,0,0,0,0,0,0,0,0,0,0,0,,0.0,0.0
task_0046,family_07,template_07,0.75,1.0,8,NC3-LENGTH,1,0,0,1,4050,4050,500.0,17,8120,0,120,0,0,1,0,0.55,2,0,0,0,0,0,0,0,0,0,0,0,,0.0,0.0
task_0046,family_07,template_07,0.75,1.0,8,NC4-ABLATION,0,1,0,0,4450,4450,550.0,17,1080,0,120,8,1,0,0,0.01,0,1,0,0,0,0,0,0,0,0,0,0,,0.0,0.0
task_0047,family_07,template_07,1.0,1.0,8,P-SPIDER-MEA,1,0,1,1,870,870,63.75,12,1260,150,30,8,0,0,0,0.0391,0,1,1,1,1,1,1,1,0,1,0,0,d5dfb7c44dc54a70,0.35,0.7
task_0047,family_07,template_07,1.0,1.0,8,B-COLD,1,0,0,1,4050,4050,506.25,17,8120,0,120,0,0,1,0,0.9684,4,0,0,0,0,0,0,0,0,0,0,0,,0.35,0.0
task_0047,family_07,template_07,1.0,1.0,8,B-RAG-EMBED,1,0,0,1,4250,4250,506.25,18,8270,150,120,0,0,1,0,0.9684,4,0,0,0,0,0,0,0,0,1,0,0,,0.35,0.0
task_0047,family_07,template_07,1.0,1.0,8,B-STAGEHAND-CACHE,1,0,0,1,4050,4050,506.25,17,8120,0,120,0,0,1,0,0.9684,4,0,0,0,0,0,0,0,0,1,0,0,,0.35,0.0
task_0047,family_07,template_07,1.0,1.0,8,B-TERX-REPLAY,1,0,0,1,4050,4050,506.25,17,8120,0,120,0,0,1,0,0.9684,4,0,0,0,0,0,0,0,0,1,0,0,,0.35,0.0
task_0047,family_07,template_07,1.0,1.0,8,NC1-SHUFFLED,0,0,1,1,4050,4050,500.0,17,8120,0,120,0,0,1,0,0.0279,0,0,0,0,0,1,0,0,0,0,0,0,,0.0,0.0
task_0047,family_07,template_07,1.0,1.0,8,NC2-RANDOM,1,0,0,1,4050,4050,500.0,17,8120,0,120,0,0,1,0,0.99,4,0,0,0,0,0,0,0,0,0,0,0,,0.0,0.0
task_0047,family_07,template_07,1.0,1.0,8,NC3-LENGTH,1,0,0,1,4050,4050,500.0,17,8120,0,120,0,0,1,0,0.55,2,0,0,0,0,0,0,0,0,0,0,0,,0.0,0.0
task_0047,family_07,template_07,1.0,1.0,8,NC4-ABLATION,1,0,0,1,4450,4450,550.0,17,1080,0,120,8,1,1,0,0.99,4,0,0,0,0,0,0,0,0,0,0,0,,0.0,0.0
task_0048,family_08,template_08,0.0,0.0,9,P-SPIDER-MEA,1,0,0,1,960,960,66.66666666666667,13,1470,150,120,9,1,1,0,0.99,4,0,0,0,0,0,1,1,0,1,1,1,02bb8256db308550,0.6666666666666666,1.0
task_0048,family_08,template_08,0.0,0.0,9,B-COLD,1,0,0,1,4550,4550,505.55555555555554,19,9120,0,120,0,0,1,0,0.99,4,0,0,0,0,0,0,0,0,0,0,0,,0.6666666666666666,0.0
task_0048,family_08,template_08,0.0,0.0,9,B-RAG-EMBED,1,0,0,1,700,700,55.55555555555556,11,1350,150,120,9,1,1,0,0.99,4,0,0,0,0,0,0,0,0,1,1,0,,0.6666666666666666,0.0
task_0048,family_08,template_08,0.0,0.0,9,B-STAGEHAND-CACHE,1,0,0,1,500,500,55.55555555555556,10,1200,0,120,9,1,1,0,0.99,4,0,0,0,0,0,0,0,0,1,1,0,,0.6666666666666666,0.0
task_0048,family_08,template_08,0.0,0.0,9,B-TERX-REPLAY,1,0,0,1,500,500,55.55555555555556,10,1200,0,120,9,1,1,0,0.99,4,0,0,0,0,0,0,0,0,1,1,0,,0.6666666666666666,0.0
task_0048,family_08,template_08,0.0,0.0,9,NC1-SHUFFLED,0,0,1,1,4550,4550,500.0,19,9120,0,120,0,0,1,0,0.01,0,0,0,0,0,1,0,0,0,0,0,0,,0.0,0.0
task_0048,family_08,template_08,0.0,0.0,9,NC2-RANDOM,1,0,0,1,4550,4550,500.0,19,9120,0,120,0,0,1,0,0.99,4,0,0,0,0,0,0,0,0,0,0,0,,0.0,0.0
task_0048,family_08,template_08,0.0,0.0,9,NC3-LENGTH,1,0,0,1,4550,4550,500.0,19,9120,0,120,0,0,1,0,0.55,2,0,0,0,0,0,0,0,0,0,0,0,,0.0,0.0
task_0048,family_08,template_08,0.0,0.0,9,NC4-ABLATION,0,1,0,0,5000,5000,550.0,19,1200,0,120,9,1,0,0,0.0162,0,1,0,0,0,0,0,0,0,0,0,0,,0.0,0.0
task_0049,family_08,template_08,0.25,0.5,9,P-SPIDER-MEA,1,0,0,1,960,960,66.66666666666667,13,1470,150,120,9,1,1,0,0.99,4,0,0,0,0,0,1,1,0,1,1,1,d178dac283cf7c50,0.6222222222222222,1.0
task_0049,family_08,template_08,0.25,0.5,9,B-COLD,1,0,0,1,4550,4550,505.55555555555554,19,9120,0,120,0,0,1,0,0.99,4,0,0,0,0,0,0,0,0,0,0,0,,0.6222222222222222,0.0
task_0049,family_08,template_08,0.25,0.5,9,B-RAG-EMBED,1,0,0,1,2500,2500,255.55555555555554,15,4870,150,120,5,1,1,0,0.99,4,0,0,0,0,0,0,0,0,1,1,0,,0.6222222222222222,0.0
task_0049,family_08,template_08,0.25,0.5,9,B-STAGEHAND-CACHE,1,0,0,1,4550,4550,505.55555555555554,19,9120,0,120,0,0,1,0,0.99,4,0,0,0,0,0,0,0,0,1,0,0,,0.6222222222222222,0.0
task_0049,family_08,template_08,0.25,0.5,9,B-TERX-REPLAY,1,0,0,1,4550,4550,505.55555555555554,19,9120,0,120,0,0,1,0,0.99,4,0,0,0,0,0,0,0,0,1,0,0,,0.6222222222222222,0.0
task_0049,family_08,template_08,0.25,0.5,9,NC1-SHUFFLED,0,0,1,1,4550,4550,500.0,19,9120,0,120,0,0,1,0,0.0503,0,0,0,0,0,1,0,0,0,0,0,0,,0.0,0.0
task_0049,family_08,template_08,0.25,0.5,9,NC2-RANDOM,1,0,0,1,4550,4550,500.0,19,9120,0,120,0,0,1,0,0.99,4,0,0,0,0,0,0,0,0,0,0,0,,0.0,0.0
task_0049,family_08,template_08,0.25,0.5,9,NC3-LENGTH,1,0,0,1,4550,4550,500.0,19,9120,0,120,0,0,1,0,0.55,2,0,0,0,0,0,0,0,0,0,0,0,,0.0,0.0
task_0049,family_08,template_08,0.25,0.5,9,NC4-ABLATION,1,0,0,1,5000,5000,550.0,19,1200,0,120,9,1,1,0,0.9681,4,0,0,0,0,0,0,0,0,0,0,0,,0.0,0.0
task_0050,family_08,template_08,0.5,0.5,9,P-SPIDER-MEA,1,0,0,1,960,960,66.66666666666667,13,1470,150,120,9,1,1,0,0.99,4,0,0,0,0,0,1,1,0,1,1,1,a9dfa58ab5da4dd9,0.6,1.0
task_0050,family_08,template_08,0.5,0.5,9,B-COLD,1,0,0,1,4550,4550,505.55555555555554,19,9120,0,120,0,0,1,0,0.99,4,0,0,0,0,0,0,0,0,0,0,0,,0.6,0.0
task_0050,family_08,template_08,0.5,0.5,9,B-RAG-EMBED,1,0,0,1,2500,2500,255.55555555555554,15,4870,150,120,5,1,1,0,0.99,4,0,0,0,0,0,0,0,0,1,1,0,,0.6,0.0
task_0050,family_08,template_08,0.5,0.5,9,B-STAGEHAND-CACHE,1,0,0,1,4550,4550,505.55555555555554,19,9120,0,120,0,0,1,0,0.99,4,0,0,0,0,0,0,0,0,1,0,0,,0.6,0.0
task_0050,family_08,template_08,0.5,0.5,9,B-TERX-REPLAY,1,0,0,1,4550,4550,505.55555555555554,19,9120,0,120,0,0,1,0,0.99,4,0,0,0,0,0,0,0,0,1,0,0,,0.6,0.0
task_0050,family_08,template_08,0.5,0.5,9,NC1-SHUFFLED,1,0,0,1,4550,4550,500.0,19,9120,0,120,0,0,1,0,0.9837,4,0,0,0,0,0,0,0,0,0,0,0,,0.0,0.0
task_0050,family_08,template_08,0.5,0.5,9,NC2-RANDOM,1,0,0,1,4550,4550,500.0,19,9120,0,120,0,0,1,0,0.99,4,0,0,0,0,0,0,0,0,0,0,0,,0.0,0.0
task_0050,family_08,template_08,0.5,0.5,9,NC3-LENGTH,1,0,0,1,4550,4550,500.0,19,9120,0,120,0,0,1,0,0.55,2,0,0,0,0,0,0,0,0,0,0,0,,0.0,0.0
task_0050,family_08,template_08,0.5,0.5,9,NC4-ABLATION,1,0,0,1,5000,5000,550.0,19,1200,0,120,9,1,1,0,0.9689,4,0,0,0,0,0,0,0,0,0,0,0,,0.0,0.0
task_0051,family_08,template_08,0.75,1.0,9,P-SPIDER-MEA,1,0,0,1,960,960,66.66666666666667,13,1470,150,120,9,1,1,0,0.9649,4,0,0,0,0,0,1,1,0,1,1,1,81d145846bb95299,0.5555555555555556,0.8666666666666667
task_0051,family_08,template_08,0.75,1.0,9,B-COLD,1,0,0,1,4550,4550,505.55555555555554,19,9120,0,120,0,0,1,0,0.99,4,0,0,0,0,0,0,0,0,0,0,0,,0.5555555555555556,0.0
task_0051,family_08,template_08,0.75,1.0,9,B-RAG-EMBED,1,0,0,1,4750,4750,505.55555555555554,20,9270,150,120,0,0,1,0,0.99,4,0,0,0,0,0,0,0,0,1,0,0,,0.5555555555555556,0.0
task_0051,family_08,template_08,0.75,1.0,9,B-STAGEHAND-CACHE,1,0,0,1,4550,4550,505.55555555555554,19,9120,0,120,0,0,1,0,0.99,4,0,0,0,0,0,0,0,0,1,0,0,,0.5555555555555556,0.0
task_0051,family_08,template_08,0.75,1.0,9,B-TERX-REPLAY,1,0,0,1,4550,4550,505.55555555555554,19,9120,0,120,0,0,1,0,0.99,4,0,0,0,0,0,0,0,0,1,0,0,,0.5555555555555556,0.0
task_0051,family_08,template_08,0.75,1.0,9,NC1-SHUFFLED,0,0,1,1,4550,4550,500.0,19,9120,0,120,0,0,1,0,0.01,0,0,0,0,0,1,0,0,0,0,0,0,,0.0,0.0
task_0051,family_08,template_08,0.75,1.0,9,NC2-RANDOM,1,0,0,1,4550,4550,500.0,19,9120,0,120,0,0,1,0,0.99,4,0,0,0,0,0,0,0,0,0,0,0,,0.0,0.0
task_0051,family_08,template_08,0.75,1.0,9,NC3-LENGTH,1,0,0,1,4550,4550,500.0,19,9120,0,120,0,0,1,0,0.55,2,0,0,0,0,0,0,0,0,0,0,0,,0.0,0.0
task_0051,family_08,template_08,0.75,1.0,9,NC4-ABLATION,0,1,0,0,5000,5000,550.0,19,1200,0,120,9,1,0,0,0.01,0,1,0,0,0,0,0,0,0,0,0,0,,0.0,0.0
task_0052,family_08,template_08,1.0,1.0,9,P-SPIDER-MEA,1,0,0,1,920,920,62.22222222222222,13,1380,150,30,9,1,1,0,0.99,4,0,1,1,1,0,1,1,0,1,1,1,b6fd5bddc683c0ee,0.5333333333333333,0.8
task_0052,family_08,template_08,1.0,1.0,9,B-COLD,1,0,0,1,4550,4550,505.55555555555554,19,9120,0,120,0,0,1,0,0.9722,4,0,0,0,0,0,0,0,0,0,0,0,,0.5333333333333333,0.0
task_0052,family_08,template_08,1.0,1.0,9,B-RAG-EMBED,1,0,0,1,4750,4750,505.55555555555554,20,9270,150,120,0,0,1,0,0.9722,4,0,0,0,0,0,0,0,0,1,0,0,,0.5333333333333333,0.0
task_0052,family_08,template_08,1.0,1.0,9,B-STAGEHAND-CACHE,1,0,0,1,4550,4550,505.55555555555554,19,9120,0,120,0,0,1,0,0.9722,4,0,0,0,0,0,0,0,0,1,0,0,,0.5333333333333333,0.0
task_0052,family_08,template_08,1.0,1.0,9,B-TERX-REPLAY,1,0,0,1,4550,4550,505.55555555555554,19,9120,0,120,0,0,1,0,0.9722,4,0,0,0,0,0,0,0,0,1,0,0,,0.5333333333333333,0.0
task_0052,family_08,template_08,1.0,1.0,9,NC1-SHUFFLED,0,0,1,1,4550,4550,500.0,19,9120,0,120,0,0,1,0,0.01,0,0,0,0,0,1,0,0,0,0,0,0,,0.0,0.0
task_0052,family_08,template_08,1.0,1.0,9,NC2-RANDOM,1,0,0,1,4550,4550,500.0,19,9120,0,120,0,0,1,0,0.99,4,0,0,0,0,0,0,0,0,0,0,0,,0.0,0.0
task_0052,family_08,template_08,1.0,1.0,9,NC3-LENGTH,1,0,0,1,4550,4550,500.0,19,9120,0,120,0,0,1,0,0.55,2,0,0,0,0,0,0,0,0,0,0,0,,0.0,0.0
task_0052,family_08,template_08,1.0,1.0,9,NC4-ABLATION,1,0,0,1,5000,5000,550.0,19,1200,0,120,9,1,1,0,0.99,4,0,0,0,0,0,0,0,0,0,0,0,,0.0,0.0
task_0053,family_08,template_08,0.25,0.5,9,P-SPIDER-MEA,1,0,1,1,920,920,62.22222222222222,13,1380,150,30,9,0,0,0,0.01,0,1,1,1,1,1,1,1,0,1,0,0,dd214aaec8854f75,0.562962962962963,0.8888888888888888
task_0053,family_08,template_08,0.25,0.5,9,B-COLD,1,0,0,1,4550,4550,505.55555555555554,19,9120,0,120,0,0,1,0,0.9867,4,0,0,0,0,0,0,0,0,0,0,0,,0.562962962962963,0.0
task_0053,family_08,template_08,0.25,0.5,9,B-RAG-EMBED,1,0,0,1,2500,2500,255.55555555555554,15,4870,150,120,5,1,1,0,0.9867,4,0,0,0,0,0,0,0,0,1,1,0,,0.562962962962963,0.0
task_0053,family_08,template_08,0.25,0.5,9,B-STAGEHAND-CACHE,1,0,0,1,4550,4550,505.55555555555554,19,9120,0,120,0,0,1,0,0.9867,4,0,0,0,0,0,0,0,0,1,0,0,,0.562962962962963,0.0
task_0053,family_08,template_08,0.25,0.5,9,B-TERX-REPLAY,1,0,0,1,4550,4550,505.55555555555554,19,9120,0,120,0,0,1,0,0.9867,4,0,0,0,0,0,0,0,0,1,0,0,,0.562962962962963,0.0
task_0053,family_08,template_08,0.25,0.5,9,NC1-SHUFFLED,0,0,1,1,4550,4550,500.0,19,9120,0,120,0,0,1,0,0.0283,0,0,0,0,0,1,0,0,0,0,0,0,,0.0,0.0
task_0053,family_08,template_08,0.25,0.5,9,NC2-RANDOM,1,0,0,1,4550,4550,500.0,19,9120,0,120,0,0,1,0,0.99,4,0,0,0,0,0,0,0,0,0,0,0,,0.0,0.0
task_0053,family_08,template_08,0.25,0.5,9,NC3-LENGTH,1,0,0,1,4550,4550,500.0,19,9120,0,120,0,0,1,0,0.55,2,0,0,0,0,0,0,0,0,0,0,0,,0.0,0.0
task_0053,family_08,template_08,0.25,0.5,9,NC4-ABLATION,0,1,0,0,5000,5000,550.0,19,1200,0,120,9,1,0,0,0.0462,0,1,0,0,0,0,0,0,0,0,0,0,,0.0,0.0
task_0054,family_09,template_09,0.0,0.0,10,P-SPIDER-MEA,1,0,0,1,1010,1010,65.0,14,1590,150,120,10,1,1,0,0.9582,4,0,0,0,0,0,1,1,0,1,1,1,2e37bbacca26af88,0.6666666666666666,1.0
task_0054,family_09,template_09,0.0,0.0,10,B-COLD,1,0,0,1,5050,5050,505.0,21,10120,0,120,0,0,1,0,0.99,4,0,0,0,0,0,0,0,0,0,0,0,,0.6666666666666666,0.0
task_0054,family_09,template_09,0.0,0.0,10,B-RAG-EMBED,1,0,0,1,750,750,55.0,12,1470,150,120,10,1,1,0,0.99,4,0,0,0,0,0,0,0,0,1,1,0,,0.6666666666666666,0.0
task_0054,family_09,template_09,0.0,0.0,10,B-STAGEHAND-CACHE,1,0,0,1,550,550,55.0,11,1320,0,120,10,1,1,0,0.99,4,0,0,0,0,0,0,0,0,1,1,0,,0.6666666666666666,0.0
task_0054,family_09,template_09,0.0,0.0,10,B-TERX-REPLAY,1,0,0,1,550,550,55.0,11,1320,0,120,10,1,1,0,0.99,4,0,0,0,0,0,0,0,0,1,1,0,,0.6666666666666666,0.0
task_0054,family_09,template_09,0.0,0.0,10,NC1-SHUFFLED,0,0,1,1,5050,5050,500.0,21,10120,0,120,0,0,1,0,0.0451,0,0,0,0,0,1,0,0,0,0,0,0,,0.0,0.0
task_0054,family_09,template_09,0.0,0.0,10,NC2-RANDOM,1,0,0,1,5050,5050,500.0,21,10120,0,120,0,0,1,0,0.9846,4,0,0,0,0,0,0,0,0,0,0,0,,0.0,0.0
task_0054,family_09,template_09,0.0,0.0,10,NC3-LENGTH,1,0,0,1,5050,5050,500.0,21,10120,0,120,0,0,1,0,0.55,2,0,0,0,0,0,0,0,0,0,0,0,,0.0,0.0
task_0054,family_09,template_09,0.0,0.0,10,NC4-ABLATION,1,0,0,1,5550,5550,550.0,21,1320,0,120,10,1,1,0,0.9836,4,0,0,0,0,0,0,0,0,0,0,0,,0.0,0.0
task_0055,family_09,template_09,0.5,0.5,10,P-SPIDER-MEA,1,0,1,1,1010,1010,65.0,14,1590,150,120,10,0,0,0,0.01,0,1,0,0,0,1,1,1,0,1,0,0,ba624039350cef53,0.6,1.0
task_0055,family_09,template_09,0.5,0.5,10,B-COLD,1,0,0,1,5050,5050,505.0,21,10120,0,120,0,0,1,0,0.99,4,0,0,0,0,0,0,0,0,0,0,0,,0.6,0.0
task_0055,family_09,template_09,0.5,0.5,10,B-RAG-EMBED,1,0,0,1,3000,3000,280.0,17,5870,150,120,5,1,1,0,0.99,4,0,0,0,0,0,0,0,0,1,1,0,,0.6,0.0
task_0055,family_09,template_09,0.5,0.5,10,B-STAGEHAND-CACHE,1,0,0,1,5050,5050,505.0,21,10120,0,120,0,0,1,0,0.99,4,0,0,0,0,0,0,0,0,1,0,0,,0.6,0.0
task_0055,family_09,template_09,0.5,0.5,10,B-TERX-REPLAY,1,0,0,1,5050,5050,505.0,21,10120,0,120,0,0,1,0,0.99,4,0,0,0,0,0,0,0,0,1,0,0,,0.6,0.0
task_0055,family_09,template_09,0.5,0.5,10,NC1-SHUFFLED,0,0,1,1,5050,5050,500.0,21,10120,0,120,0,0,1,0,0.01,0,0,0,0,0,1,0,0,0,0,0,0,,0.0,0.0
task_0055,family_09,template_09,0.5,0.5,10,NC2-RANDOM,1,0,0,1,5050,5050,500.0,21,10120,0,120,0,0,1,0,0.99,4,0,0,0,0,0,0,0,0,0,0,0,,0.0,0.0
task_0055,family_09,template_09,0.5,0.5,10,NC3-LENGTH,1,0,0,1,5050,5050,500.0,21,10120,0,120,0,0,1,0,0.55,2,0,0,0,0,0,0,0,0,0,0,0,,0.0,0.0
task_0055,family_09,template_09,0.5,0.5,10,NC4-ABLATION,1,0,0,1,5550,5550,550.0,21,1320,0,120,10,1,1,0,0.99,4,0,0,0,0,0,0,0,0,0,0,0,,0.0,0.0
task_0056,family_09,template_09,0.75,1.0,10,P-SPIDER-MEA,1,0,0,1,1010,1010,65.0,14,1590,150,120,10,1,1,0,0.96,4,0,0,0,0,0,1,1,0,1,1,1,14124bdde84d885b,0.5523809523809524,0.8571428571428571
task_0056,family_09,template_09,0.75,1.0,10,B-COLD,1,0,0,1,5050,5050,505.0,21,10120,0,120,0,0,1,0,0.99,4,0,0,0,0,0,0,0,0,0,0,0,,0.5523809523809524,0.0
task_0056,family_09,template_09,0.75,1.0,10,B-RAG-EMBED,1,0,0,1,5250,5250,505.0,22,10270,150,120,0,0,1,0,0.99,4,0,0,0,0,0,0,0,0,1,0,0,,0.5523809523809524,0.0
task_0056,family_09,template_09,0.75,1.0,10,B-STAGEHAND-CACHE,1,0,0,1,5050,5050,505.0,21,10120,0,120,0,0,1,0,0.99,4,0,0,0,0,0,0,0,0,1,0,0,,0.5523809523809524,0.0
task_0056,family_09,template_09,0.75,1.0,10,B-TERX-REPLAY,1,0,0,1,5050,5050,505.0,21,10120,0,120,0,0,1,0,0.99,4,0,0,0,0,0,0,0,0,1,0,0,,0.5523809523809524,0.0
task_0056,family_09,template_09,0.75,1.0,10,NC1-SHUFFLED,0,0,1,1,5050,5050,500.0,21,10120,0,120,0,0,1,0,0.01,0,0,0,0,0,1,0,0,0,0,0,0,,0.0,0.0
task_0056,family_09,template_09,0.75,1.0,10,NC2-RANDOM,1,0,0,1,5050,5050,500.0,21,10120,0,120,0,0,1,0,0.9759,4,0,0,0,0,0,0,0,0,0,0,0,,0.0,0.0
task_0056,family_09,template_09,0.75,1.0,10,NC3-LENGTH,1,0,0,1,5050,5050,500.0,21,10120,0,120,0,0,1,0,0.55,2,0,0,0,0,0,0,0,0,0,0,0,,0.0,0.0
task_0056,family_09,template_09,0.75,1.0,10,NC4-ABLATION,0,1,0,0,5550,5550,550.0,21,1320,0,120,10,1,0,0,0.0105,0,1,0,0,0,0,0,0,0,0,0,0,,0.0,0.0
task_0057,family_09,template_09,1.0,1.0,10,P-SPIDER-MEA,1,0,1,1,1010,1010,65.0,14,1590,150,120,10,0,0,0,0.01,0,1,0,0,0,1,1,1,0,1,0,0,0074a041c2dc8acb,0.5523809523809524,0.8571428571428571
task_0057,family_09,template_09,1.0,1.0,10,B-COLD,1,0,0,1,5050,5050,505.0,21,10120,0,120,0,0,1,0,0.99,4,0,0,0,0,0,0,0,0,0,0,0,,0.5523809523809524,0.0
task_0057,family_09,template_09,1.0,1.0,10,B-RAG-EMBED,1,0,0,1,5250,5250,505.0,22,10270,150,120,0,0,1,0,0.99,4,0,0,0,0,0,0,0,0,1,0,0,,0.5523809523809524,0.0
task_0057,family_09,template_09,1.0,1.0,10,B-STAGEHAND-CACHE,1,0,0,1,5050,5050,505.0,21,10120,0,120,0,0,1,0,0.99,4,0,0,0,0,0,0,0,0,1,0,0,,0.5523809523809524,0.0
task_0057,family_09,template_09,1.0,1.0,10,B-TERX-REPLAY,1,0,0,1,5050,5050,505.0,21,10120,0,120,0,0,1,0,0.99,4,0,0,0,0,0,0,0,0,1,0,0,,0.5523809523809524,0.0
task_0057,family_09,template_09,1.0,1.0,10,NC1-SHUFFLED,0,0,1,0,5050,5050,500.0,21,10120,0,120,0,0,0,0,0.0375,0,1,0,0,0,1,0,0,0,0,0,0,,0.0,0.0
task_0057,family_09,template_09,1.0,1.0,10,NC2-RANDOM,0,1,0,0,5050,5050,500.0,21,10120,0,120,0,0,0,0,0.0383,0,1,0,0,0,0,0,0,0,0,0,0,,0.0,0.0
task_0057,family_09,template_09,1.0,1.0,10,NC3-LENGTH,1,0,0,1,5050,5050,500.0,21,10120,0,120,0,0,1,0,0.55,2,0,0,0,0,0,0,0,0,0,0,0,,0.0,0.0
task_0057,family_09,template_09,1.0,1.0,10,NC4-ABLATION,1,0,0,1,5550,5550,550.0,21,1320,0,120,10,1,1,0,0.99,4,0,0,0,0,0,0,0,0,0,0,0,,0.0,0.0
task_0058,family_09,template_09,0.25,0.5,10,P-SPIDER-MEA,1,0,0,1,1010,1010,65.0,14,1590,150,120,10,1,1,0,0.99,4,0,0,0,0,0,1,1,0,1,1,1,25081f00362d645a,0.5952380952380952,1.0
task_0058,family_09,template_09,0.25,0.5,10,B-COLD,1,0,0,1,5050,5050,505.0,21,10120,0,120,0,0,1,0,0.99,4,0,0,0,0,0,0,0,0,0,0,0,,0.5952380952380952,0.0
task_0058,family_09,template_09,0.25,0.5,10,B-RAG-EMBED,1,0,0,1,3000,3000,280.0,17,5870,150,120,5,1,1,0,0.99,4,0,0,0,0,0,0,0,0,1,1,0,,0.5952380952380952,0.0
task_0058,family_09,template_09,0.25,0.5,10,B-STAGEHAND-CACHE,1,0,0,1,5050,5050,505.0,21,10120,0,120,0,0,1,0,0.99,4,0,0,0,0,0,0,0,0,1,0,0,,0.5952380952380952,0.0
task_0058,family_09,template_09,0.25,0.5,10,B-TERX-REPLAY,1,0,0,1,5050,5050,505.0,21,10120,0,120,0,0,1,0,0.99,4,0,0,0,0,0,0,0,0,1,0,0,,0.5952380952380952,0.0
task_0058,family_09,template_09,0.25,0.5,10,NC1-SHUFFLED,0,0,1,0,5050,5050,500.0,21,10120,0,120,0,0,0,0,0.01,0,1,0,0,0,1,0,0,0,0,0,0,,0.0,0.0
task_0058,family_09,template_09,0.25,0.5,10,NC2-RANDOM,0,1,0,0,5050,5050,500.0,21,10120,0,120,0,0,0,0,0.01,0,1,0,0,0,0,0,0,0,0,0,0,,0.0,0.0
task_0058,family_09,template_09,0.25,0.5,10,NC3-LENGTH,1,0,0,1,5050,5050,500.0,21,10120,0,120,0,0,1,0,0.55,2,0,0,0,0,0,0,0,0,0,0,0,,0.0,0.0
task_0058,family_09,template_09,0.25,0.5,10,NC4-ABLATION,1,0,0,1,5550,5550,550.0,21,1320,0,120,10,1,1,0,0.9549,4,0,0,0,0,0,0,0,0,0,0,0,,0.0,0.0
task_0059,family_09,template_09,0.5,0.5,10,P-SPIDER-MEA,1,0,0,1,1010,1010,65.0,14,1590,150,120,10,1,1,0,0.99,4,0,0,0,0,0,1,1,0,1,1,1,b741842aaf1417c9,0.541025641025641,0.9230769230769231
task_0059,family_09,template_09,0.5,0.5,10,B-COLD,1,0,0,1,5050,5050,505.0,21,10120,0,120,0,0,1,0,0.99,4,0,0,0,0,0,0,0,0,0,0,0,,0.541025641025641,0.0
task_0059,family_09,template_09,0.5,0.5,10,B-RAG-EMBED,1,0,0,1,3000,3000,280.0,17,5870,150,120,5,1,1,0,0.99,4,0,0,0,0,0,0,0,0,1,1,0,,0.541025641025641,0.0
task_0059,family_09,template_09,0.5,0.5,10,B-STAGEHAND-CACHE,1,0,0,1,5050,5050,505.0,21,10120,0,120,0,0,1,0,0.99,4,0,0,0,0,0,0,0,0,1,0,0,,0.541025641025641,0.0
task_0059,family_09,template_09,0.5,0.5,10,B-TERX-REPLAY,1,0,0,1,5050,5050,505.0,21,10120,0,120,0,0,1,0,0.99,4,0,0,0,0,0,0,0,0,1,0,0,,0.541025641025641,0.0
task_0059,family_09,template_09,0.5,0.5,10,NC1-SHUFFLED,1,0,0,1,5050,5050,500.0,21,10120,0,120,0,0,1,0,0.99,4,0,0,0,0,0,0,0,0,0,0,0,,0.0,0.0
task_0059,family_09,template_09,0.5,0.5,10,NC2-RANDOM,1,0,0,1,5050,5050,500.0,21,10120,0,120,0,0,1,0,0.99,4,0,0,0,0,0,0,0,0,0,0,0,,0.0,0.0
task_0059,family_09,template_09,0.5,0.5,10,NC3-LENGTH,1,0,0,1,5050,5050,500.0,21,10120,0,120,0,0,1,0,0.55,2,0,0,0,0,0,0,0,0,0,0,0,,0.0,0.0
task_0059,family_09,template_09,0.5,0.5,10,NC4-ABLATION,0,1,0,0,5550,5550,550.0,21,1320,0,120,10,1,0,0,0.01,0,1,0,0,0,0,0,0,0,0,0,0,,0.0,0.0
task_0060,family_10,template_10,0.0,0.0,11,P-SPIDER-MEA,1,0,0,1,1060,1060,63.63636363636363,15,1710,150,120,11,1,1,0,0.9609,4,0,0,0,0,0,1,1,0,1,1,1,baccbafc49198a78,0.75,1.0
task_0060,family_10,template_10,0.0,0.0,11,B-COLD,1,0,0,1,5550,5550,504.54545454545456,23,11120,0,120,0,0,1,0,0.99,4,0,0,0,0,0,0,0,0,0,0,0,,0.75,0.0
task_0060,family_10,template_10,0.0,0.0,11,B-RAG-EMBED,1,0,0,1,800,800,54.54545454545455,13,1590,150,120,11,1,1,0,0.99,4,0,0,0,0,0,0,0,0,1,1,0,,0.75,0.0
task_0060,family_10,template_10,0.0,0.0,11,B-STAGEHAND-CACHE,1,0,0,1,600,600,54.54545454545455,12,1440,0,120,11,1,1,0,0.99,4,0,0,0,0,0,0,0,0,1,1,0,,0.75,0.0
task_0060,family_10,template_10,0.0,0.0,11,B-TERX-REPLAY,1,0,0,1,600,600,54.54545454545455,12,1440,0,120,11,1,1,0,0.99,4,0,0,0,0,0,0,0,0,1,1,0,,0.75,0.0
task_0060,family_10,template_10,0.0,0.0,11,NC1-SHUFFLED,1,0,0,1,5550,5550,500.0,23,11120,0,120,0,0,1,0,0.99,4,0,0,0,0,0,0,0,0,0,0,0,,0.0,0.0
task_0060,family_10,template_10,0.0,0.0,11,NC2-RANDOM,1,0,0,1,5550,5550,500.0,23,11120,0,120,0,0,1,0,0.99,4,0,0,0,0,0,0,0,0,0,0,0,,0.0,0.0
task_0060,family_10,template_10,0.0,0.0,11,NC3-LENGTH,1,0,0,1,5550,5550,500.0,23,11120,0,120,0,0,1,0,0.55,2,0,0,0,0,0,0,0,0,0,0,0,,0.0,0.0
task_0060,family_10,template_10,0.0,0.0,11,NC4-ABLATION,0,1,0,0,6100,6100,550.0,23,1440,0,120,11,1,0,0,0.0401,0,1,0,0,0,0,0,0,0,0,0,0,,0.0,0.0
task_0061,family_10,template_10,0.75,0.6667,11,P-SPIDER-MEA,1,0,0,1,1060,1060,63.63636363636363,15,1710,150,120,11,1,1,0,0.9779,4,0,0,0,0,0,1,1,0,1,1,1,508031235574328c,0.6611111111111111,1.0
task_0061,family_10,template_10,0.75,0.6667,11,B-COLD,1,0,0,1,5550,5550,504.54545454545456,23,11120,0,120,0,0,1,0,0.99,4,0,0,0,0,0,0,0,0,0,0,0,,0.6611111111111111,0.0
task_0061,family_10,template_10,0.75,0.6667,11,B-RAG-EMBED,1,0,0,1,3950,3950,340.90909090909093,20,7750,150,120,4,1,1,0,0.99,4,0,0,0,0,0,0,0,0,1,1,0,,0.6611111111111111,0.0
task_0061,family_10,template_10,0.75,0.6667,11,B-STAGEHAND-CACHE,1,0,0,1,5550,5550,504.54545454545456,23,11120,0,120,0,0,1,0,0.99,4,0,0,0,0,0,0,0,0,1,0,0,,0.6611111111111111,0.0
task_0061,family_10,template_10,0.75,0.6667,11,B-TERX-REPLAY,1,0,0,1,5550,5550,504.54545454545456,23,11120,0,120,0,0,1,0,0.99,4,0,0,0,0,0,0,0,0,1,0,0,,0.6611111111111111,0.0
task_0061,family_10,template_10,0.75,0.6667,11,NC1-SHUFFLED,0,0,1,0,5550,5550,500.0,23,11120,0,120,0,0,0,0,0.01,0,1,0,0,0,1,0,0,0,0,0,0,,0.0,0.0
task_0061,family_10,template_10,0.75,0.6667,11,NC2-RANDOM,0,1,0,0,5550,5550,500.0,23,11120,0,120,0,0,0,0,0.0198,0,1,0,0,0,0,0,0,0,0,0,0,,0.0,0.0
task_0061,family_10,template_10,0.75,0.6667,11,NC3-LENGTH,1,0,0,1,5550,5550,500.0,23,11120,0,120,0,0,1,0,0.55,2,0,0,0,0,0,0,0,0,0,0,0,,0.0,0.0
task_0061,family_10,template_10,0.75,0.6667,11,NC4-ABLATION,1,0,0,1,6100,6100,550.0,23,1440,0,120,11,1,1,0,0.99,4,0,0,0,0,0,0,0,0,0,0,0,,0.0,0.0
task_0062,family_10,template_10,1.0,1.0,11,P-SPIDER-MEA,1,0,0,1,1020,1020,60.0,15,1620,150,30,11,1,1,0,0.9748,4,0,1,1,1,0,1,1,0,1,1,1,a6d901d786049c26,0.6333333333333333,0.8666666666666667
task_0062,family_10,template_10,1.0,1.0,11,B-COLD,1,0,0,1,5550,5550,504.54545454545456,23,11120,0,120,0,0,1,0,0.99,4,0,0,0,0,0,0,0,0,0,0,0,,0.6333333333333333,0.0
task_0062,family_10,template_10,1.0,1.0,11,B-RAG-EMBED,1,0,0,1,5750,5750,504.54545454545456,24,11270,150,120,0,0,1,0,0.99,4,0,0,0,0,0,0,0,0,1,0,0,,0.6333333333333333,0.0
task_0062,family_10,template_10,1.0,1.0,11,B-STAGEHAND-CACHE,1,0,0,1,5550,5550,504.54545454545456,23,11120,0,120,0,0,1,0,0.99,4,0,0,0,0,0,0,0,0,1,0,0,,0.6333333333333333,0.0
task_0062,family_10,template_10,1.0,1.0,11,B-TERX-REPLAY,1,0,0,1,5550,5550,504.54545454545456,23,11120,0,120,0,0,1,0,0.99,4,0,0,0,0,0,0,0,0,1,0,0,,0.6333333333333333,0.0
task_0062,family_10,template_10,1.0,1.0,11,NC1-SHUFFLED,0,0,1,1,5550,5550,500.0,23,11120,0,120,0,0,1,0,0.01,0,0,0,0,0,1,0,0,0,0,0,0,,0.0,0.0
task_0062,family_10,template_10,1.0,1.0,11,NC2-RANDOM,1,0,0,1,5550,5550,500.0,23,11120,0,120,0,0,1,0,0.99,4,0,0,0,0,0,0,0,0,0,0,0,,0.0,0.0
task_0062,family_10,template_10,1.0,1.0,11,NC3-LENGTH,1,0,0,1,5550,5550,500.0,23,11120,0,120,0,0,1,0,0.55,2,0,0,0,0,0,0,0,0,0,0,0,,0.0,0.0
task_0062,family_10,template_10,1.0,1.0,11,NC4-ABLATION,0,1,0,0,6100,6100,550.0,23,1440,0,120,11,1,0,0,0.01,0,1,0,0,0,0,0,0,0,0,0,0,,0.0,0.0
task_0063,family_10,template_10,0.25,0.3333,11,P-SPIDER-MEA,1,0,0,1,1060,1060,63.63636363636363,15,1710,150,120,11,1,1,0,0.9681,4,0,0,0,1,0,1,1,0,1,1,1,a006800e0bb234f6,0.7166666666666667,1.0
task_0063,family_10,template_10,0.25,0.3333,11,B-COLD,1,0,0,1,5550,5550,504.54545454545456,23,11120,0,120,0,0,1,0,0.99,4,0,0,0,0,0,0,0,0,0,0,0,,0.7166666666666667,0.0
task_0063,family_10,template_10,0.25,0.3333,11,B-RAG-EMBED,1,0,0,1,2600,2600,218.1818181818182,17,5110,150,120,7,1,1,0,0.99,4,0,0,0,0,0,0,0,0,1,1,0,,0.7166666666666667,0.0
task_0063,family_10,template_10,0.25,0.3333,11,B-STAGEHAND-CACHE,1,0,0,1,5550,5550,504.54545454545456,23,11120,0,120,0,0,1,0,0.99,4,0,0,0,0,0,0,0,0,1,0,0,,0.7166666666666667,0.0
task_0063,family_10,template_10,0.25,0.3333,11,B-TERX-REPLAY,1,0,0,1,5550,5550,504.54545454545456,23,11120,0,120,0,0,1,0,0.99,4,0,0,0,0,0,0,0,0,1,0,0,,0.7166666666666667,0.0
task_0063,family_10,template_10,0.25,0.3333,11,NC1-SHUFFLED,0,0,1,0,5550,5550,500.0,23,11120,0,120,0,0,0,0,0.01,0,1,0,0,0,1,0,0,0,0,0,0,,0.0,0.0
task_0063,family_10,template_10,0.25,0.3333,11,NC2-RANDOM,0,1,0,0,5550,5550,500.0,23,11120,0,120,0,0,0,0,0.01,0,1,0,0,0,0,0,0,0,0,0,0,,0.0,0.0
task_0063,family_10,template_10,0.25,0.3333,11,NC3-LENGTH,1,0,0,1,5550,5550,500.0,23,11120,0,120,0,0,1,0,0.55,2,0,0,0,0,0,0,0,0,0,0,0,,0.0,0.0
task_0063,family_10,template_10,0.25,0.3333,11,NC4-ABLATION,1,0,0,1,6100,6100,550.0,23,1440,0,120,11,1,1,0,0.9754,4,0,0,0,0,0,0,0,0,0,0,0,,0.0,0.0
task_0064,family_10,template_10,0.5,0.6667,11,P-SPIDER-MEA,1,0,0,1,1020,1020,60.0,15,1620,150,30,11,1,1,0,0.9621,4,0,1,1,1,0,1,1,0,1,1,1,f32d91eb11ac653a,0.65,1.0
task_0064,family_10,template_10,0.5,0.6667,11,B-COLD,1,0,0,1,5550,5550,504.54545454545456,23,11120,0,120,0,0,1,0,0.99,4,0,0,0,0,0,0,0,0,0,0,0,,0.65,0.0
task_0064,family_10,template_10,0.5,0.6667,11,B-RAG-EMBED,1,0,0,1,3950,3950,340.90909090909093,20,7750,150,120,4,1,1,0,0.99,4,0,0,0,0,0,0,0,0,1,1,0,,0.65,0.0
task_0064,family_10,template_10,0.5,0.6667,11,B-STAGEHAND-CACHE,1,0,0,1,5550,5550,504.54545454545456,23,11120,0,120,0,0,1,0,0.99,4,0,0,0,0,0,0,0,0,1,0,0,,0.65,0.0
task_0064,family_10,template_10,0.5,0.6667,11,B-TERX-REPLAY,1,0,0,1,5550,5550,504.54545454545456,23,11120,0,120,0,0,1,0,0.99,4,0,0,0,0,0,0,0,0,1,0,0,,0.65,0.0
task_0064,family_10,template_10,0.5,0.6667,11,NC1-SHUFFLED,1,0,0,1,5550,5550,500.0,23,11120,0,120,0,0,1,0,0.99,4,0,0,0,0,0,0,0,0,0,0,0,,0.0,0.0
task_0064,family_10,template_10,0.5,0.6667,11,NC2-RANDOM,1,0,0,1,5550,5550,500.0,23,11120,0,120,0,0,1,0,0.9691,4,0,0,0,0,0,0,0,0,0,0,0,,0.0,0.0
task_0064,family_10,template_10,0.5,0.6667,11,NC3-LENGTH,1,0,0,1,5550,5550,500.0,23,11120,0,120,0,0,1,0,0.55,2,0,0,0,0,0,0,0,0,0,0,0,,0.0,0.0
task_0064,family_10,template_10,0.5,0.6667,11,NC4-ABLATION,0,1,0,0,6100,6100,550.0,23,1440,0,120,11,1,0,0,0.01,0,1,0,0,0,0,0,0,0,0,0,0,,0.0,0.0
task_0065,family_10,template_10,0.75,0.6667,11,P-SPIDER-MEA,1,0,0,1,1060,1060,63.63636363636363,15,1710,150,120,11,1,1,0,0.99,4,0,0,0,0,0,1,1,0,1,1,1,e795b64b678eb162,0.6071428571428572,0.9285714285714286
task_0065,family_10,template_10,0.75,0.6667,11,B-COLD,1,0,0,1,5550,5550,504.54545454545456,23,11120,0,120,0,0,1,0,0.99,4,0,0,0,0,0,0,0,0,0,0,0,,0.6071428571428572,0.0
task_0065,family_10,template_10,0.75,0.6667,11,B-RAG-EMBED,1,0,0,1,3950,3950,340.90909090909093,20,7750,150,120,4,1,1,0,0.99,4,0,0,0,0,0,0,0,0,1,1,0,,0.6071428571428572,0.0
task_0065,family_10,template_10,0.75,0.6667,11,B-STAGEHAND-CACHE,1,0,0,1,5550,5550,504.54545454545456,23,11120,0,120,0,0,1,0,0.99,4,0,0,0,0,0,0,0,0,1,0,0,,0.6071428571428572,0.0
task_0065,family_10,template_10,0.75,0.6667,11,B-TERX-REPLAY,1,0,0,1,5550,5550,504.54545454545456,23,11120,0,120,0,0,1,0,0.99,4,0,0,0,0,0,0,0,0,1,0,0,,0.6071428571428572,0.0
task_0065,family_10,template_10,0.75,0.6667,11,NC1-SHUFFLED,0,0,1,1,5550,5550,500.0,23,11120,0,120,0,0,1,0,0.0303,0,0,0,0,0,1,0,0,0,0,0,0,,0.0,0.0
task_0065,family_10,template_10,0.75,0.6667,11,NC2-RANDOM,1,0,0,1,5550,5550,500.0,23,11120,0,120,0,0,1,0,0.99,4,0,0,0,0,0,0,0,0,0,0,0,,0.0,0.0
task_0065,family_10,template_10,0.75,0.6667,11,NC3-LENGTH,1,0,0,1,5550,5550,500.0,23,11120,0,120,0,0,1,0,0.55,2,0,0,0,0,0,0,0,0,0,0,0,,0.0,0.0
task_0065,family_10,template_10,0.75,0.6667,11,NC4-ABLATION,0,1,0,0,6100,6100,550.0,23,1440,0,120,11,1,0,0,0.0297,0,1,0,0,0,0,0,0,0,0,0,0,,0.0,0.0
task_0066,family_11,template_11,0.0,0.0,12,P-SPIDER-MEA,1,0,0,1,1110,1110,62.5,16,1830,150,120,12,1,1,0,0.9645,4,0,0,0,0,0,1,1,0,1,1,1,d2c5f9b63b413332,0.5,1.0
task_0066,family_11,template_11,0.0,0.0,12,B-COLD,1,0,0,1,6050,6050,504.1666666666667,25,12120,0,120,0,0,1,0,0.99,4,0,0,0,0,0,0,0,0,0,0,0,,0.5,0.0
task_0066,family_11,template_11,0.0,0.0,12,B-RAG-EMBED,1,0,0,1,850,850,54.166666666666664,14,1710,150,120,12,1,1,0,0.99,4,0,0,0,0,0,0,0,0,1,1,0,,0.5,0.0
task_0066,family_11,template_11,0.0,0.0,12,B-STAGEHAND-CACHE,1,0,0,1,650,650,54.166666666666664,13,1560,0,120,12,1,1,0,0.99,4,0,0,0,0,0,0,0,0,1,1,0,,0.5,0.0
task_0066,family_11,template_11,0.0,0.0,12,B-TERX-REPLAY,1,0,0,1,650,650,54.166666666666664,13,1560,0,120,12,1,1,0,0.99,4,0,0,0,0,0,0,0,0,1,1,0,,0.5,0.0
task_0066,family_11,template_11,0.0,0.0,12,NC1-SHUFFLED,0,0,1,1,6050,6050,500.0,25,12120,0,120,0,0,1,0,0.0219,0,0,0,0,0,1,0,0,0,0,0,0,,0.0,0.0
task_0066,family_11,template_11,0.0,0.0,12,NC2-RANDOM,1,0,0,1,6050,6050,500.0,25,12120,0,120,0,0,1,0,0.99,4,0,0,0,0,0,0,0,0,0,0,0,,0.0,0.0
task_0066,family_11,template_11,0.0,0.0,12,NC3-LENGTH,1,0,0,1,6050,6050,500.0,25,12120,0,120,0,0,1,0,0.55,2,0,0,0,0,0,0,0,0,0,0,0,,0.0,0.0
task_0066,family_11,template_11,0.0,0.0,12,NC4-ABLATION,1,0,0,1,6650,6650,550.0,25,1560,0,120,12,1,1,0,0.99,4,0,0,0,0,0,0,0,0,0,0,0,,0.0,0.0
task_0067,family_11,template_11,1.0,1.0,12,P-SPIDER-MEA,1,0,1,1,1110,1110,62.5,16,1830,150,120,12,0,0,0,0.01,0,1,0,0,0,1,1,1,0,1,0,0,9877a33883ca7486,0.3888888888888889,0.7777777777777778
task_0067,family_11,template_11,1.0,1.0,12,B-COLD,1,0,0,1,6050,6050,504.1666666666667,25,12120,0,120,0,0,1,0,0.99,4,0,0,0,0,0,0,0,0,0,0,0,,0.3888888888888889,0.0
task_0067,family_11,template_11,1.0,1.0,12,B-RAG-EMBED,1,0,0,1,6250,6250,504.1666666666667,26,12270,150,120,0,0,1,0,0.99,4,0,0,0,0,0,0,0,0,1,0,0,,0.3888888888888889,0.0
task_0067,family_11,template_11,1.0,1.0,12,B-STAGEHAND-CACHE,1,0,0,1,6050,6050,504.1666666666667,25,12120,0,120,0,0,1,0,0.99,4,0,0,0,0,0,0,0,0,1,0,0,,0.3888888888888889,0.0
task_0067,family_11,template_11,1.0,1.0,12,B-TERX-REPLAY,1,0,0,1,6050,6050,504.1666666666667,25,12120,0,120,0,0,1,0,0.99,4,0,0,0,0,0,0,0,0,1,0,0,,0.3888888888888889,0.0
task_0067,family_11,template_11,1.0,1.0,12,NC1-SHUFFLED,0,0,1,1,6050,6050,500.0,25,12120,0,120,0,0,1,0,0.01,0,0,0,0,0,1,0,0,0,0,0,0,,0.0,0.0
task_0067,family_11,template_11,1.0,1.0,12,NC2-RANDOM,1,0,0,1,6050,6050,500.0,25,12120,0,120,0,0,1,0,0.9826,4,0,0,0,0,0,0,0,0,0,0,0,,0.0,0.0
task_0067,family_11,template_11,1.0,1.0,12,NC3-LENGTH,1,0,0,1,6050,6050,500.0,25,12120,0,120,0,0,1,0,0.55,2,0,0,0,0,0,0,0,0,0,0,0,,0.0,0.0
task_0067,family_11,template_11,1.0,1.0,12,NC4-ABLATION,0,1,0,0,6650,6650,550.0,25,1560,0,120,12,1,0,0,0.0379,0,1,0,0,0,0,0,0,0,0,0,0,,0.0,0.0
task_0068,family_11,template_11,0.25,0.0,12,P-SPIDER-MEA,1,0,0,1,1110,1110,62.5,16,1830,150,120,12,1,1,0,0.9677,4,0,0,0,0,0,1,1,0,1,1,1,b9945b5c3c171b9f,0.5,1.0
task_0068,family_11,template_11,0.25,0.0,12,B-COLD,1,0,0,1,6050,6050,504.1666666666667,25,12120,0,120,0,0,1,0,0.99,4,0,0,0,0,0,0,0,0,0,0,0,,0.5,0.0
task_0068,family_11,template_11,0.25,0.0,12,B-RAG-EMBED,1,0,0,1,850,850,54.166666666666664,14,1710,150,120,12,1,1,0,0.99,4,0,0,0,0,0,0,0,0,1,1,0,,0.5,0.0
task_0068,family_11,template_11,0.25,0.0,12,B-STAGEHAND-CACHE,1,0,0,1,6050,6050,504.1666666666667,25,12120,0,120,0,0,1,0,0.99,4,0,0,0,0,0,0,0,0,1,0,0,,0.5,0.0
task_0068,family_11,template_11,0.25,0.0,12,B-TERX-REPLAY,1,0,0,1,6050,6050,504.1666666666667,25,12120,0,120,0,0,1,0,0.99,4,0,0,0,0,0,0,0,0,1,0,0,,0.5,0.0
task_0068,family_11,template_11,0.25,0.0,12,NC1-SHUFFLED,0,0,1,1,6050,6050,500.0,25,12120,0,120,0,0,1,0,0.01,0,0,0,0,0,1,0,0,0,0,0,0,,0.0,0.0
task_0068,family_11,template_11,0.25,0.0,12,NC2-RANDOM,1,0,0,1,6050,6050,500.0,25,12120,0,120,0,0,1,0,0.99,4,0,0,0,0,0,0,0,0,0,0,0,,0.0,0.0
task_0068,family_11,template_11,0.25,0.0,12,NC3-LENGTH,1,0,0,1,6050,6050,500.0,25,12120,0,120,0,0,1,0,0.55,2,0,0,0,0,0,0,0,0,0,0,0,,0.0,0.0
task_0068,family_11,template_11,0.25,0.0,12,NC4-ABLATION,0,1,0,0,6650,6650,550.0,25,1560,0,120,12,1,0,0,0.0278,0,1,0,0,0,0,0,0,0,0,0,0,,0.0,0.0
task_0069,family_11,template_11,0.5,1.0,12,P-SPIDER-MEA,1,0,0,1,1110,1110,62.5,16,1830,150,120,12,1,1,0,0.9858,4,0,0,0,0,0,1,1,0,1,1,1,dd599125b3af7704,0.4,0.8
task_0069,family_11,template_11,0.5,1.0,12,B-COLD,1,0,0,1,6050,6050,504.1666666666667,25,12120,0,120,0,0,1,0,0.99,4,0,0,0,0,0,0,0,0,0,0,0,,0.4,0.0
task_0069,family_11,template_11,0.5,1.0,12,B-RAG-EMBED,1,0,0,1,6250,6250,504.1666666666667,26,12270,150,120,0,0,1,0,0.99,4,0,0,0,0,0,0,0,0,1,0,0,,0.4,0.0
task_0069,family_11,template_11,0.5,1.0,12,B-STAGEHAND-CACHE,1,0,0,1,6050,6050,504.1666666666667,25,12120,0,120,0,0,1,0,0.99,4,0,0,0,0,0,0,0,0,1,0,0,,0.4,0.0
task_0069,family_11,template_11,0.5,1.0,12,B-TERX-REPLAY,1,0,0,1,6050,6050,504.1666666666667,25,12120,0,120,0,0,1,0,0.99,4,0,0,0,0,0,0,0,0,1,0,0,,0.4,0.0
task_0069,family_11,template_11,0.5,1.0,12,NC1-SHUFFLED,0,0,1,1,6050,6050,500.0,25,12120,0,120,0,0,1,0,0.0448,0,0,0,0,0,1,0,0,0,0,0,0,,0.0,0.0
task_0069,family_11,template_11,0.5,1.0,12,NC2-RANDOM,1,0,0,1,6050,6050,500.0,25,12120,0,120,0,0,1,0,0.9628,4,0,0,0,0,0,0,0,0,0,0,0,,0.0,0.0
task_0069,family_11,template_11,0.5,1.0,12,NC3-LENGTH,1,0,0,1,6050,6050,500.0,25,12120,0,120,0,0,1,0,0.55,2,0,0,0,0,0,0,0,0,0,0,0,,0.0,0.0
task_0069,family_11,template_11,0.5,1.0,12,NC4-ABLATION,1,0,0,1,6650,6650,550.0,25,1560,0,120,12,1,1,0,0.99,4,0,0,0,0,0,0,0,0,0,0,0,,0.0,0.0
task_0070,family_11,template_11,0.75,1.0,12,P-SPIDER-MEA,1,0,0,1,1070,1070,59.166666666666664,16,1740,150,30,12,1,1,0,0.9601,4,0,1,1,1,0,1,1,0,1,1,1,ca15ffa521190e0d,0.4,0.8
task_0070,family_11,template_11,0.75,1.0,12,B-COLD,1,0,0,1,6050,6050,504.1666666666667,25,12120,0,120,0,0,1,0,0.957,4,0,0,0,0,0,0,0,0,0,0,0,,0.4,0.0
task_0070,family_11,template_11,0.75,1.0,12,B-RAG-EMBED,1,0,0,1,6250,6250,504.1666666666667,26,12270,150,120,0,0,1,0,0.957,4,0,0,0,0,0,0,0,0,1,0,0,,0.4,0.0
task_0070,family_11,template_11,0.75,1.0,12,B-STAGEHAND-CACHE,1,0,0,1,6050,6050,504.1666666666667,25,12120,0,120,0,0,1,0,0.957,4,0,0,0,0,0,0,0,0,1,0,0,,0.4,0.0
task_0070,family_11,template_11,0.75,1.0,12,B-TERX-REPLAY,1,0,0,1,6050,6050,504.1666666666667,25,12120,0,120,0,0,1,0,0.957,4,0,0,0,0,0,0,0,0,1,0,0,,0.4,0.0
task_0070,family_11,template_11,0.75,1.0,12,NC1-SHUFFLED,0,0,1,0,6050,6050,500.0,25,12120,0,120,0,0,0,0,0.01,0,1,0,0,0,1,0,0,0,0,0,0,,0.0,0.0
task_0070,family_11,template_11,0.75,1.0,12,NC2-RANDOM,0,1,0,0,6050,6050,500.0,25,12120,0,120,0,0,0,0,0.01,0,1,0,0,0,0,0,0,0,0,0,0,,0.0,0.0
task_0070,family_11,template_11,0.75,1.0,12,NC3-LENGTH,1,0,0,1,6050,6050,500.0,25,12120,0,120,0,0,1,0,0.55,2,0,0,0,0,0,0,0,0,0,0,0,,0.0,0.0
task_0070,family_11,template_11,0.75,1.0,12,NC4-ABLATION,1,0,0,1,6650,6650,550.0,25,1560,0,120,12,1,1,0,0.99,4,0,0,0,0,0,0,0,0,0,0,0,,0.0,0.0
task_0071,family_11,template_11,1.0,1.0,12,P-SPIDER-MEA,1,0,1,1,1070,1070,59.166666666666664,16,1740,150,30,12,0,0,0,0.01,0,1,1,1,1,1,1,1,0,1,0,0,6ba186715a65b022,0.35,0.7
task_0071,family_11,template_11,1.0,1.0,12,B-COLD,1,0,0,1,6050,6050,504.1666666666667,25,12120,0,120,0,0,1,0,0.9611,4,0,0,0,0,0,0,0,0,0,0,0,,0.35,0.0
task_0071,family_11,template_11,1.0,1.0,12,B-RAG-EMBED,1,0,0,1,6250,6250,504.1666666666667,26,12270,150,120,0,0,1,0,0.9611,4,0,0,0,0,0,0,0,0,1,0,0,,0.35,0.0
task_0071,family_11,template_11,1.0,1.0,12,B-STAGEHAND-CACHE,1,0,0,1,6050,6050,504.1666666666667,25,12120,0,120,0,0,1,0,0.9611,4,0,0,0,0,0,0,0,0,1,0,0,,0.35,0.0
task_0071,family_11,template_11,1.0,1.0,12,B-TERX-REPLAY,1,0,0,1,6050,6050,504.1666666666667,25,12120,0,120,0,0,1,0,0.9611,4,0,0,0,0,0,0,0,0,1,0,0,,0.35,0.0
task_0071,family_11,template_11,1.0,1.0,12,NC1-SHUFFLED,1,0,0,1,6050,6050,500.0,25,12120,0,120,0,0,1,0,0.99,4,0,0,0,0,0,0,0,0,0,0,0,,0.0,0.0
task_0071,family_11,template_11,1.0,1.0,12,NC2-RANDOM,1,0,0,1,6050,6050,500.0,25,12120,0,120,0,0,1,0,0.99,4,0,0,0,0,0,0,0,0,0,0,0,,0.0,0.0
task_0071,family_11,template_11,1.0,1.0,12,NC3-LENGTH,1,0,0,1,6050,6050,500.0,25,12120,0,120,0,0,1,0,0.55,2,0,0,0,0,0,0,0,0,0,0,0,,0.0,0.0
task_0071,family_11,template_11,1.0,1.0,12,NC4-ABLATION,0,1,0,0,6650,6650,550.0,25,1560,0,120,12,1,0,0,0.01,0,1,0,0,0,0,0,0,0,0,0,0,,0.0,0.0
task_0072,family_12,template_12,0.0,0.0,13,P-SPIDER-MEA,1,0,0,1,1120,1120,58.46153846153846,17,1860,150,30,13,1,1,0,0.99,4,0,1,1,1,0,1,1,0,1,1,1,7b628bc9d05eafce,0.6666666666666666,1.0
task_0072,family_12,template_12,0.0,0.0,13,B-COLD,1,0,0,1,6550,6550,503.84615384615387,27,13120,0,120,0,0,1,0,0.975,4,0,0,0,0,0,0,0,0,0,0,0,,0.6666666666666666,0.0
task_0072,family_12,template_12,0.0,0.0,13,B-RAG-EMBED,1,0,0,1,900,900,53.84615384615385,15,1830,150,120,13,1,1,0,0.975,4,0,0,0,0,0,0,0,0,1,1,0,,0.6666666666666666,0.0
task_0072,family_12,template_12,0.0,0.0,13,B-STAGEHAND-CACHE,1,0,0,1,700,700,53.84615384615385,14,1680,0,120,13,1,1,0,0.975,4,0,0,0,0,0,0,0,0,1,1,0,,0.6666666666666666,0.0
task_0072,family_12,template_12,0.0,0.0,13,B-TERX-REPLAY,1,0,0,1,700,700,53.84615384615385,14,1680,0,120,13,1,1,0,0.975,4,0,0,0,0,0,0,0,0,1,1,0,,0.6666666666666666,0.0
task_0072,family_12,template_12,0.0,0.0,13,NC1-SHUFFLED,0,0,1,1,6550,6550,500.0,27,13120,0,120,0,0,1,0,0.0372,0,0,0,0,0,1,0,0,0,0,0,0,,0.0,0.0
task_0072,family_12,template_12,0.0,0.0,13,NC2-RANDOM,1,0,0,1,6550,6550,500.0,27,13120,0,120,0,0,1,0,0.9763,4,0,0,0,0,0,0,0,0,0,0,0,,0.0,0.0
task_0072,family_12,template_12,0.0,0.0,13,NC3-LENGTH,1,0,0,1,6550,6550,500.0,27,13120,0,120,0,0,1,0,0.55,2,0,0,0,0,0,0,0,0,0,0,0,,0.0,0.0
task_0072,family_12,template_12,0.0,0.0,13,NC4-ABLATION,0,1,0,0,7200,7200,550.0,27,1680,0,120,13,1,0,0,0.0178,0,1,0,0,0,0,0,0,0,0,0,0,,0.0,0.0
task_0073,family_12,template_12,0.25,0.5,13,P-SPIDER-MEA,1,0,0,1,1120,1120,58.46153846153846,17,1860,150,30,13,1,1,0,0.99,4,0,1,1,1,0,1,1,0,1,1,1,3edbe26749cba26d,0.6222222222222222,1.0
task_0073,family_12,template_12,0.25,0.5,13,B-COLD,1,0,0,1,6550,6550,503.84615384615387,27,13120,0,120,0,0,1,0,0.9612,4,0,0,0,0,0,0,0,0,0,0,0,,0.6222222222222222,0.0
task_0073,family_12,template_12,0.25,0.5,13,B-RAG-EMBED,1,0,0,1,3600,3600,261.53846153846155,21,7110,150,120,7,1,1,0,0.9612,4,0,0,0,0,0,0,0,0,1,1,0,,0.6222222222222222,0.0
task_0073,family_12,template_12,0.25,0.5,13,B-STAGEHAND-CACHE,1,0,0,1,6550,6550,503.84615384615387,27,13120,0,120,0,0,1,0,0.9612,4,0,0,0,0,0,0,0,0,1,0,0,,0.6222222222222222,0.0
task_0073,family_12,template_12,0.25,0.5,13,B-TERX-REPLAY,1,0,0,1,6550,6550,503.84615384615387,27,13120,0,120,0,0,1,0,0.9612,4,0,0,0,0,0,0,0,0,1,0,0,,0.6222222222222222,0.0
task_0073,family_12,template_12,0.25,0.5,13,NC1-SHUFFLED,0,0,1,1,6550,6550,500.0,27,13120,0,120,0,0,1,0,0.01,0,0,0,0,0,1,0,0,0,0,0,0,,0.0,0.0
task_0073,family_12,template_12,0.25,0.5,13,NC2-RANDOM,1,0,0,1,6550,6550,500.0,27,13120,0,120,0,0,1,0,0.978,4,0,0,0,0,0,0,0,0,0,0,0,,0.0,0.0
task_0073,family_12,template_12,0.25,0.5,13,NC3-LENGTH,1,0,0,1,6550,6550,500.0,27,13120,0,120,0,0,1,0,0.55,2,0,0,0,0,0,0,0,0,0,0,0,,0.0,0.0
task_0073,family_12,template_12,0.25,0.5,13,NC4-ABLATION,0,1,0,0,7200,7200,550.0,27,1680,0,120,13,1,0,0,0.01,0,1,0,0,0,0,0,0,0,0,0,0,,0.0,0.0
task_0074,family_12,template_12,0.5,0.5,13,P-SPIDER-MEA,1,0,0,1,1120,1120,58.46153846153846,17,1860,150,30,13,1,1,0,0.9586,4,0,1,1,1,0,1,1,0,1,1,1,ff51c9c83482d266,0.6,1.0
task_0074,family_12,template_12,0.5,0.5,13,B-COLD,1,0,0,1,6550,6550,503.84615384615387,27,13120,0,120,0,0,1,0,0.9652,4,0,0,0,0,0,0,0,0,0,0,0,,0.6,0.0
task_0074,family_12,template_12,0.5,0.5,13,B-RAG-EMBED,1,0,0,1,3600,3600,261.53846153846155,21,7110,150,120,7,1,1,0,0.9652,4,0,0,0,0,0,0,0,0,1,1,0,,0.6,0.0
task_0074,family_12,template_12,0.5,0.5,13,B-STAGEHAND-CACHE,1,0,0,1,6550,6550,503.84615384615387,27,13120,0,120,0,0,1,0,0.9652,4,0,0,0,0,0,0,0,0,1,0,0,,0.6,0.0
task_0074,family_12,template_12,0.5,0.5,13,B-TERX-REPLAY,1,0,0,1,6550,6550,503.84615384615387,27,13120,0,120,0,0,1,0,0.9652,4,0,0,0,0,0,0,0,0,1,0,0,,0.6,0.0
task_0074,family_12,template_12,0.5,0.5,13,NC1-SHUFFLED,0,0,1,1,6550,6550,500.0,27,13120,0,120,0,0,1,0,0.03,0,0,0,0,0,1,0,0,0,0,0,0,,0.0,0.0
task_0074,family_12,template_12,0.5,0.5,13,NC2-RANDOM,1,0,0,1,6550,6550,500.0,27,13120,0,120,0,0,1,0,0.99,4,0,0,0,0,0,0,0,0,0,0,0,,0.0,0.0
task_0074,family_12,template_12,0.5,0.5,13,NC3-LENGTH,1,0,0,1,6550,6550,500.0,27,13120,0,120,0,0,1,0,0.55,2,0,0,0,0,0,0,0,0,0,0,0,,0.0,0.0
task_0074,family_12,template_12,0.5,0.5,13,NC4-ABLATION,1,0,0,1,7200,7200,550.0,27,1680,0,120,13,1,1,0,0.9789,4,0,0,0,0,0,0,0,0,0,0,0,,0.0,0.0
task_0075,family_12,template_12,0.75,1.0,13,P-SPIDER-MEA,1,0,0,1,1120,1120,58.46153846153846,17,1860,150,30,13,1,1,0,0.9613,4,0,1,1,1,0,1,1,0,1,1,1,aede0149aa3022c3,0.5555555555555556,0.8666666666666667
task_0075,family_12,template_12,0.75,1.0,13,B-COLD,1,0,0,1,6550,6550,503.84615384615387,27,13120,0,120,0,0,1,0,0.9531,4,0,0,0,0,0,0,0,0,0,0,0,,0.5555555555555556,0.0
task_0075,family_12,template_12,0.75,1.0,13,B-RAG-EMBED,1,0,0,1,6750,6750,503.84615384615387,28,13270,150,120,0,0,1,0,0.9531,4,0,0,0,0,0,0,0,0,1,0,0,,0.5555555555555556,0.0
task_0075,family_12,template_12,0.75,1.0,13,B-STAGEHAND-CACHE,1,0,0,1,6550,6550,503.84615384615387,27,13120,0,120,0,0,1,0,0.9531,4,0,0,0,0,0,0,0,0,1,0,0,,0.5555555555555556,0.0
task_0075,family_12,template_12,0.75,1.0,13,B-TERX-REPLAY,1,0,0,1,6550,6550,503.84615384615387,27,13120,0,120,0,0,1,0,0.9531,4,0,0,0,0,0,0,0,0,1,0,0,,0.5555555555555556,0.0
task_0075,family_12,template_12,0.75,1.0,13,NC1-SHUFFLED,0,0,1,1,6550,6550,500.0,27,13120,0,120,0,0,1,0,0.0389,0,0,0,0,0,1,0,0,0,0,0,0,,0.0,0.0
task_0075,family_12,template_12,0.75,1.0,13,NC2-RANDOM,1,0,0,1,6550,6550,500.0,27,13120,0,120,0,0,1,0,0.99,4,0,0,0,0,0,0,0,0,0,0,0,,0.0,0.0
task_0075,family_12,template_12,0.75,1.0,13,NC3-LENGTH,1,0,0,1,6550,6550,500.0,27,13120,0,120,0,0,1,0,0.55,2,0,0,0,0,0,0,0,0,0,0,0,,0.0,0.0
task_0075,family_12,template_12,0.75,1.0,13,NC4-ABLATION,1,0,0,1,7200,7200,550.0,27,1680,0,120,13,1,1,0,0.99,4,0,0,0,0,0,0,0,0,0,0,0,,0.0,0.0
task_0076,family_12,template_12,1.0,1.0,13,P-SPIDER-MEA,1,0,0,1,1120,1120,58.46153846153846,17,1860,150,30,13,1,1,0,0.99,4,0,1,1,1,0,1,1,0,1,1,1,b9f0bcc8d5f3f3ae,0.5333333333333333,0.8
task_0076,family_12,template_12,1.0,1.0,13,B-COLD,1,0,0,1,6550,6550,503.84615384615387,27,13120,0,120,0,0,1,0,0.9857,4,0,0,0,0,0,0,0,0,0,0,0,,0.5333333333333333,0.0
task_0076,family_12,template_12,1.0,1.0,13,B-RAG-EMBED,1,0,0,1,6750,6750,503.84615384615387,28,13270,150,120,0,0,1,0,0.9857,4,0,0,0,0,0,0,0,0,1,0,0,,0.5333333333333333,0.0
task_0076,family_12,template_12,1.0,1.0,13,B-STAGEHAND-CACHE,1,0,0,1,6550,6550,503.84615384615387,27,13120,0,120,0,0,1,0,0.9857,4,0,0,0,0,0,0,0,0,1,0,0,,0.5333333333333333,0.0
task_0076,family_12,template_12,1.0,1.0,13,B-TERX-REPLAY,1,0,0,1,6550,6550,503.84615384615387,27,13120,0,120,0,0,1,0,0.9857,4,0,0,0,0,0,0,0,0,1,0,0,,0.5333333333333333,0.0
task_0076,family_12,template_12,1.0,1.0,13,NC1-SHUFFLED,1,0,0,1,6550,6550,500.0,27,13120,0,120,0,0,1,0,0.99,4,0,0,0,0,0,0,0,0,0,0,0,,0.0,0.0
task_0076,family_12,template_12,1.0,1.0,13,NC2-RANDOM,1,0,0,1,6550,6550,500.0,27,13120,0,120,0,0,1,0,0.9894,4,0,0,0,0,0,0,0,0,0,0,0,,0.0,0.0
task_0076,family_12,template_12,1.0,1.0,13,NC3-LENGTH,1,0,0,1,6550,6550,500.0,27,13120,0,120,0,0,1,0,0.55,2,0,0,0,0,0,0,0,0,0,0,0,,0.0,0.0
task_0076,family_12,template_12,1.0,1.0,13,NC4-ABLATION,1,0,0,1,7200,7200,550.0,27,1680,0,120,13,1,1,0,0.99,4,0,0,0,0,0,0,0,0,0,0,0,,0.0,0.0
task_0077,family_13,template_13,0.0,0.0,14,P-SPIDER-MEA,1,0,0,1,1210,1210,60.714285714285715,18,2070,150,120,14,1,1,0,0.9868,4,0,0,0,0,0,1,1,0,1,1,1,c0f831c6b60f4875,0.6666666666666666,1.0
task_0077,family_13,template_13,0.0,0.0,14,B-COLD,1,0,0,1,7050,7050,503.57142857142856,29,14120,0,120,0,0,1,0,0.99,4,0,0,0,0,0,0,0,0,0,0,0,,0.6666666666666666,0.0
task_0077,family_13,template_13,0.0,0.0,14,B-RAG-EMBED,1,0,0,1,950,950,53.57142857142857,16,1950,150,120,14,1,1,0,0.99,4,0,0,0,0,0,0,0,0,1,1,0,,0.6666666666666666,0.0
task_0077,family_13,template_13,0.0,0.0,14,B-STAGEHAND-CACHE,1,0,0,1,750,750,53.57142857142857,15,1800,0,120,14,1,1,0,0.99,4,0,0,0,0,0,0,0,0,1,1,0,,0.6666666666666666,0.0
task_0077,family_13,template_13,0.0,0.0,14,B-TERX-REPLAY,1,0,0,1,750,750,53.57142857142857,15,1800,0,120,14,1,1,0,0.99,4,0,0,0,0,0,0,0,0,1,1,0,,0.6666666666666666,0.0
task_0077,family_13,template_13,0.0,0.0,14,NC1-SHUFFLED,0,0,1,1,7050,7050,500.0,29,14120,0,120,0,0,1,0,0.01,0,0,0,0,0,1,0,0,0,0,0,0,,0.0,0.0
task_0077,family_13,template_13,0.0,0.0,14,NC2-RANDOM,1,0,0,1,7050,7050,500.0,29,14120,0,120,0,0,1,0,0.9521,4,0,0,0,0,0,0,0,0,0,0,0,,0.0,0.0
task_0077,family_13,template_13,0.0,0.0,14,NC3-LENGTH,1,0,0,1,7050,7050,500.0,29,14120,0,120,0,0,1,0,0.55,2,0,0,0,0,0,0,0,0,0,0,0,,0.0,0.0
task_0077,family_13,template_13,0.0,0.0,14,NC4-ABLATION,1,0,0,1,7750,7750,550.0,29,1800,0,120,14,1,1,0,0.9717,4,0,0,0,0,0,0,0,0,0,0,0,,0.0,0.0
task_0078,family_13,template_13,0.5,0.5,14,P-SPIDER-MEA,1,0,0,1,1170,1170,57.857142857142854,18,1980,150,30,14,1,1,0,0.9644,4,0,1,1,1,0,1,1,0,1,1,1,3de7e8fea78df73a,0.5925925925925926,1.0
task_0078,family_13,template_13,0.5,0.5,14,B-COLD,1,0,0,1,7050,7050,503.57142857142856,29,14120,0,120,0,0,1,0,0.986,4,0,0,0,0,0,0,0,0,0,0,0,,0.5925925925925926,0.0
task_0078,family_13,template_13,0.5,0.5,14,B-RAG-EMBED,1,0,0,1,4100,4100,278.57142857142856,23,8110,150,120,7,1,1,0,0.986,4,0,0,0,0,0,0,0,0,1,1,0,,0.5925925925925926,0.0
task_0078,family_13,template_13,0.5,0.5,14,B-STAGEHAND-CACHE,1,0,0,1,7050,7050,503.57142857142856,29,14120,0,120,0,0,1,0,0.986,4,0,0,0,0,0,0,0,0,1,0,0,,0.5925925925925926,0.0
task_0078,family_13,template_13,0.5,0.5,14,B-TERX-REPLAY,1,0,0,1,7050,7050,503.57142857142856,29,14120,0,120,0,0,1,0,0.986,4,0,0,0,0,0,0,0,0,1,0,0,,0.5925925925925926,0.0
task_0078,family_13,template_13,0.5,0.5,14,NC1-SHUFFLED,0,0,1,1,7050,7050,500.0,29,14120,0,120,0,0,1,0,0.01,0,0,0,0,0,1,0,0,0,0,0,0,,0.0,0.0
task_0078,family_13,template_13,0.5,0.5,14,NC2-RANDOM,1,0,0,1,7050,7050,500.0,29,14120,0,120,0,0,1,0,0.9643,4,0,0,0,0,0,0,0,0,0,0,0,,0.0,0.0
task_0078,family_13,template_13,0.5,0.5,14,NC3-LENGTH,1,0,0,1,7050,7050,500.0,29,14120,0,120,0,0,1,0,0.55,2,0,0,0,0,0,0,0,0,0,0,0,,0.0,0.0
task_0078,family_13,template_13,0.5,0.5,14,NC4-ABLATION,1,0,0,1,7750,7750,550.0,29,1800,0,120,14,1,1,0,0.99,4,0,0,0,0,0,0,0,0,0,0,0,,0.0,0.0
task_0079,family_13,template_13,0.75,1.0,14,P-SPIDER-MEA,1,0,0,1,1170,1170,57.857142857142854,18,1980,150,30,14,1,1,0,0.99,4,0,1,1,1,0,1,1,0,1,1,1,c193b881c7f6f574,0.5523809523809524,0.8571428571428571
task_0079,family_13,template_13,0.75,1.0,14,B-COLD,1,0,0,1,7050,7050,503.57142857142856,29,14120,0,120,0,0,1,0,0.99,4,0,0,0,0,0,0,0,0,0,0,0,,0.5523809523809524,0.0
task_0079,family_13,template_13,0.75,1.0,14,B-RAG-EMBED,1,0,0,1,7250,7250,503.57142857142856,30,14270,150,120,0,0,1,0,0.99,4,0,0,0,0,0,0,0,0,1,0,0,,0.5523809523809524,0.0
task_0079,family_13,template_13,0.75,1.0,14,B-STAGEHAND-CACHE,1,0,0,1,7050,7050,503.57142857142856,29,14120,0,120,0,0,1,0,0.99,4,0,0,0,0,0,0,0,0,1,0,0,,0.5523809523809524,0.0
task_0079,family_13,template_13,0.75,1.0,14,B-TERX-REPLAY,1,0,0,1,7050,7050,503.57142857142856,29,14120,0,120,0,0,1,0,0.99,4,0,0,0,0,0,0,0,0,1,0,0,,0.5523809523809524,0.0
task_0079,family_13,template_13,0.75,1.0,14,NC1-SHUFFLED,0,0,1,1,7050,7050,500.0,29,14120,0,120,0,0,1,0,0.027,0,0,0,0,0,1,0,0,0,0,0,0,,0.0,0.0
task_0079,family_13,template_13,0.75,1.0,14,NC2-RANDOM,1,0,0,1,7050,7050,500.0,29,14120,0,120,0,0,1,0,0.9819,4,0,0,0,0,0,0,0,0,0,0,0,,0.0,0.0
task_0079,family_13,template_13,0.75,1.0,14,NC3-LENGTH,1,0,0,1,7050,7050,500.0,29,14120,0,120,0,0,1,0,0.55,2,0,0,0,0,0,0,0,0,0,0,0,,0.0,0.0
task_0079,family_13,template_13,0.75,1.0,14,NC4-ABLATION,1,0,0,1,7750,7750,550.0,29,1800,0,120,14,1,1,0,0.99,4,0,0,0,0,0,0,0,0,0,0,0,,0.0,0.0
task_0080,family_13,template_13,1.0,1.0,14,P-SPIDER-MEA,1,0,0,1,1170,1170,57.857142857142854,18,1980,150,30,14,1,1,0,0.99,4,0,1,1,1,0,1,1,0,1,1,1,182f854b6f231e68,0.5523809523809524,0.8571428571428571
task_0080,family_13,template_13,1.0,1.0,14,B-COLD,1,0,0,1,7050,7050,503.57142857142856,29,14120,0,120,0,0,1,0,0.985,4,0,0,0,0,0,0,0,0,0,0,0,,0.5523809523809524,0.0
task_0080,family_13,template_13,1.0,1.0,14,B-RAG-EMBED,1,0,0,1,7250,7250,503.57142857142856,30,14270,150,120,0,0,1,0,0.985,4,0,0,0,0,0,0,0,0,1,0,0,,0.5523809523809524,0.0
task_0080,family_13,template_13,1.0,1.0,14,B-STAGEHAND-CACHE,1,0,0,1,7050,7050,503.57142857142856,29,14120,0,120,0,0,1,0,0.985,4,0,0,0,0,0,0,0,0,1,0,0,,0.5523809523809524,0.0
task_0080,family_13,template_13,1.0,1.0,14,B-TERX-REPLAY,1,0,0,1,7050,7050,503.57142857142856,29,14120,0,120,0,0,1,0,0.985,4,0,0,0,0,0,0,0,0,1,0,0,,0.5523809523809524,0.0
task_0080,family_13,template_13,1.0,1.0,14,NC1-SHUFFLED,1,0,0,1,7050,7050,500.0,29,14120,0,120,0,0,1,0,0.99,4,0,0,0,0,0,0,0,0,0,0,0,,0.0,0.0
task_0080,family_13,template_13,1.0,1.0,14,NC2-RANDOM,1,0,0,1,7050,7050,500.0,29,14120,0,120,0,0,1,0,0.9645,4,0,0,0,0,0,0,0,0,0,0,0,,0.0,0.0
task_0080,family_13,template_13,1.0,1.0,14,NC3-LENGTH,1,0,0,1,7050,7050,500.0,29,14120,0,120,0,0,1,0,0.55,2,0,0,0,0,0,0,0,0,0,0,0,,0.0,0.0
task_0080,family_13,template_13,1.0,1.0,14,NC4-ABLATION,0,1,0,0,7750,7750,550.0,29,1800,0,120,14,1,0,0,0.01,0,1,0,0,0,0,0,0,0,0,0,0,,0.0,0.0
task_0081,family_13,template_13,0.25,0.5,14,P-SPIDER-MEA,1,0,0,1,1210,1210,60.714285714285715,18,2070,150,120,14,1,1,0,0.99,4,0,0,0,0,0,1,1,0,1,1,1,bd66c89077de8723,0.5952380952380952,1.0
task_0081,family_13,template_13,0.25,0.5,14,B-COLD,1,0,0,1,7050,7050,503.57142857142856,29,14120,0,120,0,0,1,0,0.99,4,0,0,0,0,0,0,0,0,0,0,0,,0.5952380952380952,0.0
task_0081,family_13,template_13,0.25,0.5,14,B-RAG-EMBED,1,0,0,1,4100,4100,278.57142857142856,23,8110,150,120,7,1,1,0,0.99,4,0,0,0,0,0,0,0,0,1,1,0,,0.5952380952380952,0.0
task_0081,family_13,template_13,0.25,0.5,14,B-STAGEHAND-CACHE,1,0,0,1,7050,7050,503.57142857142856,29,14120,0,120,0,0,1,0,0.99,4,0,0,0,0,0,0,0,0,1,0,0,,0.5952380952380952,0.0
task_0081,family_13,template_13,0.25,0.5,14,B-TERX-REPLAY,1,0,0,1,7050,7050,503.57142857142856,29,14120,0,120,0,0,1,0,0.99,4,0,0,0,0,0,0,0,0,1,0,0,,0.5952380952380952,0.0
task_0081,family_13,template_13,0.25,0.5,14,NC1-SHUFFLED,0,0,1,1,7050,7050,500.0,29,14120,0,120,0,0,1,0,0.01,0,0,0,0,0,1,0,0,0,0,0,0,,0.0,0.0
task_0081,family_13,template_13,0.25,0.5,14,NC2-RANDOM,1,0,0,1,7050,7050,500.0,29,14120,0,120,0,0,1,0,0.99,4,0,0,0,0,0,0,0,0,0,0,0,,0.0,0.0
task_0081,family_13,template_13,0.25,0.5,14,NC3-LENGTH,1,0,0,1,7050,7050,500.0,29,14120,0,120,0,0,1,0,0.55,2,0,0,0,0,0,0,0,0,0,0,0,,0.0,0.0
task_0081,family_13,template_13,0.25,0.5,14,NC4-ABLATION,1,0,0,1,7750,7750,550.0,29,1800,0,120,14,1,1,0,0.99,4,0,0,0,0,0,0,0,0,0,0,0,,0.0,0.0
task_0082,family_14,template_14,0.0,0.0,8,P-SPIDER-MEA,1,0,0,1,870,870,63.75,12,1260,150,30,8,1,1,0,0.99,4,0,1,1,1,0,1,1,0,1,1,1,12a9943792d4224e,0.75,1.0
task_0082,family_14,template_14,0.0,0.0,8,B-COLD,1,0,0,1,4050,4050,506.25,17,8120,0,120,0,0,1,0,0.9774,4,0,0,0,0,0,0,0,0,0,0,0,,0.75,0.0
task_0082,family_14,template_14,0.0,0.0,8,B-RAG-EMBED,1,0,0,1,650,650,56.25,10,1230,150,120,8,1,1,0,0.9774,4,0,0,0,0,0,0,0,0,1,1,0,,0.75,0.0
task_0082,family_14,template_14,0.0,0.0,8,B-STAGEHAND-CACHE,1,0,0,1,450,450,56.25,9,1080,0,120,8,1,1,0,0.9774,4,0,0,0,0,0,0,0,0,1,1,0,,0.75,0.0
task_0082,family_14,template_14,0.0,0.0,8,B-TERX-REPLAY,1,0,0,1,450,450,56.25,9,1080,0,120,8,1,1,0,0.9774,4,0,0,0,0,0,0,0,0,1,1,0,,0.75,0.0
task_0082,family_14,template_14,0.0,0.0,8,NC1-SHUFFLED,0,0,1,1,4050,4050,500.0,17,8120,0,120,0,0,1,0,0.0203,0,0,0,0,0,1,0,0,0,0,0,0,,0.0,0.0
task_0082,family_14,template_14,0.0,0.0,8,NC2-RANDOM,1,0,0,1,4050,4050,500.0,17,8120,0,120,0,0,1,0,0.99,4,0,0,0,0,0,0,0,0,0,0,0,,0.0,0.0
task_0082,family_14,template_14,0.0,0.0,8,NC3-LENGTH,1,0,0,1,4050,4050,500.0,17,8120,0,120,0,0,1,0,0.55,2,0,0,0,0,0,0,0,0,0,0,0,,0.0,0.0
task_0082,family_14,template_14,0.0,0.0,8,NC4-ABLATION,1,0,0,1,4450,4450,550.0,17,1080,0,120,8,1,1,0,0.99,4,0,0,0,0,0,0,0,0,0,0,0,,0.0,0.0
task_0083,family_14,template_14,0.75,0.6667,8,P-SPIDER-MEA,1,0,0,1,910,910,68.75,12,1350,150,120,8,1,1,0,0.99,4,0,0,0,0,0,1,1,0,1,1,1,1d0d4d15c51854e6,0.6611111111111111,1.0
task_0083,family_14,template_14,0.75,0.6667,8,B-COLD,1,0,0,1,4050,4050,506.25,17,8120,0,120,0,0,1,0,0.99,4,0,0,0,0,0,0,0,0,0,0,0,,0.6611111111111111,0.0
task_0083,family_14,template_14,0.75,0.6667,8,B-RAG-EMBED,1,0,0,1,2900,2900,337.5,15,5630,150,120,3,1,1,0,0.99,4,0,0,0,0,0,0,0,0,1,1,0,,0.6611111111111111,0.0
task_0083,family_14,template_14,0.75,0.6667,8,B-STAGEHAND-CACHE,1,0,0,1,4050,4050,506.25,17,8120,0,120,0,0,1,0,0.99,4,0,0,0,0,0,0,0,0,1,0,0,,0.6611111111111111,0.0
task_0083,family_14,template_14,0.75,0.6667,8,B-TERX-REPLAY,1,0,0,1,4050,4050,506.25,17,8120,0,120,0,0,1,0,0.99,4,0,0,0,0,0,0,0,0,1,0,0,,0.6611111111111111,0.0
task_0083,family_14,template_14,0.75,0.6667,8,NC1-SHUFFLED,0,0,1,1,4050,4050,500.0,17,8120,0,120,0,0,1,0,0.01,0,0,0,0,0,1,0,0,0,0,0,0,,0.0,0.0
task_0083,family_14,template_14,0.75,0.6667,8,NC2-RANDOM,1,0,0,1,4050,4050,500.0,17,8120,0,120,0,0,1,0,0.99,4,0,0,0,0,0,0,0,0,0,0,0,,0.0,0.0
task_0083,family_14,template_14,0.75,0.6667,8,NC3-LENGTH,1,0,0,1,4050,4050,500.0,17,8120,0,120,0,0,1,0,0.55,2,0,0,0,0,0,0,0,0,0,0,0,,0.0,0.0
task_0083,family_14,template_14,0.75,0.6667,8,NC4-ABLATION,0,1,0,0,4450,4450,550.0,17,1080,0,120,8,1,0,0,0.0155,0,1,0,0,0,0,0,0,0,0,0,0,,0.0,0.0
task_0084,family_14,template_14,1.0,1.0,8,P-SPIDER-MEA,1,0,0,1,910,910,68.75,12,1350,150,120,8,1,1,0,0.99,4,0,0,0,0,0,1,1,0,1,1,1,46314a9318f64a46,0.6333333333333333,0.8666666666666667
task_0084,family_14,template_14,1.0,1.0,8,B-COLD,1,0,0,1,4050,4050,506.25,17,8120,0,120,0,0,1,0,0.99,4,0,0,0,0,0,0,0,0,0,0,0,,0.6333333333333333,0.0
task_0084,family_14,template_14,1.0,1.0,8,B-RAG-EMBED,1,0,0,1,4250,4250,506.25,18,8270,150,120,0,0,1,0,0.99,4,0,0,0,0,0,0,0,0,1,0,0,,0.6333333333333333,0.0
task_0084,family_14,template_14,1.0,1.0,8,B-STAGEHAND-CACHE,1,0,0,1,4050,4050,506.25,17,8120,0,120,0,0,1,0,0.99,4,0,0,0,0,0,0,0,0,1,0,0,,0.6333333333333333,0.0
task_0084,family_14,template_14,1.0,1.0,8,B-TERX-REPLAY,1,0,0,1,4050,4050,506.25,17,8120,0,120,0,0,1,0,0.99,4,0,0,0,0,0,0,0,0,1,0,0,,0.6333333333333333,0.0
task_0084,family_14,template_14,1.0,1.0,8,NC1-SHUFFLED,0,0,1,1,4050,4050,500.0,17,8120,0,120,0,0,1,0,0.0306,0,0,0,0,0,1,0,0,0,0,0,0,,0.0,0.0
task_0084,family_14,template_14,1.0,1.0,8,NC2-RANDOM,1,0,0,1,4050,4050,500.0,17,8120,0,120,0,0,1,0,0.99,4,0,0,0,0,0,0,0,0,0,0,0,,0.0,0.0
task_0084,family_14,template_14,1.0,1.0,8,NC3-LENGTH,1,0,0,1,4050,4050,500.0,17,8120,0,120,0,0,1,0,0.55,2,0,0,0,0,0,0,0,0,0,0,0,,0.0,0.0
task_0084,family_14,template_14,1.0,1.0,8,NC4-ABLATION,0,1,0,0,4450,4450,550.0,17,1080,0,120,8,1,0,0,0.0198,0,1,0,0,0,0,0,0,0,0,0,0,,0.0,0.0
task_0085,family_14,template_14,0.25,0.3333,8,P-SPIDER-MEA,1,0,0,1,870,870,63.75,12,1260,150,30,8,1,1,0,0.99,4,0,1,1,1,0,1,1,0,1,1,1,17589b8b04021ffc,0.7,1.0
task_0085,family_14,template_14,0.25,0.3333,8,B-COLD,1,0,0,1,4050,4050,506.25,17,8120,0,120,0,0,1,0,0.9635,4,0,0,0,0,0,0,0,0,0,0,0,,0.7,0.0
task_0085,family_14,template_14,0.25,0.3333,8,B-RAG-EMBED,1,0,0,1,2000,2000,225.0,13,3870,150,120,5,1,1,0,0.9635,4,0,0,0,0,0,0,0,0,1,1,0,,0.7,0.0
task_0085,family_14,template_14,0.25,0.3333,8,B-STAGEHAND-CACHE,1,0,0,1,4050,4050,506.25,17,8120,0,120,0,0,1,0,0.9635,4,0,0,0,0,0,0,0,0,1,0,0,,0.7,0.0
task_0085,family_14,template_14,0.25,0.3333,8,B-TERX-REPLAY,1,0,0,1,4050,4050,506.25,17,8120,0,120,0,0,1,0,0.9635,4,0,0,0,0,0,0,0,0,1,0,0,,0.7,0.0
task_0085,family_14,template_14,0.25,0.3333,8,NC1-SHUFFLED,0,0,1,1,4050,4050,500.0,17,8120,0,120,0,0,1,0,0.01,0,0,0,0,0,1,0,0,0,0,0,0,,0.0,0.0
task_0085,family_14,template_14,0.25,0.3333,8,NC2-RANDOM,1,0,0,1,4050,4050,500.0,17,8120,0,120,0,0,1,0,0.99,4,0,0,0,0,0,0,0,0,0,0,0,,0.0,0.0
task_0085,family_14,template_14,0.25,0.3333,8,NC3-LENGTH,1,0,0,1,4050,4050,500.0,17,8120,0,120,0,0,1,0,0.55,2,0,0,0,0,0,0,0,0,0,0,0,,0.0,0.0
task_0085,family_14,template_14,0.25,0.3333,8,NC4-ABLATION,1,0,0,1,4450,4450,550.0,17,1080,0,120,8,1,1,0,0.9792,4,0,0,0,0,0,0,0,0,0,0,0,,0.0,0.0
task_0086,family_14,template_14,0.5,0.6667,8,P-SPIDER-MEA,1,0,0,1,910,910,68.75,12,1350,150,120,8,1,1,0,0.99,4,0,0,0,0,0,1,1,0,1,1,1,15f78c8b5b61577a,0.65,1.0
task_0086,family_14,template_14,0.5,0.6667,8,B-COLD,1,0,0,1,4050,4050,506.25,17,8120,0,120,0,0,1,0,0.99,4,0,0,0,0,0,0,0,0,0,0,0,,0.65,0.0
task_0086,family_14,template_14,0.5,0.6667,8,B-RAG-EMBED,1,0,0,1,2900,2900,337.5,15,5630,150,120,3,1,1,0,0.99,4,0,0,0,0,0,0,0,0,1,1,0,,0.65,0.0
task_0086,family_14,template_14,0.5,0.6667,8,B-STAGEHAND-CACHE,1,0,0,1,4050,4050,506.25,17,8120,0,120,0,0,1,0,0.99,4,0,0,0,0,0,0,0,0,1,0,0,,0.65,0.0
task_0086,family_14,template_14,0.5,0.6667,8,B-TERX-REPLAY,1,0,0,1,4050,4050,506.25,17,8120,0,120,0,0,1,0,0.99,4,0,0,0,0,0,0,0,0,1,0,0,,0.65,0.0
task_0086,family_14,template_14,0.5,0.6667,8,NC1-SHUFFLED,0,0,1,1,4050,4050,500.0,17,8120,0,120,0,0,1,0,0.01,0,0,0,0,0,1,0,0,0,0,0,0,,0.0,0.0
task_0086,family_14,template_14,0.5,0.6667,8,NC2-RANDOM,1,0,0,1,4050,4050,500.0,17,8120,0,120,0,0,1,0,0.9513,4,0,0,0,0,0,0,0,0,0,0,0,,0.0,0.0
task_0086,family_14,template_14,0.5,0.6667,8,NC3-LENGTH,1,0,0,1,4050,4050,500.0,17,8120,0,120,0,0,1,0,0.55,2,0,0,0,0,0,0,0,0,0,0,0,,0.0,0.0
task_0086,family_14,template_14,0.5,0.6667,8,NC4-ABLATION,0,1,0,0,4450,4450,550.0,17,1080,0,120,8,1,0,0,0.0441,0,1,0,0,0,0,0,0,0,0,0,0,,0.0,0.0
task_0087,family_15,template_15,0.0,0.0,9,P-SPIDER-MEA,1,0,0,1,920,920,62.22222222222222,13,1380,150,30,9,1,1,0,0.99,4,0,1,1,1,0,1,1,0,1,1,1,72d47373d626b7b6,0.5,1.0
task_0087,family_15,template_15,0.0,0.0,9,B-COLD,1,0,0,1,4550,4550,505.55555555555554,19,9120,0,120,0,0,1,0,0.9696,4,0,0,0,0,0,0,0,0,0,0,0,,0.5,0.0
task_0087,family_15,template_15,0.0,0.0,9,B-RAG-EMBED,1,0,0,1,700,700,55.55555555555556,11,1350,150,120,9,1,1,0,0.9696,4,0,0,0,0,0,0,0,0,1,1,0,,0.5,0.0
task_0087,family_15,template_15,0.0,0.0,9,B-STAGEHAND-CACHE,1,0,0,1,500,500,55.55555555555556,10,1200,0,120,9,1,1,0,0.9696,4,0,0,0,0,0,0,0,0,1,1,0,,0.5,0.0
task_0087,family_15,template_15,0.0,0.0,9,B-TERX-REPLAY,1,0,0,1,500,500,55.55555555555556,10,1200,0,120,9,1,1,0,0.9696,4,0,0,0,0,0,0,0,0,1,1,0,,0.5,0.0
task_0087,family_15,template_15,0.0,0.0,9,NC1-SHUFFLED,1,0,0,1,4550,4550,500.0,19,9120,0,120,0,0,1,0,0.99,4,0,0,0,0,0,0,0,0,0,0,0,,0.0,0.0
task_0087,family_15,template_15,0.0,0.0,9,NC2-RANDOM,1,0,0,1,4550,4550,500.0,19,9120,0,120,0,0,1,0,0.9574,4,0,0,0,0,0,0,0,0,0,0,0,,0.0,0.0
task_0087,family_15,template_15,0.0,0.0,9,NC3-LENGTH,1,0,0,1,4550,4550,500.0,19,9120,0,120,0,0,1,0,0.55,2,0,0,0,0,0,0,0,0,0,0,0,,0.0,0.0
task_0087,family_15,template_15,0.0,0.0,9,NC4-ABLATION,1,0,0,1,5000,5000,550.0,19,1200,0,120,9,1,1,0,0.9533,4,0,0,0,0,0,0,0,0,0,0,0,,0.0,0.0
task_0088,family_15,template_15,1.0,1.0,9,P-SPIDER-MEA,1,0,0,1,960,960,66.66666666666667,13,1470,150,120,9,1,1,0,0.9653,4,0,0,0,0,0,1,1,0,1,1,1,2047dd785493c211,0.3888888888888889,0.7777777777777778
task_0088,family_15,template_15,1.0,1.0,9,B-COLD,1,0,0,1,4550,4550,505.55555555555554,19,9120,0,120,0,0,1,0,0.99,4,0,0,0,0,0,0,0,0,0,0,0,,0.3888888888888889,0.0
task_0088,family_15,template_15,1.0,1.0,9,B-RAG-EMBED,1,0,0,1,4750,4750,505.55555555555554,20,9270,150,120,0,0,1,0,0.99,4,0,0,0,0,0,0,0,0,1,0,0,,0.3888888888888889,0.0
task_0088,family_15,template_15,1.0,1.0,9,B-STAGEHAND-CACHE,1,0,0,1,4550,4550,505.55555555555554,19,9120,0,120,0,0,1,0,0.99,4,0,0,0,0,0,0,0,0,1,0,0,,0.3888888888888889,0.0
task_0088,family_15,template_15,1.0,1.0,9,B-TERX-REPLAY,1,0,0,1,4550,4550,505.55555555555554,19,9120,0,120,0,0,1,0,0.99,4,0,0,0,0,0,0,0,0,1,0,0,,0.3888888888888889,0.0
task_0088,family_15,template_15,1.0,1.0,9,NC1-SHUFFLED,1,0,0,1,4550,4550,500.0,19,9120,0,120,0,0,1,0,0.9765,4,0,0,0,0,0,0,0,0,0,0,0,,0.0,0.0
task_0088,family_15,template_15,1.0,1.0,9,NC2-RANDOM,1,0,0,1,4550,4550,500.0,19,9120,0,120,0,0,1,0,0.9839,4,0,0,0,0,0,0,0,0,0,0,0,,0.0,0.0
task_0088,family_15,template_15,1.0,1.0,9,NC3-LENGTH,1,0,0,1,4550,4550,500.0,19,9120,0,120,0,0,1,0,0.55,2,0,0,0,0,0,0,0,0,0,0,0,,0.0,0.0
task_0088,family_15,template_15,1.0,1.0,9,NC4-ABLATION,1,0,0,1,5000,5000,550.0,19,1200,0,120,9,1,1,0,0.99,4,0,0,0,0,0,0,0,0,0,0,0,,0.0,0.0
task_0089,family_15,template_15,0.25,0.0,9,P-SPIDER-MEA,1,0,0,1,920,920,62.22222222222222,13,1380,150,30,9,1,1,0,0.9867,4,0,1,1,1,0,1,1,0,1,1,1,cc46491114d57082,0.5,1.0
task_0089,family_15,template_15,0.25,0.0,9,B-COLD,1,0,0,1,4550,4550,505.55555555555554,19,9120,0,120,0,0,1,0,0.9803,4,0,0,0,0,0,0,0,0,0,0,0,,0.5,0.0
task_0089,family_15,template_15,0.25,0.0,9,B-RAG-EMBED,1,0,0,1,700,700,55.55555555555556,11,1350,150,120,9,1,1,0,0.9803,4,0,0,0,0,0,0,0,0,1,1,0,,0.5,0.0
task_0089,family_15,template_15,0.25,0.0,9,B-STAGEHAND-CACHE,1,0,0,1,4550,4550,505.55555555555554,19,9120,0,120,0,0,1,0,0.9803,4,0,0,0,0,0,0,0,0,1,0,0,,0.5,0.0
task_0089,family_15,template_15,0.25,0.0,9,B-TERX-REPLAY,1,0,0,1,4550,4550,505.55555555555554,19,9120,0,120,0,0,1,0,0.9803,4,0,0,0,0,0,0,0,0,1,0,0,,0.5,0.0
task_0089,family_15,template_15,0.25,0.0,9,NC1-SHUFFLED,0,0,1,1,4550,4550,500.0,19,9120,0,120,0,0,1,0,0.01,0,0,0,0,0,1,0,0,0,0,0,0,,0.0,0.0
task_0089,family_15,template_15,0.25,0.0,9,NC2-RANDOM,1,0,0,1,4550,4550,500.0,19,9120,0,120,0,0,1,0,0.99,4,0,0,0,0,0,0,0,0,0,0,0,,0.0,0.0
task_0089,family_15,template_15,0.25,0.0,9,NC3-LENGTH,1,0,0,1,4550,4550,500.0,19,9120,0,120,0,0,1,0,0.55,2,0,0,0,0,0,0,0,0,0,0,0,,0.0,0.0
task_0089,family_15,template_15,0.25,0.0,9,NC4-ABLATION,1,0,0,1,5000,5000,550.0,19,1200,0,120,9,1,1,0,0.99,4,0,0,0,0,0,0,0,0,0,0,0,,0.0,0.0
task_0090,family_15,template_15,0.5,1.0,9,P-SPIDER-MEA,1,0,0,1,960,960,66.66666666666667,13,1470,150,120,9,1,1,0,0.99,4,0,0,0,0,0,1,1,0,1,1,1,c8e0b2c16b087a5f,0.4,0.8
task_0090,family_15,template_15,0.5,1.0,9,B-COLD,1,0,0,1,4550,4550,505.55555555555554,19,9120,0,120,0,0,1,0,0.99,4,0,0,0,0,0,0,0,0,0,0,0,,0.4,0.0
task_0090,family_15,template_15,0.5,1.0,9,B-RAG-EMBED,1,0,0,1,4750,4750,505.55555555555554,20,9270,150,120,0,0,1,0,0.99,4,0,0,0,0,0,0,0,0,1,0,0,,0.4,0.0
task_0090,family_15,template_15,0.5,1.0,9,B-STAGEHAND-CACHE,1,0,0,1,4550,4550,505.55555555555554,19,9120,0,120,0,0,1,0,0.99,4,0,0,0,0,0,0,0,0,1,0,0,,0.4,0.0
task_0090,family_15,template_15,0.5,1.0,9,B-TERX-REPLAY,1,0,0,1,4550,4550,505.55555555555554,19,9120,0,120,0,0,1,0,0.99,4,0,0,0,0,0,0,0,0,1,0,0,,0.4,0.0
task_0090,family_15,template_15,0.5,1.0,9,NC1-SHUFFLED,0,0,1,1,4550,4550,500.0,19,9120,0,120,0,0,1,0,0.01,0,0,0,0,0,1,0,0,0,0,0,0,,0.0,0.0
task_0090,family_15,template_15,0.5,1.0,9,NC2-RANDOM,1,0,0,1,4550,4550,500.0,19,9120,0,120,0,0,1,0,0.9734,4,0,0,0,0,0,0,0,0,0,0,0,,0.0,0.0
task_0090,family_15,template_15,0.5,1.0,9,NC3-LENGTH,1,0,0,1,4550,4550,500.0,19,9120,0,120,0,0,1,0,0.55,2,0,0,0,0,0,0,0,0,0,0,0,,0.0,0.0
task_0090,family_15,template_15,0.5,1.0,9,NC4-ABLATION,1,0,0,1,5000,5000,550.0,19,1200,0,120,9,1,1,0,0.99,4,0,0,0,0,0,0,0,0,0,0,0,,0.0,0.0
task_0091,family_15,template_15,0.75,1.0,9,P-SPIDER-MEA,1,0,0,1,920,920,62.22222222222222,13,1380,150,30,9,1,1,0,0.99,4,0,1,1,1,0,1,1,0,1,1,1,3ecfb121eb99a808,0.4,0.8
task_0091,family_15,template_15,0.75,1.0,9,B-COLD,1,0,0,1,4550,4550,505.55555555555554,19,9120,0,120,0,0,1,0,0.9651,4,0,0,0,0,0,0,0,0,0,0,0,,0.4,0.0
task_0091,family_15,template_15,0.75,1.0,9,B-RAG-EMBED,1,0,0,1,4750,4750,505.55555555555554,20,9270,150,120,0,0,1,0,0.9651,4,0,0,0,0,0,0,0,0,1,0,0,,0.4,0.0
task_0091,family_15,template_15,0.75,1.0,9,B-STAGEHAND-CACHE,1,0,0,1,4550,4550,505.55555555555554,19,9120,0,120,0,0,1,0,0.9651,4,0,0,0,0,0,0,0,0,1,0,0,,0.4,0.0
task_0091,family_15,template_15,0.75,1.0,9,B-TERX-REPLAY,1,0,0,1,4550,4550,505.55555555555554,19,9120,0,120,0,0,1,0,0.9651,4,0,0,0,0,0,0,0,0,1,0,0,,0.4,0.0
task_0091,family_15,template_15,0.75,1.0,9,NC1-SHUFFLED,1,0,0,1,4550,4550,500.0,19,9120,0,120,0,0,1,0,0.9855,4,0,0,0,0,0,0,0,0,0,0,0,,0.0,0.0
task_0091,family_15,template_15,0.75,1.0,9,NC2-RANDOM,1,0,0,1,4550,4550,500.0,19,9120,0,120,0,0,1,0,0.99,4,0,0,0,0,0,0,0,0,0,0,0,,0.0,0.0
task_0091,family_15,template_15,0.75,1.0,9,NC3-LENGTH,1,0,0,1,4550,4550,500.0,19,9120,0,120,0,0,1,0,0.55,2,0,0,0,0,0,0,0,0,0,0,0,,0.0,0.0
task_0091,family_15,template_15,0.75,1.0,9,NC4-ABLATION,0,1,0,0,5000,5000,550.0,19,1200,0,120,9,1,0,0,0.0464,0,1,0,0,0,0,0,0,0,0,0,0,,0.0,0.0
task_0092,family_16,template_16,0.0,0.0,10,P-SPIDER-MEA,1,0,0,1,1010,1010,65.0,14,1590,150,120,10,1,1,0,0.99,4,0,0,0,0,0,1,1,0,1,1,1,69e481e7de14394e,0.6666666666666666,1.0
task_0092,family_16,template_16,0.0,0.0,10,B-COLD,1,0,0,1,5050,5050,505.0,21,10120,0,120,0,0,1,0,0.99,4,0,0,0,0,0,0,0,0,0,0,0,,0.6666666666666666,0.0
task_0092,family_16,template_16,0.0,0.0,10,B-RAG-EMBED,1,0,0,1,750,750,55.0,12,1470,150,120,10,1,1,0,0.99,4,0,0,0,0,0,0,0,0,1,1,0,,0.6666666666666666,0.0
task_0092,family_16,template_16,0.0,0.0,10,B-STAGEHAND-CACHE,1,0,0,1,550,550,55.0,11,1320,0,120,10,1,1,0,0.99,4,0,0,0,0,0,0,0,0,1,1,0,,0.6666666666666666,0.0
task_0092,family_16,template_16,0.0,0.0,10,B-TERX-REPLAY,1,0,0,1,550,550,55.0,11,1320,0,120,10,1,1,0,0.99,4,0,0,0,0,0,0,0,0,1,1,0,,0.6666666666666666,0.0
task_0092,family_16,template_16,0.0,0.0,10,NC1-SHUFFLED,0,0,1,0,5050,5050,500.0,21,10120,0,120,0,0,0,0,0.01,0,1,0,0,0,1,0,0,0,0,0,0,,0.0,0.0
task_0092,family_16,template_16,0.0,0.0,10,NC2-RANDOM,0,1,0,0,5050,5050,500.0,21,10120,0,120,0,0,0,0,0.01,0,1,0,0,0,0,0,0,0,0,0,0,,0.0,0.0
task_0092,family_16,template_16,0.0,0.0,10,NC3-LENGTH,1,0,0,1,5050,5050,500.0,21,10120,0,120,0,0,1,0,0.55,2,0,0,0,0,0,0,0,0,0,0,0,,0.0,0.0
task_0092,family_16,template_16,0.0,0.0,10,NC4-ABLATION,1,0,0,1,5550,5550,550.0,21,1320,0,120,10,1,1,0,0.99,4,0,0,0,0,0,0,0,0,0,0,0,,0.0,0.0
task_0093,family_16,template_16,0.25,0.5,10,P-SPIDER-MEA,1,0,0,1,1010,1010,65.0,14,1590,150,120,10,1,1,0,0.9566,4,0,0,0,0,0,1,1,0,1,1,1,b2749684bdeab844,0.6222222222222222,1.0
task_0093,family_16,template_16,0.25,0.5,10,B-COLD,1,0,0,1,5050,5050,505.0,21,10120,0,120,0,0,1,0,0.99,4,0,0,0,0,0,0,0,0,0,0,0,,0.6222222222222222,0.0
task_0093,family_16,template_16,0.25,0.5,10,B-RAG-EMBED,1,0,0,1,3000,3000,280.0,17,5870,150,120,5,1,1,0,0.99,4,0,0,0,0,0,0,0,0,1,1,0,,0.6222222222222222,0.0
task_0093,family_16,template_16,0.25,0.5,10,B-STAGEHAND-CACHE,1,0,0,1,5050,5050,505.0,21,10120,0,120,0,0,1,0,0.99,4,0,0,0,0,0,0,0,0,1,0,0,,0.6222222222222222,0.0
task_0093,family_16,template_16,0.25,0.5,10,B-TERX-REPLAY,1,0,0,1,5050,5050,505.0,21,10120,0,120,0,0,1,0,0.99,4,0,0,0,0,0,0,0,0,1,0,0,,0.6222222222222222,0.0
task_0093,family_16,template_16,0.25,0.5,10,NC1-SHUFFLED,0,0,1,1,5050,5050,500.0,21,10120,0,120,0,0,1,0,0.01,0,0,0,0,0,1,0,0,0,0,0,0,,0.0,0.0
task_0093,family_16,template_16,0.25,0.5,10,NC2-RANDOM,1,0,0,1,5050,5050,500.0,21,10120,0,120,0,0,1,0,0.9519,4,0,0,0,0,0,0,0,0,0,0,0,,0.0,0.0
task_0093,family_16,template_16,0.25,0.5,10,NC3-LENGTH,1,0,0,1,5050,5050,500.0,21,10120,0,120,0,0,1,0,0.55,2,0,0,0,0,0,0,0,0,0,0,0,,0.0,0.0
task_0093,family_16,template_16,0.25,0.5,10,NC4-ABLATION,1,0,0,1,5550,5550,550.0,21,1320,0,120,10,1,1,0,0.99,4,0,0,0,0,0,0,0,0,0,0,0,,0.0,0.0
task_0094,family_16,template_16,0.5,0.5,10,P-SPIDER-MEA,1,0,0,1,1010,1010,65.0,14,1590,150,120,10,1,1,0,0.99,4,0,0,0,0,0,1,1,0,1,1,1,e0645309be0cdac1,0.6,1.0
task_0094,family_16,template_16,0.5,0.5,10,B-COLD,1,0,0,1,5050,5050,505.0,21,10120,0,120,0,0,1,0,0.99,4,0,0,0,0,0,0,0,0,0,0,0,,0.6,0.0
task_0094,family_16,template_16,0.5,0.5,10,B-RAG-EMBED,1,0,0,1,3000,3000,280.0,17,5870,150,120,5,1,1,0,0.99,4,0,0,0,0,0,0,0,0,1,1,0,,0.6,0.0
task_0094,family_16,template_16,0.5,0.5,10,B-STAGEHAND-CACHE,1,0,0,1,5050,5050,505.0,21,10120,0,120,0,0,1,0,0.99,4,0,0,0,0,0,0,0,0,1,0,0,,0.6,0.0
task_0094,family_16,template_16,0.5,0.5,10,B-TERX-REPLAY,1,0,0,1,5050,5050,505.0,21,10120,0,120,0,0,1,0,0.99,4,0,0,0,0,0,0,0,0,1,0,0,,0.6,0.0
task_0094,family_16,template_16,0.5,0.5,10,NC1-SHUFFLED,0,0,1,1,5050,5050,500.0,21,10120,0,120,0,0,1,0,0.01,0,0,0,0,0,1,0,0,0,0,0,0,,0.0,0.0
task_0094,family_16,template_16,0.5,0.5,10,NC2-RANDOM,1,0,0,1,5050,5050,500.0,21,10120,0,120,0,0,1,0,0.9633,4,0,0,0,0,0,0,0,0,0,0,0,,0.0,0.0
task_0094,family_16,template_16,0.5,0.5,10,NC3-LENGTH,1,0,0,1,5050,5050,500.0,21,10120,0,120,0,0,1,0,0.55,2,0,0,0,0,0,0,0,0,0,0,0,,0.0,0.0
task_0094,family_16,template_16,0.5,0.5,10,NC4-ABLATION,0,1,0,0,5550,5550,550.0,21,1320,0,120,10,1,0,0,0.0193,0,1,0,0,0,0,0,0,0,0,0,0,,0.0,0.0
task_0095,family_16,template_16,0.75,1.0,10,P-SPIDER-MEA,1,0,0,1,970,970,61.0,14,1500,150,30,10,1,1,0,0.9625,4,0,1,1,1,0,1,1,0,1,1,1,2abd31af864a6f28,0.5555555555555556,0.8666666666666667
task_0095,family_16,template_16,0.75,1.0,10,B-COLD,1,0,0,1,5050,5050,505.0,21,10120,0,120,0,0,1,0,0.99,4,0,0,0,0,0,0,0,0,0,0,0,,0.5555555555555556,0.0
task_0095,family_16,template_16,0.75,1.0,10,B-RAG-EMBED,1,0,0,1,5250,5250,505.0,22,10270,150,120,0,0,1,0,0.99,4,0,0,0,0,0,0,0,0,1,0,0,,0.5555555555555556,0.0
task_0095,family_16,template_16,0.75,1.0,10,B-STAGEHAND-CACHE,1,0,0,1,5050,5050,505.0,21,10120,0,120,0,0,1,0,0.99,4,0,0,0,0,0,0,0,0,1,0,0,,0.5555555555555556,0.0
task_0095,family_16,template_16,0.75,1.0,10,B-TERX-REPLAY,1,0,0,1,5050,5050,505.0,21,10120,0,120,0,0,1,0,0.99,4,0,0,0,0,0,0,0,0,1,0,0,,0.5555555555555556,0.0
task_0095,family_16,template_16,0.75,1.0,10,NC1-SHUFFLED,0,0,1,1,5050,5050,500.0,21,10120,0,120,0,0,1,0,0.01,0,0,0,0,0,1,0,0,0,0,0,0,,0.0,0.0
task_0095,family_16,template_16,0.75,1.0,10,NC2-RANDOM,1,0,0,1,5050,5050,500.0,21,10120,0,120,0,0,1,0,0.99,4,0,0,0,0,0,0,0,0,0,0,0,,0.0,0.0
task_0095,family_16,template_16,0.75,1.0,10,NC3-LENGTH,1,0,0,1,5050,5050,500.0,21,10120,0,120,0,0,1,0,0.55,2,0,0,0,0,0,0,0,0,0,0,0,,0.0,0.0
task_0095,family_16,template_16,0.75,1.0,10,NC4-ABLATION,0,1,0,0,5550,5550,550.0,21,1320,0,120,10,1,0,0,0.0273,0,1,0,0,0,0,0,0,0,0,0,0,,0.0,0.0
task_0096,family_16,template_16,1.0,1.0,10,P-SPIDER-MEA,1,0,1,1,970,970,61.0,14,1500,150,30,10,0,0,0,0.0152,0,1,1,1,1,1,1,1,0,1,0,0,e7c41c22b4179407,0.5333333333333333,0.8
task_0096,family_16,template_16,1.0,1.0,10,B-COLD,1,0,0,1,5050,5050,505.0,21,10120,0,120,0,0,1,0,0.99,4,0,0,0,0,0,0,0,0,0,0,0,,0.5333333333333333,0.0
task_0096,family_16,template_16,1.0,1.0,10,B-RAG-EMBED,1,0,0,1,5250,5250,505.0,22,10270,150,120,0,0,1,0,0.99,4,0,0,0,0,0,0,0,0,1,0,0,,0.5333333333333333,0.0
task_0096,family_16,template_16,1.0,1.0,10,B-STAGEHAND-CACHE,1,0,0,1,5050,5050,505.0,21,10120,0,120,0,0,1,0,0.99,4,0,0,0,0,0,0,0,0,1,0,0,,0.5333333333333333,0.0
task_0096,family_16,template_16,1.0,1.0,10,B-TERX-REPLAY,1,0,0,1,5050,5050,505.0,21,10120,0,120,0,0,1,0,0.99,4,0,0,0,0,0,0,0,0,1,0,0,,0.5333333333333333,0.0
task_0096,family_16,template_16,1.0,1.0,10,NC1-SHUFFLED,1,0,0,1,5050,5050,500.0,21,10120,0,120,0,0,1,0,0.9893,4,0,0,0,0,0,0,0,0,0,0,0,,0.0,0.0
task_0096,family_16,template_16,1.0,1.0,10,NC2-RANDOM,1,0,0,1,5050,5050,500.0,21,10120,0,120,0,0,1,0,0.99,4,0,0,0,0,0,0,0,0,0,0,0,,0.0,0.0
task_0096,family_16,template_16,1.0,1.0,10,NC3-LENGTH,1,0,0,1,5050,5050,500.0,21,10120,0,120,0,0,1,0,0.55,2,0,0,0,0,0,0,0,0,0,0,0,,0.0,0.0
task_0096,family_16,template_16,1.0,1.0,10,NC4-ABLATION,0,1,0,0,5550,5550,550.0,21,1320,0,120,10,1,0,0,0.01,0,1,0,0,0,0,0,0,0,0,0,0,,0.0,0.0
task_0097,family_17,template_17,0.0,0.0,11,P-SPIDER-MEA,1,0,0,1,1060,1060,63.63636363636363,15,1710,150,120,11,1,1,0,0.99,4,0,0,0,0,0,1,1,0,1,1,1,78ebb7aca74adfff,0.6666666666666666,1.0
task_0097,family_17,template_17,0.0,0.0,11,B-COLD,1,0,0,1,5550,5550,504.54545454545456,23,11120,0,120,0,0,1,0,0.99,4,0,0,0,0,0,0,0,0,0,0,0,,0.6666666666666666,0.0
task_0097,family_17,template_17,0.0,0.0,11,B-RAG-EMBED,1,0,0,1,800,800,54.54545454545455,13,1590,150,120,11,1,1,0,0.99,4,0,0,0,0,0,0,0,0,1,1,0,,0.6666666666666666,0.0
task_0097,family_17,template_17,0.0,0.0,11,B-STAGEHAND-CACHE,1,0,0,1,600,600,54.54545454545455,12,1440,0,120,11,1,1,0,0.99,4,0,0,0,0,0,0,0,0,1,1,0,,0.6666666666666666,0.0
task_0097,family_17,template_17,0.0,0.0,11,B-TERX-REPLAY,1,0,0,1,600,600,54.54545454545455,12,1440,0,120,11,1,1,0,0.99,4,0,0,0,0,0,0,0,0,1,1,0,,0.6666666666666666,0.0
task_0097,family_17,template_17,0.0,0.0,11,NC1-SHUFFLED,0,0,1,0,5550,5550,500.0,23,11120,0,120,0,0,0,0,0.01,0,1,0,0,0,1,0,0,0,0,0,0,,0.0,0.0
task_0097,family_17,template_17,0.0,0.0,11,NC2-RANDOM,0,1,0,0,5550,5550,500.0,23,11120,0,120,0,0,0,0,0.01,0,1,0,0,0,0,0,0,0,0,0,0,,0.0,0.0
task_0097,family_17,template_17,0.0,0.0,11,NC3-LENGTH,1,0,0,1,5550,5550,500.0,23,11120,0,120,0,0,1,0,0.55,2,0,0,0,0,0,0,0,0,0,0,0,,0.0,0.0
task_0097,family_17,template_17,0.0,0.0,11,NC4-ABLATION,0,1,0,0,6100,6100,550.0,23,1440,0,120,11,1,0,0,0.0335,0,1,0,0,0,0,0,0,0,0,0,0,,0.0,0.0
task_0098,family_17,template_17,0.5,0.5,11,P-SPIDER-MEA,1,0,0,1,1060,1060,63.63636363636363,15,1710,150,120,11,1,1,0,0.9788,4,0,0,0,0,0,1,1,0,1,1,1,9d0221740274dae5,0.5925925925925926,1.0
task_0098,family_17,template_17,0.5,0.5,11,B-COLD,1,0,0,1,5550,5550,504.54545454545456,23,11120,0,120,0,0,1,0,0.99,4,0,0,0,0,0,0,0,0,0,0,0,,0.5925925925925926,0.0
task_0098,family_17,template_17,0.5,0.5,11,B-RAG-EMBED,1,0,0,1,3500,3500,300.0,19,6870,150,120,5,1,1,0,0.99,4,0,0,0,0,0,0,0,0,1,1,0,,0.5925925925925926,0.0
task_0098,family_17,template_17,0.5,0.5,11,B-STAGEHAND-CACHE,1,0,0,1,5550,5550,504.54545454545456,23,11120,0,120,0,0,1,0,0.99,4,0,0,0,0,0,0,0,0,1,0,0,,0.5925925925925926,0.0
task_0098,family_17,template_17,0.5,0.5,11,B-TERX-REPLAY,1,0,0,1,5550,5550,504.54545454545456,23,11120,0,120,0,0,1,0,0.99,4,0,0,0,0,0,0,0,0,1,0,0,,0.5925925925925926,0.0
task_0098,family_17,template_17,0.5,0.5,11,NC1-SHUFFLED,0,0,1,1,5550,5550,500.0,23,11120,0,120,0,0,1,0,0.0202,0,0,0,0,0,1,0,0,0,0,0,0,,0.0,0.0
task_0098,family_17,template_17,0.5,0.5,11,NC2-RANDOM,1,0,0,1,5550,5550,500.0,23,11120,0,120,0,0,1,0,0.99,4,0,0,0,0,0,0,0,0,0,0,0,,0.0,0.0
task_0098,family_17,template_17,0.5,0.5,11,NC3-LENGTH,1,0,0,1,5550,5550,500.0,23,11120,0,120,0,0,1,0,0.55,2,0,0,0,0,0,0,0,0,0,0,0,,0.0,0.0
task_0098,family_17,template_17,0.5,0.5,11,NC4-ABLATION,1,0,0,1,6100,6100,550.0,23,1440,0,120,11,1,1,0,0.99,4,0,0,0,0,0,0,0,0,0,0,0,,0.0,0.0
task_0099,family_17,template_17,0.75,1.0,11,P-SPIDER-MEA,1,0,0,1,1060,1060,63.63636363636363,15,1710,150,120,11,1,1,0,0.99,4,0,0,0,0,0,1,1,0,1,1,1,77c19b824d74af0b,0.5523809523809524,0.8571428571428571
task_0099,family_17,template_17,0.75,1.0,11,B-COLD,1,0,0,1,5550,5550,504.54545454545456,23,11120,0,120,0,0,1,0,0.99,4,0,0,0,0,0,0,0,0,0,0,0,,0.5523809523809524,0.0
task_0099,family_17,template_17,0.75,1.0,11,B-RAG-EMBED,1,0,0,1,5750,5750,504.54545454545456,24,11270,150,120,0,0,1,0,0.99,4,0,0,0,0,0,0,0,0,1,0,0,,0.5523809523809524,0.0
task_0099,family_17,template_17,0.75,1.0,11,B-STAGEHAND-CACHE,1,0,0,1,5550,5550,504.54545454545456,23,11120,0,120,0,0,1,0,0.99,4,0,0,0,0,0,0,0,0,1,0,0,,0.5523809523809524,0.0
task_0099,family_17,template_17,0.75,1.0,11,B-TERX-REPLAY,1,0,0,1,5550,5550,504.54545454545456,23,11120,0,120,0,0,1,0,0.99,4,0,0,0,0,0,0,0,0,1,0,0,,0.5523809523809524,0.0
task_0099,family_17,template_17,0.75,1.0,11,NC1-SHUFFLED,0,0,1,1,5550,5550,500.0,23,11120,0,120,0,0,1,0,0.01,0,0,0,0,0,1,0,0,0,0,0,0,,0.0,0.0
task_0099,family_17,template_17,0.75,1.0,11,NC2-RANDOM,1,0,0,1,5550,5550,500.0,23,11120,0,120,0,0,1,0,0.99,4,0,0,0,0,0,0,0,0,0,0,0,,0.0,0.0
task_0099,family_17,template_17,0.75,1.0,11,NC3-LENGTH,1,0,0,1,5550,5550,500.0,23,11120,0,120,0,0,1,0,0.55,2,0,0,0,0,0,0,0,0,0,0,0,,0.0,0.0
task_0099,family_17,template_17,0.75,1.0,11,NC4-ABLATION,0,1,0,0,6100,6100,550.0,23,1440,0,120,11,1,0,0,0.01,0,1,0,0,0,0,0,0,0,0,0,0,,0.0,0.0
task_0100,family_17,template_17,1.0,1.0,11,P-SPIDER-MEA,1,0,0,1,1020,1020,60.0,15,1620,150,30,11,1,1,0,0.99,4,0,1,1,1,0,1,1,0,1,1,1,b216fcdddd1ae406,0.5523809523809524,0.8571428571428571
task_0100,family_17,template_17,1.0,1.0,11,B-COLD,1,0,0,1,5550,5550,504.54545454545456,23,11120,0,120,0,0,1,0,0.967,4,0,0,0,0,0,0,0,0,0,0,0,,0.5523809523809524,0.0
task_0100,family_17,template_17,1.0,1.0,11,B-RAG-EMBED,1,0,0,1,5750,5750,504.54545454545456,24,11270,150,120,0,0,1,0,0.967,4,0,0,0,0,0,0,0,0,1,0,0,,0.5523809523809524,0.0
task_0100,family_17,template_17,1.0,1.0,11,B-STAGEHAND-CACHE,1,0,0,1,5550,5550,504.54545454545456,23,11120,0,120,0,0,1,0,0.967,4,0,0,0,0,0,0,0,0,1,0,0,,0.5523809523809524,0.0
task_0100,family_17,template_17,1.0,1.0,11,B-TERX-REPLAY,1,0,0,1,5550,5550,504.54545454545456,23,11120,0,120,0,0,1,0,0.967,4,0,0,0,0,0,0,0,0,1,0,0,,0.5523809523809524,0.0
task_0100,family_17,template_17,1.0,1.0,11,NC1-SHUFFLED,0,0,1,1,5550,5550,500.0,23,11120,0,120,0,0,1,0,0.01,0,0,0,0,0,1,0,0,0,0,0,0,,0.0,0.0
task_0100,family_17,template_17,1.0,1.0,11,NC2-RANDOM,1,0,0,1,5550,5550,500.0,23,11120,0,120,0,0,1,0,0.99,4,0,0,0,0,0,0,0,0,0,0,0,,0.0,0.0
task_0100,family_17,template_17,1.0,1.0,11,NC3-LENGTH,1,0,0,1,5550,5550,500.0,23,11120,0,120,0,0,1,0,0.55,2,0,0,0,0,0,0,0,0,0,0,0,,0.0,0.0
task_0100,family_17,template_17,1.0,1.0,11,NC4-ABLATION,0,1,0,0,6100,6100,550.0,23,1440,0,120,11,1,0,0,0.01,0,1,0,0,0,0,0,0,0,0,0,0,,0.0,0.0
task_0101,family_17,template_17,0.25,0.5,11,P-SPIDER-MEA,1,0,1,1,1060,1060,63.63636363636363,15,1710,150,120,11,0,0,0,0.0113,0,1,0,0,0,1,1,1,0,1,0,0,816534befee7fde4,0.5952380952380952,1.0
task_0101,family_17,template_17,0.25,0.5,11,B-COLD,1,0,0,1,5550,5550,504.54545454545456,23,11120,0,120,0,0,1,0,0.99,4,0,0,0,0,0,0,0,0,0,0,0,,0.5952380952380952,0.0
task_0101,family_17,template_17,0.25,0.5,11,B-RAG-EMBED,1,0,0,1,3500,3500,300.0,19,6870,150,120,5,1,1,0,0.99,4,0,0,0,0,0,0,0,0,1,1,0,,0.5952380952380952,0.0
task_0101,family_17,template_17,0.25,0.5,11,B-STAGEHAND-CACHE,1,0,0,1,5550,5550,504.54545454545456,23,11120,0,120,0,0,1,0,0.99,4,0,0,0,0,0,0,0,0,1,0,0,,0.5952380952380952,0.0
task_0101,family_17,template_17,0.25,0.5,11,B-TERX-REPLAY,1,0,0,1,5550,5550,504.54545454545456,23,11120,0,120,0,0,1,0,0.99,4,0,0,0,0,0,0,0,0,1,0,0,,0.5952380952380952,0.0
task_0101,family_17,template_17,0.25,0.5,11,NC1-SHUFFLED,0,0,1,1,5550,5550,500.0,23,11120,0,120,0,0,1,0,0.01,0,0,0,0,0,1,0,0,0,0,0,0,,0.0,0.0
task_0101,family_17,template_17,0.25,0.5,11,NC2-RANDOM,1,0,0,1,5550,5550,500.0,23,11120,0,120,0,0,1,0,0.9639,4,0,0,0,0,0,0,0,0,0,0,0,,0.0,0.0
task_0101,family_17,template_17,0.25,0.5,11,NC3-LENGTH,1,0,0,1,5550,5550,500.0,23,11120,0,120,0,0,1,0,0.55,2,0,0,0,0,0,0,0,0,0,0,0,,0.0,0.0
task_0101,family_17,template_17,0.25,0.5,11,NC4-ABLATION,1,0,0,1,6100,6100,550.0,23,1440,0,120,11,1,1,0,0.9609,4,0,0,0,0,0,0,0,0,0,0,0,,0.0,0.0
task_0102,family_18,template_18,0.0,0.0,12,P-SPIDER-MEA,1,0,0,1,1110,1110,62.5,16,1830,150,120,12,1,1,0,0.99,4,0,0,0,1,0,1,1,0,1,1,1,f43488120ac238da,0.75,1.0
task_0102,family_18,template_18,0.0,0.0,12,B-COLD,1,0,0,1,6050,6050,504.1666666666667,25,12120,0,120,0,0,1,0,0.9645,4,0,0,0,0,0,0,0,0,0,0,0,,0.75,0.0
task_0102,family_18,template_18,0.0,0.0,12,B-RAG-EMBED,1,0,0,1,850,850,54.166666666666664,14,1710,150,120,12,1,1,0,0.9645,4,0,0,0,0,0,0,0,0,1,1,0,,0.75,0.0
task_0102,family_18,template_18,0.0,0.0,12,B-STAGEHAND-CACHE,1,0,0,1,650,650,54.166666666666664,13,1560,0,120,12,1,1,0,0.9645,4,0,0,0,0,0,0,0,0,1,1,0,,0.75,0.0
task_0102,family_18,template_18,0.0,0.0,12,B-TERX-REPLAY,1,0,0,1,650,650,54.166666666666664,13,1560,0,120,12,1,1,0,0.9645,4,0,0,0,0,0,0,0,0,1,1,0,,0.75,0.0
task_0102,family_18,template_18,0.0,0.0,12,NC1-SHUFFLED,0,0,1,1,6050,6050,500.0,25,12120,0,120,0,0,1,0,0.0344,0,0,0,0,0,1,0,0,0,0,0,0,,0.0,0.0
task_0102,family_18,template_18,0.0,0.0,12,NC2-RANDOM,1,0,0,1,6050,6050,500.0,25,12120,0,120,0,0,1,0,0.99,4,0,0,0,0,0,0,0,0,0,0,0,,0.0,0.0
task_0102,family_18,template_18,0.0,0.0,12,NC3-LENGTH,1,0,0,1,6050,6050,500.0,25,12120,0,120,0,0,1,0,0.55,2,0,0,0,0,0,0,0,0,0,0,0,,0.0,0.0
task_0102,family_18,template_18,0.0,0.0,12,NC4-ABLATION,1,0,0,1,6650,6650,550.0,25,1560,0,120,12,1,1,0,0.99,4,0,0,0,0,0,0,0,0,0,0,0,,0.0,0.0
task_0103,family_18,template_18,0.75,0.6667,12,P-SPIDER-MEA,1,0,1,1,1070,1070,59.166666666666664,16,1740,150,30,12,0,0,0,0.025,0,1,1,1,1,1,1,1,0,1,0,0,255367da3ed63e89,0.6833333333333333,1.0
task_0103,family_18,template_18,0.75,0.6667,12,B-COLD,1,0,0,1,6050,6050,504.1666666666667,25,12120,0,120,0,0,1,0,0.99,4,0,0,0,0,0,0,0,0,0,0,0,,0.6833333333333333,0.0
task_0103,family_18,template_18,0.75,0.6667,12,B-RAG-EMBED,1,0,0,1,4450,4450,354.1666666666667,22,8750,150,120,4,1,1,0,0.99,4,0,0,0,0,0,0,0,0,1,1,0,,0.6833333333333333,0.0
task_0103,family_18,template_18,0.75,0.6667,12,B-STAGEHAND-CACHE,1,0,0,1,6050,6050,504.1666666666667,25,12120,0,120,0,0,1,0,0.99,4,0,0,0,0,0,0,0,0,1,0,0,,0.6833333333333333,0.0
task_0103,family_18,template_18,0.75,0.6667,12,B-TERX-REPLAY,1,0,0,1,6050,6050,504.1666666666667,25,12120,0,120,0,0,1,0,0.99,4,0,0,0,0,0,0,0,0,1,0,0,,0.6833333333333333,0.0
task_0103,family_18,template_18,0.75,0.6667,12,NC1-SHUFFLED,0,0,1,1,6050,6050,500.0,25,12120,0,120,0,0,1,0,0.01,0,0,0,0,0,1,0,0,0,0,0,0,,0.0,0.0
task_0103,family_18,template_18,0.75,0.6667,12,NC2-RANDOM,1,0,0,1,6050,6050,500.0,25,12120,0,120,0,0,1,0,0.9716,4,0,0,0,0,0,0,0,0,0,0,0,,0.0,0.0
task_0103,family_18,template_18,0.75,0.6667,12,NC3-LENGTH,1,0,0,1,6050,6050,500.0,25,12120,0,120,0,0,1,0,0.55,2,0,0,0,0,0,0,0,0,0,0,0,,0.0,0.0
task_0103,family_18,template_18,0.75,0.6667,12,NC4-ABLATION,0,1,0,0,6650,6650,550.0,25,1560,0,120,12,1,0,0,0.0403,0,1,0,0,0,0,0,0,0,0,0,0,,0.0,0.0
task_0104,family_18,template_18,1.0,1.0,12,P-SPIDER-MEA,1,0,0,1,1070,1070,59.166666666666664,16,1740,150,30,12,1,1,0,0.99,4,0,1,1,1,0,1,1,0,1,1,1,d5154dc23b79c23e,0.6333333333333333,0.8666666666666667
task_0104,family_18,template_18,1.0,1.0,12,B-COLD,1,0,0,1,6050,6050,504.1666666666667,25,12120,0,120,0,0,1,0,0.9881,4,0,0,0,0,0,0,0,0,0,0,0,,0.6333333333333333,0.0
task_0104,family_18,template_18,1.0,1.0,12,B-RAG-EMBED,1,0,0,1,6250,6250,504.1666666666667,26,12270,150,120,0,0,1,0,0.9881,4,0,0,0,0,0,0,0,0,1,0,0,,0.6333333333333333,0.0
task_0104,family_18,template_18,1.0,1.0,12,B-STAGEHAND-CACHE,1,0,0,1,6050,6050,504.1666666666667,25,12120,0,120,0,0,1,0,0.9881,4,0,0,0,0,0,0,0,0,1,0,0,,0.6333333333333333,0.0
task_0104,family_18,template_18,1.0,1.0,12,B-TERX-REPLAY,1,0,0,1,6050,6050,504.1666666666667,25,12120,0,120,0,0,1,0,0.9881,4,0,0,0,0,0,0,0,0,1,0,0,,0.6333333333333333,0.0
task_0104,family_18,template_18,1.0,1.0,12,NC1-SHUFFLED,0,0,1,0,6050,6050,500.0,25,12120,0,120,0,0,0,0,0.0452,0,1,0,0,0,1,0,0,0,0,0,0,,0.0,0.0
task_0104,family_18,template_18,1.0,1.0,12,NC2-RANDOM,0,1,0,0,6050,6050,500.0,25,12120,0,120,0,0,0,0,0.0245,0,1,0,0,0,0,0,0,0,0,0,0,,0.0,0.0
task_0104,family_18,template_18,1.0,1.0,12,NC3-LENGTH,1,0,0,1,6050,6050,500.0,25,12120,0,120,0,0,1,0,0.55,2,0,0,0,0,0,0,0,0,0,0,0,,0.0,0.0
task_0104,family_18,template_18,1.0,1.0,12,NC4-ABLATION,1,0,0,1,6650,6650,550.0,25,1560,0,120,12,1,1,0,0.99,4,0,0,0,0,0,0,0,0,0,0,0,,0.0,0.0
task_0105,family_18,template_18,0.25,0.3333,12,P-SPIDER-MEA,1,0,0,1,1070,1070,59.166666666666664,16,1740,150,30,12,1,1,0,0.9689,4,0,1,1,1,0,1,1,0,1,1,1,c5a602ca01d1589a,0.7,1.0
task_0105,family_18,template_18,0.25,0.3333,12,B-COLD,1,0,0,1,6050,6050,504.1666666666667,25,12120,0,120,0,0,1,0,0.99,4,0,0,0,0,0,0,0,0,0,0,0,,0.7,0.0
task_0105,family_18,template_18,0.25,0.3333,12,B-RAG-EMBED,1,0,0,1,2650,2650,204.16666666666666,18,5230,150,120,8,1,1,0,0.99,4,0,0,0,0,0,0,0,0,1,1,0,,0.7,0.0
task_0105,family_18,template_18,0.25,0.3333,12,B-STAGEHAND-CACHE,1,0,0,1,6050,6050,504.1666666666667,25,12120,0,120,0,0,1,0,0.99,4,0,0,0,0,0,0,0,0,1,0,0,,0.7,0.0
task_0105,family_18,template_18,0.25,0.3333,12,B-TERX-REPLAY,1,0,0,1,6050,6050,504.1666666666667,25,12120,0,120,0,0,1,0,0.99,4,0,0,0,0,0,0,0,0,1,0,0,,0.7,0.0
task_0105,family_18,template_18,0.25,0.3333,12,NC1-SHUFFLED,0,0,1,1,6050,6050,500.0,25,12120,0,120,0,0,1,0,0.0383,0,0,0,0,0,1,0,0,0,0,0,0,,0.0,0.0
task_0105,family_18,template_18,0.25,0.3333,12,NC2-RANDOM,1,0,0,1,6050,6050,500.0,25,12120,0,120,0,0,1,0,0.99,4,0,0,0,0,0,0,0,0,0,0,0,,0.0,0.0
task_0105,family_18,template_18,0.25,0.3333,12,NC3-LENGTH,1,0,0,1,6050,6050,500.0,25,12120,0,120,0,0,1,0,0.55,2,0,0,0,0,0,0,0,0,0,0,0,,0.0,0.0
task_0105,family_18,template_18,0.25,0.3333,12,NC4-ABLATION,1,0,0,1,6650,6650,550.0,25,1560,0,120,12,1,1,0,0.9852,4,0,0,0,0,0,0,0,0,0,0,0,,0.0,0.0
task_0106,family_18,template_18,0.5,0.6667,12,P-SPIDER-MEA,1,0,1,1,1110,1110,62.5,16,1830,150,120,12,0,0,0,0.01,0,1,0,0,0,1,1,1,0,1,0,0,8415eaf6a51e7d83,0.65,1.0
task_0106,family_18,template_18,0.5,0.6667,12,B-COLD,1,0,0,1,6050,6050,504.1666666666667,25,12120,0,120,0,0,1,0,0.99,4,0,0,0,0,0,0,0,0,0,0,0,,0.65,0.0
task_0106,family_18,template_18,0.5,0.6667,12,B-RAG-EMBED,1,0,0,1,4450,4450,354.1666666666667,22,8750,150,120,4,1,1,0,0.99,4,0,0,0,0,0,0,0,0,1,1,0,,0.65,0.0
task_0106,family_18,template_18,0.5,0.6667,12,B-STAGEHAND-CACHE,1,0,0,1,6050,6050,504.1666666666667,25,12120,0,120,0,0,1,0,0.99,4,0,0,0,0,0,0,0,0,1,0,0,,0.65,0.0
task_0106,family_18,template_18,0.5,0.6667,12,B-TERX-REPLAY,1,0,0,1,6050,6050,504.1666666666667,25,12120,0,120,0,0,1,0,0.99,4,0,0,0,0,0,0,0,0,1,0,0,,0.65,0.0
task_0106,family_18,template_18,0.5,0.6667,12,NC1-SHUFFLED,0,0,1,1,6050,6050,500.0,25,12120,0,120,0,0,1,0,0.0113,0,0,0,0,0,1,0,0,0,0,0,0,,0.0,0.0
task_0106,family_18,template_18,0.5,0.6667,12,NC2-RANDOM,1,0,0,1,6050,6050,500.0,25,12120,0,120,0,0,1,0,0.9783,4,0,0,0,0,0,0,0,0,0,0,0,,0.0,0.0
task_0106,family_18,template_18,0.5,0.6667,12,NC3-LENGTH,1,0,0,1,6050,6050,500.0,25,12120,0,120,0,0,1,0,0.55,2,0,0,0,0,0,0,0,0,0,0,0,,0.0,0.0
task_0106,family_18,template_18,0.5,0.6667,12,NC4-ABLATION,1,0,0,1,6650,6650,550.0,25,1560,0,120,12,1,1,0,0.99,4,0,0,0,0,0,0,0,0,0,0,0,,0.0,0.0
task_0107,family_19,template_19,0.0,0.0,13,P-SPIDER-MEA,1,0,0,1,1120,1120,58.46153846153846,17,1860,150,30,13,1,1,0,0.9653,4,0,1,1,1,0,1,1,0,1,1,1,adeeb383cad7625f,0.5,1.0
task_0107,family_19,template_19,0.0,0.0,13,B-COLD,1,0,0,1,6550,6550,503.84615384615387,27,13120,0,120,0,0,1,0,0.9524,4,0,0,0,0,0,0,0,0,0,0,0,,0.5,0.0
task_0107,family_19,template_19,0.0,0.0,13,B-RAG-EMBED,1,0,0,1,900,900,53.84615384615385,15,1830,150,120,13,1,1,0,0.9524,4,0,0,0,0,0,0,0,0,1,1,0,,0.5,0.0
task_0107,family_19,template_19,0.0,0.0,13,B-STAGEHAND-CACHE,1,0,0,1,700,700,53.84615384615385,14,1680,0,120,13,1,1,0,0.9524,4,0,0,0,0,0,0,0,0,1,1,0,,0.5,0.0
task_0107,family_19,template_19,0.0,0.0,13,B-TERX-REPLAY,1,0,0,1,700,700,53.84615384615385,14,1680,0,120,13,1,1,0,0.9524,4,0,0,0,0,0,0,0,0,1,1,0,,0.5,0.0
task_0107,family_19,template_19,0.0,0.0,13,NC1-SHUFFLED,0,0,1,1,6550,6550,500.0,27,13120,0,120,0,0,1,0,0.01,0,0,0,0,0,1,0,0,0,0,0,0,,0.0,0.0
task_0107,family_19,template_19,0.0,0.0,13,NC2-RANDOM,1,0,0,1,6550,6550,500.0,27,13120,0,120,0,0,1,0,0.9777,4,0,0,0,0,0,0,0,0,0,0,0,,0.0,0.0
task_0107,family_19,template_19,0.0,0.0,13,NC3-LENGTH,1,0,0,1,6550,6550,500.0,27,13120,0,120,0,0,1,0,0.55,2,0,0,0,0,0,0,0,0,0,0,0,,0.0,0.0
task_0107,family_19,template_19,0.0,0.0,13,NC4-ABLATION,1,0,0,1,7200,7200,550.0,27,1680,0,120,13,1,1,0,0.9576,4,0,0,0,0,0,0,0,0,0,0,0,,0.0,0.0
task_0108,family_19,template_19,1.0,1.0,13,P-SPIDER-MEA,1,0,0,1,1160,1160,61.53846153846154,17,1950,150,120,13,1,1,0,0.99,4,0,0,0,1,0,1,1,0,1,1,1,305a6689575f0399,0.3888888888888889,0.7777777777777778
task_0108,family_19,template_19,1.0,1.0,13,B-COLD,1,0,0,1,6550,6550,503.84615384615387,27,13120,0,120,0,0,1,0,0.9853,4,0,0,0,0,0,0,0,0,0,0,0,,0.3888888888888889,0.0
task_0108,family_19,template_19,1.0,1.0,13,B-RAG-EMBED,1,0,0,1,6750,6750,503.84615384615387,28,13270,150,120,0,0,1,0,0.9853,4,0,0,0,0,0,0,0,0,1,0,0,,0.3888888888888889,0.0
task_0108,family_19,template_19,1.0,1.0,13,B-STAGEHAND-CACHE,1,0,0,1,6550,6550,503.84615384615387,27,13120,0,120,0,0,1,0,0.9853,4,0,0,0,0,0,0,0,0,1,0,0,,0.3888888888888889,0.0
task_0108,family_19,template_19,1.0,1.0,13,B-TERX-REPLAY,1,0,0,1,6550,6550,503.84615384615387,27,13120,0,120,0,0,1,0,0.9853,4,0,0,0,0,0,0,0,0,1,0,0,,0.3888888888888889,0.0
task_0108,family_19,template_19,1.0,1.0,13,NC1-SHUFFLED,0,0,1,0,6550,6550,500.0,27,13120,0,120,0,0,0,0,0.0468,0,1,0,0,0,1,0,0,0,0,0,0,,0.0,0.0
task_0108,family_19,template_19,1.0,1.0,13,NC2-RANDOM,0,1,0,0,6550,6550,500.0,27,13120,0,120,0,0,0,0,0.0433,0,1,0,0,0,0,0,0,0,0,0,0,,0.0,0.0
task_0108,family_19,template_19,1.0,1.0,13,NC3-LENGTH,1,0,0,1,6550,6550,500.0,27,13120,0,120,0,0,1,0,0.55,2,0,0,0,0,0,0,0,0,0,0,0,,0.0,0.0
task_0108,family_19,template_19,1.0,1.0,13,NC4-ABLATION,1,0,0,1,7200,7200,550.0,27,1680,0,120,13,1,1,0,0.99,4,0,0,0,0,0,0,0,0,0,0,0,,0.0,0.0
task_0109,family_19,template_19,0.25,0.0,13,P-SPIDER-MEA,1,0,0,1,1160,1160,61.53846153846154,17,1950,150,120,13,1,1,0,0.9883,4,0,0,0,0,0,1,1,0,1,1,1,3fe579b13fc074a4,0.5,1.0
task_0109,family_19,template_19,0.25,0.0,13,B-COLD,1,0,0,1,6550,6550,503.84615384615387,27,13120,0,120,0,0,1,0,0.99,4,0,0,0,0,0,0,0,0,0,0,0,,0.5,0.0
task_0109,family_19,template_19,0.25,0.0,13,B-RAG-EMBED,1,0,0,1,900,900,53.84615384615385,15,1830,150,120,13,1,1,0,0.99,4,0,0,0,0,0,0,0,0,1,1,0,,0.5,0.0
task_0109,family_19,template_19,0.25,0.0,13,B-STAGEHAND-CACHE,1,0,0,1,6550,6550,503.84615384615387,27,13120,0,120,0,0,1,0,0.99,4,0,0,0,0,0,0,0,0,1,0,0,,0.5,0.0
task_0109,family_19,template_19,0.25,0.0,13,B-TERX-REPLAY,1,0,0,1,6550,6550,503.84615384615387,27,13120,0,120,0,0,1,0,0.99,4,0,0,0,0,0,0,0,0,1,0,0,,0.5,0.0
task_0109,family_19,template_19,0.25,0.0,13,NC1-SHUFFLED,0,0,1,1,6550,6550,500.0,27,13120,0,120,0,0,1,0,0.01,0,0,0,0,0,1,0,0,0,0,0,0,,0.0,0.0
task_0109,family_19,template_19,0.25,0.0,13,NC2-RANDOM,1,0,0,1,6550,6550,500.0,27,13120,0,120,0,0,1,0,0.99,4,0,0,0,0,0,0,0,0,0,0,0,,0.0,0.0
task_0109,family_19,template_19,0.25,0.0,13,NC3-LENGTH,1,0,0,1,6550,6550,500.0,27,13120,0,120,0,0,1,0,0.55,2,0,0,0,0,0,0,0,0,0,0,0,,0.0,0.0
task_0109,family_19,template_19,0.25,0.0,13,NC4-ABLATION,1,0,0,1,7200,7200,550.0,27,1680,0,120,13,1,1,0,0.99,4,0,0,0,0,0,0,0,0,0,0,0,,0.0,0.0
task_0110,family_19,template_19,0.5,1.0,13,P-SPIDER-MEA,1,0,0,1,1160,1160,61.53846153846154,17,1950,150,120,13,1,1,0,0.9734,4,0,0,0,0,0,1,1,0,1,1,1,f07ec5f9b1046e2c,0.4,0.8
task_0110,family_19,template_19,0.5,1.0,13,B-COLD,1,0,0,1,6550,6550,503.84615384615387,27,13120,0,120,0,0,1,0,0.99,4,0,0,0,0,0,0,0,0,0,0,0,,0.4,0.0
task_0110,family_19,template_19,0.5,1.0,13,B-RAG-EMBED,1,0,0,1,6750,6750,503.84615384615387,28,13270,150,120,0,0,1,0,0.99,4,0,0,0,0,0,0,0,0,1,0,0,,0.4,0.0
task_0110,family_19,template_19,0.5,1.0,13,B-STAGEHAND-CACHE,1,0,0,1,6550,6550,503.84615384615387,27,13120,0,120,0,0,1,0,0.99,4,0,0,0,0,0,0,0,0,1,0,0,,0.4,0.0
task_0110,family_19,template_19,0.5,1.0,13,B-TERX-REPLAY,1,0,0,1,6550,6550,503.84615384615387,27,13120,0,120,0,0,1,0,0.99,4,0,0,0,0,0,0,0,0,1,0,0,,0.4,0.0
task_0110,family_19,template_19,0.5,1.0,13,NC1-SHUFFLED,1,0,0,1,6550,6550,500.0,27,13120,0,120,0,0,1,0,0.99,4,0,0,0,0,0,0,0,0,0,0,0,,0.0,0.0
task_0110,family_19,template_19,0.5,1.0,13,NC2-RANDOM,1,0,0,1,6550,6550,500.0,27,13120,0,120,0,0,1,0,0.99,4,0,0,0,0,0,0,0,0,0,0,0,,0.0,0.0
task_0110,family_19,template_19,0.5,1.0,13,NC3-LENGTH,1,0,0,1,6550,6550,500.0,27,13120,0,120,0,0,1,0,0.55,2,0,0,0,0,0,0,0,0,0,0,0,,0.0,0.0
task_0110,family_19,template_19,0.5,1.0,13,NC4-ABLATION,1,0,0,1,7200,7200,550.0,27,1680,0,120,13,1,1,0,0.99,4,0,0,0,0,0,0,0,0,0,0,0,,0.0,0.0
task_0111,family_19,template_19,0.75,1.0,13,P-SPIDER-MEA,1,0,1,1,1120,1120,58.46153846153846,17,1860,150,30,13,0,0,0,0.01,0,1,1,1,1,1,1,1,0,1,0,0,0e3e5c76f64d0888,0.4,0.8
task_0111,family_19,template_19,0.75,1.0,13,B-COLD,1,0,0,1,6550,6550,503.84615384615387,27,13120,0,120,0,0,1,0,0.99,4,0,0,0,0,0,0,0,0,0,0,0,,0.4,0.0
task_0111,family_19,template_19,0.75,1.0,13,B-RAG-EMBED,1,0,0,1,6750,6750,503.84615384615387,28,13270,150,120,0,0,1,0,0.99,4,0,0,0,0,0,0,0,0,1,0,0,,0.4,0.0
task_0111,family_19,template_19,0.75,1.0,13,B-STAGEHAND-CACHE,1,0,0,1,6550,6550,503.84615384615387,27,13120,0,120,0,0,1,0,0.99,4,0,0,0,0,0,0,0,0,1,0,0,,0.4,0.0
task_0111,family_19,template_19,0.75,1.0,13,B-TERX-REPLAY,1,0,0,1,6550,6550,503.84615384615387,27,13120,0,120,0,0,1,0,0.99,4,0,0,0,0,0,0,0,0,1,0,0,,0.4,0.0
task_0111,family_19,template_19,0.75,1.0,13,NC1-SHUFFLED,0,0,1,1,6550,6550,500.0,27,13120,0,120,0,0,1,0,0.01,0,0,0,0,0,1,0,0,0,0,0,0,,0.0,0.0
task_0111,family_19,template_19,0.75,1.0,13,NC2-RANDOM,1,0,0,1,6550,6550,500.0,27,13120,0,120,0,0,1,0,0.99,4,0,0,0,0,0,0,0,0,0,0,0,,0.0,0.0
task_0111,family_19,template_19,0.75,1.0,13,NC3-LENGTH,1,0,0,1,6550,6550,500.0,27,13120,0,120,0,0,1,0,0.55,2,0,0,0,0,0,0,0,0,0,0,0,,0.0,0.0
task_0111,family_19,template_19,0.75,1.0,13,NC4-ABLATION,0,1,0,0,7200,7200,550.0,27,1680,0,120,13,1,0,0,0.01,0,1,0,0,0,0,0,0,0,0,0,0,,0.0,0.0
task_0112,family_20,template_20,0.0,0.0,14,P-SPIDER-MEA,1,0,0,1,1170,1170,57.857142857142854,18,1980,150,30,14,1,1,0,0.9674,4,0,1,1,1,0,1,1,0,1,1,1,a449fe8fda4921e6,0.6666666666666666,1.0
task_0112,family_20,template_20,0.0,0.0,14,B-COLD,1,0,0,1,7050,7050,503.57142857142856,29,14120,0,120,0,0,1,0,0.9753,4,0,0,0,0,0,0,0,0,0,0,0,,0.6666666666666666,0.0
task_0112,family_20,template_20,0.0,0.0,14,B-RAG-EMBED,1,0,0,1,950,950,53.57142857142857,16,1950,150,120,14,1,1,0,0.9753,4,0,0,0,0,0,0,0,0,1,1,0,,0.6666666666666666,0.0
task_0112,family_20,template_20,0.0,0.0,14,B-STAGEHAND-CACHE,1,0,0,1,750,750,53.57142857142857,15,1800,0,120,14,1,1,0,0.9753,4,0,0,0,0,0,0,0,0,1,1,0,,0.6666666666666666,0.0
task_0112,family_20,template_20,0.0,0.0,14,B-TERX-REPLAY,1,0,0,1,750,750,53.57142857142857,15,1800,0,120,14,1,1,0,0.9753,4,0,0,0,0,0,0,0,0,1,1,0,,0.6666666666666666,0.0
task_0112,family_20,template_20,0.0,0.0,14,NC1-SHUFFLED,0,0,1,0,7050,7050,500.0,29,14120,0,120,0,0,0,0,0.01,0,1,0,0,0,1,0,0,0,0,0,0,,0.0,0.0
task_0112,family_20,template_20,0.0,0.0,14,NC2-RANDOM,0,1,0,0,7050,7050,500.0,29,14120,0,120,0,0,0,0,0.01,0,1,0,0,0,0,0,0,0,0,0,0,,0.0,0.0
task_0112,family_20,template_20,0.0,0.0,14,NC3-LENGTH,1,0,0,1,7050,7050,500.0,29,14120,0,120,0,0,1,0,0.55,2,0,0,0,0,0,0,0,0,0,0,0,,0.0,0.0
task_0112,family_20,template_20,0.0,0.0,14,NC4-ABLATION,1,0,0,1,7750,7750,550.0,29,1800,0,120,14,1,1,0,0.9553,4,0,0,0,0,0,0,0,0,0,0,0,,0.0,0.0
task_0113,family_20,template_20,0.25,0.5,14,P-SPIDER-MEA,1,0,1,1,1170,1170,57.857142857142854,18,1980,150,30,14,0,0,0,0.01,0,1,1,1,1,1,1,1,0,1,0,0,7171bba0469c8579,0.6190476190476191,1.0
task_0113,family_20,template_20,0.25,0.5,14,B-COLD,1,0,0,1,7050,7050,503.57142857142856,29,14120,0,120,0,0,1,0,0.99,4,0,0,0,0,0,0,0,0,0,0,0,,0.6190476190476191,0.0
task_0113,family_20,template_20,0.25,0.5,14,B-RAG-EMBED,1,0,0,1,4100,4100,278.57142857142856,23,8110,150,120,7,1,1,0,0.99,4,0,0,0,0,0,0,0,0,1,1,0,,0.6190476190476191,0.0
task_0113,family_20,template_20,0.25,0.5,14,B-STAGEHAND-CACHE,1,0,0,1,7050,7050,503.57142857142856,29,14120,0,120,0,0,1,0,0.99,4,0,0,0,0,0,0,0,0,1,0,0,,0.6190476190476191,0.0
task_0113,family_20,template_20,0.25,0.5,14,B-TERX-REPLAY,1,0,0,1,7050,7050,503.57142857142856,29,14120,0,120,0,0,1,0,0.99,4,0,0,0,0,0,0,0,0,1,0,0,,0.6190476190476191,0.0
task_0113,family_20,template_20,0.25,0.5,14,NC1-SHUFFLED,0,0,1,1,7050,7050,500.0,29,14120,0,120,0,0,1,0,0.01,0,0,0,0,0,1,0,0,0,0,0,0,,0.0,0.0
task_0113,family_20,template_20,0.25,0.5,14,NC2-RANDOM,1,0,0,1,7050,7050,500.0,29,14120,0,120,0,0,1,0,0.9559,4,0,0,0,0,0,0,0,0,0,0,0,,0.0,0.0
task_0113,family_20,template_20,0.25,0.5,14,NC3-LENGTH,1,0,0,1,7050,7050,500.0,29,14120,0,120,0,0,1,0,0.55,2,0,0,0,0,0,0,0,0,0,0,0,,0.0,0.0
task_0113,family_20,template_20,0.25,0.5,14,NC4-ABLATION,0,1,0,0,7750,7750,550.0,29,1800,0,120,14,1,0,0,0.0176,0,1,0,0,0,0,0,0,0,0,0,0,,0.0,0.0
task_0114,family_20,template_20,0.5,0.5,14,P-SPIDER-MEA,1,0,1,1,1170,1170,57.857142857142854,18,1980,150,30,14,0,0,0,0.017,0,1,1,1,1,1,1,1,0,1,0,0,3838f19c6b70a276,0.5925925925925926,1.0
task_0114,family_20,template_20,0.5,0.5,14,B-COLD,1,0,0,1,7050,7050,503.57142857142856,29,14120,0,120,0,0,1,0,0.9747,4,0,0,0,0,0,0,0,0,0,0,0,,0.5925925925925926,0.0
task_0114,family_20,template_20,0.5,0.5,14,B-RAG-EMBED,1,0,0,1,4100,4100,278.57142857142856,23,8110,150,120,7,1,1,0,0.9747,4,0,0,0,0,0,0,0,0,1,1,0,,0.5925925925925926,0.0
task_0114,family_20,template_20,0.5,0.5,14,B-STAGEHAND-CACHE,1,0,0,1,7050,7050,503.57142857142856,29,14120,0,120,0,0,1,0,0.9747,4,0,0,0,0,0,0,0,0,1,0,0,,0.5925925925925926,0.0
task_0114,family_20,template_20,0.5,0.5,14,B-TERX-REPLAY,1,0,0,1,7050,7050,503.57142857142856,29,14120,0,120,0,0,1,0,0.9747,4,0,0,0,0,0,0,0,0,1,0,0,,0.5925925925925926,0.0
task_0114,family_20,template_20,0.5,0.5,14,NC1-SHUFFLED,0,0,1,1,7050,7050,500.0,29,14120,0,120,0,0,1,0,0.01,0,0,0,0,0,1,0,0,0,0,0,0,,0.0,0.0
task_0114,family_20,template_20,0.5,0.5,14,NC2-RANDOM,1,0,0,1,7050,7050,500.0,29,14120,0,120,0,0,1,0,0.99,4,0,0,0,0,0,0,0,0,0,0,0,,0.0,0.0
task_0114,family_20,template_20,0.5,0.5,14,NC3-LENGTH,1,0,0,1,7050,7050,500.0,29,14120,0,120,0,0,1,0,0.55,2,0,0,0,0,0,0,0,0,0,0,0,,0.0,0.0
task_0114,family_20,template_20,0.5,0.5,14,NC4-ABLATION,1,0,0,1,7750,7750,550.0,29,1800,0,120,14,1,1,0,0.99,4,0,0,0,0,0,0,0,0,0,0,0,,0.0,0.0
task_0115,family_20,template_20,0.75,1.0,14,P-SPIDER-MEA,1,0,0,1,1170,1170,57.857142857142854,18,1980,150,30,14,1,1,0,0.9843,4,0,1,1,1,0,1,1,0,1,1,1,859f122668852414,0.5555555555555556,0.8666666666666667
task_0115,family_20,template_20,0.75,1.0,14,B-COLD,1,0,0,1,7050,7050,503.57142857142856,29,14120,0,120,0,0,1,0,0.9676,4,0,0,0,0,0,0,0,0,0,0,0,,0.5555555555555556,0.0
task_0115,family_20,template_20,0.75,1.0,14,B-RAG-EMBED,1,0,0,1,7250,7250,503.57142857142856,30,14270,150,120,0,0,1,0,0.9676,4,0,0,0,0,0,0,0,0,1,0,0,,0.5555555555555556,0.0
task_0115,family_20,template_20,0.75,1.0,14,B-STAGEHAND-CACHE,1,0,0,1,7050,7050,503.57142857142856,29,14120,0,120,0,0,1,0,0.9676,4,0,0,0,0,0,0,0,0,1,0,0,,0.5555555555555556,0.0
task_0115,family_20,template_20,0.75,1.0,14,B-TERX-REPLAY,1,0,0,1,7050,7050,503.57142857142856,29,14120,0,120,0,0,1,0,0.9676,4,0,0,0,0,0,0,0,0,1,0,0,,0.5555555555555556,0.0
task_0115,family_20,template_20,0.75,1.0,14,NC1-SHUFFLED,1,0,0,1,7050,7050,500.0,29,14120,0,120,0,0,1,0,0.99,4,0,0,0,0,0,0,0,0,0,0,0,,0.0,0.0
task_0115,family_20,template_20,0.75,1.0,14,NC2-RANDOM,1,0,0,1,7050,7050,500.0,29,14120,0,120,0,0,1,0,0.9565,4,0,0,0,0,0,0,0,0,0,0,0,,0.0,0.0
task_0115,family_20,template_20,0.75,1.0,14,NC3-LENGTH,1,0,0,1,7050,7050,500.0,29,14120,0,120,0,0,1,0,0.55,2,0,0,0,0,0,0,0,0,0,0,0,,0.0,0.0
task_0115,family_20,template_20,0.75,1.0,14,NC4-ABLATION,1,0,0,1,7750,7750,550.0,29,1800,0,120,14,1,1,0,0.99,4,0,0,0,0,0,0,0,0,0,0,0,,0.0,0.0
task_0116,family_20,template_20,1.0,1.0,14,P-SPIDER-MEA,1,0,0,1,1170,1170,57.857142857142854,18,1980,150,30,14,1,1,0,0.99,4,0,1,1,1,0,1,1,0,1,1,1,c6b2993c82b2b678,0.5333333333333333,0.8
task_0116,family_20,template_20,1.0,1.0,14,B-COLD,1,0,0,1,7050,7050,503.57142857142856,29,14120,0,120,0,0,1,0,0.9684,4,0,0,0,0,0,0,0,0,0,0,0,,0.5333333333333333,0.0
task_0116,family_20,template_20,1.0,1.0,14,B-RAG-EMBED,1,0,0,1,7250,7250,503.57142857142856,30,14270,150,120,0,0,1,0,0.9684,4,0,0,0,0,0,0,0,0,1,0,0,,0.5333333333333333,0.0
task_0116,family_20,template_20,1.0,1.0,14,B-STAGEHAND-CACHE,1,0,0,1,7050,7050,503.57142857142856,29,14120,0,120,0,0,1,0,0.9684,4,0,0,0,0,0,0,0,0,1,0,0,,0.5333333333333333,0.0
task_0116,family_20,template_20,1.0,1.0,14,B-TERX-REPLAY,1,0,0,1,7050,7050,503.57142857142856,29,14120,0,120,0,0,1,0,0.9684,4,0,0,0,0,0,0,0,0,1,0,0,,0.5333333333333333,0.0
task_0116,family_20,template_20,1.0,1.0,14,NC1-SHUFFLED,1,0,0,1,7050,7050,500.0,29,14120,0,120,0,0,1,0,0.9784,4,0,0,0,0,0,0,0,0,0,0,0,,0.0,0.0
task_0116,family_20,template_20,1.0,1.0,14,NC2-RANDOM,1,0,0,1,7050,7050,500.0,29,14120,0,120,0,0,1,0,0.99,4,0,0,0,0,0,0,0,0,0,0,0,,0.0,0.0
task_0116,family_20,template_20,1.0,1.0,14,NC3-LENGTH,1,0,0,1,7050,7050,500.0,29,14120,0,120,0,0,1,0,0.55,2,0,0,0,0,0,0,0,0,0,0,0,,0.0,0.0
task_0116,family_20,template_20,1.0,1.0,14,NC4-ABLATION,1,0,0,1,7750,7750,550.0,29,1800,0,120,14,1,1,0,0.99,4,0,0,0,0,0,0,0,0,0,0,0,,0.0,0.0
task_0117,family_21,template_21,0.0,0.0,8,P-SPIDER-MEA,1,0,0,1,870,870,63.75,12,1260,150,30,8,1,1,0,0.9634,4,0,1,1,1,0,1,1,0,1,1,1,9de0d1faebc4a275,0.6666666666666666,1.0
task_0117,family_21,template_21,0.0,0.0,8,B-COLD,1,0,0,1,4050,4050,506.25,17,8120,0,120,0,0,1,0,0.9711,4,0,0,0,0,0,0,0,0,0,0,0,,0.6666666666666666,0.0
task_0117,family_21,template_21,0.0,0.0,8,B-RAG-EMBED,1,0,0,1,650,650,56.25,10,1230,150,120,8,1,1,0,0.9711,4,0,0,0,0,0,0,0,0,1,1,0,,0.6666666666666666,0.0
task_0117,family_21,template_21,0.0,0.0,8,B-STAGEHAND-CACHE,1,0,0,1,450,450,56.25,9,1080,0,120,8,1,1,0,0.9711,4,0,0,0,0,0,0,0,0,1,1,0,,0.6666666666666666,0.0
task_0117,family_21,template_21,0.0,0.0,8,B-TERX-REPLAY,1,0,0,1,450,450,56.25,9,1080,0,120,8,1,1,0,0.9711,4,0,0,0,0,0,0,0,0,1,1,0,,0.6666666666666666,0.0
task_0117,family_21,template_21,0.0,0.0,8,NC1-SHUFFLED,0,0,1,1,4050,4050,500.0,17,8120,0,120,0,0,1,0,0.01,0,0,0,0,0,1,0,0,0,0,0,0,,0.0,0.0
task_0117,family_21,template_21,0.0,0.0,8,NC2-RANDOM,1,0,0,1,4050,4050,500.0,17,8120,0,120,0,0,1,0,0.99,4,0,0,0,0,0,0,0,0,0,0,0,,0.0,0.0
task_0117,family_21,template_21,0.0,0.0,8,NC3-LENGTH,1,0,0,1,4050,4050,500.0,17,8120,0,120,0,0,1,0,0.55,2,0,0,0,0,0,0,0,0,0,0,0,,0.0,0.0
task_0117,family_21,template_21,0.0,0.0,8,NC4-ABLATION,1,0,0,1,4450,4450,550.0,17,1080,0,120,8,1,1,0,0.9621,4,0,0,0,0,0,0,0,0,0,0,0,,0.0,0.0
task_0118,family_21,template_21,0.5,0.5,8,P-SPIDER-MEA,1,0,0,1,910,910,68.75,12,1350,150,120,8,1,1,0,0.99,4,0,0,0,0,0,1,1,0,1,1,1,5ff131045f09c9d4,0.6,1.0
task_0118,family_21,template_21,0.5,0.5,8,B-COLD,1,0,0,1,4050,4050,506.25,17,8120,0,120,0,0,1,0,0.99,4,0,0,0,0,0,0,0,0,0,0,0,,0.6,0.0
task_0118,family_21,template_21,0.5,0.5,8,B-RAG-EMBED,1,0,0,1,2450,2450,281.25,14,4750,150,120,4,1,1,0,0.99,4,0,0,0,0,0,0,0,0,1,1,0,,0.6,0.0
task_0118,family_21,template_21,0.5,0.5,8,B-STAGEHAND-CACHE,1,0,0,1,4050,4050,506.25,17,8120,0,120,0,0,1,0,0.99,4,0,0,0,0,0,0,0,0,1,0,0,,0.6,0.0
task_0118,family_21,template_21,0.5,0.5,8,B-TERX-REPLAY,1,0,0,1,4050,4050,506.25,17,8120,0,120,0,0,1,0,0.99,4,0,0,0,0,0,0,0,0,1,0,0,,0.6,0.0
task_0118,family_21,template_21,0.5,0.5,8,NC1-SHUFFLED,0,0,1,1,4050,4050,500.0,17,8120,0,120,0,0,1,0,0.0484,0,0,0,0,0,1,0,0,0,0,0,0,,0.0,0.0
task_0118,family_21,template_21,0.5,0.5,8,NC2-RANDOM,1,0,0,1,4050,4050,500.0,17,8120,0,120,0,0,1,0,0.99,4,0,0,0,0,0,0,0,0,0,0,0,,0.0,0.0
task_0118,family_21,template_21,0.5,0.5,8,NC3-LENGTH,1,0,0,1,4050,4050,500.0,17,8120,0,120,0,0,1,0,0.55,2,0,0,0,0,0,0,0,0,0,0,0,,0.0,0.0
task_0118,family_21,template_21,0.5,0.5,8,NC4-ABLATION,1,0,0,1,4450,4450,550.0,17,1080,0,120,8,1,1,0,0.99,4,0,0,0,0,0,0,0,0,0,0,0,,0.0,0.0
task_0119,family_21,template_21,0.75,1.0,8,P-SPIDER-MEA,1,0,0,1,910,910,68.75,12,1350,150,120,8,1,1,0,0.99,4,0,0,0,1,0,1,1,0,1,1,1,ed81b2f9a0b657a3,0.544973544973545,0.8571428571428571
task_0119,family_21,template_21,0.75,1.0,8,B-COLD,1,0,0,1,4050,4050,506.25,17,8120,0,120,0,0,1,0,0.99,4,0,0,0,0,0,0,0,0,0,0,0,,0.544973544973545,0.0
task_0119,family_21,template_21,0.75,1.0,8,B-RAG-EMBED,1,0,0,1,4250,4250,506.25,18,8270,150,120,0,0,1,0,0.99,4,0,0,0,0,0,0,0,0,1,0,0,,0.544973544973545,0.0
task_0119,family_21,template_21,0.75,1.0,8,B-STAGEHAND-CACHE,1,0,0,1,4050,4050,506.25,17,8120,0,120,0,0,1,0,0.99,4,0,0,0,0,0,0,0,0,1,0,0,,0.544973544973545,0.0
task_0119,family_21,template_21,0.75,1.0,8,B-TERX-REPLAY,1,0,0,1,4050,4050,506.25,17,8120,0,120,0,0,1,0,0.99,4,0,0,0,0,0,0,0,0,1,0,0,,0.544973544973545,0.0
task_0119,family_21,template_21,0.75,1.0,8,NC1-SHUFFLED,0,0,1,1,4050,4050,500.0,17,8120,0,120,0,0,1,0,0.0423,0,0,0,0,0,1,0,0,0,0,0,0,,0.0,0.0
task_0119,family_21,template_21,0.75,1.0,8,NC2-RANDOM,1,0,0,1,4050,4050,500.0,17,8120,0,120,0,0,1,0,0.9536,4,0,0,0,0,0,0,0,0,0,0,0,,0.0,0.0
task_0119,family_21,template_21,0.75,1.0,8,NC3-LENGTH,1,0,0,1,4050,4050,500.0,17,8120,0,120,0,0,1,0,0.55,2,0,0,0,0,0,0,0,0,0,0,0,,0.0,0.0
task_0119,family_21,template_21,0.75,1.0,8,NC4-ABLATION,1,0,0,1,4450,4450,550.0,17,1080,0,120,8,1,1,0,0.9695,4,0,0,0,0,0,0,0,0,0,0,0,,0.0,0.0
task_0120,family_21,template_21,1.0,1.0,8,P-SPIDER-MEA,1,0,0,1,870,870,63.75,12,1260,150,30,8,1,1,0,0.99,4,0,1,1,1,0,1,1,0,1,1,1,2836eb1c27e1ea79,0.5523809523809524,0.8571428571428571
task_0120,family_21,template_21,1.0,1.0,8,B-COLD,1,0,0,1,4050,4050,506.25,17,8120,0,120,0,0,1,0,0.9735,4,0,0,0,0,0,0,0,0,0,0,0,,0.5523809523809524,0.0
task_0120,family_21,template_21,1.0,1.0,8,B-RAG-EMBED,1,0,0,1,4250,4250,506.25,18,8270,150,120,0,0,1,0,0.9735,4,0,0,0,0,0,0,0,0,1,0,0,,0.5523809523809524,0.0
task_0120,family_21,template_21,1.0,1.0,8,B-STAGEHAND-CACHE,1,0,0,1,4050,4050,506.25,17,8120,0,120,0,0,1,0,0.9735,4,0,0,0,0,0,0,0,0,1,0,0,,0.5523809523809524,0.0
task_0120,family_21,template_21,1.0,1.0,8,B-TERX-REPLAY,1,0,0,1,4050,4050,506.25,17,8120,0,120,0,0,1,0,0.9735,4,0,0,0,0,0,0,0,0,1,0,0,,0.5523809523809524,0.0
task_0120,family_21,template_21,1.0,1.0,8,NC1-SHUFFLED,0,0,1,1,4050,4050,500.0,17,8120,0,120,0,0,1,0,0.01,0,0,0,0,0,1,0,0,0,0,0,0,,0.0,0.0
task_0120,family_21,template_21,1.0,1.0,8,NC2-RANDOM,1,0,0,1,4050,4050,500.0,17,8120,0,120,0,0,1,0,0.99,4,0,0,0,0,0,0,0,0,0,0,0,,0.0,0.0
task_0120,family_21,template_21,1.0,1.0,8,NC3-LENGTH,1,0,0,1,4050,4050,500.0,17,8120,0,120,0,0,1,0,0.55,2,0,0,0,0,0,0,0,0,0,0,0,,0.0,0.0
task_0120,family_21,template_21,1.0,1.0,8,NC4-ABLATION,1,0,0,1,4450,4450,550.0,17,1080,0,120,8,1,1,0,0.99,4,0,0,0,0,0,0,0,0,0,0,0,,0.0,0.0
task_0121,family_21,template_21,0.25,0.5,8,P-SPIDER-MEA,1,0,1,1,870,870,63.75,12,1260,150,30,8,0,0,0,0.01,0,1,1,1,1,1,1,1,0,1,0,0,8f60306a20fb9641,0.5952380952380952,1.0
task_0121,family_21,template_21,0.25,0.5,8,B-COLD,1,0,0,1,4050,4050,506.25,17,8120,0,120,0,0,1,0,0.9588,4,0,0,0,0,0,0,0,0,0,0,0,,0.5952380952380952,0.0
task_0121,family_21,template_21,0.25,0.5,8,B-RAG-EMBED,1,0,0,1,2450,2450,281.25,14,4750,150,120,4,1,1,0,0.9588,4,0,0,0,0,0,0,0,0,1,1,0,,0.5952380952380952,0.0
task_0121,family_21,template_21,0.25,0.5,8,B-STAGEHAND-CACHE,1,0,0,1,4050,4050,506.25,17,8120,0,120,0,0,1,0,0.9588,4,0,0,0,0,0,0,0,0,1,0,0,,0.5952380952380952,0.0
task_0121,family_21,template_21,0.25,0.5,8,B-TERX-REPLAY,1,0,0,1,4050,4050,506.25,17,8120,0,120,0,0,1,0,0.9588,4,0,0,0,0,0,0,0,0,1,0,0,,0.5952380952380952,0.0
task_0121,family_21,template_21,0.25,0.5,8,NC1-SHUFFLED,0,0,1,0,4050,4050,500.0,17,8120,0,120,0,0,0,0,0.01,0,1,0,0,0,1,0,0,0,0,0,0,,0.0,0.0
task_0121,family_21,template_21,0.25,0.5,8,NC2-RANDOM,0,1,0,0,4050,4050,500.0,17,8120,0,120,0,0,0,0,0.01,0,1,0,0,0,0,0,0,0,0,0,0,,0.0,0.0
task_0121,family_21,template_21,0.25,0.5,8,NC3-LENGTH,1,0,0,1,4050,4050,500.0,17,8120,0,120,0,0,1,0,0.55,2,0,0,0,0,0,0,0,0,0,0,0,,0.0,0.0
task_0121,family_21,template_21,0.25,0.5,8,NC4-ABLATION,1,0,0,1,4450,4450,550.0,17,1080,0,120,8,1,1,0,0.99,4,0,0,0,0,0,0,0,0,0,0,0,,0.0,0.0
task_0122,family_22,template_22,0.0,0.0,9,P-SPIDER-MEA,1,0,0,1,960,960,66.66666666666667,13,1470,150,120,9,1,1,0,0.9529,4,0,0,0,0,0,1,1,0,1,1,1,7760c491bd065e71,0.75,1.0
task_0122,family_22,template_22,0.0,0.0,9,B-COLD,1,0,0,1,4550,4550,505.55555555555554,19,9120,0,120,0,0,1,0,0.99,4,0,0,0,0,0,0,0,0,0,0,0,,0.75,0.0
task_0122,family_22,template_22,0.0,0.0,9,B-RAG-EMBED,1,0,0,1,700,700,55.55555555555556,11,1350,150,120,9,1,1,0,0.99,4,0,0,0,0,0,0,0,0,1,1,0,,0.75,0.0
task_0122,family_22,template_22,0.0,0.0,9,B-STAGEHAND-CACHE,1,0,0,1,500,500,55.55555555555556,10,1200,0,120,9,1,1,0,0.99,4,0,0,0,0,0,0,0,0,1,1,0,,0.75,0.0
task_0122,family_22,template_22,0.0,0.0,9,B-TERX-REPLAY,1,0,0,1,500,500,55.55555555555556,10,1200,0,120,9,1,1,0,0.99,4,0,0,0,0,0,0,0,0,1,1,0,,0.75,0.0
task_0122,family_22,template_22,0.0,0.0,9,NC1-SHUFFLED,0,0,1,0,4550,4550,500.0,19,9120,0,120,0,0,0,0,0.01,0,1,0,0,0,1,0,0,0,0,0,0,,0.0,0.0
task_0122,family_22,template_22,0.0,0.0,9,NC2-RANDOM,0,1,0,0,4550,4550,500.0,19,9120,0,120,0,0,0,0,0.01,0,1,0,0,0,0,0,0,0,0,0,0,,0.0,0.0
task_0122,family_22,template_22,0.0,0.0,9,NC3-LENGTH,1,0,0,1,4550,4550,500.0,19,9120,0,120,0,0,1,0,0.55,2,0,0,0,0,0,0,0,0,0,0,0,,0.0,0.0
task_0122,family_22,template_22,0.0,0.0,9,NC4-ABLATION,1,0,0,1,5000,5000,550.0,19,1200,0,120,9,1,1,0,0.99,4,0,0,0,0,0,0,0,0,0,0,0,,0.0,0.0
task_0123,family_22,template_22,0.75,0.6667,9,P-SPIDER-MEA,1,0,1,1,960,960,66.66666666666667,13,1470,150,120,9,0,0,0,0.01,0,1,0,0,0,1,1,1,0,1,0,0,c6d5853f6b47e58a,0.6666666666666667,1.0
task_0123,family_22,template_22,0.75,0.6667,9,B-COLD,1,0,0,1,4550,4550,505.55555555555554,19,9120,0,120,0,0,1,0,0.99,4,0,0,0,0,0,0,0,0,0,0,0,,0.6666666666666667,0.0
task_0123,family_22,template_22,0.75,0.6667,9,B-RAG-EMBED,1,0,0,1,3400,3400,355.55555555555554,17,6630,150,120,3,1,1,0,0.99,4,0,0,0,0,0,0,0,0,1,1,0,,0.6666666666666667,0.0
task_0123,family_22,template_22,0.75,0.6667,9,B-STAGEHAND-CACHE,1,0,0,1,4550,4550,505.55555555555554,19,9120,0,120,0,0,1,0,0.99,4,0,0,0,0,0,0,0,0,1,0,0,,0.6666666666666667,0.0
task_0123,family_22,template_22,0.75,0.6667,9,B-TERX-REPLAY,1,0,0,1,4550,4550,505.55555555555554,19,9120,0,120,0,0,1,0,0.99,4,0,0,0,0,0,0,0,0,1,0,0,,0.6666666666666667,0.0
task_0123,family_22,template_22,0.75,0.6667,9,NC1-SHUFFLED,0,0,1,1,4550,4550,500.0,19,9120,0,120,0,0,1,0,0.0419,0,0,0,0,0,1,0,0,0,0,0,0,,0.0,0.0
task_0123,family_22,template_22,0.75,0.6667,9,NC2-RANDOM,1,0,0,1,4550,4550,500.0,19,9120,0,120,0,0,1,0,0.99,4,0,0,0,0,0,0,0,0,0,0,0,,0.0,0.0
task_0123,family_22,template_22,0.75,0.6667,9,NC3-LENGTH,1,0,0,1,4550,4550,500.0,19,9120,0,120,0,0,1,0,0.55,2,0,0,0,0,0,0,0,0,0,0,0,,0.0,0.0
task_0123,family_22,template_22,0.75,0.6667,9,NC4-ABLATION,1,0,0,1,5000,5000,550.0,19,1200,0,120,9,1,1,0,0.9559,4,0,0,0,0,0,0,0,0,0,0,0,,0.0,0.0
task_0124,family_22,template_22,1.0,1.0,9,P-SPIDER-MEA,1,0,0,1,960,960,66.66666666666667,13,1470,150,120,9,1,1,0,0.9754,4,0,0,0,0,0,1,1,0,1,1,1,803c89318f4e8b82,0.6277777777777778,0.8666666666666667
task_0124,family_22,template_22,1.0,1.0,9,B-COLD,1,0,0,1,4550,4550,505.55555555555554,19,9120,0,120,0,0,1,0,0.99,4,0,0,0,0,0,0,0,0,0,0,0,,0.6277777777777778,0.0
task_0124,family_22,template_22,1.0,1.0,9,B-RAG-EMBED,1,0,0,1,4750,4750,505.55555555555554,20,9270,150,120,0,0,1,0,0.99,4,0,0,0,0,0,0,0,0,1,0,0,,0.6277777777777778,0.0
task_0124,family_22,template_22,1.0,1.0,9,B-STAGEHAND-CACHE,1,0,0,1,4550,4550,505.55555555555554,19,9120,0,120,0,0,1,0,0.99,4,0,0,0,0,0,0,0,0,1,0,0,,0.6277777777777778,0.0
task_0124,family_22,template_22,1.0,1.0,9,B-TERX-REPLAY,1,0,0,1,4550,4550,505.55555555555554,19,9120,0,120,0,0,1,0,0.99,4,0,0,0,0,0,0,0,0,1,0,0,,0.6277777777777778,0.0
task_0124,family_22,template_22,1.0,1.0,9,NC1-SHUFFLED,0,0,1,1,4550,4550,500.0,19,9120,0,120,0,0,1,0,0.034,0,0,0,0,0,1,0,0,0,0,0,0,,0.0,0.0
task_0124,family_22,template_22,1.0,1.0,9,NC2-RANDOM,1,0,0,1,4550,4550,500.0,19,9120,0,120,0,0,1,0,0.99,4,0,0,0,0,0,0,0,0,0,0,0,,0.0,0.0
task_0124,family_22,template_22,1.0,1.0,9,NC3-LENGTH,1,0,0,1,4550,4550,500.0,19,9120,0,120,0,0,1,0,0.55,2,0,0,0,0,0,0,0,0,0,0,0,,0.0,0.0
task_0124,family_22,template_22,1.0,1.0,9,NC4-ABLATION,1,0,0,1,5000,5000,550.0,19,1200,0,120,9,1,1,0,0.9851,4,0,0,0,0,0,0,0,0,0,0,0,,0.0,0.0
task_0125,family_22,template_22,0.25,0.3333,9,P-SPIDER-MEA,1,0,0,1,920,920,62.22222222222222,13,1380,150,30,9,1,1,0,0.99,4,0,1,1,1,0,1,1,0,1,1,1,2ff0ccd86e818616,0.7166666666666667,1.0
task_0125,family_22,template_22,0.25,0.3333,9,B-COLD,1,0,0,1,4550,4550,505.55555555555554,19,9120,0,120,0,0,1,0,0.99,4,0,0,0,0,0,0,0,0,0,0,0,,0.7166666666666667,0.0
task_0125,family_22,template_22,0.25,0.3333,9,B-RAG-EMBED,1,0,0,1,2050,2050,205.55555555555554,14,3990,150,120,6,1,1,0,0.99,4,0,0,0,0,0,0,0,0,1,1,0,,0.7166666666666667,0.0
task_0125,family_22,template_22,0.25,0.3333,9,B-STAGEHAND-CACHE,1,0,0,1,4550,4550,505.55555555555554,19,9120,0,120,0,0,1,0,0.99,4,0,0,0,0,0,0,0,0,1,0,0,,0.7166666666666667,0.0
task_0125,family_22,template_22,0.25,0.3333,9,B-TERX-REPLAY,1,0,0,1,4550,4550,505.55555555555554,19,9120,0,120,0,0,1,0,0.99,4,0,0,0,0,0,0,0,0,1,0,0,,0.7166666666666667,0.0
task_0125,family_22,template_22,0.25,0.3333,9,NC1-SHUFFLED,0,0,1,1,4550,4550,500.0,19,9120,0,120,0,0,1,0,0.01,0,0,0,0,0,1,0,0,0,0,0,0,,0.0,0.0
task_0125,family_22,template_22,0.25,0.3333,9,NC2-RANDOM,1,0,0,1,4550,4550,500.0,19,9120,0,120,0,0,1,0,0.99,4,0,0,0,0,0,0,0,0,0,0,0,,0.0,0.0
task_0125,family_22,template_22,0.25,0.3333,9,NC3-LENGTH,1,0,0,1,4550,4550,500.0,19,9120,0,120,0,0,1,0,0.55,2,0,0,0,0,0,0,0,0,0,0,0,,0.0,0.0
task_0125,family_22,template_22,0.25,0.3333,9,NC4-ABLATION,1,0,0,1,5000,5000,550.0,19,1200,0,120,9,1,1,0,0.9601,4,0,0,0,0,0,0,0,0,0,0,0,,0.0,0.0
task_0126,family_22,template_22,0.5,0.6667,9,P-SPIDER-MEA,1,0,1,1,920,920,62.22222222222222,13,1380,150,30,9,0,0,0,0.0472,0,1,1,1,1,1,1,1,0,1,0,0,0acd20dac9c2d938,0.65,1.0
task_0126,family_22,template_22,0.5,0.6667,9,B-COLD,1,0,0,1,4550,4550,505.55555555555554,19,9120,0,120,0,0,1,0,0.9728,4,0,0,0,0,0,0,0,0,0,0,0,,0.65,0.0
task_0126,family_22,template_22,0.5,0.6667,9,B-RAG-EMBED,1,0,0,1,3400,3400,355.55555555555554,17,6630,150,120,3,1,1,0,0.9728,4,0,0,0,0,0,0,0,0,1,1,0,,0.65,0.0
task_0126,family_22,template_22,0.5,0.6667,9,B-STAGEHAND-CACHE,1,0,0,1,4550,4550,505.55555555555554,19,9120,0,120,0,0,1,0,0.9728,4,0,0,0,0,0,0,0,0,1,0,0,,0.65,0.0
task_0126,family_22,template_22,0.5,0.6667,9,B-TERX-REPLAY,1,0,0,1,4550,4550,505.55555555555554,19,9120,0,120,0,0,1,0,0.9728,4,0,0,0,0,0,0,0,0,1,0,0,,0.65,0.0
task_0126,family_22,template_22,0.5,0.6667,9,NC1-SHUFFLED,0,0,1,1,4550,4550,500.0,19,9120,0,120,0,0,1,0,0.01,0,0,0,0,0,1,0,0,0,0,0,0,,0.0,0.0
task_0126,family_22,template_22,0.5,0.6667,9,NC2-RANDOM,1,0,0,1,4550,4550,500.0,19,9120,0,120,0,0,1,0,0.99,4,0,0,0,0,0,0,0,0,0,0,0,,0.0,0.0
task_0126,family_22,template_22,0.5,0.6667,9,NC3-LENGTH,1,0,0,1,4550,4550,500.0,19,9120,0,120,0,0,1,0,0.55,2,0,0,0,0,0,0,0,0,0,0,0,,0.0,0.0
task_0126,family_22,template_22,0.5,0.6667,9,NC4-ABLATION,0,1,0,0,5000,5000,550.0,19,1200,0,120,9,1,0,0,0.01,0,1,0,0,0,0,0,0,0,0,0,0,,0.0,0.0
task_0127,family_23,template_23,0.0,0.0,10,P-SPIDER-MEA,1,0,0,1,1010,1010,65.0,14,1590,150,120,10,1,1,0,0.9806,4,0,0,0,0,0,1,1,0,1,1,1,23f7e290cb7ff894,0.5,1.0
task_0127,family_23,template_23,0.0,0.0,10,B-COLD,1,0,0,1,5050,5050,505.0,21,10120,0,120,0,0,1,0,0.99,4,0,0,0,0,0,0,0,0,0,0,0,,0.5,0.0
task_0127,family_23,template_23,0.0,0.0,10,B-RAG-EMBED,1,0,0,1,750,750,55.0,12,1470,150,120,10,1,1,0,0.99,4,0,0,0,0,0,0,0,0,1,1,0,,0.5,0.0
task_0127,family_23,template_23,0.0,0.0,10,B-STAGEHAND-CACHE,1,0,0,1,550,550,55.0,11,1320,0,120,10,1,1,0,0.99,4,0,0,0,0,0,0,0,0,1,1,0,,0.5,0.0
task_0127,family_23,template_23,0.0,0.0,10,B-TERX-REPLAY,1,0,0,1,550,550,55.0,11,1320,0,120,10,1,1,0,0.99,4,0,0,0,0,0,0,0,0,1,1,0,,0.5,0.0
task_0127,family_23,template_23,0.0,0.0,10,NC1-SHUFFLED,1,0,0,1,5050,5050,500.0,21,10120,0,120,0,0,1,0,0.99,4,0,0,0,0,0,0,0,0,0,0,0,,0.0,0.0
task_0127,family_23,template_23,0.0,0.0,10,NC2-RANDOM,1,0,0,1,5050,5050,500.0,21,10120,0,120,0,0,1,0,0.9785,4,0,0,0,0,0,0,0,0,0,0,0,,0.0,0.0
task_0127,family_23,template_23,0.0,0.0,10,NC3-LENGTH,1,0,0,1,5050,5050,500.0,21,10120,0,120,0,0,1,0,0.55,2,0,0,0,0,0,0,0,0,0,0,0,,0.0,0.0
task_0127,family_23,template_23,0.0,0.0,10,NC4-ABLATION,0,1,0,0,5550,5550,550.0,21,1320,0,120,10,1,0,0,0.0494,0,1,0,0,0,0,0,0,0,0,0,0,,0.0,0.0
task_0128,family_23,template_23,1.0,1.0,10,P-SPIDER-MEA,1,0,0,1,1010,1010,65.0,14,1590,150,120,10,1,1,0,0.9882,4,0,0,0,0,0,1,1,0,1,1,1,86e6ad2fc349fae4,0.4,0.8
task_0128,family_23,template_23,1.0,1.0,10,B-COLD,1,0,0,1,5050,5050,505.0,21,10120,0,120,0,0,1,0,0.99,4,0,0,0,0,0,0,0,0,0,0,0,,0.4,0.0
task_0128,family_23,template_23,1.0,1.0,10,B-RAG-EMBED,1,0,0,1,5250,5250,505.0,22,10270,150,120,0,0,1,0,0.99,4,0,0,0,0,0,0,0,0,1,0,0,,0.4,0.0
task_0128,family_23,template_23,1.0,1.0,10,B-STAGEHAND-CACHE,1,0,0,1,5050,5050,505.0,21,10120,0,120,0,0,1,0,0.99,4,0,0,0,0,0,0,0,0,1,0,0,,0.4,0.0
task_0128,family_23,template_23,1.0,1.0,10,B-TERX-REPLAY,1,0,0,1,5050,5050,505.0,21,10120,0,120,0,0,1,0,0.99,4,0,0,0,0,0,0,0,0,1,0,0,,0.4,0.0
task_0128,family_23,template_23,1.0,1.0,10,NC1-SHUFFLED,0,0,1,1,5050,5050,500.0,21,10120,0,120,0,0,1,0,0.01,0,0,0,0,0,1,0,0,0,0,0,0,,0.0,0.0
task_0128,family_23,template_23,1.0,1.0,10,NC2-RANDOM,1,0,0,1,5050,5050,500.0,21,10120,0,120,0,0,1,0,0.9516,4,0,0,0,0,0,0,0,0,0,0,0,,0.0,0.0
task_0128,family_23,template_23,1.0,1.0,10,NC3-LENGTH,1,0,0,1,5050,5050,500.0,21,10120,0,120,0,0,1,0,0.55,2,0,0,0,0,0,0,0,0,0,0,0,,0.0,0.0
task_0128,family_23,template_23,1.0,1.0,10,NC4-ABLATION,1,0,0,1,5550,5550,550.0,21,1320,0,120,10,1,1,0,0.99,4,0,0,0,0,0,0,0,0,0,0,0,,0.0,0.0
task_0129,family_23,template_23,0.25,0.0,10,P-SPIDER-MEA,1,0,0,1,970,970,61.0,14,1500,150,30,10,1,1,0,0.99,4,0,1,1,1,0,1,1,0,1,1,1,6c20857c0b9c54c5,0.5,1.0
task_0129,family_23,template_23,0.25,0.0,10,B-COLD,1,0,0,1,5050,5050,505.0,21,10120,0,120,0,0,1,0,0.9595,4,0,0,0,0,0,0,0,0,0,0,0,,0.5,0.0
task_0129,family_23,template_23,0.25,0.0,10,B-RAG-EMBED,1,0,0,1,750,750,55.0,12,1470,150,120,10,1,1,0,0.9595,4,0,0,0,0,0,0,0,0,1,1,0,,0.5,0.0
task_0129,family_23,template_23,0.25,0.0,10,B-STAGEHAND-CACHE,1,0,0,1,5050,5050,505.0,21,10120,0,120,0,0,1,0,0.9595,4,0,0,0,0,0,0,0,0,1,0,0,,0.5,0.0
task_0129,family_23,template_23,0.25,0.0,10,B-TERX-REPLAY,1,0,0,1,5050,5050,505.0,21,10120,0,120,0,0,1,0,0.9595,4,0,0,0,0,0,0,0,0,1,0,0,,0.5,0.0
task_0129,family_23,template_23,0.25,0.0,10,NC1-SHUFFLED,0,0,1,1,5050,5050,500.0,21,10120,0,120,0,0,1,0,0.0107,0,0,0,0,0,1,0,0,0,0,0,0,,0.0,0.0
task_0129,family_23,template_23,0.25,0.0,10,NC2-RANDOM,1,0,0,1,5050,5050,500.0,21,10120,0,120,0,0,1,0,0.9653,4,0,0,0,0,0,0,0,0,0,0,0,,0.0,0.0
task_0129,family_23,template_23,0.25,0.0,10,NC3-LENGTH,1,0,0,1,5050,5050,500.0,21,10120,0,120,0,0,1,0,0.55,2,0,0,0,0,0,0,0,0,0,0,0,,0.0,0.0
task_0129,family_23,template_23,0.25,0.0,10,NC4-ABLATION,1,0,0,1,5550,5550,550.0,21,1320,0,120,10,1,1,0,0.99,4,0,0,0,0,0,0,0,0,0,0,0,,0.0,0.0
task_0130,family_23,template_23,0.5,1.0,10,P-SPIDER-MEA,1,0,0,1,970,970,61.0,14,1500,150,30,10,1,1,0,0.9743,4,0,1,1,1,0,1,1,0,1,1,1,23fe160b751362d8,0.4,0.8
task_0130,family_23,template_23,0.5,1.0,10,B-COLD,1,0,0,1,5050,5050,505.0,21,10120,0,120,0,0,1,0,0.9702,4,0,0,0,0,0,0,0,0,0,0,0,,0.4,0.0
task_0130,family_23,template_23,0.5,1.0,10,B-RAG-EMBED,1,0,0,1,5250,5250,505.0,22,10270,150,120,0,0,1,0,0.9702,4,0,0,0,0,0,0,0,0,1,0,0,,0.4,0.0
task_0130,family_23,template_23,0.5,1.0,10,B-STAGEHAND-CACHE,1,0,0,1,5050,5050,505.0,21,10120,0,120,0,0,1,0,0.9702,4,0,0,0,0,0,0,0,0,1,0,0,,0.4,0.0
task_0130,family_23,template_23,0.5,1.0,10,B-TERX-REPLAY,1,0,0,1,5050,5050,505.0,21,10120,0,120,0,0,1,0,0.9702,4,0,0,0,0,0,0,0,0,1,0,0,,0.4,0.0
task_0130,family_23,template_23,0.5,1.0,10,NC1-SHUFFLED,0,0,1,1,5050,5050,500.0,21,10120,0,120,0,0,1,0,0.01,0,0,0,0,0,1,0,0,0,0,0,0,,0.0,0.0
task_0130,family_23,template_23,0.5,1.0,10,NC2-RANDOM,1,0,0,1,5050,5050,500.0,21,10120,0,120,0,0,1,0,0.9757,4,0,0,0,0,0,0,0,0,0,0,0,,0.0,0.0
task_0130,family_23,template_23,0.5,1.0,10,NC3-LENGTH,1,0,0,1,5050,5050,500.0,21,10120,0,120,0,0,1,0,0.55,2,0,0,0,0,0,0,0,0,0,0,0,,0.0,0.0
task_0130,family_23,template_23,0.5,1.0,10,NC4-ABLATION,1,0,0,1,5550,5550,550.0,21,1320,0,120,10,1,1,0,0.9849,4,0,0,0,0,0,0,0,0,0,0,0,,0.0,0.0
task_0131,family_23,template_23,0.75,1.0,10,P-SPIDER-MEA,1,0,1,1,1010,1010,65.0,14,1590,150,120,10,0,0,0,0.0221,0,1,0,0,0,1,1,1,0,1,0,0,3e26f8b71ef28bd7,0.4,0.8
task_0131,family_23,template_23,0.75,1.0,10,B-COLD,1,0,0,1,5050,5050,505.0,21,10120,0,120,0,0,1,0,0.99,4,0,0,0,0,0,0,0,0,0,0,0,,0.4,0.0
task_0131,family_23,template_23,0.75,1.0,10,B-RAG-EMBED,1,0,0,1,5250,5250,505.0,22,10270,150,120,0,0,1,0,0.99,4,0,0,0,0,0,0,0,0,1,0,0,,0.4,0.0
task_0131,family_23,template_23,0.75,1.0,10,B-STAGEHAND-CACHE,1,0,0,1,5050,5050,505.0,21,10120,0,120,0,0,1,0,0.99,4,0,0,0,0,0,0,0,0,1,0,0,,0.4,0.0
task_0131,family_23,template_23,0.75,1.0,10,B-TERX-REPLAY,1,0,0,1,5050,5050,505.0,21,10120,0,120,0,0,1,0,0.99,4,0,0,0,0,0,0,0,0,1,0,0,,0.4,0.0
task_0131,family_23,template_23,0.75,1.0,10,NC1-SHUFFLED,0,0,1,1,5050,5050,500.0,21,10120,0,120,0,0,1,0,0.01,0,0,0,0,0,1,0,0,0,0,0,0,,0.0,0.0
task_0131,family_23,template_23,0.75,1.0,10,NC2-RANDOM,1,0,0,1,5050,5050,500.0,21,10120,0,120,0,0,1,0,0.99,4,0,0,0,0,0,0,0,0,0,0,0,,0.0,0.0
task_0131,family_23,template_23,0.75,1.0,10,NC3-LENGTH,1,0,0,1,5050,5050,500.0,21,10120,0,120,0,0,1,0,0.55,2,0,0,0,0,0,0,0,0,0,0,0,,0.0,0.0
task_0131,family_23,template_23,0.75,1.0,10,NC4-ABLATION,0,1,0,0,5550,5550,550.0,21,1320,0,120,10,1,0,0,0.01,0,1,0,0,0,0,0,0,0,0,0,0,,0.0,0.0
task_0132,family_24,template_24,0.0,0.0,11,P-SPIDER-MEA,1,0,0,1,1020,1020,60.0,15,1620,150,30,11,1,1,0,0.99,4,0,1,1,1,0,1,1,0,1,1,1,f0fdbc12dfb6c407,0.6666666666666666,1.0
task_0132,family_24,template_24,0.0,0.0,11,B-COLD,1,0,0,1,5550,5550,504.54545454545456,23,11120,0,120,0,0,1,0,0.981,4,0,0,0,0,0,0,0,0,0,0,0,,0.6666666666666666,0.0
task_0132,family_24,template_24,0.0,0.0,11,B-RAG-EMBED,1,0,0,1,800,800,54.54545454545455,13,1590,150,120,11,1,1,0,0.981,4,0,0,0,0,0,0,0,0,1,1,0,,0.6666666666666666,0.0
task_0132,family_24,template_24,0.0,0.0,11,B-STAGEHAND-CACHE,1,0,0,1,600,600,54.54545454545455,12,1440,0,120,11,1,1,0,0.981,4,0,0,0,0,0,0,0,0,1,1,0,,0.6666666666666666,0.0
task_0132,family_24,template_24,0.0,0.0,11,B-TERX-REPLAY,1,0,0,1,600,600,54.54545454545455,12,1440,0,120,11,1,1,0,0.981,4,0,0,0,0,0,0,0,0,1,1,0,,0.6666666666666666,0.0
task_0132,family_24,template_24,0.0,0.0,11,NC1-SHUFFLED,0,0,1,0,5550,5550,500.0,23,11120,0,120,0,0,0,0,0.01,0,1,0,0,0,1,0,0,0,0,0,0,,0.0,0.0
task_0132,family_24,template_24,0.0,0.0,11,NC2-RANDOM,0,1,0,0,5550,5550,500.0,23,11120,0,120,0,0,0,0,0.01,0,1,0,0,0,0,0,0,0,0,0,0,,0.0,0.0
task_0132,family_24,template_24,0.0,0.0,11,NC3-LENGTH,1,0,0,1,5550,5550,500.0,23,11120,0,120,0,0,1,0,0.55,2,0,0,0,0,0,0,0,0,0,0,0,,0.0,0.0
task_0132,family_24,template_24,0.0,0.0,11,NC4-ABLATION,0,1,0,0,6100,6100,550.0,23,1440,0,120,11,1,0,0,0.0199,0,1,0,0,0,0,0,0,0,0,0,0,,0.0,0.0
task_0133,family_24,template_24,0.25,0.5,11,P-SPIDER-MEA,1,0,1,1,1020,1020,60.0,15,1620,150,30,11,0,0,0,0.0455,0,1,1,1,1,1,1,1,0,1,0,0,77f887e079d8344c,0.6190476190476191,1.0
task_0133,family_24,template_24,0.25,0.5,11,B-COLD,1,0,0,1,5550,5550,504.54545454545456,23,11120,0,120,0,0,1,0,0.9647,4,0,0,0,0,0,0,0,0,0,0,0,,0.6190476190476191,0.0
task_0133,family_24,template_24,0.25,0.5,11,B-RAG-EMBED,1,0,0,1,3500,3500,300.0,19,6870,150,120,5,1,1,0,0.9647,4,0,0,0,0,0,0,0,0,1,1,0,,0.6190476190476191,0.0
task_0133,family_24,template_24,0.25,0.5,11,B-STAGEHAND-CACHE,1,0,0,1,5550,5550,504.54545454545456,23,11120,0,120,0,0,1,0,0.9647,4,0,0,0,0,0,0,0,0,1,0,0,,0.6190476190476191,0.0
task_0133,family_24,template_24,0.25,0.5,11,B-TERX-REPLAY,1,0,0,1,5550,5550,504.54545454545456,23,11120,0,120,0,0,1,0,0.9647,4,0,0,0,0,0,0,0,0,1,0,0,,0.6190476190476191,0.0
task_0133,family_24,template_24,0.25,0.5,11,NC1-SHUFFLED,0,0,1,1,5550,5550,500.0,23,11120,0,120,0,0,1,0,0.01,0,0,0,0,0,1,0,0,0,0,0,0,,0.0,0.0
task_0133,family_24,template_24,0.25,0.5,11,NC2-RANDOM,1,0,0,1,5550,5550,500.0,23,11120,0,120,0,0,1,0,0.9669,4,0,0,0,0,0,0,0,0,0,0,0,,0.0,0.0
task_0133,family_24,template_24,0.25,0.5,11,NC3-LENGTH,1,0,0,1,5550,5550,500.0,23,11120,0,120,0,0,1,0,0.55,2,0,0,0,0,0,0,0,0,0,0,0,,0.0,0.0
task_0133,family_24,template_24,0.25,0.5,11,NC4-ABLATION,1,0,0,1,6100,6100,550.0,23,1440,0,120,11,1,1,0,0.9565,4,0,0,0,0,0,0,0,0,0,0,0,,0.0,0.0
task_0134,family_24,template_24,0.5,0.5,11,P-SPIDER-MEA,1,0,1,1,1060,1060,63.63636363636363,15,1710,150,120,11,0,0,0,0.0452,0,1,0,0,0,1,1,1,0,1,0,0,eb9b9fa938a4ab91,0.5925925925925926,1.0
task_0134,family_24,template_24,0.5,0.5,11,B-COLD,1,0,0,1,5550,5550,504.54545454545456,23,11120,0,120,0,0,1,0,0.99,4,0,0,0,0,0,0,0,0,0,0,0,,0.5925925925925926,0.0
task_0134,family_24,template_24,0.5,0.5,11,B-RAG-EMBED,1,0,0,1,3500,3500,300.0,19,6870,150,120,5,1,1,0,0.99,4,0,0,0,0,0,0,0,0,1,1,0,,0.5925925925925926,0.0
task_0134,family_24,template_24,0.5,0.5,11,B-STAGEHAND-CACHE,1,0,0,1,5550,5550,504.54545454545456,23,11120,0,120,0,0,1,0,0.99,4,0,0,0,0,0,0,0,0,1,0,0,,0.5925925925925926,0.0
task_0134,family_24,template_24,0.5,0.5,11,B-TERX-REPLAY,1,0,0,1,5550,5550,504.54545454545456,23,11120,0,120,0,0,1,0,0.99,4,0,0,0,0,0,0,0,0,1,0,0,,0.5925925925925926,0.0
task_0134,family_24,template_24,0.5,0.5,11,NC1-SHUFFLED,0,0,1,1,5550,5550,500.0,23,11120,0,120,0,0,1,0,0.01,0,0,0,0,0,1,0,0,0,0,0,0,,0.0,0.0
task_0134,family_24,template_24,0.5,0.5,11,NC2-RANDOM,1,0,0,1,5550,5550,500.0,23,11120,0,120,0,0,1,0,0.9751,4,0,0,0,0,0,0,0,0,0,0,0,,0.0,0.0
task_0134,family_24,template_24,0.5,0.5,11,NC3-LENGTH,1,0,0,1,5550,5550,500.0,23,11120,0,120,0,0,1,0,0.55,2,0,0,0,0,0,0,0,0,0,0,0,,0.0,0.0
task_0134,family_24,template_24,0.5,0.5,11,NC4-ABLATION,1,0,0,1,6100,6100,550.0,23,1440,0,120,11,1,1,0,0.99,4,0,0,0,0,0,0,0,0,0,0,0,,0.0,0.0
task_0135,family_24,template_24,0.75,1.0,11,P-SPIDER-MEA,1,0,1,1,1020,1020,60.0,15,1620,150,30,11,0,0,0,0.01,0,1,1,1,1,1,1,1,0,1,0,0,d9ea4979d7c68f1c,0.5555555555555556,0.8666666666666667
task_0135,family_24,template_24,0.75,1.0,11,B-COLD,1,0,0,1,5550,5550,504.54545454545456,23,11120,0,120,0,0,1,0,0.99,4,0,0,0,0,0,0,0,0,0,0,0,,0.5555555555555556,0.0
task_0135,family_24,template_24,0.75,1.0,11,B-RAG-EMBED,1,0,0,1,5750,5750,504.54545454545456,24,11270,150,120,0,0,1,0,0.99,4,0,0,0,0,0,0,0,0,1,0,0,,0.5555555555555556,0.0
task_0135,family_24,template_24,0.75,1.0,11,B-STAGEHAND-CACHE,1,0,0,1,5550,5550,504.54545454545456,23,11120,0,120,0,0,1,0,0.99,4,0,0,0,0,0,0,0,0,1,0,0,,0.5555555555555556,0.0
task_0135,family_24,template_24,0.75,1.0,11,B-TERX-REPLAY,1,0,0,1,5550,5550,504.54545454545456,23,11120,0,120,0,0,1,0,0.99,4,0,0,0,0,0,0,0,0,1,0,0,,0.5555555555555556,0.0
task_0135,family_24,template_24,0.75,1.0,11,NC1-SHUFFLED,1,0,0,1,5550,5550,500.0,23,11120,0,120,0,0,1,0,0.99,4,0,0,0,0,0,0,0,0,0,0,0,,0.0,0.0
task_0135,family_24,template_24,0.75,1.0,11,NC2-RANDOM,1,0,0,1,5550,5550,500.0,23,11120,0,120,0,0,1,0,0.99,4,0,0,0,0,0,0,0,0,0,0,0,,0.0,0.0
task_0135,family_24,template_24,0.75,1.0,11,NC3-LENGTH,1,0,0,1,5550,5550,500.0,23,11120,0,120,0,0,1,0,0.55,2,0,0,0,0,0,0,0,0,0,0,0,,0.0,0.0
task_0135,family_24,template_24,0.75,1.0,11,NC4-ABLATION,0,1,0,0,6100,6100,550.0,23,1440,0,120,11,1,0,0,0.046,0,1,0,0,0,0,0,0,0,0,0,0,,0.0,0.0
task_0136,family_24,template_24,1.0,1.0,11,P-SPIDER-MEA,1,0,1,1,1060,1060,63.63636363636363,15,1710,150,120,11,0,0,0,0.01,0,1,0,0,0,1,1,1,0,1,0,0,f8be78413d3fd11b,0.5333333333333333,0.8
task_0136,family_24,template_24,1.0,1.0,11,B-COLD,1,0,0,1,5550,5550,504.54545454545456,23,11120,0,120,0,0,1,0,0.99,4,0,0,0,0,0,0,0,0,0,0,0,,0.5333333333333333,0.0
task_0136,family_24,template_24,1.0,1.0,11,B-RAG-EMBED,1,0,0,1,5750,5750,504.54545454545456,24,11270,150,120,0,0,1,0,0.99,4,0,0,0,0,0,0,0,0,1,0,0,,0.5333333333333333,0.0
task_0136,family_24,template_24,1.0,1.0,11,B-STAGEHAND-CACHE,1,0,0,1,5550,5550,504.54545454545456,23,11120,0,120,0,0,1,0,0.99,4,0,0,0,0,0,0,0,0,1,0,0,,0.5333333333333333,0.0
task_0136,family_24,template_24,1.0,1.0,11,B-TERX-REPLAY,1,0,0,1,5550,5550,504.54545454545456,23,11120,0,120,0,0,1,0,0.99,4,0,0,0,0,0,0,0,0,1,0,0,,0.5333333333333333,0.0
task_0136,family_24,template_24,1.0,1.0,11,NC1-SHUFFLED,1,0,0,1,5550,5550,500.0,23,11120,0,120,0,0,1,0,0.9817,4,0,0,0,0,0,0,0,0,0,0,0,,0.0,0.0
task_0136,family_24,template_24,1.0,1.0,11,NC2-RANDOM,1,0,0,1,5550,5550,500.0,23,11120,0,120,0,0,1,0,0.99,4,0,0,0,0,0,0,0,0,0,0,0,,0.0,0.0
task_0136,family_24,template_24,1.0,1.0,11,NC3-LENGTH,1,0,0,1,5550,5550,500.0,23,11120,0,120,0,0,1,0,0.55,2,0,0,0,0,0,0,0,0,0,0,0,,0.0,0.0
task_0136,family_24,template_24,1.0,1.0,11,NC4-ABLATION,1,0,0,1,6100,6100,550.0,23,1440,0,120,11,1,1,0,0.99,4,0,0,0,0,0,0,0,0,0,0,0,,0.0,0.0
task_0137,family_25,template_25,0.0,0.0,12,P-SPIDER-MEA,1,0,0,1,1070,1070,59.166666666666664,16,1740,150,30,12,1,1,0,0.99,4,0,1,1,1,0,1,1,0,1,1,1,c7f25e659fc38faf,0.6666666666666666,1.0
task_0137,family_25,template_25,0.0,0.0,12,B-COLD,1,0,0,1,6050,6050,504.1666666666667,25,12120,0,120,0,0,1,0,0.9815,4,0,0,0,0,0,0,0,0,0,0,0,,0.6666666666666666,0.0
task_0137,family_25,template_25,0.0,0.0,12,B-RAG-EMBED,1,0,0,1,850,850,54.166666666666664,14,1710,150,120,12,1,1,0,0.9815,4,0,0,0,0,0,0,0,0,1,1,0,,0.6666666666666666,0.0
task_0137,family_25,template_25,0.0,0.0,12,B-STAGEHAND-CACHE,1,0,0,1,650,650,54.166666666666664,13,1560,0,120,12,1,1,0,0.9815,4,0,0,0,0,0,0,0,0,1,1,0,,0.6666666666666666,0.0
task_0137,family_25,template_25,0.0,0.0,12,B-TERX-REPLAY,1,0,0,1,650,650,54.166666666666664,13,1560,0,120,12,1,1,0,0.9815,4,0,0,0,0,0,0,0,0,1,1,0,,0.6666666666666666,0.0
task_0137,family_25,template_25,0.0,0.0,12,NC1-SHUFFLED,0,0,1,1,6050,6050,500.0,25,12120,0,120,0,0,1,0,0.01,0,0,0,0,0,1,0,0,0,0,0,0,,0.0,0.0
task_0137,family_25,template_25,0.0,0.0,12,NC2-RANDOM,1,0,0,1,6050,6050,500.0,25,12120,0,120,0,0,1,0,0.99,4,0,0,0,0,0,0,0,0,0,0,0,,0.0,0.0
task_0137,family_25,template_25,0.0,0.0,12,NC3-LENGTH,1,0,0,1,6050,6050,500.0,25,12120,0,120,0,0,1,0,0.55,2,0,0,0,0,0,0,0,0,0,0,0,,0.0,0.0
task_0137,family_25,template_25,0.0,0.0,12,NC4-ABLATION,0,1,0,0,6650,6650,550.0,25,1560,0,120,12,1,0,0,0.0153,0,1,0,0,0,0,0,0,0,0,0,0,,0.0,0.0
task_0138,family_25,template_25,0.5,0.5,12,P-SPIDER-MEA,1,0,0,1,1110,1110,62.5,16,1830,150,120,12,1,1,0,0.9743,4,0,0,0,0,0,1,1,0,1,1,1,c00ca55c6db0fa1a,0.6,1.0
task_0138,family_25,template_25,0.5,0.5,12,B-COLD,1,0,0,1,6050,6050,504.1666666666667,25,12120,0,120,0,0,1,0,0.99,4,0,0,0,0,0,0,0,0,0,0,0,,0.6,0.0
task_0138,family_25,template_25,0.5,0.5,12,B-RAG-EMBED,1,0,0,1,3550,3550,279.1666666666667,20,6990,150,120,6,1,1,0,0.99,4,0,0,0,0,0,0,0,0,1,1,0,,0.6,0.0
task_0138,family_25,template_25,0.5,0.5,12,B-STAGEHAND-CACHE,1,0,0,1,6050,6050,504.1666666666667,25,12120,0,120,0,0,1,0,0.99,4,0,0,0,0,0,0,0,0,1,0,0,,0.6,0.0
task_0138,family_25,template_25,0.5,0.5,12,B-TERX-REPLAY,1,0,0,1,6050,6050,504.1666666666667,25,12120,0,120,0,0,1,0,0.99,4,0,0,0,0,0,0,0,0,1,0,0,,0.6,0.0
task_0138,family_25,template_25,0.5,0.5,12,NC1-SHUFFLED,0,0,1,1,6050,6050,500.0,25,12120,0,120,0,0,1,0,0.01,0,0,0,0,0,1,0,0,0,0,0,0,,0.0,0.0
task_0138,family_25,template_25,0.5,0.5,12,NC2-RANDOM,1,0,0,1,6050,6050,500.0,25,12120,0,120,0,0,1,0,0.99,4,0,0,0,0,0,0,0,0,0,0,0,,0.0,0.0
task_0138,family_25,template_25,0.5,0.5,12,NC3-LENGTH,1,0,0,1,6050,6050,500.0,25,12120,0,120,0,0,1,0,0.55,2,0,0,0,0,0,0,0,0,0,0,0,,0.0,0.0
task_0138,family_25,template_25,0.5,0.5,12,NC4-ABLATION,1,0,0,1,6650,6650,550.0,25,1560,0,120,12,1,1,0,0.99,4,0,0,0,0,0,0,0,0,0,0,0,,0.0,0.0
task_0139,family_25,template_25,0.75,1.0,12,P-SPIDER-MEA,1,0,0,1,1070,1070,59.166666666666664,16,1740,150,30,12,1,1,0,0.99,4,0,1,1,1,0,1,1,0,1,1,1,efad3b76d223e808,0.544973544973545,0.8571428571428571
task_0139,family_25,template_25,0.75,1.0,12,B-COLD,1,0,0,1,6050,6050,504.1666666666667,25,12120,0,120,0,0,1,0,0.99,4,0,0,0,0,0,0,0,0,0,0,0,,0.544973544973545,0.0
task_0139,family_25,template_25,0.75,1.0,12,B-RAG-EMBED,1,0,0,1,6250,6250,504.1666666666667,26,12270,150,120,0,0,1,0,0.99,4,0,0,0,0,0,0,0,0,1,0,0,,0.544973544973545,0.0
task_0139,family_25,template_25,0.75,1.0,12,B-STAGEHAND-CACHE,1,0,0,1,6050,6050,504.1666666666667,25,12120,0,120,0,0,1,0,0.99,4,0,0,0,0,0,0,0,0,1,0,0,,0.544973544973545,0.0
task_0139,family_25,template_25,0.75,1.0,12,B-TERX-REPLAY,1,0,0,1,6050,6050,504.1666666666667,25,12120,0,120,0,0,1,0,0.99,4,0,0,0,0,0,0,0,0,1,0,0,,0.544973544973545,0.0
task_0139,family_25,template_25,0.75,1.0,12,NC1-SHUFFLED,0,0,1,0,6050,6050,500.0,25,12120,0,120,0,0,0,0,0.01,0,1,0,0,0,1,0,0,0,0,0,0,,0.0,0.0
task_0139,family_25,template_25,0.75,1.0,12,NC2-RANDOM,0,1,0,0,6050,6050,500.0,25,12120,0,120,0,0,0,0,0.01,0,1,0,0,0,0,0,0,0,0,0,0,,0.0,0.0
task_0139,family_25,template_25,0.75,1.0,12,NC3-LENGTH,1,0,0,1,6050,6050,500.0,25,12120,0,120,0,0,1,0,0.55,2,0,0,0,0,0,0,0,0,0,0,0,,0.0,0.0
task_0139,family_25,template_25,0.75,1.0,12,NC4-ABLATION,1,0,0,1,6650,6650,550.0,25,1560,0,120,12,1,1,0,0.9794,4,0,0,0,0,0,0,0,0,0,0,0,,0.0,0.0
task_0140,family_25,template_25,1.0,1.0,12,P-SPIDER-MEA,1,0,0,1,1070,1070,59.166666666666664,16,1740,150,30,12,1,1,0,0.9731,4,0,1,1,1,0,1,1,0,1,1,1,1a0a3cbe6cb88ade,0.5523809523809524,0.8571428571428571
task_0140,family_25,template_25,1.0,1.0,12,B-COLD,1,0,0,1,6050,6050,504.1666666666667,25,12120,0,120,0,0,1,0,0.99,4,0,0,0,0,0,0,0,0,0,0,0,,0.5523809523809524,0.0
task_0140,family_25,template_25,1.0,1.0,12,B-RAG-EMBED,1,0,0,1,6250,6250,504.1666666666667,26,12270,150,120,0,0,1,0,0.99,4,0,0,0,0,0,0,0,0,1,0,0,,0.5523809523809524,0.0
task_0140,family_25,template_25,1.0,1.0,12,B-STAGEHAND-CACHE,1,0,0,1,6050,6050,504.1666666666667,25,12120,0,120,0,0,1,0,0.99,4,0,0,0,0,0,0,0,0,1,0,0,,0.5523809523809524,0.0
task_0140,family_25,template_25,1.0,1.0,12,B-TERX-REPLAY,1,0,0,1,6050,6050,504.1666666666667,25,12120,0,120,0,0,1,0,0.99,4,0,0,0,0,0,0,0,0,1,0,0,,0.5523809523809524,0.0
task_0140,family_25,template_25,1.0,1.0,12,NC1-SHUFFLED,1,0,0,1,6050,6050,500.0,25,12120,0,120,0,0,1,0,0.99,4,0,0,0,0,0,0,0,0,0,0,0,,0.0,0.0
task_0140,family_25,template_25,1.0,1.0,12,NC2-RANDOM,1,0,0,1,6050,6050,500.0,25,12120,0,120,0,0,1,0,0.9813,4,0,0,0,0,0,0,0,0,0,0,0,,0.0,0.0
task_0140,family_25,template_25,1.0,1.0,12,NC3-LENGTH,1,0,0,1,6050,6050,500.0,25,12120,0,120,0,0,1,0,0.55,2,0,0,0,0,0,0,0,0,0,0,0,,0.0,0.0
task_0140,family_25,template_25,1.0,1.0,12,NC4-ABLATION,1,0,0,1,6650,6650,550.0,25,1560,0,120,12,1,1,0,0.9768,4,0,0,0,0,0,0,0,0,0,0,0,,0.0,0.0
task_0141,family_25,template_25,0.25,0.5,12,P-SPIDER-MEA,1,0,0,1,1070,1070,59.166666666666664,16,1740,150,30,12,1,1,0,0.99,4,0,1,1,1,0,1,1,0,1,1,1,3542a89c2c66c334,0.5952380952380952,1.0
task_0141,family_25,template_25,0.25,0.5,12,B-COLD,1,0,0,1,6050,6050,504.1666666666667,25,12120,0,120,0,0,1,0,0.99,4,0,0,0,0,0,0,0,0,0,0,0,,0.5952380952380952,0.0
task_0141,family_25,template_25,0.25,0.5,12,B-RAG-EMBED,1,0,0,1,3550,3550,279.1666666666667,20,6990,150,120,6,1,1,0,0.99,4,0,0,0,0,0,0,0,0,1,1,0,,0.5952380952380952,0.0
task_0141,family_25,template_25,0.25,0.5,12,B-STAGEHAND-CACHE,1,0,0,1,6050,6050,504.1666666666667,25,12120,0,120,0,0,1,0,0.99,4,0,0,0,0,0,0,0,0,1,0,0,,0.5952380952380952,0.0
task_0141,family_25,template_25,0.25,0.5,12,B-TERX-REPLAY,1,0,0,1,6050,6050,504.1666666666667,25,12120,0,120,0,0,1,0,0.99,4,0,0,0,0,0,0,0,0,1,0,0,,0.5952380952380952,0.0
task_0141,family_25,template_25,0.25,0.5,12,NC1-SHUFFLED,0,0,1,1,6050,6050,500.0,25,12120,0,120,0,0,1,0,0.0235,0,0,0,0,0,1,0,0,0,0,0,0,,0.0,0.0
task_0141,family_25,template_25,0.25,0.5,12,NC2-RANDOM,1,0,0,1,6050,6050,500.0,25,12120,0,120,0,0,1,0,0.99,4,0,0,0,0,0,0,0,0,0,0,0,,0.0,0.0
task_0141,family_25,template_25,0.25,0.5,12,NC3-LENGTH,1,0,0,1,6050,6050,500.0,25,12120,0,120,0,0,1,0,0.55,2,0,0,0,0,0,0,0,0,0,0,0,,0.0,0.0
task_0141,family_25,template_25,0.25,0.5,12,NC4-ABLATION,1,0,0,1,6650,6650,550.0,25,1560,0,120,12,1,1,0,0.99,4,0,0,0,0,0,0,0,0,0,0,0,,0.0,0.0
task_0142,family_26,template_26,0.0,0.0,13,P-SPIDER-MEA,1,0,0,1,1160,1160,61.53846153846154,17,1950,150,120,13,1,1,0,0.99,4,0,0,0,0,0,1,1,0,1,1,1,6d220282459c5407,0.75,1.0
task_0142,family_26,template_26,0.0,0.0,13,B-COLD,1,0,0,1,6550,6550,503.84615384615387,27,13120,0,120,0,0,1,0,0.99,4,0,0,0,0,0,0,0,0,0,0,0,,0.75,0.0
task_0142,family_26,template_26,0.0,0.0,13,B-RAG-EMBED,1,0,0,1,900,900,53.84615384615385,15,1830,150,120,13,1,1,0,0.99,4,0,0,0,0,0,0,0,0,1,1,0,,0.75,0.0
task_0142,family_26,template_26,0.0,0.0,13,B-STAGEHAND-CACHE,1,0,0,1,700,700,53.84615384615385,14,1680,0,120,13,1,1,0,0.99,4,0,0,0,0,0,0,0,0,1,1,0,,0.75,0.0
task_0142,family_26,template_26,0.0,0.0,13,B-TERX-REPLAY,1,0,0,1,700,700,53.84615384615385,14,1680,0,120,13,1,1,0,0.99,4,0,0,0,0,0,0,0,0,1,1,0,,0.75,0.0
task_0142,family_26,template_26,0.0,0.0,13,NC1-SHUFFLED,0,0,1,1,6550,6550,500.0,27,13120,0,120,0,0,1,0,0.0156,0,0,0,0,0,1,0,0,0,0,0,0,,0.0,0.0
task_0142,family_26,template_26,0.0,0.0,13,NC2-RANDOM,1,0,0,1,6550,6550,500.0,27,13120,0,120,0,0,1,0,0.99,4,0,0,0,0,0,0,0,0,0,0,0,,0.0,0.0
task_0142,family_26,template_26,0.0,0.0,13,NC3-LENGTH,1,0,0,1,6550,6550,500.0,27,13120,0,120,0,0,1,0,0.55,2,0,0,0,0,0,0,0,0,0,0,0,,0.0,0.0
task_0142,family_26,template_26,0.0,0.0,13,NC4-ABLATION,1,0,0,1,7200,7200,550.0,27,1680,0,120,13,1,1,0,0.99,4,0,0,0,0,0,0,0,0,0,0,0,,0.0,0.0
task_0143,family_26,template_26,0.75,0.6667,13,P-SPIDER-MEA,1,0,1,1,1160,1160,61.53846153846154,17,1950,150,120,13,0,0,0,0.0372,0,1,0,0,0,1,1,1,0,1,0,0,16f8db0c90ddb285,0.6642857142857143,1.0
task_0143,family_26,template_26,0.75,0.6667,13,B-COLD,1,0,0,1,6550,6550,503.84615384615387,27,13120,0,120,0,0,1,0,0.99,4,0,0,0,0,0,0,0,0,0,0,0,,0.6642857142857143,0.0
task_0143,family_26,template_26,0.75,0.6667,13,B-RAG-EMBED,1,0,0,1,4950,4950,365.38461538461536,24,9750,150,120,4,1,1,0,0.99,4,0,0,0,0,0,0,0,0,1,1,0,,0.6642857142857143,0.0
task_0143,family_26,template_26,0.75,0.6667,13,B-STAGEHAND-CACHE,1,0,0,1,6550,6550,503.84615384615387,27,13120,0,120,0,0,1,0,0.99,4,0,0,0,0,0,0,0,0,1,0,0,,0.6642857142857143,0.0
task_0143,family_26,template_26,0.75,0.6667,13,B-TERX-REPLAY,1,0,0,1,6550,6550,503.84615384615387,27,13120,0,120,0,0,1,0,0.99,4,0,0,0,0,0,0,0,0,1,0,0,,0.6642857142857143,0.0
task_0143,family_26,template_26,0.75,0.6667,13,NC1-SHUFFLED,0,0,1,1,6550,6550,500.0,27,13120,0,120,0,0,1,0,0.01,0,0,0,0,0,1,0,0,0,0,0,0,,0.0,0.0
task_0143,family_26,template_26,0.75,0.6667,13,NC2-RANDOM,1,0,0,1,6550,6550,500.0,27,13120,0,120,0,0,1,0,0.9648,4,0,0,0,0,0,0,0,0,0,0,0,,0.0,0.0
task_0143,family_26,template_26,0.75,0.6667,13,NC3-LENGTH,1,0,0,1,6550,6550,500.0,27,13120,0,120,0,0,1,0,0.55,2,0,0,0,0,0,0,0,0,0,0,0,,0.0,0.0
task_0143,family_26,template_26,0.75,0.6667,13,NC4-ABLATION,0,1,0,0,7200,7200,550.0,27,1680,0,120,13,1,0,0,0.015,0,1,0,0,0,0,0,0,0,0,0,0,,0.0,0.0
task_0144,family_26,template_26,1.0,1.0,13,P-SPIDER-MEA,1,0,1,1,1160,1160,61.53846153846154,17,1950,150,120,13,0,0,0,0.0163,0,1,0,0,0,1,1,1,0,1,0,0,07b219845680735b,0.6277777777777778,0.8666666666666667
task_0144,family_26,template_26,1.0,1.0,13,B-COLD,1,0,0,1,6550,6550,503.84615384615387,27,13120,0,120,0,0,1,0,0.99,4,0,0,0,0,0,0,0,0,0,0,0,,0.6277777777777778,0.0
task_0144,family_26,template_26,1.0,1.0,13,B-RAG-EMBED,1,0,0,1,6750,6750,503.84615384615387,28,13270,150,120,0,0,1,0,0.99,4,0,0,0,0,0,0,0,0,1,0,0,,0.6277777777777778,0.0
task_0144,family_26,template_26,1.0,1.0,13,B-STAGEHAND-CACHE,1,0,0,1,6550,6550,503.84615384615387,27,13120,0,120,0,0,1,0,0.99,4,0,0,0,0,0,0,0,0,1,0,0,,0.6277777777777778,0.0
task_0144,family_26,template_26,1.0,1.0,13,B-TERX-REPLAY,1,0,0,1,6550,6550,503.84615384615387,27,13120,0,120,0,0,1,0,0.99,4,0,0,0,0,0,0,0,0,1,0,0,,0.6277777777777778,0.0
task_0144,family_26,template_26,1.0,1.0,13,NC1-SHUFFLED,0,0,1,1,6550,6550,500.0,27,13120,0,120,0,0,1,0,0.01,0,0,0,0,0,1,0,0,0,0,0,0,,0.0,0.0
task_0144,family_26,template_26,1.0,1.0,13,NC2-RANDOM,1,0,0,1,6550,6550,500.0,27,13120,0,120,0,0,1,0,0.99,4,0,0,0,0,0,0,0,0,0,0,0,,0.0,0.0
task_0144,family_26,template_26,1.0,1.0,13,NC3-LENGTH,1,0,0,1,6550,6550,500.0,27,13120,0,120,0,0,1,0,0.55,2,0,0,0,0,0,0,0,0,0,0,0,,0.0,0.0
task_0144,family_26,template_26,1.0,1.0,13,NC4-ABLATION,1,0,0,1,7200,7200,550.0,27,1680,0,120,13,1,1,0,0.99,4,0,0,0,0,0,0,0,0,0,0,0,,0.0,0.0
task_0145,family_26,template_26,0.25,0.3333,13,P-SPIDER-MEA,1,0,0,1,1120,1120,58.46153846153846,17,1860,150,30,13,1,1,0,0.9697,4,0,1,1,1,0,1,1,0,1,1,1,faf8b0eae00ebc8c,0.7,1.0
task_0145,family_26,template_26,0.25,0.3333,13,B-COLD,1,0,0,1,6550,6550,503.84615384615387,27,13120,0,120,0,0,1,0,0.984,4,0,0,0,0,0,0,0,0,0,0,0,,0.7,0.0
task_0145,family_26,template_26,0.25,0.3333,13,B-RAG-EMBED,1,0,0,1,2700,2700,192.30769230769232,19,5350,150,120,9,1,1,0,0.984,4,0,0,0,0,0,0,0,0,1,1,0,,0.7,0.0
task_0145,family_26,template_26,0.25,0.3333,13,B-STAGEHAND-CACHE,1,0,0,1,6550,6550,503.84615384615387,27,13120,0,120,0,0,1,0,0.984,4,0,0,0,0,0,0,0,0,1,0,0,,0.7,0.0
task_0145,family_26,template_26,0.25,0.3333,13,B-TERX-REPLAY,1,0,0,1,6550,6550,503.84615384615387,27,13120,0,120,0,0,1,0,0.984,4,0,0,0,0,0,0,0,0,1,0,0,,0.7,0.0
task_0145,family_26,template_26,0.25,0.3333,13,NC1-SHUFFLED,0,0,1,1,6550,6550,500.0,27,13120,0,120,0,0,1,0,0.01,0,0,0,0,0,1,0,0,0,0,0,0,,0.0,0.0
task_0145,family_26,template_26,0.25,0.3333,13,NC2-RANDOM,1,0,0,1,6550,6550,500.0,27,13120,0,120,0,0,1,0,0.99,4,0,0,0,0,0,0,0,0,0,0,0,,0.0,0.0
task_0145,family_26,template_26,0.25,0.3333,13,NC3-LENGTH,1,0,0,1,6550,6550,500.0,27,13120,0,120,0,0,1,0,0.55,2,0,0,0,0,0,0,0,0,0,0,0,,0.0,0.0
task_0145,family_26,template_26,0.25,0.3333,13,NC4-ABLATION,1,0,0,1,7200,7200,550.0,27,1680,0,120,13,1,1,0,0.99,4,0,0,0,0,0,0,0,0,0,0,0,,0.0,0.0
task_0146,family_26,template_26,0.5,0.6667,13,P-SPIDER-MEA,1,0,1,1,1160,1160,61.53846153846154,17,1950,150,120,13,0,0,0,0.0361,0,1,0,0,0,1,1,1,0,1,0,0,18c20e5cf0864c7b,0.65,1.0
task_0146,family_26,template_26,0.5,0.6667,13,B-COLD,1,0,0,1,6550,6550,503.84615384615387,27,13120,0,120,0,0,1,0,0.99,4,0,0,0,0,0,0,0,0,0,0,0,,0.65,0.0
task_0146,family_26,template_26,0.5,0.6667,13,B-RAG-EMBED,1,0,0,1,4950,4950,365.38461538461536,24,9750,150,120,4,1,1,0,0.99,4,0,0,0,0,0,0,0,0,1,1,0,,0.65,0.0
task_0146,family_26,template_26,0.5,0.6667,13,B-STAGEHAND-CACHE,1,0,0,1,6550,6550,503.84615384615387,27,13120,0,120,0,0,1,0,0.99,4,0,0,0,0,0,0,0,0,1,0,0,,0.65,0.0
task_0146,family_26,template_26,0.5,0.6667,13,B-TERX-REPLAY,1,0,0,1,6550,6550,503.84615384615387,27,13120,0,120,0,0,1,0,0.99,4,0,0,0,0,0,0,0,0,1,0,0,,0.65,0.0
task_0146,family_26,template_26,0.5,0.6667,13,NC1-SHUFFLED,0,0,1,1,6550,6550,500.0,27,13120,0,120,0,0,1,0,0.01,0,0,0,0,0,1,0,0,0,0,0,0,,0.0,0.0
task_0146,family_26,template_26,0.5,0.6667,13,NC2-RANDOM,1,0,0,1,6550,6550,500.0,27,13120,0,120,0,0,1,0,0.99,4,0,0,0,0,0,0,0,0,0,0,0,,0.0,0.0
task_0146,family_26,template_26,0.5,0.6667,13,NC3-LENGTH,1,0,0,1,6550,6550,500.0,27,13120,0,120,0,0,1,0,0.55,2,0,0,0,0,0,0,0,0,0,0,0,,0.0,0.0
task_0146,family_26,template_26,0.5,0.6667,13,NC4-ABLATION,0,1,0,0,7200,7200,550.0,27,1680,0,120,13,1,0,0,0.0392,0,1,0,0,0,0,0,0,0,0,0,0,,0.0,0.0
task_0147,family_27,template_27,0.0,0.0,14,P-SPIDER-MEA,1,0,0,1,1210,1210,60.714285714285715,18,2070,150,120,14,1,1,0,0.99,4,0,0,0,0,0,1,1,0,1,1,1,f7f58debe256a249,0.5,1.0
task_0147,family_27,template_27,0.0,0.0,14,B-COLD,1,0,0,1,7050,7050,503.57142857142856,29,14120,0,120,0,0,1,0,0.99,4,0,0,0,0,0,0,0,0,0,0,0,,0.5,0.0
task_0147,family_27,template_27,0.0,0.0,14,B-RAG-EMBED,1,0,0,1,950,950,53.57142857142857,16,1950,150,120,14,1,1,0,0.99,4,0,0,0,0,0,0,0,0,1,1,0,,0.5,0.0
task_0147,family_27,template_27,0.0,0.0,14,B-STAGEHAND-CACHE,1,0,0,1,750,750,53.57142857142857,15,1800,0,120,14,1,1,0,0.99,4,0,0,0,0,0,0,0,0,1,1,0,,0.5,0.0
task_0147,family_27,template_27,0.0,0.0,14,B-TERX-REPLAY,1,0,0,1,750,750,53.57142857142857,15,1800,0,120,14,1,1,0,0.99,4,0,0,0,0,0,0,0,0,1,1,0,,0.5,0.0
task_0147,family_27,template_27,0.0,0.0,14,NC1-SHUFFLED,0,0,1,1,7050,7050,500.0,29,14120,0,120,0,0,1,0,0.01,0,0,0,0,0,1,0,0,0,0,0,0,,0.0,0.0
task_0147,family_27,template_27,0.0,0.0,14,NC2-RANDOM,1,0,0,1,7050,7050,500.0,29,14120,0,120,0,0,1,0,0.99,4,0,0,0,0,0,0,0,0,0,0,0,,0.0,0.0
task_0147,family_27,template_27,0.0,0.0,14,NC3-LENGTH,1,0,0,1,7050,7050,500.0,29,14120,0,120,0,0,1,0,0.55,2,0,0,0,0,0,0,0,0,0,0,0,,0.0,0.0
task_0147,family_27,template_27,0.0,0.0,14,NC4-ABLATION,1,0,0,1,7750,7750,550.0,29,1800,0,120,14,1,1,0,0.9763,4,0,0,0,0,0,0,0,0,0,0,0,,0.0,0.0
task_0148,family_27,template_27,1.0,1.0,14,P-SPIDER-MEA,1,0,1,1,1170,1170,57.857142857142854,18,1980,150,30,14,0,0,0,0.01,0,1,1,1,1,1,1,1,0,1,0,0,0f810aa75207e8ca,0.4,0.8
task_0148,family_27,template_27,1.0,1.0,14,B-COLD,1,0,0,1,7050,7050,503.57142857142856,29,14120,0,120,0,0,1,0,0.99,4,0,0,0,0,0,0,0,0,0,0,0,,0.4,0.0
task_0148,family_27,template_27,1.0,1.0,14,B-RAG-EMBED,1,0,0,1,7250,7250,503.57142857142856,30,14270,150,120,0,0,1,0,0.99,4,0,0,0,0,0,0,0,0,1,0,0,,0.4,0.0
task_0148,family_27,template_27,1.0,1.0,14,B-STAGEHAND-CACHE,1,0,0,1,7050,7050,503.57142857142856,29,14120,0,120,0,0,1,0,0.99,4,0,0,0,0,0,0,0,0,1,0,0,,0.4,0.0
task_0148,family_27,template_27,1.0,1.0,14,B-TERX-REPLAY,1,0,0,1,7050,7050,503.57142857142856,29,14120,0,120,0,0,1,0,0.99,4,0,0,0,0,0,0,0,0,1,0,0,,0.4,0.0
task_0148,family_27,template_27,1.0,1.0,14,NC1-SHUFFLED,0,0,1,1,7050,7050,500.0,29,14120,0,120,0,0,1,0,0.01,0,0,0,0,0,1,0,0,0,0,0,0,,0.0,0.0
task_0148,family_27,template_27,1.0,1.0,14,NC2-RANDOM,1,0,0,1,7050,7050,500.0,29,14120,0,120,0,0,1,0,0.99,4,0,0,0,0,0,0,0,0,0,0,0,,0.0,0.0
task_0148,family_27,template_27,1.0,1.0,14,NC3-LENGTH,1,0,0,1,7050,7050,500.0,29,14120,0,120,0,0,1,0,0.55,2,0,0,0,0,0,0,0,0,0,0,0,,0.0,0.0
task_0148,family_27,template_27,1.0,1.0,14,NC4-ABLATION,1,0,0,1,7750,7750,550.0,29,1800,0,120,14,1,1,0,0.9876,4,0,0,0,0,0,0,0,0,0,0,0,,0.0,0.0
task_0149,family_27,template_27,0.25,0.0,14,P-SPIDER-MEA,1,0,0,1,1170,1170,57.857142857142854,18,1980,150,30,14,1,1,0,0.99,4,0,1,1,1,0,1,1,0,1,1,1,f86491b17f44c910,0.5,1.0
task_0149,family_27,template_27,0.25,0.0,14,B-COLD,1,0,0,1,7050,7050,503.57142857142856,29,14120,0,120,0,0,1,0,0.9706,4,0,0,0,0,0,0,0,0,0,0,0,,0.5,0.0
task_0149,family_27,template_27,0.25,0.0,14,B-RAG-EMBED,1,0,0,1,950,950,53.57142857142857,16,1950,150,120,14,1,1,0,0.9706,4,0,0,0,0,0,0,0,0,1,1,0,,0.5,0.0
task_0149,family_27,template_27,0.25,0.0,14,B-STAGEHAND-CACHE,1,0,0,1,7050,7050,503.57142857142856,29,14120,0,120,0,0,1,0,0.9706,4,0,0,0,0,0,0,0,0,1,0,0,,0.5,0.0
task_0149,family_27,template_27,0.25,0.0,14,B-TERX-REPLAY,1,0,0,1,7050,7050,503.57142857142856,29,14120,0,120,0,0,1,0,0.9706,4,0,0,0,0,0,0,0,0,1,0,0,,0.5,0.0
task_0149,family_27,template_27,0.25,0.0,14,NC1-SHUFFLED,0,0,1,0,7050,7050,500.0,29,14120,0,120,0,0,0,0,0.0105,0,1,0,0,0,1,0,0,0,0,0,0,,0.0,0.0
task_0149,family_27,template_27,0.25,0.0,14,NC2-RANDOM,0,1,0,0,7050,7050,500.0,29,14120,0,120,0,0,0,0,0.01,0,1,0,0,0,0,0,0,0,0,0,0,,0.0,0.0
task_0149,family_27,template_27,0.25,0.0,14,NC3-LENGTH,1,0,0,1,7050,7050,500.0,29,14120,0,120,0,0,1,0,0.55,2,0,0,0,0,0,0,0,0,0,0,0,,0.0,0.0
task_0149,family_27,template_27,0.25,0.0,14,NC4-ABLATION,1,0,0,1,7750,7750,550.0,29,1800,0,120,14,1,1,0,0.9618,4,0,0,0,0,0,0,0,0,0,0,0,,0.0,0.0
task_0150,family_27,template_27,0.5,1.0,14,P-SPIDER-MEA,1,0,0,1,1170,1170,57.857142857142854,18,1980,150,30,14,1,1,0,0.99,4,0,1,1,1,0,1,1,0,1,1,1,98aacaadd47b8410,0.4,0.8
task_0150,family_27,template_27,0.5,1.0,14,B-COLD,1,0,0,1,7050,7050,503.57142857142856,29,14120,0,120,0,0,1,0,0.9642,4,0,0,0,0,0,0,0,0,0,0,0,,0.4,0.0
task_0150,family_27,template_27,0.5,1.0,14,B-RAG-EMBED,1,0,0,1,7250,7250,503.57142857142856,30,14270,150,120,0,0,1,0,0.9642,4,0,0,0,0,0,0,0,0,1,0,0,,0.4,0.0
task_0150,family_27,template_27,0.5,1.0,14,B-STAGEHAND-CACHE,1,0,0,1,7050,7050,503.57142857142856,29,14120,0,120,0,0,1,0,0.9642,4,0,0,0,0,0,0,0,0,1,0,0,,0.4,0.0
task_0150,family_27,template_27,0.5,1.0,14,B-TERX-REPLAY,1,0,0,1,7050,7050,503.57142857142856,29,14120,0,120,0,0,1,0,0.9642,4,0,0,0,0,0,0,0,0,1,0,0,,0.4,0.0
task_0150,family_27,template_27,0.5,1.0,14,NC1-SHUFFLED,0,0,1,1,7050,7050,500.0,29,14120,0,120,0,0,1,0,0.0294,0,0,0,0,0,1,0,0,0,0,0,0,,0.0,0.0
task_0150,family_27,template_27,0.5,1.0,14,NC2-RANDOM,1,0,0,1,7050,7050,500.0,29,14120,0,120,0,0,1,0,0.987,4,0,0,0,0,0,0,0,0,0,0,0,,0.0,0.0
task_0150,family_27,template_27,0.5,1.0,14,NC3-LENGTH,1,0,0,1,7050,7050,500.0,29,14120,0,120,0,0,1,0,0.55,2,0,0,0,0,0,0,0,0,0,0,0,,0.0,0.0
task_0150,family_27,template_27,0.5,1.0,14,NC4-ABLATION,1,0,0,1,7750,7750,550.0,29,1800,0,120,14,1,1,0,0.99,4,0,0,0,0,0,0,0,0,0,0,0,,0.0,0.0
task_0151,family_27,template_27,0.75,1.0,14,P-SPIDER-MEA,1,0,1,1,1210,1210,60.714285714285715,18,2070,150,120,14,0,0,0,0.025,0,1,0,0,0,1,1,1,0,1,0,0,eafc8c8a7d500002,0.4,0.8
task_0151,family_27,template_27,0.75,1.0,14,B-COLD,1,0,0,1,7050,7050,503.57142857142856,29,14120,0,120,0,0,1,0,0.99,4,0,0,0,0,0,0,0,0,0,0,0,,0.4,0.0
task_0151,family_27,template_27,0.75,1.0,14,B-RAG-EMBED,1,0,0,1,7250,7250,503.57142857142856,30,14270,150,120,0,0,1,0,0.99,4,0,0,0,0,0,0,0,0,1,0,0,,0.4,0.0
task_0151,family_27,template_27,0.75,1.0,14,B-STAGEHAND-CACHE,1,0,0,1,7050,7050,503.57142857142856,29,14120,0,120,0,0,1,0,0.99,4,0,0,0,0,0,0,0,0,1,0,0,,0.4,0.0
task_0151,family_27,template_27,0.75,1.0,14,B-TERX-REPLAY,1,0,0,1,7050,7050,503.57142857142856,29,14120,0,120,0,0,1,0,0.99,4,0,0,0,0,0,0,0,0,1,0,0,,0.4,0.0
task_0151,family_27,template_27,0.75,1.0,14,NC1-SHUFFLED,0,0,1,0,7050,7050,500.0,29,14120,0,120,0,0,0,0,0.0232,0,1,0,0,0,1,0,0,0,0,0,0,,0.0,0.0
task_0151,family_27,template_27,0.75,1.0,14,NC2-RANDOM,0,1,0,0,7050,7050,500.0,29,14120,0,120,0,0,0,0,0.0457,0,1,0,0,0,0,0,0,0,0,0,0,,0.0,0.0
task_0151,family_27,template_27,0.75,1.0,14,NC3-LENGTH,1,0,0,1,7050,7050,500.0,29,14120,0,120,0,0,1,0,0.55,2,0,0,0,0,0,0,0,0,0,0,0,,0.0,0.0
task_0151,family_27,template_27,0.75,1.0,14,NC4-ABLATION,1,0,0,1,7750,7750,550.0,29,1800,0,120,14,1,1,0,0.99,4,0,0,0,0,0,0,0,0,0,0,0,,0.0,0.0
task_0152,family_28,template_28,0.0,0.0,8,P-SPIDER-MEA,1,0,0,1,870,870,63.75,12,1260,150,30,8,1,1,0,0.9537,4,0,1,1,1,0,1,1,0,1,1,1,6f66709d391015e7,0.6666666666666666,1.0
task_0152,family_28,template_28,0.0,0.0,8,B-COLD,1,0,0,1,4050,4050,506.25,17,8120,0,120,0,0,1,0,0.9706,4,0,0,0,0,0,0,0,0,0,0,0,,0.6666666666666666,0.0
task_0152,family_28,template_28,0.0,0.0,8,B-RAG-EMBED,1,0,0,1,650,650,56.25,10,1230,150,120,8,1,1,0,0.9706,4,0,0,0,0,0,0,0,0,1,1,0,,0.6666666666666666,0.0
task_0152,family_28,template_28,0.0,0.0,8,B-STAGEHAND-CACHE,1,0,0,1,450,450,56.25,9,1080,0,120,8,1,1,0,0.9706,4,0,0,0,0,0,0,0,0,1,1,0,,0.6666666666666666,0.0
task_0152,family_28,template_28,0.0,0.0,8,B-TERX-REPLAY,1,0,0,1,450,450,56.25,9,1080,0,120,8,1,1,0,0.9706,4,0,0,0,0,0,0,0,0,1,1,0,,0.6666666666666666,0.0
task_0152,family_28,template_28,0.0,0.0,8,NC1-SHUFFLED,0,0,1,1,4050,4050,500.0,17,8120,0,120,0,0,1,0,0.01,0,0,0,0,0,1,0,0,0,0,0,0,,0.0,0.0
task_0152,family_28,template_28,0.0,0.0,8,NC2-RANDOM,1,0,0,1,4050,4050,500.0,17,8120,0,120,0,0,1,0,0.99,4,0,0,0,0,0,0,0,0,0,0,0,,0.0,0.0
task_0152,family_28,template_28,0.0,0.0,8,NC3-LENGTH,1,0,0,1,4050,4050,500.0,17,8120,0,120,0,0,1,0,0.55,2,0,0,0,0,0,0,0,0,0,0,0,,0.0,0.0
task_0152,family_28,template_28,0.0,0.0,8,NC4-ABLATION,0,1,0,0,4450,4450,550.0,17,1080,0,120,8,1,0,0,0.01,0,1,0,0,0,0,0,0,0,0,0,0,,0.0,0.0
task_0153,family_28,template_28,0.25,0.5,8,P-SPIDER-MEA,1,0,0,1,870,870,63.75,12,1260,150,30,8,1,1,0,0.9501,4,0,1,1,1,0,1,1,0,1,1,1,b932225ce384b329,0.6190476190476191,1.0
task_0153,family_28,template_28,0.25,0.5,8,B-COLD,1,0,0,1,4050,4050,506.25,17,8120,0,120,0,0,1,0,0.9756,4,0,0,0,0,0,0,0,0,0,0,0,,0.6190476190476191,0.0
task_0153,family_28,template_28,0.25,0.5,8,B-RAG-EMBED,1,0,0,1,2450,2450,281.25,14,4750,150,120,4,1,1,0,0.9756,4,0,0,0,0,0,0,0,0,1,1,0,,0.6190476190476191,0.0
task_0153,family_28,template_28,0.25,0.5,8,B-STAGEHAND-CACHE,1,0,0,1,4050,4050,506.25,17,8120,0,120,0,0,1,0,0.9756,4,0,0,0,0,0,0,0,0,1,0,0,,0.6190476190476191,0.0
task_0153,family_28,template_28,0.25,0.5,8,B-TERX-REPLAY,1,0,0,1,4050,4050,506.25,17,8120,0,120,0,0,1,0,0.9756,4,0,0,0,0,0,0,0,0,1,0,0,,0.6190476190476191,0.0
task_0153,family_28,template_28,0.25,0.5,8,NC1-SHUFFLED,0,0,1,1,4050,4050,500.0,17,8120,0,120,0,0,1,0,0.01,0,0,0,0,0,1,0,0,0,0,0,0,,0.0,0.0
task_0153,family_28,template_28,0.25,0.5,8,NC2-RANDOM,1,0,0,1,4050,4050,500.0,17,8120,0,120,0,0,1,0,0.9589,4,0,0,0,0,0,0,0,0,0,0,0,,0.0,0.0
task_0153,family_28,template_28,0.25,0.5,8,NC3-LENGTH,1,0,0,1,4050,4050,500.0,17,8120,0,120,0,0,1,0,0.55,2,0,0,0,0,0,0,0,0,0,0,0,,0.0,0.0
task_0153,family_28,template_28,0.25,0.5,8,NC4-ABLATION,0,1,0,0,4450,4450,550.0,17,1080,0,120,8,1,0,0,0.01,0,1,0,0,0,0,0,0,0,0,0,0,,0.0,0.0
task_0154,family_28,template_28,0.5,0.5,8,P-SPIDER-MEA,1,0,1,1,870,870,63.75,12,1260,150,30,8,0,0,0,0.01,0,1,1,1,1,1,1,1,0,1,0,0,70884b21f5705314,0.5925925925925926,1.0
task_0154,family_28,template_28,0.5,0.5,8,B-COLD,1,0,0,1,4050,4050,506.25,17,8120,0,120,0,0,1,0,0.9581,4,0,0,0,0,0,0,0,0,0,0,0,,0.5925925925925926,0.0
task_0154,family_28,template_28,0.5,0.5,8,B-RAG-EMBED,1,0,0,1,2450,2450,281.25,14,4750,150,120,4,1,1,0,0.9581,4,0,0,0,0,0,0,0,0,1,1,0,,0.5925925925925926,0.0
task_0154,family_28,template_28,0.5,0.5,8,B-STAGEHAND-CACHE,1,0,0,1,4050,4050,506.25,17,8120,0,120,0,0,1,0,0.9581,4,0,0,0,0,0,0,0,0,1,0,0,,0.5925925925925926,0.0
task_0154,family_28,template_28,0.5,0.5,8,B-TERX-REPLAY,1,0,0,1,4050,4050,506.25,17,8120,0,120,0,0,1,0,0.9581,4,0,0,0,0,0,0,0,0,1,0,0,,0.5925925925925926,0.0
task_0154,family_28,template_28,0.5,0.5,8,NC1-SHUFFLED,0,0,1,0,4050,4050,500.0,17,8120,0,120,0,0,0,0,0.01,0,1,0,0,0,1,0,0,0,0,0,0,,0.0,0.0
task_0154,family_28,template_28,0.5,0.5,8,NC2-RANDOM,0,1,0,0,4050,4050,500.0,17,8120,0,120,0,0,0,0,0.033,0,1,0,0,0,0,0,0,0,0,0,0,,0.0,0.0
task_0154,family_28,template_28,0.5,0.5,8,NC3-LENGTH,1,0,0,1,4050,4050,500.0,17,8120,0,120,0,0,1,0,0.55,2,0,0,0,0,0,0,0,0,0,0,0,,0.0,0.0
task_0154,family_28,template_28,0.5,0.5,8,NC4-ABLATION,1,0,0,1,4450,4450,550.0,17,1080,0,120,8,1,1,0,0.99,4,0,0,0,0,0,0,0,0,0,0,0,,0.0,0.0
task_0155,family_28,template_28,0.75,1.0,8,P-SPIDER-MEA,1,0,0,1,870,870,63.75,12,1260,150,30,8,1,1,0,0.9572,4,0,1,1,1,0,1,1,0,1,1,1,2081b4108d1fa611,0.5555555555555556,0.8666666666666667
task_0155,family_28,template_28,0.75,1.0,8,B-COLD,1,0,0,1,4050,4050,506.25,17,8120,0,120,0,0,1,0,0.9759,4,0,0,0,0,0,0,0,0,0,0,0,,0.5555555555555556,0.0
task_0155,family_28,template_28,0.75,1.0,8,B-RAG-EMBED,1,0,0,1,4250,4250,506.25,18,8270,150,120,0,0,1,0,0.9759,4,0,0,0,0,0,0,0,0,1,0,0,,0.5555555555555556,0.0
task_0155,family_28,template_28,0.75,1.0,8,B-STAGEHAND-CACHE,1,0,0,1,4050,4050,506.25,17,8120,0,120,0,0,1,0,0.9759,4,0,0,0,0,0,0,0,0,1,0,0,,0.5555555555555556,0.0
task_0155,family_28,template_28,0.75,1.0,8,B-TERX-REPLAY,1,0,0,1,4050,4050,506.25,17,8120,0,120,0,0,1,0,0.9759,4,0,0,0,0,0,0,0,0,1,0,0,,0.5555555555555556,0.0
task_0155,family_28,template_28,0.75,1.0,8,NC1-SHUFFLED,1,0,0,1,4050,4050,500.0,17,8120,0,120,0,0,1,0,0.99,4,0,0,0,0,0,0,0,0,0,0,0,,0.0,0.0
task_0155,family_28,template_28,0.75,1.0,8,NC2-RANDOM,1,0,0,1,4050,4050,500.0,17,8120,0,120,0,0,1,0,0.99,4,0,0,0,0,0,0,0,0,0,0,0,,0.0,0.0
task_0155,family_28,template_28,0.75,1.0,8,NC3-LENGTH,1,0,0,1,4050,4050,500.0,17,8120,0,120,0,0,1,0,0.55,2,0,0,0,0,0,0,0,0,0,0,0,,0.0,0.0
task_0155,family_28,template_28,0.75,1.0,8,NC4-ABLATION,1,0,0,1,4450,4450,550.0,17,1080,0,120,8,1,1,0,0.9548,4,0,0,0,0,0,0,0,0,0,0,0,,0.0,0.0
task_0156,family_28,template_28,1.0,1.0,8,P-SPIDER-MEA,1,0,1,1,910,910,68.75,12,1350,150,120,8,0,0,0,0.0212,0,1,0,0,1,1,1,1,0,1,0,0,a71bcb16e757032d,0.5333333333333333,0.8
task_0156,family_28,template_28,1.0,1.0,8,B-COLD,1,0,0,1,4050,4050,506.25,17,8120,0,120,0,0,1,0,0.9637,4,0,0,0,0,0,0,0,0,0,0,0,,0.5333333333333333,0.0
task_0156,family_28,template_28,1.0,1.0,8,B-RAG-EMBED,1,0,0,1,4250,4250,506.25,18,8270,150,120,0,0,1,0,0.9637,4,0,0,0,0,0,0,0,0,1,0,0,,0.5333333333333333,0.0
task_0156,family_28,template_28,1.0,1.0,8,B-STAGEHAND-CACHE,1,0,0,1,4050,4050,506.25,17,8120,0,120,0,0,1,0,0.9637,4,0,0,0,0,0,0,0,0,1,0,0,,0.5333333333333333,0.0
task_0156,family_28,template_28,1.0,1.0,8,B-TERX-REPLAY,1,0,0,1,4050,4050,506.25,17,8120,0,120,0,0,1,0,0.9637,4,0,0,0,0,0,0,0,0,1,0,0,,0.5333333333333333,0.0
task_0156,family_28,template_28,1.0,1.0,8,NC1-SHUFFLED,1,0,0,1,4050,4050,500.0,17,8120,0,120,0,0,1,0,0.99,4,0,0,0,0,0,0,0,0,0,0,0,,0.0,0.0
task_0156,family_28,template_28,1.0,1.0,8,NC2-RANDOM,1,0,0,1,4050,4050,500.0,17,8120,0,120,0,0,1,0,0.99,4,0,0,0,0,0,0,0,0,0,0,0,,0.0,0.0
task_0156,family_28,template_28,1.0,1.0,8,NC3-LENGTH,1,0,0,1,4050,4050,500.0,17,8120,0,120,0,0,1,0,0.55,2,0,0,0,0,0,0,0,0,0,0,0,,0.0,0.0
task_0156,family_28,template_28,1.0,1.0,8,NC4-ABLATION,1,0,0,1,4450,4450,550.0,17,1080,0,120,8,1,1,0,0.99,4,0,0,0,0,0,0,0,0,0,0,0,,0.0,0.0
task_0157,family_29,template_29,0.0,0.0,9,P-SPIDER-MEA,1,0,0,1,960,960,66.66666666666667,13,1470,150,120,9,1,1,0,0.985,4,0,0,0,1,0,1,1,0,1,1,1,7d3989cec8fc44fc,0.6666666666666666,1.0
task_0157,family_29,template_29,0.0,0.0,9,B-COLD,1,0,0,1,4550,4550,505.55555555555554,19,9120,0,120,0,0,1,0,0.9703,4,0,0,0,0,0,0,0,0,0,0,0,,0.6666666666666666,0.0
task_0157,family_29,template_29,0.0,0.0,9,B-RAG-EMBED,1,0,0,1,700,700,55.55555555555556,11,1350,150,120,9,1,1,0,0.9703,4,0,0,0,0,0,0,0,0,1,1,0,,0.6666666666666666,0.0
task_0157,family_29,template_29,0.0,0.0,9,B-STAGEHAND-CACHE,1,0,0,1,500,500,55.55555555555556,10,1200,0,120,9,1,1,0,0.9703,4,0,0,0,0,0,0,0,0,1,1,0,,0.6666666666666666,0.0
task_0157,family_29,template_29,0.0,0.0,9,B-TERX-REPLAY,1,0,0,1,500,500,55.55555555555556,10,1200,0,120,9,1,1,0,0.9703,4,0,0,0,0,0,0,0,0,1,1,0,,0.6666666666666666,0.0
task_0157,family_29,template_29,0.0,0.0,9,NC1-SHUFFLED,0,0,1,1,4550,4550,500.0,19,9120,0,120,0,0,1,0,0.01,0,0,0,0,0,1,0,0,0,0,0,0,,0.0,0.0
task_0157,family_29,template_29,0.0,0.0,9,NC2-RANDOM,1,0,0,1,4550,4550,500.0,19,9120,0,120,0,0,1,0,0.99,4,0,0,0,0,0,0,0,0,0,0,0,,0.0,0.0
task_0157,family_29,template_29,0.0,0.0,9,NC3-LENGTH,1,0,0,1,4550,4550,500.0,19,9120,0,120,0,0,1,0,0.55,2,0,0,0,0,0,0,0,0,0,0,0,,0.0,0.0
task_0157,family_29,template_29,0.0,0.0,9,NC4-ABLATION,1,0,0,1,5000,5000,550.0,19,1200,0,120,9,1,1,0,0.9623,4,0,0,0,0,0,0,0,0,0,0,0,,0.0,0.0
task_0158,family_29,template_29,0.5,0.5,9,P-SPIDER-MEA,1,0,1,1,960,960,66.66666666666667,13,1470,150,120,9,0,0,0,0.01,0,1,0,0,0,1,1,1,0,1,0,0,15c71f3e97982d18,0.6,1.0
task_0158,family_29,template_29,0.5,0.5,9,B-COLD,1,0,0,1,4550,4550,505.55555555555554,19,9120,0,120,0,0,1,0,0.99,4,0,0,0,0,0,0,0,0,0,0,0,,0.6,0.0
task_0158,family_29,template_29,0.5,0.5,9,B-RAG-EMBED,1,0,0,1,2500,2500,255.55555555555554,15,4870,150,120,5,1,1,0,0.99,4,0,0,0,0,0,0,0,0,1,1,0,,0.6,0.0
task_0158,family_29,template_29,0.5,0.5,9,B-STAGEHAND-CACHE,1,0,0,1,4550,4550,505.55555555555554,19,9120,0,120,0,0,1,0,0.99,4,0,0,0,0,0,0,0,0,1,0,0,,0.6,0.0
task_0158,family_29,template_29,0.5,0.5,9,B-TERX-REPLAY,1,0,0,1,4550,4550,505.55555555555554,19,9120,0,120,0,0,1,0,0.99,4,0,0,0,0,0,0,0,0,1,0,0,,0.6,0.0
task_0158,family_29,template_29,0.5,0.5,9,NC1-SHUFFLED,0,0,1,1,4550,4550,500.0,19,9120,0,120,0,0,1,0,0.01,0,0,0,0,0,1,0,0,0,0,0,0,,0.0,0.0
task_0158,family_29,template_29,0.5,0.5,9,NC2-RANDOM,1,0,0,1,4550,4550,500.0,19,9120,0,120,0,0,1,0,0.9684,4,0,0,0,0,0,0,0,0,0,0,0,,0.0,0.0
task_0158,family_29,template_29,0.5,0.5,9,NC3-LENGTH,1,0,0,1,4550,4550,500.0,19,9120,0,120,0,0,1,0,0.55,2,0,0,0,0,0,0,0,0,0,0,0,,0.0,0.0
task_0158,family_29,template_29,0.5,0.5,9,NC4-ABLATION,1,0,0,1,5000,5000,550.0,19,1200,0,120,9,1,1,0,0.99,4,0,0,0,0,0,0,0,0,0,0,0,,0.0,0.0
task_0159,family_29,template_29,0.75,1.0,9,P-SPIDER-MEA,1,0,0,1,920,920,62.22222222222222,13,1380,150,30,9,1,1,0,0.99,4,0,1,1,1,0,1,1,0,1,1,1,46d1e49d78a058d9,0.544973544973545,0.8571428571428571
task_0159,family_29,template_29,0.75,1.0,9,B-COLD,1,0,0,1,4550,4550,505.55555555555554,19,9120,0,120,0,0,1,0,0.9822,4,0,0,0,0,0,0,0,0,0,0,0,,0.544973544973545,0.0
task_0159,family_29,template_29,0.75,1.0,9,B-RAG-EMBED,1,0,0,1,4750,4750,505.55555555555554,20,9270,150,120,0,0,1,0,0.9822,4,0,0,0,0,0,0,0,0,1,0,0,,0.544973544973545,0.0
task_0159,family_29,template_29,0.75,1.0,9,B-STAGEHAND-CACHE,1,0,0,1,4550,4550,505.55555555555554,19,9120,0,120,0,0,1,0,0.9822,4,0,0,0,0,0,0,0,0,1,0,0,,0.544973544973545,0.0
task_0159,family_29,template_29,0.75,1.0,9,B-TERX-REPLAY,1,0,0,1,4550,4550,505.55555555555554,19,9120,0,120,0,0,1,0,0.9822,4,0,0,0,0,0,0,0,0,1,0,0,,0.544973544973545,0.0
task_0159,family_29,template_29,0.75,1.0,9,NC1-SHUFFLED,0,0,1,1,4550,4550,500.0,19,9120,0,120,0,0,1,0,0.01,0,0,0,0,0,1,0,0,0,0,0,0,,0.0,0.0
task_0159,family_29,template_29,0.75,1.0,9,NC2-RANDOM,1,0,0,1,4550,4550,500.0,19,9120,0,120,0,0,1,0,0.9506,4,0,0,0,0,0,0,0,0,0,0,0,,0.0,0.0
task_0159,family_29,template_29,0.75,1.0,9,NC3-LENGTH,1,0,0,1,4550,4550,500.0,19,9120,0,120,0,0,1,0,0.55,2,0,0,0,0,0,0,0,0,0,0,0,,0.0,0.0
task_0159,family_29,template_29,0.75,1.0,9,NC4-ABLATION,1,0,0,1,5000,5000,550.0,19,1200,0,120,9,1,1,0,0.99,4,0,0,0,0,0,0,0,0,0,0,0,,0.0,0.0
task_0160,family_29,template_29,1.0,1.0,9,P-SPIDER-MEA,1,0,0,1,920,920,62.22222222222222,13,1380,150,30,9,1,1,0,0.99,4,0,1,1,1,0,1,1,0,1,1,1,e6b8fbbddb482a0a,0.5523809523809524,0.8571428571428571
task_0160,family_29,template_29,1.0,1.0,9,B-COLD,1,0,0,1,4550,4550,505.55555555555554,19,9120,0,120,0,0,1,0,0.99,4,0,0,0,0,0,0,0,0,0,0,0,,0.5523809523809524,0.0
task_0160,family_29,template_29,1.0,1.0,9,B-RAG-EMBED,1,0,0,1,4750,4750,505.55555555555554,20,9270,150,120,0,0,1,0,0.99,4,0,0,0,0,0,0,0,0,1,0,0,,0.5523809523809524,0.0
task_0160,family_29,template_29,1.0,1.0,9,B-STAGEHAND-CACHE,1,0,0,1,4550,4550,505.55555555555554,19,9120,0,120,0,0,1,0,0.99,4,0,0,0,0,0,0,0,0,1,0,0,,0.5523809523809524,0.0
task_0160,family_29,template_29,1.0,1.0,9,B-TERX-REPLAY,1,0,0,1,4550,4550,505.55555555555554,19,9120,0,120,0,0,1,0,0.99,4,0,0,0,0,0,0,0,0,1,0,0,,0.5523809523809524,0.0
task_0160,family_29,template_29,1.0,1.0,9,NC1-SHUFFLED,0,0,1,1,4550,4550,500.0,19,9120,0,120,0,0,1,0,0.01,0,0,0,0,0,1,0,0,0,0,0,0,,0.0,0.0
task_0160,family_29,template_29,1.0,1.0,9,NC2-RANDOM,1,0,0,1,4550,4550,500.0,19,9120,0,120,0,0,1,0,0.9647,4,0,0,0,0,0,0,0,0,0,0,0,,0.0,0.0
task_0160,family_29,template_29,1.0,1.0,9,NC3-LENGTH,1,0,0,1,4550,4550,500.0,19,9120,0,120,0,0,1,0,0.55,2,0,0,0,0,0,0,0,0,0,0,0,,0.0,0.0
task_0160,family_29,template_29,1.0,1.0,9,NC4-ABLATION,1,0,0,1,5000,5000,550.0,19,1200,0,120,9,1,1,0,0.9886,4,0,0,0,0,0,0,0,0,0,0,0,,0.0,0.0
task_0161,family_29,template_29,0.25,0.5,9,P-SPIDER-MEA,1,0,0,1,960,960,66.66666666666667,13,1470,150,120,9,1,1,0,0.99,4,0,0,0,0,0,1,1,0,1,1,1,035deacb6966db3f,0.5952380952380952,1.0
task_0161,family_29,template_29,0.25,0.5,9,B-COLD,1,0,0,1,4550,4550,505.55555555555554,19,9120,0,120,0,0,1,0,0.99,4,0,0,0,0,0,0,0,0,0,0,0,,0.5952380952380952,0.0
task_0161,family_29,template_29,0.25,0.5,9,B-RAG-EMBED,1,0,0,1,2500,2500,255.55555555555554,15,4870,150,120,5,1,1,0,0.99,4,0,0,0,0,0,0,0,0,1,1,0,,0.5952380952380952,0.0
task_0161,family_29,template_29,0.25,0.5,9,B-STAGEHAND-CACHE,1,0,0,1,4550,4550,505.55555555555554,19,9120,0,120,0,0,1,0,0.99,4,0,0,0,0,0,0,0,0,1,0,0,,0.5952380952380952,0.0
task_0161,family_29,template_29,0.25,0.5,9,B-TERX-REPLAY,1,0,0,1,4550,4550,505.55555555555554,19,9120,0,120,0,0,1,0,0.99,4,0,0,0,0,0,0,0,0,1,0,0,,0.5952380952380952,0.0
task_0161,family_29,template_29,0.25,0.5,9,NC1-SHUFFLED,1,0,0,1,4550,4550,500.0,19,9120,0,120,0,0,1,0,0.9801,4,0,0,0,0,0,0,0,0,0,0,0,,0.0,0.0
task_0161,family_29,template_29,0.25,0.5,9,NC2-RANDOM,1,0,0,1,4550,4550,500.0,19,9120,0,120,0,0,1,0,0.99,4,0,0,0,0,0,0,0,0,0,0,0,,0.0,0.0
task_0161,family_29,template_29,0.25,0.5,9,NC3-LENGTH,1,0,0,1,4550,4550,500.0,19,9120,0,120,0,0,1,0,0.55,2,0,0,0,0,0,0,0,0,0,0,0,,0.0,0.0
task_0161,family_29,template_29,0.25,0.5,9,NC4-ABLATION,1,0,0,1,5000,5000,550.0,19,1200,0,120,9,1,1,0,0.9861,4,0,0,0,0,0,0,0,0,0,0,0,,0.0,0.0
task_0162,family_30,template_30,0.0,0.0,10,P-SPIDER-MEA,1,0,0,1,1010,1010,65.0,14,1590,150,120,10,1,1,0,0.99,4,0,0,0,0,0,1,1,0,1,1,1,6b4fb9d88a60c8fc,0.75,1.0
task_0162,family_30,template_30,0.0,0.0,10,B-COLD,1,0,0,1,5050,5050,505.0,21,10120,0,120,0,0,1,0,0.99,4,0,0,0,0,0,0,0,0,0,0,0,,0.75,0.0
task_0162,family_30,template_30,0.0,0.0,10,B-RAG-EMBED,1,0,0,1,750,750,55.0,12,1470,150,120,10,1,1,0,0.99,4,0,0,0,0,0,0,0,0,1,1,0,,0.75,0.0
task_0162,family_30,template_30,0.0,0.0,10,B-STAGEHAND-CACHE,1,0,0,1,550,550,55.0,11,1320,0,120,10,1,1,0,0.99,4,0,0,0,0,0,0,0,0,1,1,0,,0.75,0.0
task_0162,family_30,template_30,0.0,0.0,10,B-TERX-REPLAY,1,0,0,1,550,550,55.0,11,1320,0,120,10,1,1,0,0.99,4,0,0,0,0,0,0,0,0,1,1,0,,0.75,0.0
task_0162,family_30,template_30,0.0,0.0,10,NC1-SHUFFLED,0,0,1,1,5050,5050,500.0,21,10120,0,120,0,0,1,0,0.0219,0,0,0,0,0,1,0,0,0,0,0,0,,0.0,0.0
task_0162,family_30,template_30,0.0,0.0,10,NC2-RANDOM,1,0,0,1,5050,5050,500.0,21,10120,0,120,0,0,1,0,0.9534,4,0,0,0,0,0,0,0,0,0,0,0,,0.0,0.0
task_0162,family_30,template_30,0.0,0.0,10,NC3-LENGTH,1,0,0,1,5050,5050,500.0,21,10120,0,120,0,0,1,0,0.55,2,0,0,0,0,0,0,0,0,0,0,0,,0.0,0.0
task_0162,family_30,template_30,0.0,0.0,10,NC4-ABLATION,1,0,0,1,5550,5550,550.0,21,1320,0,120,10,1,1,0,0.957,4,0,0,0,0,0,0,0,0,0,0,0,,0.0,0.0
task_0163,family_30,template_30,0.75,0.6667,10,P-SPIDER-MEA,1,0,0,1,1010,1010,65.0,14,1590,150,120,10,1,1,0,0.99,4,0,0,0,0,0,1,1,0,1,1,1,beb7ffbb371878a5,0.680952380952381,1.0
task_0163,family_30,template_30,0.75,0.6667,10,B-COLD,1,0,0,1,5050,5050,505.0,21,10120,0,120,0,0,1,0,0.99,4,0,0,0,0,0,0,0,0,0,0,0,,0.680952380952381,0.0
task_0163,family_30,template_30,0.75,0.6667,10,B-RAG-EMBED,1,0,0,1,3900,3900,370.0,19,7630,150,120,3,1,1,0,0.99,4,0,0,0,0,0,0,0,0,1,1,0,,0.680952380952381,0.0
task_0163,family_30,template_30,0.75,0.6667,10,B-STAGEHAND-CACHE,1,0,0,1,5050,5050,505.0,21,10120,0,120,0,0,1,0,0.99,4,0,0,0,0,0,0,0,0,1,0,0,,0.680952380952381,0.0
task_0163,family_30,template_30,0.75,0.6667,10,B-TERX-REPLAY,1,0,0,1,5050,5050,505.0,21,10120,0,120,0,0,1,0,0.99,4,0,0,0,0,0,0,0,0,1,0,0,,0.680952380952381,0.0
task_0163,family_30,template_30,0.75,0.6667,10,NC1-SHUFFLED,0,0,1,1,5050,5050,500.0,21,10120,0,120,0,0,1,0,0.0253,0,0,0,0,0,1,0,0,0,0,0,0,,0.0,0.0
task_0163,family_30,template_30,0.75,0.6667,10,NC2-RANDOM,1,0,0,1,5050,5050,500.0,21,10120,0,120,0,0,1,0,0.99,4,0,0,0,0,0,0,0,0,0,0,0,,0.0,0.0
task_0163,family_30,template_30,0.75,0.6667,10,NC3-LENGTH,1,0,0,1,5050,5050,500.0,21,10120,0,120,0,0,1,0,0.55,2,0,0,0,0,0,0,0,0,0,0,0,,0.0,0.0
task_0163,family_30,template_30,0.75,0.6667,10,NC4-ABLATION,0,1,0,0,5550,5550,550.0,21,1320,0,120,10,1,0,0,0.0423,0,1,0,0,0,0,0,0,0,0,0,0,,0.0,0.0
task_0164,family_30,template_30,1.0,1.0,10,P-SPIDER-MEA,1,0,1,1,970,970,61.0,14,1500,150,30,10,0,0,0,0.01,0,1,1,1,1,1,1,1,0,1,0,0,55e052343c7d314f,0.6309523809523809,0.8666666666666667
task_0164,family_30,template_30,1.0,1.0,10,B-COLD,1,0,0,1,5050,5050,505.0,21,10120,0,120,0,0,1,0,0.99,4,0,0,0,0,0,0,0,0,0,0,0,,0.6309523809523809,0.0
task_0164,family_30,template_30,1.0,1.0,10,B-RAG-EMBED,1,0,0,1,5250,5250,505.0,22,10270,150,120,0,0,1,0,0.99,4,0,0,0,0,0,0,0,0,1,0,0,,0.6309523809523809,0.0
task_0164,family_30,template_30,1.0,1.0,10,B-STAGEHAND-CACHE,1,0,0,1,5050,5050,505.0,21,10120,0,120,0,0,1,0,0.99,4,0,0,0,0,0,0,0,0,1,0,0,,0.6309523809523809,0.0
task_0164,family_30,template_30,1.0,1.0,10,B-TERX-REPLAY,1,0,0,1,5050,5050,505.0,21,10120,0,120,0,0,1,0,0.99,4,0,0,0,0,0,0,0,0,1,0,0,,0.6309523809523809,0.0
task_0164,family_30,template_30,1.0,1.0,10,NC1-SHUFFLED,1,0,0,1,5050,5050,500.0,21,10120,0,120,0,0,1,0,0.9664,4,0,0,0,0,0,0,0,0,0,0,0,,0.0,0.0
task_0164,family_30,template_30,1.0,1.0,10,NC2-RANDOM,1,0,0,1,5050,5050,500.0,21,10120,0,120,0,0,1,0,0.99,4,0,0,0,0,0,0,0,0,0,0,0,,0.0,0.0
task_0164,family_30,template_30,1.0,1.0,10,NC3-LENGTH,1,0,0,1,5050,5050,500.0,21,10120,0,120,0,0,1,0,0.55,2,0,0,0,0,0,0,0,0,0,0,0,,0.0,0.0
task_0164,family_30,template_30,1.0,1.0,10,NC4-ABLATION,0,1,0,0,5550,5550,550.0,21,1320,0,120,10,1,0,0,0.01,0,1,0,0,0,0,0,0,0,0,0,0,,0.0,0.0
task_0165,family_30,template_30,0.25,0.3333,10,P-SPIDER-MEA,1,0,0,1,1010,1010,65.0,14,1590,150,120,10,1,1,0,0.9554,4,0,0,0,0,0,1,1,0,1,1,1,804f486b347e4c0b,0.6944444444444444,1.0
task_0165,family_30,template_30,0.25,0.3333,10,B-COLD,1,0,0,1,5050,5050,505.0,21,10120,0,120,0,0,1,0,0.99,4,0,0,0,0,0,0,0,0,0,0,0,,0.6944444444444444,0.0
task_0165,family_30,template_30,0.25,0.3333,10,B-RAG-EMBED,1,0,0,1,2100,2100,190.0,15,4110,150,120,7,1,1,0,0.99,4,0,0,0,0,0,0,0,0,1,1,0,,0.6944444444444444,0.0
task_0165,family_30,template_30,0.25,0.3333,10,B-STAGEHAND-CACHE,1,0,0,1,5050,5050,505.0,21,10120,0,120,0,0,1,0,0.99,4,0,0,0,0,0,0,0,0,1,0,0,,0.6944444444444444,0.0
task_0165,family_30,template_30,0.25,0.3333,10,B-TERX-REPLAY,1,0,0,1,5050,5050,505.0,21,10120,0,120,0,0,1,0,0.99,4,0,0,0,0,0,0,0,0,1,0,0,,0.6944444444444444,0.0
task_0165,family_30,template_30,0.25,0.3333,10,NC1-SHUFFLED,0,0,1,0,5050,5050,500.0,21,10120,0,120,0,0,0,0,0.044,0,1,0,0,0,1,0,0,0,0,0,0,,0.0,0.0
task_0165,family_30,template_30,0.25,0.3333,10,NC2-RANDOM,0,1,0,0,5050,5050,500.0,21,10120,0,120,0,0,0,0,0.0297,0,1,0,0,0,0,0,0,0,0,0,0,,0.0,0.0
task_0165,family_30,template_30,0.25,0.3333,10,NC3-LENGTH,1,0,0,1,5050,5050,500.0,21,10120,0,120,0,0,1,0,0.55,2,0,0,0,0,0,0,0,0,0,0,0,,0.0,0.0
task_0165,family_30,template_30,0.25,0.3333,10,NC4-ABLATION,1,0,0,1,5550,5550,550.0,21,1320,0,120,10,1,1,0,0.99,4,0,0,0,0,0,0,0,0,0,0,0,,0.0,0.0
task_0166,family_30,template_30,0.5,0.6667,10,P-SPIDER-MEA,1,0,0,1,1010,1010,65.0,14,1590,150,120,10,1,1,0,0.99,4,0,0,0,0,0,1,1,0,1,1,1,3e62a58a1ee2f51b,0.65,1.0
task_0166,family_30,template_30,0.5,0.6667,10,B-COLD,1,0,0,1,5050,5050,505.0,21,10120,0,120,0,0,1,0,0.99,4,0,0,0,0,0,0,0,0,0,0,0,,0.65,0.0
task_0166,family_30,template_30,0.5,0.6667,10,B-RAG-EMBED,1,0,0,1,3900,3900,370.0,19,7630,150,120,3,1,1,0,0.99,4,0,0,0,0,0,0,0,0,1,1,0,,0.65,0.0
task_0166,family_30,template_30,0.5,0.6667,10,B-STAGEHAND-CACHE,1,0,0,1,5050,5050,505.0,21,10120,0,120,0,0,1,0,0.99,4,0,0,0,0,0,0,0,0,1,0,0,,0.65,0.0
task_0166,family_30,template_30,0.5,0.6667,10,B-TERX-REPLAY,1,0,0,1,5050,5050,505.0,21,10120,0,120,0,0,1,0,0.99,4,0,0,0,0,0,0,0,0,1,0,0,,0.65,0.0
task_0166,family_30,template_30,0.5,0.6667,10,NC1-SHUFFLED,0,0,1,1,5050,5050,500.0,21,10120,0,120,0,0,1,0,0.0135,0,0,0,0,0,1,0,0,0,0,0,0,,0.0,0.0
task_0166,family_30,template_30,0.5,0.6667,10,NC2-RANDOM,1,0,0,1,5050,5050,500.0,21,10120,0,120,0,0,1,0,0.99,4,0,0,0,0,0,0,0,0,0,0,0,,0.0,0.0
task_0166,family_30,template_30,0.5,0.6667,10,NC3-LENGTH,1,0,0,1,5050,5050,500.0,21,10120,0,120,0,0,1,0,0.55,2,0,0,0,0,0,0,0,0,0,0,0,,0.0,0.0
task_0166,family_30,template_30,0.5,0.6667,10,NC4-ABLATION,1,0,0,1,5550,5550,550.0,21,1320,0,120,10,1,1,0,0.99,4,0,0,0,0,0,0,0,0,0,0,0,,0.0,0.0
task_0167,family_31,template_31,0.0,0.0,11,P-SPIDER-MEA,1,0,0,1,1020,1020,60.0,15,1620,150,30,11,1,1,0,0.99,4,0,1,1,1,0,1,1,0,1,1,1,e142f016ed3c6162,0.5,1.0
task_0167,family_31,template_31,0.0,0.0,11,B-COLD,1,0,0,1,5550,5550,504.54545454545456,23,11120,0,120,0,0,1,0,0.99,4,0,0,0,0,0,0,0,0,0,0,0,,0.5,0.0
task_0167,family_31,template_31,0.0,0.0,11,B-RAG-EMBED,1,0,0,1,800,800,54.54545454545455,13,1590,150,120,11,1,1,0,0.99,4,0,0,0,0,0,0,0,0,1,1,0,,0.5,0.0
task_0167,family_31,template_31,0.0,0.0,11,B-STAGEHAND-CACHE,1,0,0,1,600,600,54.54545454545455,12,1440,0,120,11,1,1,0,0.99,4,0,0,0,0,0,0,0,0,1,1,0,,0.5,0.0
task_0167,family_31,template_31,0.0,0.0,11,B-TERX-REPLAY,1,0,0,1,600,600,54.54545454545455,12,1440,0,120,11,1,1,0,0.99,4,0,0,0,0,0,0,0,0,1,1,0,,0.5,0.0
task_0167,family_31,template_31,0.0,0.0,11,NC1-SHUFFLED,0,0,1,1,5550,5550,500.0,23,11120,0,120,0,0,1,0,0.01,0,0,0,0,0,1,0,0,0,0,0,0,,0.0,0.0
task_0167,family_31,template_31,0.0,0.0,11,NC2-RANDOM,1,0,0,1,5550,5550,500.0,23,11120,0,120,0,0,1,0,0.99,4,0,0,0,0,0,0,0,0,0,0,0,,0.0,0.0
task_0167,family_31,template_31,0.0,0.0,11,NC3-LENGTH,1,0,0,1,5550,5550,500.0,23,11120,0,120,0,0,1,0,0.55,2,0,0,0,0,0,0,0,0,0,0,0,,0.0,0.0
task_0167,family_31,template_31,0.0,0.0,11,NC4-ABLATION,0,1,0,0,6100,6100,550.0,23,1440,0,120,11,1,0,0,0.01,0,1,0,0,0,0,0,0,0,0,0,0,,0.0,0.0
task_0168,family_31,template_31,1.0,1.0,11,P-SPIDER-MEA,1,0,0,1,1020,1020,60.0,15,1620,150,30,11,1,1,0,0.9592,4,0,1,1,1,0,1,1,0,1,1,1,a1391535de4c1254,0.4,0.8
task_0168,family_31,template_31,1.0,1.0,11,B-COLD,1,0,0,1,5550,5550,504.54545454545456,23,11120,0,120,0,0,1,0,0.99,4,0,0,0,0,0,0,0,0,0,0,0,,0.4,0.0
task_0168,family_31,template_31,1.0,1.0,11,B-RAG-EMBED,1,0,0,1,5750,5750,504.54545454545456,24,11270,150,120,0,0,1,0,0.99,4,0,0,0,0,0,0,0,0,1,0,0,,0.4,0.0
task_0168,family_31,template_31,1.0,1.0,11,B-STAGEHAND-CACHE,1,0,0,1,5550,5550,504.54545454545456,23,11120,0,120,0,0,1,0,0.99,4,0,0,0,0,0,0,0,0,1,0,0,,0.4,0.0
task_0168,family_31,template_31,1.0,1.0,11,B-TERX-REPLAY,1,0,0,1,5550,5550,504.54545454545456,23,11120,0,120,0,0,1,0,0.99,4,0,0,0,0,0,0,0,0,1,0,0,,0.4,0.0
task_0168,family_31,template_31,1.0,1.0,11,NC1-SHUFFLED,1,0,0,1,5550,5550,500.0,23,11120,0,120,0,0,1,0,0.99,4,0,0,0,0,0,0,0,0,0,0,0,,0.0,0.0
task_0168,family_31,template_31,1.0,1.0,11,NC2-RANDOM,1,0,0,1,5550,5550,500.0,23,11120,0,120,0,0,1,0,0.99,4,0,0,0,0,0,0,0,0,0,0,0,,0.0,0.0
task_0168,family_31,template_31,1.0,1.0,11,NC3-LENGTH,1,0,0,1,5550,5550,500.0,23,11120,0,120,0,0,1,0,0.55,2,0,0,0,0,0,0,0,0,0,0,0,,0.0,0.0
task_0168,family_31,template_31,1.0,1.0,11,NC4-ABLATION,0,1,0,0,6100,6100,550.0,23,1440,0,120,11,1,0,0,0.01,0,1,0,0,0,0,0,0,0,0,0,0,,0.0,0.0
task_0169,family_31,template_31,0.25,0.0,11,P-SPIDER-MEA,1,0,0,1,1020,1020,60.0,15,1620,150,30,11,1,1,0,0.9806,4,0,1,1,1,0,1,1,0,1,1,1,bd63eb2fbf1ba8d2,0.5,1.0
task_0169,family_31,template_31,0.25,0.0,11,B-COLD,1,0,0,1,5550,5550,504.54545454545456,23,11120,0,120,0,0,1,0,0.9608,4,0,0,0,0,0,0,0,0,0,0,0,,0.5,0.0
task_0169,family_31,template_31,0.25,0.0,11,B-RAG-EMBED,1,0,0,1,800,800,54.54545454545455,13,1590,150,120,11,1,1,0,0.9608,4,0,0,0,0,0,0,0,0,1,1,0,,0.5,0.0
task_0169,family_31,template_31,0.25,0.0,11,B-STAGEHAND-CACHE,1,0,0,1,5550,5550,504.54545454545456,23,11120,0,120,0,0,1,0,0.9608,4,0,0,0,0,0,0,0,0,1,0,0,,0.5,0.0
task_0169,family_31,template_31,0.25,0.0,11,B-TERX-REPLAY,1,0,0,1,5550,5550,504.54545454545456,23,11120,0,120,0,0,1,0,0.9608,4,0,0,0,0,0,0,0,0,1,0,0,,0.5,0.0
task_0169,family_31,template_31,0.25,0.0,11,NC1-SHUFFLED,1,0,0,1,5550,5550,500.0,23,11120,0,120,0,0,1,0,0.962,4,0,0,0,0,0,0,0,0,0,0,0,,0.0,0.0
task_0169,family_31,template_31,0.25,0.0,11,NC2-RANDOM,1,0,0,1,5550,5550,500.0,23,11120,0,120,0,0,1,0,0.974,4,0,0,0,0,0,0,0,0,0,0,0,,0.0,0.0
task_0169,family_31,template_31,0.25,0.0,11,NC3-LENGTH,1,0,0,1,5550,5550,500.0,23,11120,0,120,0,0,1,0,0.55,2,0,0,0,0,0,0,0,0,0,0,0,,0.0,0.0
task_0169,family_31,template_31,0.25,0.0,11,NC4-ABLATION,1,0,0,1,6100,6100,550.0,23,1440,0,120,11,1,1,0,0.9809,4,0,0,0,0,0,0,0,0,0,0,0,,0.0,0.0
task_0170,family_31,template_31,0.5,1.0,11,P-SPIDER-MEA,1,0,0,1,1060,1060,63.63636363636363,15,1710,150,120,11,1,1,0,0.99,4,0,0,0,0,0,1,1,0,1,1,1,5e4af0c682ffee5d,0.3888888888888889,0.7777777777777778
task_0170,family_31,template_31,0.5,1.0,11,B-COLD,1,0,0,1,5550,5550,504.54545454545456,23,11120,0,120,0,0,1,0,0.99,4,0,0,0,0,0,0,0,0,0,0,0,,0.3888888888888889,0.0
task_0170,family_31,template_31,0.5,1.0,11,B-RAG-EMBED,1,0,0,1,5750,5750,504.54545454545456,24,11270,150,120,0,0,1,0,0.99,4,0,0,0,0,0,0,0,0,1,0,0,,0.3888888888888889,0.0
task_0170,family_31,template_31,0.5,1.0,11,B-STAGEHAND-CACHE,1,0,0,1,5550,5550,504.54545454545456,23,11120,0,120,0,0,1,0,0.99,4,0,0,0,0,0,0,0,0,1,0,0,,0.3888888888888889,0.0
task_0170,family_31,template_31,0.5,1.0,11,B-TERX-REPLAY,1,0,0,1,5550,5550,504.54545454545456,23,11120,0,120,0,0,1,0,0.99,4,0,0,0,0,0,0,0,0,1,0,0,,0.3888888888888889,0.0
task_0170,family_31,template_31,0.5,1.0,11,NC1-SHUFFLED,1,0,0,1,5550,5550,500.0,23,11120,0,120,0,0,1,0,0.9553,4,0,0,0,0,0,0,0,0,0,0,0,,0.0,0.0
task_0170,family_31,template_31,0.5,1.0,11,NC2-RANDOM,1,0,0,1,5550,5550,500.0,23,11120,0,120,0,0,1,0,0.9692,4,0,0,0,0,0,0,0,0,0,0,0,,0.0,0.0
task_0170,family_31,template_31,0.5,1.0,11,NC3-LENGTH,1,0,0,1,5550,5550,500.0,23,11120,0,120,0,0,1,0,0.55,2,0,0,0,0,0,0,0,0,0,0,0,,0.0,0.0
task_0170,family_31,template_31,0.5,1.0,11,NC4-ABLATION,0,1,0,0,6100,6100,550.0,23,1440,0,120,11,1,0,0,0.0193,0,1,0,0,0,0,0,0,0,0,0,0,,0.0,0.0
task_0171,family_31,template_31,0.75,1.0,11,P-SPIDER-MEA,1,0,1,1,1020,1020,60.0,15,1620,150,30,11,0,0,0,0.0342,0,1,1,1,1,1,1,1,0,1,0,0,1a4618bbc16365cc,0.4,0.8
task_0171,family_31,template_31,0.75,1.0,11,B-COLD,1,0,0,1,5550,5550,504.54545454545456,23,11120,0,120,0,0,1,0,0.99,4,0,0,0,0,0,0,0,0,0,0,0,,0.4,0.0
task_0171,family_31,template_31,0.75,1.0,11,B-RAG-EMBED,1,0,0,1,5750,5750,504.54545454545456,24,11270,150,120,0,0,1,0,0.99,4,0,0,0,0,0,0,0,0,1,0,0,,0.4,0.0
task_0171,family_31,template_31,0.75,1.0,11,B-STAGEHAND-CACHE,1,0,0,1,5550,5550,504.54545454545456,23,11120,0,120,0,0,1,0,0.99,4,0,0,0,0,0,0,0,0,1,0,0,,0.4,0.0
task_0171,family_31,template_31,0.75,1.0,11,B-TERX-REPLAY,1,0,0,1,5550,5550,504.54545454545456,23,11120,0,120,0,0,1,0,0.99,4,0,0,0,0,0,0,0,0,1,0,0,,0.4,0.0
task_0171,family_31,template_31,0.75,1.0,11,NC1-SHUFFLED,1,0,0,1,5550,5550,500.0,23,11120,0,120,0,0,1,0,0.99,4,0,0,0,0,0,0,0,0,0,0,0,,0.0,0.0
task_0171,family_31,template_31,0.75,1.0,11,NC2-RANDOM,1,0,0,1,5550,5550,500.0,23,11120,0,120,0,0,1,0,0.9858,4,0,0,0,0,0,0,0,0,0,0,0,,0.0,0.0
task_0171,family_31,template_31,0.75,1.0,11,NC3-LENGTH,1,0,0,1,5550,5550,500.0,23,11120,0,120,0,0,1,0,0.55,2,0,0,0,0,0,0,0,0,0,0,0,,0.0,0.0
task_0171,family_31,template_31,0.75,1.0,11,NC4-ABLATION,0,1,0,0,6100,6100,550.0,23,1440,0,120,11,1,0,0,0.01,0,1,0,0,0,0,0,0,0,0,0,0,,0.0,0.0
task_0172,family_32,template_32,0.0,0.0,12,P-SPIDER-MEA,1,0,0,1,1110,1110,62.5,16,1830,150,120,12,1,1,0,0.9822,4,0,0,0,1,0,1,1,0,1,1,1,3f9bf243a3665a0d,0.6666666666666666,1.0
task_0172,family_32,template_32,0.0,0.0,12,B-COLD,1,0,0,1,6050,6050,504.1666666666667,25,12120,0,120,0,0,1,0,0.9668,4,0,0,0,0,0,0,0,0,0,0,0,,0.6666666666666666,0.0
task_0172,family_32,template_32,0.0,0.0,12,B-RAG-EMBED,1,0,0,1,850,850,54.166666666666664,14,1710,150,120,12,1,1,0,0.9668,4,0,0,0,0,0,0,0,0,1,1,0,,0.6666666666666666,0.0
task_0172,family_32,template_32,0.0,0.0,12,B-STAGEHAND-CACHE,1,0,0,1,650,650,54.166666666666664,13,1560,0,120,12,1,1,0,0.9668,4,0,0,0,0,0,0,0,0,1,1,0,,0.6666666666666666,0.0
task_0172,family_32,template_32,0.0,0.0,12,B-TERX-REPLAY,1,0,0,1,650,650,54.166666666666664,13,1560,0,120,12,1,1,0,0.9668,4,0,0,0,0,0,0,0,0,1,1,0,,0.6666666666666666,0.0
task_0172,family_32,template_32,0.0,0.0,12,NC1-SHUFFLED,0,0,1,1,6050,6050,500.0,25,12120,0,120,0,0,1,0,0.0186,0,0,0,0,0,1,0,0,0,0,0,0,,0.0,0.0
task_0172,family_32,template_32,0.0,0.0,12,NC2-RANDOM,1,0,0,1,6050,6050,500.0,25,12120,0,120,0,0,1,0,0.99,4,0,0,0,0,0,0,0,0,0,0,0,,0.0,0.0
task_0172,family_32,template_32,0.0,0.0,12,NC3-LENGTH,1,0,0,1,6050,6050,500.0,25,12120,0,120,0,0,1,0,0.55,2,0,0,0,0,0,0,0,0,0,0,0,,0.0,0.0
task_0172,family_32,template_32,0.0,0.0,12,NC4-ABLATION,1,0,0,1,6650,6650,550.0,25,1560,0,120,12,1,1,0,0.983,4,0,0,0,0,0,0,0,0,0,0,0,,0.0,0.0
task_0173,family_32,template_32,0.25,0.5,12,P-SPIDER-MEA,1,0,0,1,1070,1070,59.166666666666664,16,1740,150,30,12,1,1,0,0.99,4,0,1,1,1,0,1,1,0,1,1,1,9fb409ba51d00c72,0.6222222222222222,1.0
task_0173,family_32,template_32,0.25,0.5,12,B-COLD,1,0,0,1,6050,6050,504.1666666666667,25,12120,0,120,0,0,1,0,0.99,4,0,0,0,0,0,0,0,0,0,0,0,,0.6222222222222222,0.0
task_0173,family_32,template_32,0.25,0.5,12,B-RAG-EMBED,1,0,0,1,3550,3550,279.1666666666667,20,6990,150,120,6,1,1,0,0.99,4,0,0,0,0,0,0,0,0,1,1,0,,0.6222222222222222,0.0
task_0173,family_32,template_32,0.25,0.5,12,B-STAGEHAND-CACHE,1,0,0,1,6050,6050,504.1666666666667,25,12120,0,120,0,0,1,0,0.99,4,0,0,0,0,0,0,0,0,1,0,0,,0.6222222222222222,0.0
task_0173,family_32,template_32,0.25,0.5,12,B-TERX-REPLAY,1,0,0,1,6050,6050,504.1666666666667,25,12120,0,120,0,0,1,0,0.99,4,0,0,0,0,0,0,0,0,1,0,0,,0.6222222222222222,0.0
task_0173,family_32,template_32,0.25,0.5,12,NC1-SHUFFLED,0,0,1,1,6050,6050,500.0,25,12120,0,120,0,0,1,0,0.01,0,0,0,0,0,1,0,0,0,0,0,0,,0.0,0.0
task_0173,family_32,template_32,0.25,0.5,12,NC2-RANDOM,1,0,0,1,6050,6050,500.0,25,12120,0,120,0,0,1,0,0.9866,4,0,0,0,0,0,0,0,0,0,0,0,,0.0,0.0
task_0173,family_32,template_32,0.25,0.5,12,NC3-LENGTH,1,0,0,1,6050,6050,500.0,25,12120,0,120,0,0,1,0,0.55,2,0,0,0,0,0,0,0,0,0,0,0,,0.0,0.0
task_0173,family_32,template_32,0.25,0.5,12,NC4-ABLATION,1,0,0,1,6650,6650,550.0,25,1560,0,120,12,1,1,0,0.9822,4,0,0,0,0,0,0,0,0,0,0,0,,0.0,0.0
task_0174,family_32,template_32,0.5,0.5,12,P-SPIDER-MEA,1,0,0,1,1110,1110,62.5,16,1830,150,120,12,1,1,0,0.9704,4,0,0,0,0,0,1,1,0,1,1,1,fd4ec0b8551405fa,0.6,1.0
task_0174,family_32,template_32,0.5,0.5,12,B-COLD,1,0,0,1,6050,6050,504.1666666666667,25,12120,0,120,0,0,1,0,0.99,4,0,0,0,0,0,0,0,0,0,0,0,,0.6,0.0
task_0174,family_32,template_32,0.5,0.5,12,B-RAG-EMBED,1,0,0,1,3550,3550,279.1666666666667,20,6990,150,120,6,1,1,0,0.99,4,0,0,0,0,0,0,0,0,1,1,0,,0.6,0.0
task_0174,family_32,template_32,0.5,0.5,12,B-STAGEHAND-CACHE,1,0,0,1,6050,6050,504.1666666666667,25,12120,0,120,0,0,1,0,0.99,4,0,0,0,0,0,0,0,0,1,0,0,,0.6,0.0
task_0174,family_32,template_32,0.5,0.5,12,B-TERX-REPLAY,1,0,0,1,6050,6050,504.1666666666667,25,12120,0,120,0,0,1,0,0.99,4,0,0,0,0,0,0,0,0,1,0,0,,0.6,0.0
task_0174,family_32,template_32,0.5,0.5,12,NC1-SHUFFLED,0,0,1,1,6050,6050,500.0,25,12120,0,120,0,0,1,0,0.01,0,0,0,0,0,1,0,0,0,0,0,0,,0.0,0.0
task_0174,family_32,template_32,0.5,0.5,12,NC2-RANDOM,1,0,0,1,6050,6050,500.0,25,12120,0,120,0,0,1,0,0.99,4,0,0,0,0,0,0,0,0,0,0,0,,0.0,0.0
task_0174,family_32,template_32,0.5,0.5,12,NC3-LENGTH,1,0,0,1,6050,6050,500.0,25,12120,0,120,0,0,1,0,0.55,2,0,0,0,0,0,0,0,0,0,0,0,,0.0,0.0
task_0174,family_32,template_32,0.5,0.5,12,NC4-ABLATION,1,0,0,1,6650,6650,550.0,25,1560,0,120,12,1,1,0,0.9548,4,0,0,0,0,0,0,0,0,0,0,0,,0.0,0.0
task_0175,family_32,template_32,0.75,1.0,12,P-SPIDER-MEA,1,0,1,1,1070,1070,59.166666666666664,16,1740,150,30,12,0,0,0,0.0313,0,1,1,1,1,1,1,1,0,1,0,0,8a430c9bbf595422,0.5481481481481482,0.8666666666666667
task_0175,family_32,template_32,0.75,1.0,12,B-COLD,1,0,0,1,6050,6050,504.1666666666667,25,12120,0,120,0,0,1,0,0.9737,4,0,0,0,0,0,0,0,0,0,0,0,,0.5481481481481482,0.0
task_0175,family_32,template_32,0.75,1.0,12,B-RAG-EMBED,1,0,0,1,6250,6250,504.1666666666667,26,12270,150,120,0,0,1,0,0.9737,4,0,0,0,0,0,0,0,0,1,0,0,,0.5481481481481482,0.0
task_0175,family_32,template_32,0.75,1.0,12,B-STAGEHAND-CACHE,1,0,0,1,6050,6050,504.1666666666667,25,12120,0,120,0,0,1,0,0.9737,4,0,0,0,0,0,0,0,0,1,0,0,,0.5481481481481482,0.0
task_0175,family_32,template_32,0.75,1.0,12,B-TERX-REPLAY,1,0,0,1,6050,6050,504.1666666666667,25,12120,0,120,0,0,1,0,0.9737,4,0,0,0,0,0,0,0,0,1,0,0,,0.5481481481481482,0.0
task_0175,family_32,template_32,0.75,1.0,12,NC1-SHUFFLED,0,0,1,1,6050,6050,500.0,25,12120,0,120,0,0,1,0,0.025,0,0,0,0,0,1,0,0,0,0,0,0,,0.0,0.0
task_0175,family_32,template_32,0.75,1.0,12,NC2-RANDOM,1,0,0,1,6050,6050,500.0,25,12120,0,120,0,0,1,0,0.9529,4,0,0,0,0,0,0,0,0,0,0,0,,0.0,0.0
task_0175,family_32,template_32,0.75,1.0,12,NC3-LENGTH,1,0,0,1,6050,6050,500.0,25,12120,0,120,0,0,1,0,0.55,2,0,0,0,0,0,0,0,0,0,0,0,,0.0,0.0
task_0175,family_32,template_32,0.75,1.0,12,NC4-ABLATION,0,1,0,0,6650,6650,550.0,25,1560,0,120,12,1,0,0,0.01,0,1,0,0,0,0,0,0,0,0,0,0,,0.0,0.0
task_0176,family_32,template_32,1.0,1.0,12,P-SPIDER-MEA,1,0,1,1,1110,1110,62.5,16,1830,150,120,12,0,0,0,0.0384,0,1,0,0,0,1,1,1,0,1,0,0,412c82b37fa6f230,0.5333333333333333,0.8
task_0176,family_32,template_32,1.0,1.0,12,B-COLD,1,0,0,1,6050,6050,504.1666666666667,25,12120,0,120,0,0,1,0,0.99,4,0,0,0,0,0,0,0,0,0,0,0,,0.5333333333333333,0.0
task_0176,family_32,template_32,1.0,1.0,12,B-RAG-EMBED,1,0,0,1,6250,6250,504.1666666666667,26,12270,150,120,0,0,1,0,0.99,4,0,0,0,0,0,0,0,0,1,0,0,,0.5333333333333333,0.0
task_0176,family_32,template_32,1.0,1.0,12,B-STAGEHAND-CACHE,1,0,0,1,6050,6050,504.1666666666667,25,12120,0,120,0,0,1,0,0.99,4,0,0,0,0,0,0,0,0,1,0,0,,0.5333333333333333,0.0
task_0176,family_32,template_32,1.0,1.0,12,B-TERX-REPLAY,1,0,0,1,6050,6050,504.1666666666667,25,12120,0,120,0,0,1,0,0.99,4,0,0,0,0,0,0,0,0,1,0,0,,0.5333333333333333,0.0
task_0176,family_32,template_32,1.0,1.0,12,NC1-SHUFFLED,1,0,0,1,6050,6050,500.0,25,12120,0,120,0,0,1,0,0.99,4,0,0,0,0,0,0,0,0,0,0,0,,0.0,0.0
task_0176,family_32,template_32,1.0,1.0,12,NC2-RANDOM,1,0,0,1,6050,6050,500.0,25,12120,0,120,0,0,1,0,0.9636,4,0,0,0,0,0,0,0,0,0,0,0,,0.0,0.0
task_0176,family_32,template_32,1.0,1.0,12,NC3-LENGTH,1,0,0,1,6050,6050,500.0,25,12120,0,120,0,0,1,0,0.55,2,0,0,0,0,0,0,0,0,0,0,0,,0.0,0.0
task_0176,family_32,template_32,1.0,1.0,12,NC4-ABLATION,0,1,0,0,6650,6650,550.0,25,1560,0,120,12,1,0,0,0.0309,0,1,0,0,0,0,0,0,0,0,0,0,,0.0,0.0
task_0177,family_33,template_33,0.0,0.0,13,P-SPIDER-MEA,1,0,0,1,1120,1120,58.46153846153846,17,1860,150,30,13,1,1,0,0.99,4,0,1,1,1,0,1,1,0,1,1,1,eea2aa1400e9d0f1,0.6666666666666666,1.0
task_0177,family_33,template_33,0.0,0.0,13,B-COLD,1,0,0,1,6550,6550,503.84615384615387,27,13120,0,120,0,0,1,0,0.9518,4,0,0,0,0,0,0,0,0,0,0,0,,0.6666666666666666,0.0
task_0177,family_33,template_33,0.0,0.0,13,B-RAG-EMBED,1,0,0,1,900,900,53.84615384615385,15,1830,150,120,13,1,1,0,0.9518,4,0,0,0,0,0,0,0,0,1,1,0,,0.6666666666666666,0.0
task_0177,family_33,template_33,0.0,0.0,13,B-STAGEHAND-CACHE,1,0,0,1,700,700,53.84615384615385,14,1680,0,120,13,1,1,0,0.9518,4,0,0,0,0,0,0,0,0,1,1,0,,0.6666666666666666,0.0
task_0177,family_33,template_33,0.0,0.0,13,B-TERX-REPLAY,1,0,0,1,700,700,53.84615384615385,14,1680,0,120,13,1,1,0,0.9518,4,0,0,0,0,0,0,0,0,1,1,0,,0.6666666666666666,0.0
task_0177,family_33,template_33,0.0,0.0,13,NC1-SHUFFLED,0,0,1,1,6550,6550,500.0,27,13120,0,120,0,0,1,0,0.0144,0,0,0,0,0,1,0,0,0,0,0,0,,0.0,0.0
task_0177,family_33,template_33,0.0,0.0,13,NC2-RANDOM,1,0,0,1,6550,6550,500.0,27,13120,0,120,0,0,1,0,0.9622,4,0,0,0,0,0,0,0,0,0,0,0,,0.0,0.0
task_0177,family_33,template_33,0.0,0.0,13,NC3-LENGTH,1,0,0,1,6550,6550,500.0,27,13120,0,120,0,0,1,0,0.55,2,0,0,0,0,0,0,0,0,0,0,0,,0.0,0.0
task_0177,family_33,template_33,0.0,0.0,13,NC4-ABLATION,1,0,0,1,7200,7200,550.0,27,1680,0,120,13,1,1,0,0.99,4,0,0,0,0,0,0,0,0,0,0,0,,0.0,0.0
task_0178,family_33,template_33,0.5,0.5,13,P-SPIDER-MEA,1,0,0,1,1120,1120,58.46153846153846,17,1860,150,30,13,1,1,0,0.99,4,0,1,1,1,0,1,1,0,1,1,1,4961be255dda3161,0.6,1.0
task_0178,family_33,template_33,0.5,0.5,13,B-COLD,1,0,0,1,6550,6550,503.84615384615387,27,13120,0,120,0,0,1,0,0.9861,4,0,0,0,0,0,0,0,0,0,0,0,,0.6,0.0
task_0178,family_33,template_33,0.5,0.5,13,B-RAG-EMBED,1,0,0,1,3600,3600,261.53846153846155,21,7110,150,120,7,1,1,0,0.9861,4,0,0,0,0,0,0,0,0,1,1,0,,0.6,0.0
task_0178,family_33,template_33,0.5,0.5,13,B-STAGEHAND-CACHE,1,0,0,1,6550,6550,503.84615384615387,27,13120,0,120,0,0,1,0,0.9861,4,0,0,0,0,0,0,0,0,1,0,0,,0.6,0.0
task_0178,family_33,template_33,0.5,0.5,13,B-TERX-REPLAY,1,0,0,1,6550,6550,503.84615384615387,27,13120,0,120,0,0,1,0,0.9861,4,0,0,0,0,0,0,0,0,1,0,0,,0.6,0.0
task_0178,family_33,template_33,0.5,0.5,13,NC1-SHUFFLED,0,0,1,1,6550,6550,500.0,27,13120,0,120,0,0,1,0,0.0219,0,0,0,0,0,1,0,0,0,0,0,0,,0.0,0.0
task_0178,family_33,template_33,0.5,0.5,13,NC2-RANDOM,1,0,0,1,6550,6550,500.0,27,13120,0,120,0,0,1,0,0.99,4,0,0,0,0,0,0,0,0,0,0,0,,0.0,0.0
task_0178,family_33,template_33,0.5,0.5,13,NC3-LENGTH,1,0,0,1,6550,6550,500.0,27,13120,0,120,0,0,1,0,0.55,2,0,0,0,0,0,0,0,0,0,0,0,,0.0,0.0
task_0178,family_33,template_33,0.5,0.5,13,NC4-ABLATION,1,0,0,1,7200,7200,550.0,27,1680,0,120,13,1,1,0,0.99,4,0,0,0,0,0,0,0,0,0,0,0,,0.0,0.0
task_0179,family_33,template_33,0.75,1.0,13,P-SPIDER-MEA,1,0,0,1,1160,1160,61.53846153846154,17,1950,150,120,13,1,1,0,0.99,4,0,0,0,0,0,1,1,0,1,1,1,19a1adb03baa2d4c,0.5487179487179488,0.8461538461538461
task_0179,family_33,template_33,0.75,1.0,13,B-COLD,1,0,0,1,6550,6550,503.84615384615387,27,13120,0,120,0,0,1,0,0.99,4,0,0,0,0,0,0,0,0,0,0,0,,0.5487179487179488,0.0
task_0179,family_33,template_33,0.75,1.0,13,B-RAG-EMBED,1,0,0,1,6750,6750,503.84615384615387,28,13270,150,120,0,0,1,0,0.99,4,0,0,0,0,0,0,0,0,1,0,0,,0.5487179487179488,0.0
task_0179,family_33,template_33,0.75,1.0,13,B-STAGEHAND-CACHE,1,0,0,1,6550,6550,503.84615384615387,27,13120,0,120,0,0,1,0,0.99,4,0,0,0,0,0,0,0,0,1,0,0,,0.5487179487179488,0.0
task_0179,family_33,template_33,0.75,1.0,13,B-TERX-REPLAY,1,0,0,1,6550,6550,503.84615384615387,27,13120,0,120,0,0,1,0,0.99,4,0,0,0,0,0,0,0,0,1,0,0,,0.5487179487179488,0.0
task_0179,family_33,template_33,0.75,1.0,13,NC1-SHUFFLED,0,0,1,1,6550,6550,500.0,27,13120,0,120,0,0,1,0,0.01,0,0,0,0,0,1,0,0,0,0,0,0,,0.0,0.0
task_0179,family_33,template_33,0.75,1.0,13,NC2-RANDOM,1,0,0,1,6550,6550,500.0,27,13120,0,120,0,0,1,0,0.99,4,0,0,0,0,0,0,0,0,0,0,0,,0.0,0.0
task_0179,family_33,template_33,0.75,1.0,13,NC3-LENGTH,1,0,0,1,6550,6550,500.0,27,13120,0,120,0,0,1,0,0.55,2,0,0,0,0,0,0,0,0,0,0,0,,0.0,0.0
task_0179,family_33,template_33,0.75,1.0,13,NC4-ABLATION,1,0,0,1,7200,7200,550.0,27,1680,0,120,13,1,1,0,0.99,4,0,0,0,0,0,0,0,0,0,0,0,,0.0,0.0
task_0180,family_33,template_33,1.0,1.0,13,P-SPIDER-MEA,1,0,0,1,1160,1160,61.53846153846154,17,1950,150,120,13,1,1,0,0.9674,4,0,0,0,1,0,1,1,0,1,1,1,2b4a935707ea650c,0.544973544973545,0.8571428571428571
task_0180,family_33,template_33,1.0,1.0,13,B-COLD,1,0,0,1,6550,6550,503.84615384615387,27,13120,0,120,0,0,1,0,0.9819,4,0,0,0,0,0,0,0,0,0,0,0,,0.544973544973545,0.0
task_0180,family_33,template_33,1.0,1.0,13,B-RAG-EMBED,1,0,0,1,6750,6750,503.84615384615387,28,13270,150,120,0,0,1,0,0.9819,4,0,0,0,0,0,0,0,0,1,0,0,,0.544973544973545,0.0
task_0180,family_33,template_33,1.0,1.0,13,B-STAGEHAND-CACHE,1,0,0,1,6550,6550,503.84615384615387,27,13120,0,120,0,0,1,0,0.9819,4,0,0,0,0,0,0,0,0,1,0,0,,0.544973544973545,0.0
task_0180,family_33,template_33,1.0,1.0,13,B-TERX-REPLAY,1,0,0,1,6550,6550,503.84615384615387,27,13120,0,120,0,0,1,0,0.9819,4,0,0,0,0,0,0,0,0,1,0,0,,0.544973544973545,0.0
task_0180,family_33,template_33,1.0,1.0,13,NC1-SHUFFLED,0,0,1,1,6550,6550,500.0,27,13120,0,120,0,0,1,0,0.01,0,0,0,0,0,1,0,0,0,0,0,0,,0.0,0.0
task_0180,family_33,template_33,1.0,1.0,13,NC2-RANDOM,1,0,0,1,6550,6550,500.0,27,13120,0,120,0,0,1,0,0.99,4,0,0,0,0,0,0,0,0,0,0,0,,0.0,0.0
task_0180,family_33,template_33,1.0,1.0,13,NC3-LENGTH,1,0,0,1,6550,6550,500.0,27,13120,0,120,0,0,1,0,0.55,2,0,0,0,0,0,0,0,0,0,0,0,,0.0,0.0
task_0180,family_33,template_33,1.0,1.0,13,NC4-ABLATION,1,0,0,1,7200,7200,550.0,27,1680,0,120,13,1,1,0,0.9639,4,0,0,0,0,0,0,0,0,0,0,0,,0.0,0.0
task_0181,family_33,template_33,0.25,0.5,13,P-SPIDER-MEA,1,0,0,1,1160,1160,61.53846153846154,17,1950,150,120,13,1,1,0,0.99,4,0,0,0,0,0,1,1,0,1,1,1,b7a57f252a21a2d3,0.5952380952380952,1.0
task_0181,family_33,template_33,0.25,0.5,13,B-COLD,1,0,0,1,6550,6550,503.84615384615387,27,13120,0,120,0,0,1,0,0.99,4,0,0,0,0,0,0,0,0,0,0,0,,0.5952380952380952,0.0
task_0181,family_33,template_33,0.25,0.5,13,B-RAG-EMBED,1,0,0,1,3600,3600,261.53846153846155,21,7110,150,120,7,1,1,0,0.99,4,0,0,0,0,0,0,0,0,1,1,0,,0.5952380952380952,0.0
task_0181,family_33,template_33,0.25,0.5,13,B-STAGEHAND-CACHE,1,0,0,1,6550,6550,503.84615384615387,27,13120,0,120,0,0,1,0,0.99,4,0,0,0,0,0,0,0,0,1,0,0,,0.5952380952380952,0.0
task_0181,family_33,template_33,0.25,0.5,13,B-TERX-REPLAY,1,0,0,1,6550,6550,503.84615384615387,27,13120,0,120,0,0,1,0,0.99,4,0,0,0,0,0,0,0,0,1,0,0,,0.5952380952380952,0.0
task_0181,family_33,template_33,0.25,0.5,13,NC1-SHUFFLED,0,0,1,0,6550,6550,500.0,27,13120,0,120,0,0,0,0,0.01,0,1,0,0,0,1,0,0,0,0,0,0,,0.0,0.0
task_0181,family_33,template_33,0.25,0.5,13,NC2-RANDOM,0,1,0,0,6550,6550,500.0,27,13120,0,120,0,0,0,0,0.0131,0,1,0,0,0,0,0,0,0,0,0,0,,0.0,0.0
task_0181,family_33,template_33,0.25,0.5,13,NC3-LENGTH,1,0,0,1,6550,6550,500.0,27,13120,0,120,0,0,1,0,0.55,2,0,0,0,0,0,0,0,0,0,0,0,,0.0,0.0
task_0181,family_33,template_33,0.25,0.5,13,NC4-ABLATION,1,0,0,1,7200,7200,550.0,27,1680,0,120,13,1,1,0,0.9561,4,0,0,0,0,0,0,0,0,0,0,0,,0.0,0.0
task_0182,family_34,template_34,0.0,0.0,14,P-SPIDER-MEA,1,0,0,1,1170,1170,57.857142857142854,18,1980,150,30,14,1,1,0,0.99,4,0,1,1,1,0,1,1,0,1,1,1,4198a8c2169cc3e0,0.75,1.0
task_0182,family_34,template_34,0.0,0.0,14,B-COLD,1,0,0,1,7050,7050,503.57142857142856,29,14120,0,120,0,0,1,0,0.99,4,0,0,0,0,0,0,0,0,0,0,0,,0.75,0.0
task_0182,family_34,template_34,0.0,0.0,14,B-RAG-EMBED,1,0,0,1,950,950,53.57142857142857,16,1950,150,120,14,1,1,0,0.99,4,0,0,0,0,0,0,0,0,1,1,0,,0.75,0.0
task_0182,family_34,template_34,0.0,0.0,14,B-STAGEHAND-CACHE,1,0,0,1,750,750,53.57142857142857,15,1800,0,120,14,1,1,0,0.99,4,0,0,0,0,0,0,0,0,1,1,0,,0.75,0.0
task_0182,family_34,template_34,0.0,0.0,14,B-TERX-REPLAY,1,0,0,1,750,750,53.57142857142857,15,1800,0,120,14,1,1,0,0.99,4,0,0,0,0,0,0,0,0,1,1,0,,0.75,0.0
task_0182,family_34,template_34,0.0,0.0,14,NC1-SHUFFLED,0,0,1,1,7050,7050,500.0,29,14120,0,120,0,0,1,0,0.01,0,0,0,0,0,1,0,0,0,0,0,0,,0.0,0.0
task_0182,family_34,template_34,0.0,0.0,14,NC2-RANDOM,1,0,0,1,7050,7050,500.0,29,14120,0,120,0,0,1,0,0.99,4,0,0,0,0,0,0,0,0,0,0,0,,0.0,0.0
task_0182,family_34,template_34,0.0,0.0,14,NC3-LENGTH,1,0,0,1,7050,7050,500.0,29,14120,0,120,0,0,1,0,0.55,2,0,0,0,0,0,0,0,0,0,0,0,,0.0,0.0
task_0182,family_34,template_34,0.0,0.0,14,NC4-ABLATION,0,1,0,0,7750,7750,550.0,29,1800,0,120,14,1,0,0,0.01,0,1,0,0,0,0,0,0,0,0,0,0,,0.0,0.0
task_0183,family_34,template_34,0.75,0.6667,14,P-SPIDER-MEA,1,0,0,1,1170,1170,57.857142857142854,18,1980,150,30,14,1,1,0,0.99,4,0,1,1,1,0,1,1,0,1,1,1,ccdd7d51122e162d,0.6642857142857143,1.0
task_0183,family_34,template_34,0.75,0.6667,14,B-COLD,1,0,0,1,7050,7050,503.57142857142856,29,14120,0,120,0,0,1,0,0.99,4,0,0,0,0,0,0,0,0,0,0,0,,0.6642857142857143,0.0
task_0183,family_34,template_34,0.75,0.6667,14,B-RAG-EMBED,1,0,0,1,5000,5000,342.85714285714283,25,9870,150,120,5,1,1,0,0.99,4,0,0,0,0,0,0,0,0,1,1,0,,0.6642857142857143,0.0
task_0183,family_34,template_34,0.75,0.6667,14,B-STAGEHAND-CACHE,1,0,0,1,7050,7050,503.57142857142856,29,14120,0,120,0,0,1,0,0.99,4,0,0,0,0,0,0,0,0,1,0,0,,0.6642857142857143,0.0
task_0183,family_34,template_34,0.75,0.6667,14,B-TERX-REPLAY,1,0,0,1,7050,7050,503.57142857142856,29,14120,0,120,0,0,1,0,0.99,4,0,0,0,0,0,0,0,0,1,0,0,,0.6642857142857143,0.0
task_0183,family_34,template_34,0.75,0.6667,14,NC1-SHUFFLED,0,0,1,1,7050,7050,500.0,29,14120,0,120,0,0,1,0,0.01,0,0,0,0,0,1,0,0,0,0,0,0,,0.0,0.0
task_0183,family_34,template_34,0.75,0.6667,14,NC2-RANDOM,1,0,0,1,7050,7050,500.0,29,14120,0,120,0,0,1,0,0.99,4,0,0,0,0,0,0,0,0,0,0,0,,0.0,0.0
task_0183,family_34,template_34,0.75,0.6667,14,NC3-LENGTH,1,0,0,1,7050,7050,500.0,29,14120,0,120,0,0,1,0,0.55,2,0,0,0,0,0,0,0,0,0,0,0,,0.0,0.0
task_0183,family_34,template_34,0.75,0.6667,14,NC4-ABLATION,0,1,0,0,7750,7750,550.0,29,1800,0,120,14,1,0,0,0.01,0,1,0,0,0,0,0,0,0,0,0,0,,0.0,0.0
task_0184,family_34,template_34,1.0,1.0,14,P-SPIDER-MEA,1,0,1,1,1210,1210,60.714285714285715,18,2070,150,120,14,0,0,0,0.01,0,1,0,0,0,1,1,1,0,1,0,0,542942a2c3f16048,0.6309523809523809,0.8666666666666667
task_0184,family_34,template_34,1.0,1.0,14,B-COLD,1,0,0,1,7050,7050,503.57142857142856,29,14120,0,120,0,0,1,0,0.99,4,0,0,0,0,0,0,0,0,0,0,0,,0.6309523809523809,0.0
task_0184,family_34,template_34,1.0,1.0,14,B-RAG-EMBED,1,0,0,1,7250,7250,503.57142857142856,30,14270,150,120,0,0,1,0,0.99,4,0,0,0,0,0,0,0,0,1,0,0,,0.6309523809523809,0.0
task_0184,family_34,template_34,1.0,1.0,14,B-STAGEHAND-CACHE,1,0,0,1,7050,7050,503.57142857142856,29,14120,0,120,0,0,1,0,0.99,4,0,0,0,0,0,0,0,0,1,0,0,,0.6309523809523809,0.0
task_0184,family_34,template_34,1.0,1.0,14,B-TERX-REPLAY,1,0,0,1,7050,7050,503.57142857142856,29,14120,0,120,0,0,1,0,0.99,4,0,0,0,0,0,0,0,0,1,0,0,,0.6309523809523809,0.0
task_0184,family_34,template_34,1.0,1.0,14,NC1-SHUFFLED,0,0,1,1,7050,7050,500.0,29,14120,0,120,0,0,1,0,0.0448,0,0,0,0,0,1,0,0,0,0,0,0,,0.0,0.0
task_0184,family_34,template_34,1.0,1.0,14,NC2-RANDOM,1,0,0,1,7050,7050,500.0,29,14120,0,120,0,0,1,0,0.99,4,0,0,0,0,0,0,0,0,0,0,0,,0.0,0.0
task_0184,family_34,template_34,1.0,1.0,14,NC3-LENGTH,1,0,0,1,7050,7050,500.0,29,14120,0,120,0,0,1,0,0.55,2,0,0,0,0,0,0,0,0,0,0,0,,0.0,0.0
task_0184,family_34,template_34,1.0,1.0,14,NC4-ABLATION,0,1,0,0,7750,7750,550.0,29,1800,0,120,14,1,0,0,0.01,0,1,0,0,0,0,0,0,0,0,0,0,,0.0,0.0
task_0185,family_34,template_34,0.25,0.3333,14,P-SPIDER-MEA,1,0,0,1,1170,1170,57.857142857142854,18,1980,150,30,14,1,1,0,0.99,4,0,1,1,1,0,1,1,0,1,1,1,7f376ede2ee5d7c4,0.7166666666666667,1.0
task_0185,family_34,template_34,0.25,0.3333,14,B-COLD,1,0,0,1,7050,7050,503.57142857142856,29,14120,0,120,0,0,1,0,0.9554,4,0,0,0,0,0,0,0,0,0,0,0,,0.7166666666666667,0.0
task_0185,family_34,template_34,0.25,0.3333,14,B-RAG-EMBED,1,0,0,1,3200,3200,214.28571428571428,21,6350,150,120,9,1,1,0,0.9554,4,0,0,0,0,0,0,0,0,1,1,0,,0.7166666666666667,0.0
task_0185,family_34,template_34,0.25,0.3333,14,B-STAGEHAND-CACHE,1,0,0,1,7050,7050,503.57142857142856,29,14120,0,120,0,0,1,0,0.9554,4,0,0,0,0,0,0,0,0,1,0,0,,0.7166666666666667,0.0
task_0185,family_34,template_34,0.25,0.3333,14,B-TERX-REPLAY,1,0,0,1,7050,7050,503.57142857142856,29,14120,0,120,0,0,1,0,0.9554,4,0,0,0,0,0,0,0,0,1,0,0,,0.7166666666666667,0.0
task_0185,family_34,template_34,0.25,0.3333,14,NC1-SHUFFLED,1,0,0,1,7050,7050,500.0,29,14120,0,120,0,0,1,0,0.99,4,0,0,0,0,0,0,0,0,0,0,0,,0.0,0.0
task_0185,family_34,template_34,0.25,0.3333,14,NC2-RANDOM,1,0,0,1,7050,7050,500.0,29,14120,0,120,0,0,1,0,0.99,4,0,0,0,0,0,0,0,0,0,0,0,,0.0,0.0
task_0185,family_34,template_34,0.25,0.3333,14,NC3-LENGTH,1,0,0,1,7050,7050,500.0,29,14120,0,120,0,0,1,0,0.55,2,0,0,0,0,0,0,0,0,0,0,0,,0.0,0.0
task_0185,family_34,template_34,0.25,0.3333,14,NC4-ABLATION,0,1,0,0,7750,7750,550.0,29,1800,0,120,14,1,0,0,0.01,0,1,0,0,0,0,0,0,0,0,0,0,,0.0,0.0
task_0186,family_34,template_34,0.5,0.6667,14,P-SPIDER-MEA,1,0,0,1,1210,1210,60.714285714285715,18,2070,150,120,14,1,1,0,0.99,4,0,0,0,0,0,1,1,0,1,1,1,68e61e49de6a6511,0.65,1.0
task_0186,family_34,template_34,0.5,0.6667,14,B-COLD,1,0,0,1,7050,7050,503.57142857142856,29,14120,0,120,0,0,1,0,0.99,4,0,0,0,0,0,0,0,0,0,0,0,,0.65,0.0
task_0186,family_34,template_34,0.5,0.6667,14,B-RAG-EMBED,1,0,0,1,5000,5000,342.85714285714283,25,9870,150,120,5,1,1,0,0.99,4,0,0,0,0,0,0,0,0,1,1,0,,0.65,0.0
task_0186,family_34,template_34,0.5,0.6667,14,B-STAGEHAND-CACHE,1,0,0,1,7050,7050,503.57142857142856,29,14120,0,120,0,0,1,0,0.99,4,0,0,0,0,0,0,0,0,1,0,0,,0.65,0.0
task_0186,family_34,template_34,0.5,0.6667,14,B-TERX-REPLAY,1,0,0,1,7050,7050,503.57142857142856,29,14120,0,120,0,0,1,0,0.99,4,0,0,0,0,0,0,0,0,1,0,0,,0.65,0.0
task_0186,family_34,template_34,0.5,0.6667,14,NC1-SHUFFLED,0,0,1,1,7050,7050,500.0,29,14120,0,120,0,0,1,0,0.01,0,0,0,0,0,1,0,0,0,0,0,0,,0.0,0.0
task_0186,family_34,template_34,0.5,0.6667,14,NC2-RANDOM,1,0,0,1,7050,7050,500.0,29,14120,0,120,0,0,1,0,0.99,4,0,0,0,0,0,0,0,0,0,0,0,,0.0,0.0
task_0186,family_34,template_34,0.5,0.6667,14,NC3-LENGTH,1,0,0,1,7050,7050,500.0,29,14120,0,120,0,0,1,0,0.55,2,0,0,0,0,0,0,0,0,0,0,0,,0.0,0.0
task_0186,family_34,template_34,0.5,0.6667,14,NC4-ABLATION,1,0,0,1,7750,7750,550.0,29,1800,0,120,14,1,1,0,0.99,4,0,0,0,0,0,0,0,0,0,0,0,,0.0,0.0
task_0187,family_35,template_35,0.0,0.0,8,P-SPIDER-MEA,1,0,0,1,910,910,68.75,12,1350,150,120,8,1,1,0,0.99,4,0,0,0,0,0,1,1,0,1,1,1,9137c5971eb4caf3,0.5,1.0
task_0187,family_35,template_35,0.0,0.0,8,B-COLD,1,0,0,1,4050,4050,506.25,17,8120,0,120,0,0,1,0,0.99,4,0,0,0,0,0,0,0,0,0,0,0,,0.5,0.0
task_0187,family_35,template_35,0.0,0.0,8,B-RAG-EMBED,1,0,0,1,650,650,56.25,10,1230,150,120,8,1,1,0,0.99,4,0,0,0,0,0,0,0,0,1,1,0,,0.5,0.0
task_0187,family_35,template_35,0.0,0.0,8,B-STAGEHAND-CACHE,1,0,0,1,450,450,56.25,9,1080,0,120,8,1,1,0,0.99,4,0,0,0,0,0,0,0,0,1,1,0,,0.5,0.0
task_0187,family_35,template_35,0.0,0.0,8,B-TERX-REPLAY,1,0,0,1,450,450,56.25,9,1080,0,120,8,1,1,0,0.99,4,0,0,0,0,0,0,0,0,1,1,0,,0.5,0.0
task_0187,family_35,template_35,0.0,0.0,8,NC1-SHUFFLED,0,0,1,1,4050,4050,500.0,17,8120,0,120,0,0,1,0,0.0177,0,0,0,0,0,1,0,0,0,0,0,0,,0.0,0.0
task_0187,family_35,template_35,0.0,0.0,8,NC2-RANDOM,1,0,0,1,4050,4050,500.0,17,8120,0,120,0,0,1,0,0.99,4,0,0,0,0,0,0,0,0,0,0,0,,0.0,0.0
task_0187,family_35,template_35,0.0,0.0,8,NC3-LENGTH,1,0,0,1,4050,4050,500.0,17,8120,0,120,0,0,1,0,0.55,2,0,0,0,0,0,0,0,0,0,0,0,,0.0,0.0
task_0187,family_35,template_35,0.0,0.0,8,NC4-ABLATION,1,0,0,1,4450,4450,550.0,17,1080,0,120,8,1,1,0,0.9562,4,0,0,0,0,0,0,0,0,0,0,0,,0.0,0.0
task_0188,family_35,template_35,1.0,1.0,8,P-SPIDER-MEA,1,0,0,1,870,870,63.75,12,1260,150,30,8,1,1,0,0.99,4,0,1,1,1,0,1,1,0,1,1,1,9e2eecc2ad94359c,0.4,0.8
task_0188,family_35,template_35,1.0,1.0,8,B-COLD,1,0,0,1,4050,4050,506.25,17,8120,0,120,0,0,1,0,0.9664,4,0,0,0,0,0,0,0,0,0,0,0,,0.4,0.0
task_0188,family_35,template_35,1.0,1.0,8,B-RAG-EMBED,1,0,0,1,4250,4250,506.25,18,8270,150,120,0,0,1,0,0.9664,4,0,0,0,0,0,0,0,0,1,0,0,,0.4,0.0
task_0188,family_35,template_35,1.0,1.0,8,B-STAGEHAND-CACHE,1,0,0,1,4050,4050,506.25,17,8120,0,120,0,0,1,0,0.9664,4,0,0,0,0,0,0,0,0,1,0,0,,0.4,0.0
task_0188,family_35,template_35,1.0,1.0,8,B-TERX-REPLAY,1,0,0,1,4050,4050,506.25,17,8120,0,120,0,0,1,0,0.9664,4,0,0,0,0,0,0,0,0,1,0,0,,0.4,0.0
task_0188,family_35,template_35,1.0,1.0,8,NC1-SHUFFLED,0,0,1,1,4050,4050,500.0,17,8120,0,120,0,0,1,0,0.0297,0,0,0,0,0,1,0,0,0,0,0,0,,0.0,0.0
task_0188,family_35,template_35,1.0,1.0,8,NC2-RANDOM,1,0,0,1,4050,4050,500.0,17,8120,0,120,0,0,1,0,0.974,4,0,0,0,0,0,0,0,0,0,0,0,,0.0,0.0
task_0188,family_35,template_35,1.0,1.0,8,NC3-LENGTH,1,0,0,1,4050,4050,500.0,17,8120,0,120,0,0,1,0,0.55,2,0,0,0,0,0,0,0,0,0,0,0,,0.0,0.0
task_0188,family_35,template_35,1.0,1.0,8,NC4-ABLATION,1,0,0,1,4450,4450,550.0,17,1080,0,120,8,1,1,0,0.99,4,0,0,0,0,0,0,0,0,0,0,0,,0.0,0.0
task_0189,family_35,template_35,0.25,0.0,8,P-SPIDER-MEA,1,0,0,1,870,870,63.75,12,1260,150,30,8,1,1,0,0.99,4,0,1,1,1,0,1,1,0,1,1,1,76fecab0c07fb712,0.5,1.0
task_0189,family_35,template_35,0.25,0.0,8,B-COLD,1,0,0,1,4050,4050,506.25,17,8120,0,120,0,0,1,0,0.9519,4,0,0,0,0,0,0,0,0,0,0,0,,0.5,0.0
task_0189,family_35,template_35,0.25,0.0,8,B-RAG-EMBED,1,0,0,1,650,650,56.25,10,1230,150,120,8,1,1,0,0.9519,4,0,0,0,0,0,0,0,0,1,1,0,,0.5,0.0
task_0189,family_35,template_35,0.25,0.0,8,B-STAGEHAND-CACHE,1,0,0,1,4050,4050,506.25,17,8120,0,120,0,0,1,0,0.9519,4,0,0,0,0,0,0,0,0,1,0,0,,0.5,0.0
task_0189,family_35,template_35,0.25,0.0,8,B-TERX-REPLAY,1,0,0,1,4050,4050,506.25,17,8120,0,120,0,0,1,0,0.9519,4,0,0,0,0,0,0,0,0,1,0,0,,0.5,0.0
task_0189,family_35,template_35,0.25,0.0,8,NC1-SHUFFLED,0,0,1,1,4050,4050,500.0,17,8120,0,120,0,0,1,0,0.01,0,0,0,0,0,1,0,0,0,0,0,0,,0.0,0.0
task_0189,family_35,template_35,0.25,0.0,8,NC2-RANDOM,1,0,0,1,4050,4050,500.0,17,8120,0,120,0,0,1,0,0.99,4,0,0,0,0,0,0,0,0,0,0,0,,0.0,0.0
task_0189,family_35,template_35,0.25,0.0,8,NC3-LENGTH,1,0,0,1,4050,4050,500.0,17,8120,0,120,0,0,1,0,0.55,2,0,0,0,0,0,0,0,0,0,0,0,,0.0,0.0
task_0189,family_35,template_35,0.25,0.0,8,NC4-ABLATION,1,0,0,1,4450,4450,550.0,17,1080,0,120,8,1,1,0,0.99,4,0,0,0,0,0,0,0,0,0,0,0,,0.0,0.0
task_0190,family_35,template_35,0.5,1.0,8,P-SPIDER-MEA,1,0,1,1,870,870,63.75,12,1260,150,30,8,0,0,0,0.01,0,1,1,1,1,1,1,1,0,1,0,0,3225ff5ee2631cd0,0.3888888888888889,0.7777777777777778
task_0190,family_35,template_35,0.5,1.0,8,B-COLD,1,0,0,1,4050,4050,506.25,17,8120,0,120,0,0,1,0,0.9754,4,0,0,0,0,0,0,0,0,0,0,0,,0.3888888888888889,0.0
task_0190,family_35,template_35,0.5,1.0,8,B-RAG-EMBED,1,0,0,1,4250,4250,506.25,18,8270,150,120,0,0,1,0,0.9754,4,0,0,0,0,0,0,0,0,1,0,0,,0.3888888888888889,0.0
task_0190,family_35,template_35,0.5,1.0,8,B-STAGEHAND-CACHE,1,0,0,1,4050,4050,506.25,17,8120,0,120,0,0,1,0,0.9754,4,0,0,0,0,0,0,0,0,1,0,0,,0.3888888888888889,0.0
task_0190,family_35,template_35,0.5,1.0,8,B-TERX-REPLAY,1,0,0,1,4050,4050,506.25,17,8120,0,120,0,0,1,0,0.9754,4,0,0,0,0,0,0,0,0,1,0,0,,0.3888888888888889,0.0
task_0190,family_35,template_35,0.5,1.0,8,NC1-SHUFFLED,0,0,1,1,4050,4050,500.0,17,8120,0,120,0,0,1,0,0.01,0,0,0,0,0,1,0,0,0,0,0,0,,0.0,0.0
task_0190,family_35,template_35,0.5,1.0,8,NC2-RANDOM,1,0,0,1,4050,4050,500.0,17,8120,0,120,0,0,1,0,0.99,4,0,0,0,0,0,0,0,0,0,0,0,,0.0,0.0
task_0190,family_35,template_35,0.5,1.0,8,NC3-LENGTH,1,0,0,1,4050,4050,500.0,17,8120,0,120,0,0,1,0,0.55,2,0,0,0,0,0,0,0,0,0,0,0,,0.0,0.0
task_0190,family_35,template_35,0.5,1.0,8,NC4-ABLATION,0,1,0,0,4450,4450,550.0,17,1080,0,120,8,1,0,0,0.0165,0,1,0,0,0,0,0,0,0,0,0,0,,0.0,0.0
task_0191,family_35,template_35,0.75,1.0,8,P-SPIDER-MEA,1,0,0,1,870,870,63.75,12,1260,150,30,8,1,1,0,0.9798,4,0,1,1,1,0,1,1,0,1,1,1,8741657d1507c238,0.4,0.8
task_0191,family_35,template_35,0.75,1.0,8,B-COLD,1,0,0,1,4050,4050,506.25,17,8120,0,120,0,0,1,0,0.99,4,0,0,0,0,0,0,0,0,0,0,0,,0.4,0.0
task_0191,family_35,template_35,0.75,1.0,8,B-RAG-EMBED,1,0,0,1,4250,4250,506.25,18,8270,150,120,0,0,1,0,0.99,4,0,0,0,0,0,0,0,0,1,0,0,,0.4,0.0
task_0191,family_35,template_35,0.75,1.0,8,B-STAGEHAND-CACHE,1,0,0,1,4050,4050,506.25,17,8120,0,120,0,0,1,0,0.99,4,0,0,0,0,0,0,0,0,1,0,0,,0.4,0.0
task_0191,family_35,template_35,0.75,1.0,8,B-TERX-REPLAY,1,0,0,1,4050,4050,506.25,17,8120,0,120,0,0,1,0,0.99,4,0,0,0,0,0,0,0,0,1,0,0,,0.4,0.0
task_0191,family_35,template_35,0.75,1.0,8,NC1-SHUFFLED,0,0,1,1,4050,4050,500.0,17,8120,0,120,0,0,1,0,0.01,0,0,0,0,0,1,0,0,0,0,0,0,,0.0,0.0
task_0191,family_35,template_35,0.75,1.0,8,NC2-RANDOM,1,0,0,1,4050,4050,500.0,17,8120,0,120,0,0,1,0,0.99,4,0,0,0,0,0,0,0,0,0,0,0,,0.0,0.0
task_0191,family_35,template_35,0.75,1.0,8,NC3-LENGTH,1,0,0,1,4050,4050,500.0,17,8120,0,120,0,0,1,0,0.55,2,0,0,0,0,0,0,0,0,0,0,0,,0.0,0.0
task_0191,family_35,template_35,0.75,1.0,8,NC4-ABLATION,0,1,0,0,4450,4450,550.0,17,1080,0,120,8,1,0,0,0.01,0,1,0,0,0,0,0,0,0,0,0,0,,0.0,0.0
