task_id,family_id,template_id,novelty_fraction,realized_novelty,length,system,success,false_accept,unknown,precision,tokens,tokens_f10,per_hit,browser_calls,latency_ms,retrieval_ms,verification_ms,reused_steps,hit,verify_passed,repair_triggered,confidence,ECE_bin,wrong_bound,probeHit,etagMatched,ttlValid,auditorBlocked,curatedFlag,frontierHit,frontierCrossFamilyAdoption,cacheHit,auditorFetchMiss,retrieval_hit,retrieval_use_hit,frontier_use_hit,provenanceHash,qcr_jaccard,frontier_jaccard
task_0000,family_00,template_00,0.0,0.0,8,B-COLD,1,0,0,1,4050,4050,506.25,17,8120,0,120,0,0,1,0,0.99,4,0,0,0,0,0,0,0,0,0,0,0,0,0,,1.0,0.0
task_0000,family_00,template_00,0.0,0.0,8,B-RAG-EMBED,1,0,0,1,650,650,56.25,10,1230,150,120,8,1,1,0,0.99,4,0,0,0,0,0,0,0,0,0,0,1,1,0,,1.0,0.0
task_0000,family_00,template_00,0.0,0.0,8,B-STAGEHAND-CACHE,1,0,0,1,450,450,56.25,9,1080,0,120,8,1,1,0,0.99,4,0,0,0,0,0,0,0,0,0,0,1,1,0,,1.0,0.0
task_0000,family_00,template_00,0.0,0.0,8,B-TERX-REPLAY,1,0,0,1,450,450,56.25,9,1080,0,120,8,1,1,0,0.99,4,0,0,0,0,0,0,0,0,0,0,1,1,0,,1.0,0.0
task_0000,family_00,template_00,0.0,0.0,8,P-SPIDER-MEA-BATCHED,1,0,1,0,4510,4510,518.75,20,8390,150,120,0,0,1,0,0.0393,0,0,0,0,0,0,1,1,0,0,1,1,0,0,7ccf479f535ada2d,1.0,1.0
task_0000,family_00,template_00,0.0,0.0,8,NC1-SHUFFLED,1,0,0,1,4050,4050,500.0,17,8120,0,120,0,0,1,0,0.9723,4,0,0,0,0,0,0,0,0,0,0,0,0,0,,0.0,0.0
task_0000,family_00,template_00,0.0,0.0,8,NC2-RANDOM,1,0,0,1,4050,4050,500.0,17,8120,0,120,0,0,1,0,0.99,4,0,0,0,0,0,0,0,0,0,0,0,0,0,,0.0,0.0
task_0000,family_00,template_00,0.0,0.0,8,NC3-LENGTH,1,0,0,1,4050,4050,500.0,17,8120,0,120,0,0,1,0,0.55,2,0,0,0,0,0,0,0,0,0,0,0,0,0,,0.0,0.0
task_0000,family_00,template_00,0.0,0.0,8,NC4-ABLATION,1,0,0,1,4450,4450,550.0,17,1080,0,120,8,1,1,0,0.99,4,0,0,0,0,0,0,0,0,0,0,0,0,0,,0.0,0.0
task_0001,family_00,template_00,0.25,0.5,8,B-COLD,1,0,0,1,4050,4050,506.25,17,8120,0,120,0,0,1,0,0.9839,4,0,0,0,0,0,0,0,0,0,0,0,0,0,,0.9333333333333333,0.0
task_0001,family_00,template_00,0.25,0.5,8,B-RAG-EMBED,1,0,0,1,2450,2450,281.25,14,4750,150,120,4,1,1,0,0.9839,4,0,0,0,0,0,0,0,0,0,0,1,1,0,,0.9333333333333333,0.0
task_0001,family_00,template_00,0.25,0.5,8,B-STAGEHAND-CACHE,1,0,0,1,4050,4050,506.25,17,8120,0,120,0,0,1,0,0.9839,4,0,0,0,0,0,0,0,0,0,0,1,0,0,,0.9333333333333333,0.0
task_0001,family_00,template_00,0.25,0.5,8,B-TERX-REPLAY,1,0,0,1,4050,4050,506.25,17,8120,0,120,0,0,1,0,0.9839,4,0,0,0,0,0,0,0,0,0,0,1,0,0,,0.9333333333333333,0.0
task_0001,family_00,template_00,0.25,0.5,8,P-SPIDER-MEA-BATCHED,1,0,1,0,4380,4380,502.5,20,8235,150,30,0,0,1,0,0.01,0,0,1,1,1,0,1,1,0,1,0,1,0,0,02d04f11c25f8121,0.9333333333333333,1.0
task_0001,family_00,template_00,0.25,0.5,8,NC1-SHUFFLED,0,0,1,1,4050,4050,500.0,17,8120,0,120,0,0,1,0,0.01,0,0,0,0,0,1,0,0,0,0,0,0,0,0,,0.0,0.0
task_0001,family_00,template_00,0.25,0.5,8,NC2-RANDOM,1,0,0,1,4050,4050,500.0,17,8120,0,120,0,0,1,0,0.9592,4,0,0,0,0,0,0,0,0,0,0,0,0,0,,0.0,0.0
task_0001,family_00,template_00,0.25,0.5,8,NC3-LENGTH,1,0,0,1,4050,4050,500.0,17,8120,0,120,0,0,1,0,0.55,2,0,0,0,0,0,0,0,0,0,0,0,0,0,,0.0,0.0
task_0001,family_00,template_00,0.25,0.5,8,NC4-ABLATION,0,1,0,0,4450,4450,550.0,17,1080,0,120,8,1,0,0,0.01,0,1,0,0,0,0,0,0,0,0,0,0,0,0,,0.0,0.0
task_0002,family_00,template_00,0.5,0.5,8,B-COLD,1,0,0,1,4050,4050,506.25,17,8120,0,120,0,0,1,0,0.99,4,0,0,0,0,0,0,0,0,0,0,0,0,0,,0.9,0.0
task_0002,family_00,template_00,0.5,0.5,8,B-RAG-EMBED,1,0,0,1,2450,2450,281.25,14,4750,150,120,4,1,1,0,0.99,4,0,0,0,0,0,0,0,0,0,0,1,1,0,,0.9,0.0
task_0002,family_00,template_00,0.5,0.5,8,B-STAGEHAND-CACHE,1,0,0,1,4050,4050,506.25,17,8120,0,120,0,0,1,0,0.99,4,0,0,0,0,0,0,0,0,0,0,1,0,0,,0.9,0.0
task_0002,family_00,template_00,0.5,0.5,8,B-TERX-REPLAY,1,0,0,1,4050,4050,506.25,17,8120,0,120,0,0,1,0,0.99,4,0,0,0,0,0,0,0,0,0,0,1,0,0,,0.9,0.0
task_0002,family_00,template_00,0.5,0.5,8,P-SPIDER-MEA-BATCHED,1,0,1,0,4420,4420,507.5,20,8325,150,120,0,0,1,0,0.01,0,0,0,0,0,0,1,1,0,1,0,1,0,0,ba1877b647f770dd,0.9,1.0
task_0002,family_00,template_00,0.5,0.5,8,NC1-SHUFFLED,0,0,1,1,4050,4050,500.0,17,8120,0,120,0,0,1,0,0.01,0,0,0,0,0,1,0,0,0,0,0,0,0,0,,0.0,0.0
task_0002,family_00,template_00,0.5,0.5,8,NC2-RANDOM,1,0,0,1,4050,4050,500.0,17,8120,0,120,0,0,1,0,0.9662,4,0,0,0,0,0,0,0,0,0,0,0,0,0,,0.0,0.0
task_0002,family_00,template_00,0.5,0.5,8,NC3-LENGTH,1,0,0,1,4050,4050,500.0,17,8120,0,120,0,0,1,0,0.55,2,0,0,0,0,0,0,0,0,0,0,0,0,0,,0.0,0.0
task_0002,family_00,template_00,0.5,0.5,8,NC4-ABLATION,1,0,0,1,4450,4450,550.0,17,1080,0,120,8,1,1,0,0.99,4,0,0,0,0,0,0,0,0,0,0,0,0,0,,0.0,0.0
task_0003,family_00,template_00,0.75,1.0,8,B-COLD,1,0,0,1,4050,4050,506.25,17,8120,0,120,0,0,1,0,0.99,4,0,0,0,0,0,0,0,0,0,0,0,0,0,,0.8333333333333334,0.0
task_0003,family_00,template_00,0.75,1.0,8,B-RAG-EMBED,1,0,0,1,4250,4250,506.25,18,8270,150,120,0,0,1,0,0.99,4,0,0,0,0,0,0,0,0,0,0,1,0,0,,0.8333333333333334,0.0
task_0003,family_00,template_00,0.75,1.0,8,B-STAGEHAND-CACHE,1,0,0,1,4050,4050,506.25,17,8120,0,120,0,0,1,0,0.99,4,0,0,0,0,0,0,0,0,0,0,1,0,0,,0.8333333333333334,0.0
task_0003,family_00,template_00,0.75,1.0,8,B-TERX-REPLAY,1,0,0,1,4050,4050,506.25,17,8120,0,120,0,0,1,0,0.99,4,0,0,0,0,0,0,0,0,0,0,1,0,0,,0.8333333333333334,0.0
task_0003,family_00,template_00,0.75,1.0,8,P-SPIDER-MEA-BATCHED,1,0,1,1,4420,4420,507.5,20,8325,150,120,0,0,0,0,0.01,0,1,0,0,0,1,1,1,0,1,0,1,0,0,e1050ccdb90063c8,0.8333333333333334,0.8666666666666667
task_0003,family_00,template_00,0.75,1.0,8,NC1-SHUFFLED,1,0,0,1,4050,4050,500.0,17,8120,0,120,0,0,1,0,0.99,4,0,0,0,0,0,0,0,0,0,0,0,0,0,,0.0,0.0
task_0003,family_00,template_00,0.75,1.0,8,NC2-RANDOM,1,0,0,1,4050,4050,500.0,17,8120,0,120,0,0,1,0,0.99,4,0,0,0,0,0,0,0,0,0,0,0,0,0,,0.0,0.0
task_0003,family_00,template_00,0.75,1.0,8,NC3-LENGTH,1,0,0,1,4050,4050,500.0,17,8120,0,120,0,0,1,0,0.55,2,0,0,0,0,0,0,0,0,0,0,0,0,0,,0.0,0.0
task_0003,family_00,template_00,0.75,1.0,8,NC4-ABLATION,0,1,0,0,4450,4450,550.0,17,1080,0,120,8,1,0,0,0.01,0,1,0,0,0,0,0,0,0,0,0,0,0,0,,0.0,0.0
task_0004,family_00,template_00,1.0,1.0,8,B-COLD,1,0,0,1,4050,4050,506.25,17,8120,0,120,0,0,1,0,0.9608,4,0,0,0,0,0,0,0,0,0,0,0,0,0,,0.8,0.0
task_0004,family_00,template_00,1.0,1.0,8,B-RAG-EMBED,1,0,0,1,4250,4250,506.25,18,8270,150,120,0,0,1,0,0.9608,4,0,0,0,0,0,0,0,0,0,0,1,0,0,,0.8,0.0
task_0004,family_00,template_00,1.0,1.0,8,B-STAGEHAND-CACHE,1,0,0,1,4050,4050,506.25,17,8120,0,120,0,0,1,0,0.9608,4,0,0,0,0,0,0,0,0,0,0,1,0,0,,0.8,0.0
task_0004,family_00,template_00,1.0,1.0,8,B-TERX-REPLAY,1,0,0,1,4050,4050,506.25,17,8120,0,120,0,0,1,0,0.9608,4,0,0,0,0,0,0,0,0,0,0,1,0,0,,0.8,0.0
task_0004,family_00,template_00,1.0,1.0,8,P-SPIDER-MEA-BATCHED,1,0,1,0,4380,4380,502.5,20,8235,150,30,0,0,1,0,0.017,0,0,1,1,1,0,1,1,0,1,0,1,0,0,f8e48d21f2686b4c,0.8,0.8
task_0004,family_00,template_00,1.0,1.0,8,NC1-SHUFFLED,0,0,1,1,4050,4050,500.0,17,8120,0,120,0,0,1,0,0.0426,0,0,0,0,0,1,0,0,0,0,0,0,0,0,,0.0,0.0
task_0004,family_00,template_00,1.0,1.0,8,NC2-RANDOM,1,0,0,1,4050,4050,500.0,17,8120,0,120,0,0,1,0,0.9537,4,0,0,0,0,0,0,0,0,0,0,0,0,0,,0.0,0.0
task_0004,family_00,template_00,1.0,1.0,8,NC3-LENGTH,1,0,0,1,4050,4050,500.0,17,8120,0,120,0,0,1,0,0.55,2,0,0,0,0,0,0,0,0,0,0,0,0,0,,0.0,0.0
task_0004,family_00,template_00,1.0,1.0,8,NC4-ABLATION,1,0,0,1,4450,4450,550.0,17,1080,0,120,8,1,1,0,0.99,4,0,0,0,0,0,0,0,0,0,0,0,0,0,,0.0,0.0
task_0005,family_00,template_00,0.25,0.5,8,B-COLD,1,0,0,1,4050,4050,506.25,17,8120,0,120,0,0,1,0,0.9606,4,0,0,0,0,0,0,0,0,0,0,0,0,0,,0.8444444444444444,0.0
task_0005,family_00,template_00,0.25,0.5,8,B-RAG-EMBED,1,0,0,1,2450,2450,281.25,14,4750,150,120,4,1,1,0,0.9606,4,0,0,0,0,0,0,0,0,0,0,1,1,0,,0.8444444444444444,0.0
task_0005,family_00,template_00,0.25,0.5,8,B-STAGEHAND-CACHE,1,0,0,1,4050,4050,506.25,17,8120,0,120,0,0,1,0,0.9606,4,0,0,0,0,0,0,0,0,0,0,1,0,0,,0.8444444444444444,0.0
task_0005,family_00,template_00,0.25,0.5,8,B-TERX-REPLAY,1,0,0,1,4050,4050,506.25,17,8120,0,120,0,0,1,0,0.9606,4,0,0,0,0,0,0,0,0,0,0,1,0,0,,0.8444444444444444,0.0
task_0005,family_00,template_00,0.25,0.5,8,P-SPIDER-MEA-BATCHED,1,0,1,0,4380,4380,502.5,20,8235,150,30,0,0,1,0,0.01,0,0,1,1,1,0,1,1,0,1,0,1,0,0,539e6cbdaebe87db,0.8444444444444444,0.8888888888888888
task_0005,family_00,template_00,0.25,0.5,8,NC1-SHUFFLED,0,0,1,0,4050,4050,500.0,17,8120,0,120,0,0,0,0,0.01,0,1,0,0,0,1,0,0,0,0,0,0,0,0,,0.0,0.0
task_0005,family_00,template_00,0.25,0.5,8,NC2-RANDOM,0,1,0,0,4050,4050,500.0,17,8120,0,120,0,0,0,0,0.01,0,1,0,0,0,0,0,0,0,0,0,0,0,0,,0.0,0.0
task_0005,family_00,template_00,0.25,0.5,8,NC3-LENGTH,1,0,0,1,4050,4050,500.0,17,8120,0,120,0,0,1,0,0.55,2,0,0,0,0,0,0,0,0,0,0,0,0,0,,0.0,0.0
task_0005,family_00,template_00,0.25,0.5,8,NC4-ABLATION,1,0,0,1,4450,4450,550.0,17,1080,0,120,8,1,1,0,0.99,4,0,0,0,0,0,0,0,0,0,0,0,0,0,,0.0,0.0
task_0006,family_01,template_01,0.0,0.0,9,B-COLD,1,0,0,1,4550,4550,505.55555555555554,19,9120,0,120,0,0,1,0,0.9681,4,0,0,0,0,0,0,0,0,0,0,0,0,0,,1.0,0.0
task_0006,family_01,template_01,0.0,0.0,9,B-RAG-EMBED,1,0,0,1,700,700,55.55555555555556,11,1350,150,120,9,1,1,0,0.9681,4,0,0,0,0,0,0,0,0,0,0,1,1,0,,1.0,0.0
task_0006,family_01,template_01,0.0,0.0,9,B-STAGEHAND-CACHE,1,0,0,1,500,500,55.55555555555556,10,1200,0,120,9,1,1,0,0.9681,4,0,0,0,0,0,0,0,0,0,0,1,1,0,,1.0,0.0
task_0006,family_01,template_01,0.0,0.0,9,B-TERX-REPLAY,1,0,0,1,500,500,55.55555555555556,10,1200,0,120,9,1,1,0,0.9681,4,0,0,0,0,0,0,0,0,0,0,1,1,0,,1.0,0.0
task_0006,family_01,template_01,0.0,0.0,9,P-SPIDER-MEA-BATCHED,1,0,1,0,4970,4970,512.2222222222222,22,9300,150,30,0,0,1,0,0.0475,0,0,1,1,1,0,1,1,0,0,1,1,0,0,5957e6c8c68d1929,1.0,1.0
task_0006,family_01,template_01,0.0,0.0,9,NC1-SHUFFLED,1,0,0,1,4550,4550,500.0,19,9120,0,120,0,0,1,0,0.99,4,0,0,0,0,0,0,0,0,0,0,0,0,0,,0.0,0.0
task_0006,family_01,template_01,0.0,0.0,9,NC2-RANDOM,1,0,0,1,4550,4550,500.0,19,9120,0,120,0,0,1,0,0.99,4,0,0,0,0,0,0,0,0,0,0,0,0,0,,0.0,0.0
task_0006,family_01,template_01,0.0,0.0,9,NC3-LENGTH,1,0,0,1,4550,4550,500.0,19,9120,0,120,0,0,1,0,0.55,2,0,0,0,0,0,0,0,0,0,0,0,0,0,,0.0,0.0
task_0006,family_01,template_01,0.0,0.0,9,NC4-ABLATION,1,0,0,1,5000,5000,550.0,19,1200,0,120,9,1,1,0,0.99,4,0,0,0,0,0,0,0,0,0,0,0,0,0,,0.0,0.0
task_0007,family_01,template_01,0.5,0.5,9,B-COLD,1,0,0,1,4550,4550,505.55555555555554,19,9120,0,120,0,0,1,0,0.99,4,0,0,0,0,0,0,0,0,0,0,0,0,0,,0.9,0.0
task_0007,family_01,template_01,0.5,0.5,9,B-RAG-EMBED,1,0,0,1,2500,2500,255.55555555555554,15,4870,150,120,5,1,1,0,0.99,4,0,0,0,0,0,0,0,0,0,0,1,1,0,,0.9,0.0
task_0007,family_01,template_01,0.5,0.5,9,B-STAGEHAND-CACHE,1,0,0,1,4550,4550,505.55555555555554,19,9120,0,120,0,0,1,0,0.99,4,0,0,0,0,0,0,0,0,0,0,1,0,0,,0.9,0.0
task_0007,family_01,template_01,0.5,0.5,9,B-TERX-REPLAY,1,0,0,1,4550,4550,505.55555555555554,19,9120,0,120,0,0,1,0,0.99,4,0,0,0,0,0,0,0,0,0,0,1,0,0,,0.9,0.0
task_0007,family_01,template_01,0.5,0.5,9,P-SPIDER-MEA-BATCHED,1,0,1,0,4920,4920,506.6666666666667,22,9325,150,120,0,0,1,0,0.0352,0,0,0,0,0,0,1,1,0,1,0,1,0,0,53e29b79f6fc859a,0.9,1.0
task_0007,family_01,template_01,0.5,0.5,9,NC1-SHUFFLED,1,0,0,1,4550,4550,500.0,19,9120,0,120,0,0,1,0,0.9879,4,0,0,0,0,0,0,0,0,0,0,0,0,0,,0.0,0.0
task_0007,family_01,template_01,0.5,0.5,9,NC2-RANDOM,1,0,0,1,4550,4550,500.0,19,9120,0,120,0,0,1,0,0.9748,4,0,0,0,0,0,0,0,0,0,0,0,0,0,,0.0,0.0
task_0007,family_01,template_01,0.5,0.5,9,NC3-LENGTH,1,0,0,1,4550,4550,500.0,19,9120,0,120,0,0,1,0,0.55,2,0,0,0,0,0,0,0,0,0,0,0,0,0,,0.0,0.0
task_0007,family_01,template_01,0.5,0.5,9,NC4-ABLATION,0,1,0,0,5000,5000,550.0,19,1200,0,120,9,1,0,0,0.0288,0,1,0,0,0,0,0,0,0,0,0,0,0,0,,0.0,0.0
task_0008,family_01,template_01,0.75,1.0,9,B-COLD,1,0,0,1,4550,4550,505.55555555555554,19,9120,0,120,0,0,1,0,0.99,4,0,0,0,0,0,0,0,0,0,0,0,0,0,,0.8285714285714285,0.0
task_0008,family_01,template_01,0.75,1.0,9,B-RAG-EMBED,1,0,0,1,4750,4750,505.55555555555554,20,9270,150,120,0,0,1,0,0.99,4,0,0,0,0,0,0,0,0,0,0,1,0,0,,0.8285714285714285,0.0
task_0008,family_01,template_01,0.75,1.0,9,B-STAGEHAND-CACHE,1,0,0,1,4550,4550,505.55555555555554,19,9120,0,120,0,0,1,0,0.99,4,0,0,0,0,0,0,0,0,0,0,1,0,0,,0.8285714285714285,0.0
task_0008,family_01,template_01,0.75,1.0,9,B-TERX-REPLAY,1,0,0,1,4550,4550,505.55555555555554,19,9120,0,120,0,0,1,0,0.99,4,0,0,0,0,0,0,0,0,0,0,1,0,0,,0.8285714285714285,0.0
task_0008,family_01,template_01,0.75,1.0,9,P-SPIDER-MEA-BATCHED,1,0,1,0,4880,4880,502.22222222222223,22,9235,150,30,0,0,1,0,0.0465,0,0,1,1,1,0,1,1,0,1,0,1,0,0,67340dc86f1f0fcc,0.8285714285714285,0.8571428571428571
task_0008,family_01,template_01,0.75,1.0,9,NC1-SHUFFLED,1,0,0,1,4550,4550,500.0,19,9120,0,120,0,0,1,0,0.9782,4,0,0,0,0,0,0,0,0,0,0,0,0,0,,0.0,0.0
task_0008,family_01,template_01,0.75,1.0,9,NC2-RANDOM,1,0,0,1,4550,4550,500.0,19,9120,0,120,0,0,1,0,0.9679,4,0,0,0,0,0,0,0,0,0,0,0,0,0,,0.0,0.0
task_0008,family_01,template_01,0.75,1.0,9,NC3-LENGTH,1,0,0,1,4550,4550,500.0,19,9120,0,120,0,0,1,0,0.55,2,0,0,0,0,0,0,0,0,0,0,0,0,0,,0.0,0.0
task_0008,family_01,template_01,0.75,1.0,9,NC4-ABLATION,1,0,0,1,5000,5000,550.0,19,1200,0,120,9,1,1,0,0.9707,4,0,0,0,0,0,0,0,0,0,0,0,0,0,,0.0,0.0
task_0009,family_01,template_01,1.0,1.0,9,B-COLD,1,0,0,1,4550,4550,505.55555555555554,19,9120,0,120,0,0,1,0,0.99,4,0,0,0,0,0,0,0,0,0,0,0,0,0,,0.8285714285714285,0.0
task_0009,family_01,template_01,1.0,1.0,9,B-RAG-EMBED,1,0,0,1,4750,4750,505.55555555555554,20,9270,150,120,0,0,1,0,0.99,4,0,0,0,0,0,0,0,0,0,0,1,0,0,,0.8285714285714285,0.0
task_0009,family_01,template_01,1.0,1.0,9,B-STAGEHAND-CACHE,1,0,0,1,4550,4550,505.55555555555554,19,9120,0,120,0,0,1,0,0.99,4,0,0,0,0,0,0,0,0,0,0,1,0,0,,0.8285714285714285,0.0
task_0009,family_01,template_01,1.0,1.0,9,B-TERX-REPLAY,1,0,0,1,4550,4550,505.55555555555554,19,9120,0,120,0,0,1,0,0.99,4,0,0,0,0,0,0,0,0,0,0,1,0,0,,0.8285714285714285,0.0
task_0009,family_01,template_01,1.0,1.0,9,P-SPIDER-MEA-BATCHED,1,0,1,1,4920,4920,506.6666666666667,22,9325,150,120,0,0,0,0,0.01,0,1,0,0,0,1,1,1,0,1,0,1,0,0,0ad2d4d832266018,0.8285714285714285,0.8571428571428571
task_0009,family_01,template_01,1.0,1.0,9,NC1-SHUFFLED,1,0,0,1,4550,4550,500.0,19,9120,0,120,0,0,1,0,0.9542,4,0,0,0,0,0,0,0,0,0,0,0,0,0,,0.0,0.0
task_0009,family_01,template_01,1.0,1.0,9,NC2-RANDOM,1,0,0,1,4550,4550,500.0,19,9120,0,120,0,0,1,0,0.99,4,0,0,0,0,0,0,0,0,0,0,0,0,0,,0.0,0.0
task_0009,family_01,template_01,1.0,1.0,9,NC3-LENGTH,1,0,0,1,4550,4550,500.0,19,9120,0,120,0,0,1,0,0.55,2,0,0,0,0,0,0,0,0,0,0,0,0,0,,0.0,0.0
task_0009,family_01,template_01,1.0,1.0,9,NC4-ABLATION,1,0,0,1,5000,5000,550.0,19,1200,0,120,9,1,1,0,0.9702,4,0,0,0,0,0,0,0,0,0,0,0,0,0,,0.0,0.0
task_0010,family_01,template_01,0.25,0.5,9,B-COLD,1,0,0,1,4550,4550,505.55555555555554,19,9120,0,120,0,0,1,0,0.99,4,0,0,0,0,0,0,0,0,0,0,0,0,0,,0.8928571428571428,0.0
task_0010,family_01,template_01,0.25,0.5,9,B-RAG-EMBED,1,0,0,1,2500,2500,255.55555555555554,15,4870,150,120,5,1,1,0,0.99,4,0,0,0,0,0,0,0,0,0,0,1,1,0,,0.8928571428571428,0.0
task_0010,family_01,template_01,0.25,0.5,9,B-STAGEHAND-CACHE,1,0,0,1,4550,4550,505.55555555555554,19,9120,0,120,0,0,1,0,0.99,4,0,0,0,0,0,0,0,0,0,0,1,0,0,,0.8928571428571428,0.0
task_0010,family_01,template_01,0.25,0.5,9,B-TERX-REPLAY,1,0,0,1,4550,4550,505.55555555555554,19,9120,0,120,0,0,1,0,0.99,4,0,0,0,0,0,0,0,0,0,0,1,0,0,,0.8928571428571428,0.0
task_0010,family_01,template_01,0.25,0.5,9,P-SPIDER-MEA-BATCHED,1,0,1,1,4920,4920,506.6666666666667,22,9325,150,120,0,0,0,0,0.01,0,1,0,0,0,1,1,1,0,1,0,1,0,0,0709c7454bc6d425,0.8928571428571428,1.0
task_0010,family_01,template_01,0.25,0.5,9,NC1-SHUFFLED,0,0,1,1,4550,4550,500.0,19,9120,0,120,0,0,1,0,0.01,0,0,0,0,0,1,0,0,0,0,0,0,0,0,,0.0,0.0
task_0010,family_01,template_01,0.25,0.5,9,NC2-RANDOM,1,0,0,1,4550,4550,500.0,19,9120,0,120,0,0,1,0,0.99,4,0,0,0,0,0,0,0,0,0,0,0,0,0,,0.0,0.0
task_0010,family_01,template_01,0.25,0.5,9,NC3-LENGTH,1,0,0,1,4550,4550,500.0,19,9120,0,120,0,0,1,0,0.55,2,0,0,0,0,0,0,0,0,0,0,0,0,0,,0.0,0.0
task_0010,family_01,template_01,0.25,0.5,9,NC4-ABLATION,1,0,0,1,5000,5000,550.0,19,1200,0,120,9,1,1,0,0.9561,4,0,0,0,0,0,0,0,0,0,0,0,0,0,,0.0,0.0
task_0011,family_01,template_01,0.5,0.5,9,B-COLD,1,0,0,1,4550,4550,505.55555555555554,19,9120,0,120,0,0,1,0,0.99,4,0,0,0,0,0,0,0,0,0,0,0,0,0,,0.8115384615384615,0.0
task_0011,family_01,template_01,0.5,0.5,9,B-RAG-EMBED,1,0,0,1,2500,2500,255.55555555555554,15,4870,150,120,5,1,1,0,0.99,4,0,0,0,0,0,0,0,0,0,0,1,1,0,,0.8115384615384615,0.0
task_0011,family_01,template_01,0.5,0.5,9,B-STAGEHAND-CACHE,1,0,0,1,4550,4550,505.55555555555554,19,9120,0,120,0,0,1,0,0.99,4,0,0,0,0,0,0,0,0,0,0,1,0,0,,0.8115384615384615,0.0
task_0011,family_01,template_01,0.5,0.5,9,B-TERX-REPLAY,1,0,0,1,4550,4550,505.55555555555554,19,9120,0,120,0,0,1,0,0.99,4,0,0,0,0,0,0,0,0,0,0,1,0,0,,0.8115384615384615,0.0
task_0011,family_01,template_01,0.5,0.5,9,P-SPIDER-MEA-BATCHED,1,0,1,1,4920,4920,506.6666666666667,22,9325,150,120,0,0,0,0,0.01,0,1,0,0,0,1,1,1,0,1,0,1,0,0,bc9d32379b0266fd,0.8115384615384615,0.9230769230769231
task_0011,family_01,template_01,0.5,0.5,9,NC1-SHUFFLED,1,0,0,1,4550,4550,500.0,19,9120,0,120,0,0,1,0,0.99,4,0,0,0,0,0,0,0,0,0,0,0,0,0,,0.0,0.0
task_0011,family_01,template_01,0.5,0.5,9,NC2-RANDOM,1,0,0,1,4550,4550,500.0,19,9120,0,120,0,0,1,0,0.9732,4,0,0,0,0,0,0,0,0,0,0,0,0,0,,0.0,0.0
task_0011,family_01,template_01,0.5,0.5,9,NC3-LENGTH,1,0,0,1,4550,4550,500.0,19,9120,0,120,0,0,1,0,0.55,2,0,0,0,0,0,0,0,0,0,0,0,0,0,,0.0,0.0
task_0011,family_01,template_01,0.5,0.5,9,NC4-ABLATION,1,0,0,1,5000,5000,550.0,19,1200,0,120,9,1,1,0,0.9884,4,0,0,0,0,0,0,0,0,0,0,0,0,0,,0.0,0.0
task_0012,family_02,template_02,0.0,0.0,10,B-COLD,1,0,0,1,5050,5050,505.0,21,10120,0,120,0,0,1,0,0.99,4,0,0,0,0,0,0,0,0,0,0,0,0,0,,1.0,0.0
task_0012,family_02,template_02,0.0,0.0,10,B-RAG-EMBED,1,0,0,1,750,750,55.0,12,1470,150,120,10,1,1,0,0.99,4,0,0,0,0,0,0,0,0,0,0,1,1,0,,1.0,0.0
task_0012,family_02,template_02,0.0,0.0,10,B-STAGEHAND-CACHE,1,0,0,1,550,550,55.0,11,1320,0,120,10,1,1,0,0.99,4,0,0,0,0,0,0,0,0,0,0,1,1,0,,1.0,0.0
task_0012,family_02,template_02,0.0,0.0,10,B-TERX-REPLAY,1,0,0,1,550,550,55.0,11,1320,0,120,10,1,1,0,0.99,4,0,0,0,0,0,0,0,0,0,0,1,1,0,,1.0,0.0
task_0012,family_02,template_02,0.0,0.0,10,P-SPIDER-MEA-BATCHED,1,0,1,0,5470,5470,511.0,24,10300,150,30,0,0,1,0,0.0342,0,0,1,1,1,0,1,1,0,0,1,1,0,0,ba1821a13ea40f97,1.0,1.0
task_0012,family_02,template_02,0.0,0.0,10,NC1-SHUFFLED,0,0,1,1,5050,5050,500.0,21,10120,0,120,0,0,1,0,0.01,0,0,0,0,0,1,0,0,0,0,0,0,0,0,,0.0,0.0
task_0012,family_02,template_02,0.0,0.0,10,NC2-RANDOM,1,0,0,1,5050,5050,500.0,21,10120,0,120,0,0,1,0,0.99,4,0,0,0,0,0,0,0,0,0,0,0,0,0,,0.0,0.0
task_0012,family_02,template_02,0.0,0.0,10,NC3-LENGTH,1,0,0,1,5050,5050,500.0,21,10120,0,120,0,0,1,0,0.55,2,0,0,0,0,0,0,0,0,0,0,0,0,0,,0.0,0.0
task_0012,family_02,template_02,0.0,0.0,10,NC4-ABLATION,0,1,0,0,5550,5550,550.0,21,1320,0,120,10,1,0,0,0.01,0,1,0,0,0,0,0,0,0,0,0,0,0,0,,0.0,0.0
task_0013,family_02,template_02,0.75,0.6667,10,B-COLD,1,0,0,1,5050,5050,505.0,21,10120,0,120,0,0,1,0,0.99,4,0,0,0,0,0,0,0,0,0,0,0,0,0,,0.888888888888889,0.0
task_0013,family_02,template_02,0.75,0.6667,10,B-RAG-EMBED,1,0,0,1,3900,3900,370.0,19,7630,150,120,3,1,1,0,0.99,4,0,0,0,0,0,0,0,0,0,0,1,1,0,,0.888888888888889,0.0
task_0013,family_02,template_02,0.75,0.6667,10,B-STAGEHAND-CACHE,1,0,0,1,5050,5050,505.0,21,10120,0,120,0,0,1,0,0.99,4,0,0,0,0,0,0,0,0,0,0,1,0,0,,0.888888888888889,0.0
task_0013,family_02,template_02,0.75,0.6667,10,B-TERX-REPLAY,1,0,0,1,5050,5050,505.0,21,10120,0,120,0,0,1,0,0.99,4,0,0,0,0,0,0,0,0,0,0,1,0,0,,0.888888888888889,0.0
task_0013,family_02,template_02,0.75,0.6667,10,P-SPIDER-MEA-BATCHED,1,0,1,0,5420,5420,506.0,24,10325,150,120,0,0,1,0,0.01,0,0,0,0,0,0,1,1,0,1,0,1,0,0,e824cce510884a8d,0.888888888888889,1.0
task_0013,family_02,template_02,0.75,0.6667,10,NC1-SHUFFLED,0,0,1,0,5050,5050,500.0,21,10120,0,120,0,0,0,0,0.01,0,1,0,0,0,1,0,0,0,0,0,0,0,0,,0.0,0.0
task_0013,family_02,template_02,0.75,0.6667,10,NC2-RANDOM,0,1,0,0,5050,5050,500.0,21,10120,0,120,0,0,0,0,0.01,0,1,0,0,0,0,0,0,0,0,0,0,0,0,,0.0,0.0
task_0013,family_02,template_02,0.75,0.6667,10,NC3-LENGTH,1,0,0,1,5050,5050,500.0,21,10120,0,120,0,0,1,0,0.55,2,0,0,0,0,0,0,0,0,0,0,0,0,0,,0.0,0.0
task_0013,family_02,template_02,0.75,0.6667,10,NC4-ABLATION,1,0,0,1,5550,5550,550.0,21,1320,0,120,10,1,1,0,0.99,4,0,0,0,0,0,0,0,0,0,0,0,0,0,,0.0,0.0
task_0014,family_02,template_02,1.0,1.0,10,B-COLD,1,0,0,1,5050,5050,505.0,21,10120,0,120,0,0,1,0,0.9541,4,0,0,0,0,0,0,0,0,0,0,0,0,0,,0.8444444444444444,0.0
task_0014,family_02,template_02,1.0,1.0,10,B-RAG-EMBED,1,0,0,1,5250,5250,505.0,22,10270,150,120,0,0,1,0,0.9541,4,0,0,0,0,0,0,0,0,0,0,1,0,0,,0.8444444444444444,0.0
task_0014,family_02,template_02,1.0,1.0,10,B-STAGEHAND-CACHE,1,0,0,1,5050,5050,505.0,21,10120,0,120,0,0,1,0,0.9541,4,0,0,0,0,0,0,0,0,0,0,1,0,0,,0.8444444444444444,0.0
task_0014,family_02,template_02,1.0,1.0,10,B-TERX-REPLAY,1,0,0,1,5050,5050,505.0,21,10120,0,120,0,0,1,0,0.9541,4,0,0,0,0,0,0,0,0,0,0,1,0,0,,0.8444444444444444,0.0
task_0014,family_02,template_02,1.0,1.0,10,P-SPIDER-MEA-BATCHED,1,0,1,0,5380,5380,502.0,24,10235,150,30,0,0,1,0,0.01,0,0,1,1,1,0,1,1,0,1,0,1,0,0,65450c06f914021b,0.8444444444444444,0.8666666666666667
task_0014,family_02,template_02,1.0,1.0,10,NC1-SHUFFLED,0,0,1,1,5050,5050,500.0,21,10120,0,120,0,0,1,0,0.01,0,0,0,0,0,1,0,0,0,0,0,0,0,0,,0.0,0.0
task_0014,family_02,template_02,1.0,1.0,10,NC2-RANDOM,1,0,0,1,5050,5050,500.0,21,10120,0,120,0,0,1,0,0.99,4,0,0,0,0,0,0,0,0,0,0,0,0,0,,0.0,0.0
task_0014,family_02,template_02,1.0,1.0,10,NC3-LENGTH,1,0,0,1,5050,5050,500.0,21,10120,0,120,0,0,1,0,0.55,2,0,0,0,0,0,0,0,0,0,0,0,0,0,,0.0,0.0
task_0014,family_02,template_02,1.0,1.0,10,NC4-ABLATION,1,0,0,1,5550,5550,550.0,21,1320,0,120,10,1,1,0,0.99,4,0,0,0,0,0,0,0,0,0,0,0,0,0,,0.0,0.0
task_0015,family_02,template_02,0.25,0.3333,10,B-COLD,1,0,0,1,5050,5050,505.0,21,10120,0,120,0,0,1,0,0.9516,4,0,0,0,0,0,0,0,0,0,0,0,0,0,,0.9333333333333333,0.0
task_0015,family_02,template_02,0.25,0.3333,10,B-RAG-EMBED,1,0,0,1,2100,2100,190.0,15,4110,150,120,7,1,1,0,0.9516,4,0,0,0,0,0,0,0,0,0,0,1,1,0,,0.9333333333333333,0.0
task_0015,family_02,template_02,0.25,0.3333,10,B-STAGEHAND-CACHE,1,0,0,1,5050,5050,505.0,21,10120,0,120,0,0,1,0,0.9516,4,0,0,0,0,0,0,0,0,0,0,1,0,0,,0.9333333333333333,0.0
task_0015,family_02,template_02,0.25,0.3333,10,B-TERX-REPLAY,1,0,0,1,5050,5050,505.0,21,10120,0,120,0,0,1,0,0.9516,4,0,0,0,0,0,0,0,0,0,0,1,0,0,,0.9333333333333333,0.0
task_0015,family_02,template_02,0.25,0.3333,10,P-SPIDER-MEA-BATCHED,1,0,1,0,5380,5380,502.0,24,10235,150,30,0,0,1,0,0.0453,0,0,1,1,1,0,1,1,0,1,0,1,0,0,155b88ec3498d03c,0.9333333333333333,1.0
task_0015,family_02,template_02,0.25,0.3333,10,NC1-SHUFFLED,0,0,1,1,5050,5050,500.0,21,10120,0,120,0,0,1,0,0.0204,0,0,0,0,0,1,0,0,0,0,0,0,0,0,,0.0,0.0
task_0015,family_02,template_02,0.25,0.3333,10,NC2-RANDOM,1,0,0,1,5050,5050,500.0,21,10120,0,120,0,0,1,0,0.99,4,0,0,0,0,0,0,0,0,0,0,0,0,0,,0.0,0.0
task_0015,family_02,template_02,0.25,0.3333,10,NC3-LENGTH,1,0,0,1,5050,5050,500.0,21,10120,0,120,0,0,1,0,0.55,2,0,0,0,0,0,0,0,0,0,0,0,0,0,,0.0,0.0
task_0015,family_02,template_02,0.25,0.3333,10,NC4-ABLATION,1,0,0,1,5550,5550,550.0,21,1320,0,120,10,1,1,0,0.99,4,0,0,0,0,0,0,0,0,0,0,0,0,0,,0.0,0.0
task_0016,family_02,template_02,0.5,0.6667,10,B-COLD,1,0,0,1,5050,5050,505.0,21,10120,0,120,0,0,1,0,0.9871,4,0,0,0,0,0,0,0,0,0,0,0,0,0,,0.8666666666666667,0.0
task_0016,family_02,template_02,0.5,0.6667,10,B-RAG-EMBED,1,0,0,1,3900,3900,370.0,19,7630,150,120,3,1,1,0,0.9871,4,0,0,0,0,0,0,0,0,0,0,1,1,0,,0.8666666666666667,0.0
task_0016,family_02,template_02,0.5,0.6667,10,B-STAGEHAND-CACHE,1,0,0,1,5050,5050,505.0,21,10120,0,120,0,0,1,0,0.9871,4,0,0,0,0,0,0,0,0,0,0,1,0,0,,0.8666666666666667,0.0
task_0016,family_02,template_02,0.5,0.6667,10,B-TERX-REPLAY,1,0,0,1,5050,5050,505.0,21,10120,0,120,0,0,1,0,0.9871,4,0,0,0,0,0,0,0,0,0,0,1,0,0,,0.8666666666666667,0.0
task_0016,family_02,template_02,0.5,0.6667,10,P-SPIDER-MEA-BATCHED,1,0,1,0,5420,5420,506.0,24,10325,150,120,0,0,1,0,0.0169,0,0,0,0,0,0,1,1,0,1,0,1,0,0,9e36d794e3fc3fe0,0.8666666666666667,1.0
task_0016,family_02,template_02,0.5,0.6667,10,NC1-SHUFFLED,1,0,0,1,5050,5050,500.0,21,10120,0,120,0,0,1,0,0.99,4,0,0,0,0,0,0,0,0,0,0,0,0,0,,0.0,0.0
task_0016,family_02,template_02,0.5,0.6667,10,NC2-RANDOM,1,0,0,1,5050,5050,500.0,21,10120,0,120,0,0,1,0,0.99,4,0,0,0,0,0,0,0,0,0,0,0,0,0,,0.0,0.0
task_0016,family_02,template_02,0.5,0.6667,10,NC3-LENGTH,1,0,0,1,5050,5050,500.0,21,10120,0,120,0,0,1,0,0.55,2,0,0,0,0,0,0,0,0,0,0,0,0,0,,0.0,0.0
task_0016,family_02,template_02,0.5,0.6667,10,NC4-ABLATION,1,0,0,1,5550,5550,550.0,21,1320,0,120,10,1,1,0,0.99,4,0,0,0,0,0,0,0,0,0,0,0,0,0,,0.0,0.0
task_0017,family_02,template_02,0.75,0.6667,10,B-COLD,1,0,0,1,5050,5050,505.0,21,10120,0,120,0,0,1,0,0.99,4,0,0,0,0,0,0,0,0,0,0,0,0,0,,0.8296296296296296,0.0
task_0017,family_02,template_02,0.75,0.6667,10,B-RAG-EMBED,1,0,0,1,3900,3900,370.0,19,7630,150,120,3,1,1,0,0.99,4,0,0,0,0,0,0,0,0,0,0,1,1,0,,0.8296296296296296,0.0
task_0017,family_02,template_02,0.75,0.6667,10,B-STAGEHAND-CACHE,1,0,0,1,5050,5050,505.0,21,10120,0,120,0,0,1,0,0.99,4,0,0,0,0,0,0,0,0,0,0,1,0,0,,0.8296296296296296,0.0
task_0017,family_02,template_02,0.75,0.6667,10,B-TERX-REPLAY,1,0,0,1,5050,5050,505.0,21,10120,0,120,0,0,1,0,0.99,4,0,0,0,0,0,0,0,0,0,0,1,0,0,,0.8296296296296296,0.0
task_0017,family_02,template_02,0.75,0.6667,10,P-SPIDER-MEA-BATCHED,1,0,1,0,5420,5420,506.0,24,10325,150,120,0,0,1,0,0.01,0,0,0,0,0,0,1,1,0,1,0,1,0,0,1d1882298ed38e38,0.8296296296296296,0.8888888888888888
task_0017,family_02,template_02,0.75,0.6667,10,NC1-SHUFFLED,0,0,1,1,5050,5050,500.0,21,10120,0,120,0,0,1,0,0.01,0,0,0,0,0,1,0,0,0,0,0,0,0,0,,0.0,0.0
task_0017,family_02,template_02,0.75,0.6667,10,NC2-RANDOM,1,0,0,1,5050,5050,500.0,21,10120,0,120,0,0,1,0,0.99,4,0,0,0,0,0,0,0,0,0,0,0,0,0,,0.0,0.0
task_0017,family_02,template_02,0.75,0.6667,10,NC3-LENGTH,1,0,0,1,5050,5050,500.0,21,10120,0,120,0,0,1,0,0.55,2,0,0,0,0,0,0,0,0,0,0,0,0,0,,0.0,0.0
task_0017,family_02,template_02,0.75,0.6667,10,NC4-ABLATION,1,0,0,1,5550,5550,550.0,21,1320,0,120,10,1,1,0,0.9698,4,0,0,0,0,0,0,0,0,0,0,0,0,0,,0.0,0.0
task_0018,family_03,template_03,0.0,0.0,11,B-COLD,1,0,0,1,5550,5550,504.54545454545456,23,11120,0,120,0,0,1,0,0.99,4,0,0,0,0,0,0,0,0,0,0,0,0,0,,1.0,0.0
task_0018,family_03,template_03,0.0,0.0,11,B-RAG-EMBED,1,0,0,1,800,800,54.54545454545455,13,1590,150,120,11,1,1,0,0.99,4,0,0,0,0,0,0,0,0,0,0,1,1,0,,1.0,0.0
task_0018,family_03,template_03,0.0,0.0,11,B-STAGEHAND-CACHE,1,0,0,1,600,600,54.54545454545455,12,1440,0,120,11,1,1,0,0.99,4,0,0,0,0,0,0,0,0,0,0,1,1,0,,1.0,0.0
task_0018,family_03,template_03,0.0,0.0,11,B-TERX-REPLAY,1,0,0,1,600,600,54.54545454545455,12,1440,0,120,11,1,1,0,0.99,4,0,0,0,0,0,0,0,0,0,0,1,1,0,,1.0,0.0
task_0018,family_03,template_03,0.0,0.0,11,P-SPIDER-MEA-BATCHED,1,0,1,0,6010,6010,513.6363636363636,26,11390,150,120,0,0,1,0,0.0185,0,0,0,0,0,0,1,1,0,0,1,1,0,0,c11f993d32811e90,1.0,1.0
task_0018,family_03,template_03,0.0,0.0,11,NC1-SHUFFLED,0,0,1,1,5550,5550,500.0,23,11120,0,120,0,0,1,0,0.0141,0,0,0,0,0,1,0,0,0,0,0,0,0,0,,0.0,0.0
task_0018,family_03,template_03,0.0,0.0,11,NC2-RANDOM,1,0,0,1,5550,5550,500.0,23,11120,0,120,0,0,1,0,0.99,4,0,0,0,0,0,0,0,0,0,0,0,0,0,,0.0,0.0
task_0018,family_03,template_03,0.0,0.0,11,NC3-LENGTH,1,0,0,1,5550,5550,500.0,23,11120,0,120,0,0,1,0,0.55,2,0,0,0,0,0,0,0,0,0,0,0,0,0,,0.0,0.0
task_0018,family_03,template_03,0.0,0.0,11,NC4-ABLATION,0,1,0,0,6100,6100,550.0,23,1440,0,120,11,1,0,0,0.01,0,1,0,0,0,0,0,0,0,0,0,0,0,0,,0.0,0.0
task_0019,family_03,template_03,1.0,1.0,11,B-COLD,1,0,0,1,5550,5550,504.54545454545456,23,11120,0,120,0,0,1,0,0.99,4,0,0,0,0,0,0,0,0,0,0,0,0,0,,0.8,0.0
task_0019,family_03,template_03,1.0,1.0,11,B-RAG-EMBED,1,0,0,1,5750,5750,504.54545454545456,24,11270,150,120,0,0,1,0,0.99,4,0,0,0,0,0,0,0,0,0,0,1,0,0,,0.8,0.0
task_0019,family_03,template_03,1.0,1.0,11,B-STAGEHAND-CACHE,1,0,0,1,5550,5550,504.54545454545456,23,11120,0,120,0,0,1,0,0.99,4,0,0,0,0,0,0,0,0,0,0,1,0,0,,0.8,0.0
task_0019,family_03,template_03,1.0,1.0,11,B-TERX-REPLAY,1,0,0,1,5550,5550,504.54545454545456,23,11120,0,120,0,0,1,0,0.99,4,0,0,0,0,0,0,0,0,0,0,1,0,0,,0.8,0.0
task_0019,family_03,template_03,1.0,1.0,11,P-SPIDER-MEA-BATCHED,1,0,1,1,5880,5880,501.8181818181818,26,11235,150,30,0,0,0,0,0.01,0,1,1,1,1,1,1,1,0,1,0,1,0,0,b7684f24b28c5a50,0.8,0.8
task_0019,family_03,template_03,1.0,1.0,11,NC1-SHUFFLED,0,0,1,1,5550,5550,500.0,23,11120,0,120,0,0,1,0,0.01,0,0,0,0,0,1,0,0,0,0,0,0,0,0,,0.0,0.0
task_0019,family_03,template_03,1.0,1.0,11,NC2-RANDOM,1,0,0,1,5550,5550,500.0,23,11120,0,120,0,0,1,0,0.99,4,0,0,0,0,0,0,0,0,0,0,0,0,0,,0.0,0.0
task_0019,family_03,template_03,1.0,1.0,11,NC3-LENGTH,1,0,0,1,5550,5550,500.0,23,11120,0,120,0,0,1,0,0.55,2,0,0,0,0,0,0,0,0,0,0,0,0,0,,0.0,0.0
task_0019,family_03,template_03,1.0,1.0,11,NC4-ABLATION,1,0,0,1,6100,6100,550.0,23,1440,0,120,11,1,1,0,0.99,4,0,0,0,0,0,0,0,0,0,0,0,0,0,,0.0,0.0
task_0020,family_03,template_03,0.25,0.0,11,B-COLD,1,0,0,1,5550,5550,504.54545454545456,23,11120,0,120,0,0,1,0,0.99,4,0,0,0,0,0,0,0,0,0,0,0,0,0,,1.0,0.0
task_0020,family_03,template_03,0.25,0.0,11,B-RAG-EMBED,1,0,0,1,800,800,54.54545454545455,13,1590,150,120,11,1,1,0,0.99,4,0,0,0,0,0,0,0,0,0,0,1,1,0,,1.0,0.0
task_0020,family_03,template_03,0.25,0.0,11,B-STAGEHAND-CACHE,1,0,0,1,5550,5550,504.54545454545456,23,11120,0,120,0,0,1,0,0.99,4,0,0,0,0,0,0,0,0,0,0,1,0,0,,1.0,0.0
task_0020,family_03,template_03,0.25,0.0,11,B-TERX-REPLAY,1,0,0,1,5550,5550,504.54545454545456,23,11120,0,120,0,0,1,0,0.99,4,0,0,0,0,0,0,0,0,0,0,1,0,0,,1.0,0.0
task_0020,family_03,template_03,0.25,0.0,11,P-SPIDER-MEA-BATCHED,1,0,1,0,5920,5920,505.45454545454544,26,11325,150,120,0,0,1,0,0.01,0,0,0,0,0,0,1,1,0,1,0,1,0,0,2af278d655c93d1a,1.0,1.0
task_0020,family_03,template_03,0.25,0.0,11,NC1-SHUFFLED,1,0,0,1,5550,5550,500.0,23,11120,0,120,0,0,1,0,0.9873,4,0,0,0,0,0,0,0,0,0,0,0,0,0,,0.0,0.0
task_0020,family_03,template_03,0.25,0.0,11,NC2-RANDOM,1,0,0,1,5550,5550,500.0,23,11120,0,120,0,0,1,0,0.99,4,0,0,0,0,0,0,0,0,0,0,0,0,0,,0.0,0.0
task_0020,family_03,template_03,0.25,0.0,11,NC3-LENGTH,1,0,0,1,5550,5550,500.0,23,11120,0,120,0,0,1,0,0.55,2,0,0,0,0,0,0,0,0,0,0,0,0,0,,0.0,0.0
task_0020,family_03,template_03,0.25,0.0,11,NC4-ABLATION,1,0,0,1,6100,6100,550.0,23,1440,0,120,11,1,1,0,0.9841,4,0,0,0,0,0,0,0,0,0,0,0,0,0,,0.0,0.0
task_0021,family_03,template_03,0.5,1.0,11,B-COLD,1,0,0,1,5550,5550,504.54545454545456,23,11120,0,120,0,0,1,0,0.99,4,0,0,0,0,0,0,0,0,0,0,0,0,0,,0.8,0.0
task_0021,family_03,template_03,0.5,1.0,11,B-RAG-EMBED,1,0,0,1,5750,5750,504.54545454545456,24,11270,150,120,0,0,1,0,0.99,4,0,0,0,0,0,0,0,0,0,0,1,0,0,,0.8,0.0
task_0021,family_03,template_03,0.5,1.0,11,B-STAGEHAND-CACHE,1,0,0,1,5550,5550,504.54545454545456,23,11120,0,120,0,0,1,0,0.99,4,0,0,0,0,0,0,0,0,0,0,1,0,0,,0.8,0.0
task_0021,family_03,template_03,0.5,1.0,11,B-TERX-REPLAY,1,0,0,1,5550,5550,504.54545454545456,23,11120,0,120,0,0,1,0,0.99,4,0,0,0,0,0,0,0,0,0,0,1,0,0,,0.8,0.0
task_0021,family_03,template_03,0.5,1.0,11,P-SPIDER-MEA-BATCHED,1,0,1,0,5920,5920,505.45454545454544,26,11325,150,120,0,0,1,0,0.01,0,0,0,0,0,0,1,1,0,1,0,1,0,0,44f9dced109ccdcd,0.8,0.8
task_0021,family_03,template_03,0.5,1.0,11,NC1-SHUFFLED,0,0,1,0,5550,5550,500.0,23,11120,0,120,0,0,0,0,0.01,0,1,0,0,0,1,0,0,0,0,0,0,0,0,,0.0,0.0
task_0021,family_03,template_03,0.5,1.0,11,NC2-RANDOM,0,1,0,0,5550,5550,500.0,23,11120,0,120,0,0,0,0,0.01,0,1,0,0,0,0,0,0,0,0,0,0,0,0,,0.0,0.0
task_0021,family_03,template_03,0.5,1.0,11,NC3-LENGTH,1,0,0,1,5550,5550,500.0,23,11120,0,120,0,0,1,0,0.55,2,0,0,0,0,0,0,0,0,0,0,0,0,0,,0.0,0.0
task_0021,family_03,template_03,0.5,1.0,11,NC4-ABLATION,1,0,0,1,6100,6100,550.0,23,1440,0,120,11,1,1,0,0.99,4,0,0,0,0,0,0,0,0,0,0,0,0,0,,0.0,0.0
task_0022,family_03,template_03,0.75,1.0,11,B-COLD,1,0,0,1,5550,5550,504.54545454545456,23,11120,0,120,0,0,1,0,0.99,4,0,0,0,0,0,0,0,0,0,0,0,0,0,,0.8,0.0
task_0022,family_03,template_03,0.75,1.0,11,B-RAG-EMBED,1,0,0,1,5750,5750,504.54545454545456,24,11270,150,120,0,0,1,0,0.99,4,0,0,0,0,0,0,0,0,0,0,1,0,0,,0.8,0.0
task_0022,family_03,template_03,0.75,1.0,11,B-STAGEHAND-CACHE,1,0,0,1,5550,5550,504.54545454545456,23,11120,0,120,0,0,1,0,0.99,4,0,0,0,0,0,0,0,0,0,0,1,0,0,,0.8,0.0
task_0022,family_03,template_03,0.75,1.0,11,B-TERX-REPLAY,1,0,0,1,5550,5550,504.54545454545456,23,11120,0,120,0,0,1,0,0.99,4,0,0,0,0,0,0,0,0,0,0,1,0,0,,0.8,0.0
task_0022,family_03,template_03,0.75,1.0,11,P-SPIDER-MEA-BATCHED,1,0,1,0,5920,5920,505.45454545454544,26,11325,150,120,0,0,1,0,0.01,0,0,0,0,0,0,1,1,0,1,0,1,0,0,48f67eff14187be1,0.8,0.8
task_0022,family_03,template_03,0.75,1.0,11,NC1-SHUFFLED,0,0,1,0,5550,5550,500.0,23,11120,0,120,0,0,0,0,0.01,0,1,0,0,0,1,0,0,0,0,0,0,0,0,,0.0,0.0
task_0022,family_03,template_03,0.75,1.0,11,NC2-RANDOM,0,1,0,0,5550,5550,500.0,23,11120,0,120,0,0,0,0,0.01,0,1,0,0,0,0,0,0,0,0,0,0,0,0,,0.0,0.0
task_0022,family_03,template_03,0.75,1.0,11,NC3-LENGTH,1,0,0,1,5550,5550,500.0,23,11120,0,120,0,0,1,0,0.55,2,0,0,0,0,0,0,0,0,0,0,0,0,0,,0.0,0.0
task_0022,family_03,template_03,0.75,1.0,11,NC4-ABLATION,0,1,0,0,6100,6100,550.0,23,1440,0,120,11,1,0,0,0.01,0,1,0,0,0,0,0,0,0,0,0,0,0,0,,0.0,0.0
task_0023,family_03,template_03,1.0,1.0,11,B-COLD,1,0,0,1,5550,5550,504.54545454545456,23,11120,0,120,0,0,1,0,0.99,4,0,0,0,0,0,0,0,0,0,0,0,0,0,,0.7,0.0
task_0023,family_03,template_03,1.0,1.0,11,B-RAG-EMBED,1,0,0,1,5750,5750,504.54545454545456,24,11270,150,120,0,0,1,0,0.99,4,0,0,0,0,0,0,0,0,0,0,1,0,0,,0.7,0.0
task_0023,family_03,template_03,1.0,1.0,11,B-STAGEHAND-CACHE,1,0,0,1,5550,5550,504.54545454545456,23,11120,0,120,0,0,1,0,0.99,4,0,0,0,0,0,0,0,0,0,0,1,0,0,,0.7,0.0
task_0023,family_03,template_03,1.0,1.0,11,B-TERX-REPLAY,1,0,0,1,5550,5550,504.54545454545456,23,11120,0,120,0,0,1,0,0.99,4,0,0,0,0,0,0,0,0,0,0,1,0,0,,0.7,0.0
task_0023,family_03,template_03,1.0,1.0,11,P-SPIDER-MEA-BATCHED,1,0,1,0,5920,5920,505.45454545454544,26,11325,150,120,0,0,1,0,0.0374,0,0,0,0,0,0,1,1,0,1,0,1,0,0,969050a5d1b58e16,0.7,0.7
task_0023,family_03,template_03,1.0,1.0,11,NC1-SHUFFLED,0,0,1,1,5550,5550,500.0,23,11120,0,120,0,0,1,0,0.01,0,0,0,0,0,1,0,0,0,0,0,0,0,0,,0.0,0.0
task_0023,family_03,template_03,1.0,1.0,11,NC2-RANDOM,1,0,0,1,5550,5550,500.0,23,11120,0,120,0,0,1,0,0.99,4,0,0,0,0,0,0,0,0,0,0,0,0,0,,0.0,0.0
task_0023,family_03,template_03,1.0,1.0,11,NC3-LENGTH,1,0,0,1,5550,5550,500.0,23,11120,0,120,0,0,1,0,0.55,2,0,0,0,0,0,0,0,0,0,0,0,0,0,,0.0,0.0
task_0023,family_03,template_03,1.0,1.0,11,NC4-ABLATION,0,1,0,0,6100,6100,550.0,23,1440,0,120,11,1,0,0,0.038,0,1,0,0,0,0,0,0,0,0,0,0,0,0,,0.0,0.0
task_0024,family_04,template_04,0.0,0.0,12,B-COLD,1,0,0,1,6050,6050,504.1666666666667,25,12120,0,120,0,0,1,0,0.9541,4,0,0,0,0,0,0,0,0,0,0,0,0,0,,1.0,0.0
task_0024,family_04,template_04,0.0,0.0,12,B-RAG-EMBED,1,0,0,1,850,850,54.166666666666664,14,1710,150,120,12,1,1,0,0.9541,4,0,0,0,0,0,0,0,0,0,0,1,1,0,,1.0,0.0
task_0024,family_04,template_04,0.0,0.0,12,B-STAGEHAND-CACHE,1,0,0,1,650,650,54.166666666666664,13,1560,0,120,12,1,1,0,0.9541,4,0,0,0,0,0,0,0,0,0,0,1,1,0,,1.0,0.0
task_0024,family_04,template_04,0.0,0.0,12,B-TERX-REPLAY,1,0,0,1,650,650,54.166666666666664,13,1560,0,120,12,1,1,0,0.9541,4,0,0,0,0,0,0,0,0,0,0,1,1,0,,1.0,0.0
task_0024,family_04,template_04,0.0,0.0,12,P-SPIDER-MEA-BATCHED,1,0,1,0,6470,6470,509.1666666666667,28,12300,150,30,0,0,1,0,0.0475,0,0,1,1,1,0,1,1,0,0,1,1,0,0,2e26f8cbfb8e924b,1.0,1.0
task_0024,family_04,template_04,0.0,0.0,12,NC1-SHUFFLED,0,0,1,0,6050,6050,500.0,25,12120,0,120,0,0,0,0,0.01,0,1,0,0,0,1,0,0,0,0,0,0,0,0,,0.0,0.0
task_0024,family_04,template_04,0.0,0.0,12,NC2-RANDOM,0,1,0,0,6050,6050,500.0,25,12120,0,120,0,0,0,0,0.01,0,1,0,0,0,0,0,0,0,0,0,0,0,0,,0.0,0.0
task_0024,family_04,template_04,0.0,0.0,12,NC3-LENGTH,1,0,0,1,6050,6050,500.0,25,12120,0,120,0,0,1,0,0.55,2,0,0,0,0,0,0,0,0,0,0,0,0,0,,0.0,0.0
task_0024,family_04,template_04,0.0,0.0,12,NC4-ABLATION,1,0,0,1,6650,6650,550.0,25,1560,0,120,12,1,1,0,0.99,4,0,0,0,0,0,0,0,0,0,0,0,0,0,,0.0,0.0
task_0025,family_04,template_04,0.25,0.5,12,B-COLD,1,0,0,1,6050,6050,504.1666666666667,25,12120,0,120,0,0,1,0,0.9757,4,0,0,0,0,0,0,0,0,0,0,0,0,0,,0.9333333333333333,0.0
task_0025,family_04,template_04,0.25,0.5,12,B-RAG-EMBED,1,0,0,1,3550,3550,279.1666666666667,20,6990,150,120,6,1,1,0,0.9757,4,0,0,0,0,0,0,0,0,0,0,1,1,0,,0.9333333333333333,0.0
task_0025,family_04,template_04,0.25,0.5,12,B-STAGEHAND-CACHE,1,0,0,1,6050,6050,504.1666666666667,25,12120,0,120,0,0,1,0,0.9757,4,0,0,0,0,0,0,0,0,0,0,1,0,0,,0.9333333333333333,0.0
task_0025,family_04,template_04,0.25,0.5,12,B-TERX-REPLAY,1,0,0,1,6050,6050,504.1666666666667,25,12120,0,120,0,0,1,0,0.9757,4,0,0,0,0,0,0,0,0,0,0,1,0,0,,0.9333333333333333,0.0
task_0025,family_04,template_04,0.25,0.5,12,P-SPIDER-MEA-BATCHED,1,0,1,0,6380,6380,501.6666666666667,28,12235,150,30,0,0,1,0,0.01,0,0,1,1,1,0,1,1,0,1,0,1,0,0,019698816cc10a8c,0.9333333333333333,1.0
task_0025,family_04,template_04,0.25,0.5,12,NC1-SHUFFLED,0,0,1,1,6050,6050,500.0,25,12120,0,120,0,0,1,0,0.01,0,0,0,0,0,1,0,0,0,0,0,0,0,0,,0.0,0.0
task_0025,family_04,template_04,0.25,0.5,12,NC2-RANDOM,1,0,0,1,6050,6050,500.0,25,12120,0,120,0,0,1,0,0.99,4,0,0,0,0,0,0,0,0,0,0,0,0,0,,0.0,0.0
task_0025,family_04,template_04,0.25,0.5,12,NC3-LENGTH,1,0,0,1,6050,6050,500.0,25,12120,0,120,0,0,1,0,0.55,2,0,0,0,0,0,0,0,0,0,0,0,0,0,,0.0,0.0
task_0025,family_04,template_04,0.25,0.5,12,NC4-ABLATION,0,1,0,0,6650,6650,550.0,25,1560,0,120,12,1,0,0,0.01,0,1,0,0,0,0,0,0,0,0,0,0,0,0,,0.0,0.0
task_0026,family_04,template_04,0.5,0.5,12,B-COLD,1,0,0,1,6050,6050,504.1666666666667,25,12120,0,120,0,0,1,0,0.99,4,0,0,0,0,0,0,0,0,0,0,0,0,0,,0.9,0.0
task_0026,family_04,template_04,0.5,0.5,12,B-RAG-EMBED,1,0,0,1,3550,3550,279.1666666666667,20,6990,150,120,6,1,1,0,0.99,4,0,0,0,0,0,0,0,0,0,0,1,1,0,,0.9,0.0
task_0026,family_04,template_04,0.5,0.5,12,B-STAGEHAND-CACHE,1,0,0,1,6050,6050,504.1666666666667,25,12120,0,120,0,0,1,0,0.99,4,0,0,0,0,0,0,0,0,0,0,1,0,0,,0.9,0.0
task_0026,family_04,template_04,0.5,0.5,12,B-TERX-REPLAY,1,0,0,1,6050,6050,504.1666666666667,25,12120,0,120,0,0,1,0,0.99,4,0,0,0,0,0,0,0,0,0,0,1,0,0,,0.9,0.0
task_0026,family_04,template_04,0.5,0.5,12,P-SPIDER-MEA-BATCHED,1,0,1,0,6380,6380,501.6666666666667,28,12235,150,30,0,0,1,0,0.0343,0,0,1,1,1,0,1,1,0,1,0,1,0,0,b919abe7456ca233,0.9,1.0
task_0026,family_04,template_04,0.5,0.5,12,NC1-SHUFFLED,1,0,0,1,6050,6050,500.0,25,12120,0,120,0,0,1,0,0.9553,4,0,0,0,0,0,0,0,0,0,0,0,0,0,,0.0,0.0
task_0026,family_04,template_04,0.5,0.5,12,NC2-RANDOM,1,0,0,1,6050,6050,500.0,25,12120,0,120,0,0,1,0,0.99,4,0,0,0,0,0,0,0,0,0,0,0,0,0,,0.0,0.0
task_0026,family_04,template_04,0.5,0.5,12,NC3-LENGTH,1,0,0,1,6050,6050,500.0,25,12120,0,120,0,0,1,0,0.55,2,0,0,0,0,0,0,0,0,0,0,0,0,0,,0.0,0.0
task_0026,family_04,template_04,0.5,0.5,12,NC4-ABLATION,0,1,0,0,6650,6650,550.0,25,1560,0,120,12,1,0,0,0.0165,0,1,0,0,0,0,0,0,0,0,0,0,0,0,,0.0,0.0
task_0027,family_04,template_04,0.75,1.0,12,B-COLD,1,0,0,1,6050,6050,504.1666666666667,25,12120,0,120,0,0,1,0,0.9721,4,0,0,0,0,0,0,0,0,0,0,0,0,0,,0.8333333333333334,0.0
task_0027,family_04,template_04,0.75,1.0,12,B-RAG-EMBED,1,0,0,1,6250,6250,504.1666666666667,26,12270,150,120,0,0,1,0,0.9721,4,0,0,0,0,0,0,0,0,0,0,1,0,0,,0.8333333333333334,0.0
task_0027,family_04,template_04,0.75,1.0,12,B-STAGEHAND-CACHE,1,0,0,1,6050,6050,504.1666666666667,25,12120,0,120,0,0,1,0,0.9721,4,0,0,0,0,0,0,0,0,0,0,1,0,0,,0.8333333333333334,0.0
task_0027,family_04,template_04,0.75,1.0,12,B-TERX-REPLAY,1,0,0,1,6050,6050,504.1666666666667,25,12120,0,120,0,0,1,0,0.9721,4,0,0,0,0,0,0,0,0,0,0,1,0,0,,0.8333333333333334,0.0
task_0027,family_04,template_04,0.75,1.0,12,P-SPIDER-MEA-BATCHED,1,0,1,1,6420,6420,505.0,28,12325,150,120,0,0,0,0,0.0393,0,1,0,0,1,1,1,1,0,1,0,1,0,0,e4d93290b2c8a672,0.8333333333333334,0.8666666666666667
task_0027,family_04,template_04,0.75,1.0,12,NC1-SHUFFLED,0,0,1,1,6050,6050,500.0,25,12120,0,120,0,0,1,0,0.01,0,0,0,0,0,1,0,0,0,0,0,0,0,0,,0.0,0.0
task_0027,family_04,template_04,0.75,1.0,12,NC2-RANDOM,1,0,0,1,6050,6050,500.0,25,12120,0,120,0,0,1,0,0.9729,4,0,0,0,0,0,0,0,0,0,0,0,0,0,,0.0,0.0
task_0027,family_04,template_04,0.75,1.0,12,NC3-LENGTH,1,0,0,1,6050,6050,500.0,25,12120,0,120,0,0,1,0,0.55,2,0,0,0,0,0,0,0,0,0,0,0,0,0,,0.0,0.0
task_0027,family_04,template_04,0.75,1.0,12,NC4-ABLATION,1,0,0,1,6650,6650,550.0,25,1560,0,120,12,1,1,0,0.99,4,0,0,0,0,0,0,0,0,0,0,0,0,0,,0.0,0.0
task_0028,family_04,template_04,1.0,1.0,12,B-COLD,1,0,0,1,6050,6050,504.1666666666667,25,12120,0,120,0,0,1,0,0.99,4,0,0,0,0,0,0,0,0,0,0,0,0,0,,0.8,0.0
task_0028,family_04,template_04,1.0,1.0,12,B-RAG-EMBED,1,0,0,1,6250,6250,504.1666666666667,26,12270,150,120,0,0,1,0,0.99,4,0,0,0,0,0,0,0,0,0,0,1,0,0,,0.8,0.0
task_0028,family_04,template_04,1.0,1.0,12,B-STAGEHAND-CACHE,1,0,0,1,6050,6050,504.1666666666667,25,12120,0,120,0,0,1,0,0.99,4,0,0,0,0,0,0,0,0,0,0,1,0,0,,0.8,0.0
task_0028,family_04,template_04,1.0,1.0,12,B-TERX-REPLAY,1,0,0,1,6050,6050,504.1666666666667,25,12120,0,120,0,0,1,0,0.99,4,0,0,0,0,0,0,0,0,0,0,1,0,0,,0.8,0.0
task_0028,family_04,template_04,1.0,1.0,12,P-SPIDER-MEA-BATCHED,1,0,1,1,6420,6420,505.0,28,12325,150,120,0,0,0,0,0.0206,0,1,0,0,0,1,1,1,0,1,0,1,0,0,110391a7aa92cd1d,0.8,0.8
task_0028,family_04,template_04,1.0,1.0,12,NC1-SHUFFLED,1,0,0,1,6050,6050,500.0,25,12120,0,120,0,0,1,0,0.9547,4,0,0,0,0,0,0,0,0,0,0,0,0,0,,0.0,0.0
task_0028,family_04,template_04,1.0,1.0,12,NC2-RANDOM,1,0,0,1,6050,6050,500.0,25,12120,0,120,0,0,1,0,0.99,4,0,0,0,0,0,0,0,0,0,0,0,0,0,,0.0,0.0
task_0028,family_04,template_04,1.0,1.0,12,NC3-LENGTH,1,0,0,1,6050,6050,500.0,25,12120,0,120,0,0,1,0,0.55,2,0,0,0,0,0,0,0,0,0,0,0,0,0,,0.0,0.0
task_0028,family_04,template_04,1.0,1.0,12,NC4-ABLATION,1,0,0,1,6650,6650,550.0,25,1560,0,120,12,1,1,0,0.99,4,0,0,0,0,0,0,0,0,0,0,0,0,0,,0.0,0.0
task_0029,family_04,template_04,0.25,0.5,12,B-COLD,1,0,0,1,6050,6050,504.1666666666667,25,12120,0,120,0,0,1,0,0.9632,4,0,0,0,0,0,0,0,0,0,0,0,0,0,,0.8444444444444444,0.0
task_0029,family_04,template_04,0.25,0.5,12,B-RAG-EMBED,1,0,0,1,3550,3550,279.1666666666667,20,6990,150,120,6,1,1,0,0.9632,4,0,0,0,0,0,0,0,0,0,0,1,1,0,,0.8444444444444444,0.0
task_0029,family_04,template_04,0.25,0.5,12,B-STAGEHAND-CACHE,1,0,0,1,6050,6050,504.1666666666667,25,12120,0,120,0,0,1,0,0.9632,4,0,0,0,0,0,0,0,0,0,0,1,0,0,,0.8444444444444444,0.0
task_0029,family_04,template_04,0.25,0.5,12,B-TERX-REPLAY,1,0,0,1,6050,6050,504.1666666666667,25,12120,0,120,0,0,1,0,0.9632,4,0,0,0,0,0,0,0,0,0,0,1,0,0,,0.8444444444444444,0.0
task_0029,family_04,template_04,0.25,0.5,12,P-SPIDER-MEA-BATCHED,1,0,1,0,6380,6380,501.6666666666667,28,12235,150,30,0,0,1,0,0.01,0,0,1,1,1,0,1,1,0,1,0,1,0,0,230762d81a0096a3,0.8444444444444444,0.8888888888888888
task_0029,family_04,template_04,0.25,0.5,12,NC1-SHUFFLED,0,0,1,1,6050,6050,500.0,25,12120,0,120,0,0,1,0,0.01,0,0,0,0,0,1,0,0,0,0,0,0,0,0,,0.0,0.0
task_0029,family_04,template_04,0.25,0.5,12,NC2-RANDOM,1,0,0,1,6050,6050,500.0,25,12120,0,120,0,0,1,0,0.9645,4,0,0,0,0,0,0,0,0,0,0,0,0,0,,0.0,0.0
task_0029,family_04,template_04,0.25,0.5,12,NC3-LENGTH,1,0,0,1,6050,6050,500.0,25,12120,0,120,0,0,1,0,0.55,2,0,0,0,0,0,0,0,0,0,0,0,0,0,,0.0,0.0
task_0029,family_04,template_04,0.25,0.5,12,NC4-ABLATION,1,0,0,1,6650,6650,550.0,25,1560,0,120,12,1,1,0,0.99,4,0,0,0,0,0,0,0,0,0,0,0,0,0,,0.0,0.0
task_0030,family_05,template_05,0.0,0.0,13,B-COLD,1,0,0,1,6550,6550,503.84615384615387,27,13120,0,120,0,0,1,0,0.99,4,0,0,0,0,0,0,0,0,0,0,0,0,0,,1.0,0.0
task_0030,family_05,template_05,0.0,0.0,13,B-RAG-EMBED,1,0,0,1,900,900,53.84615384615385,15,1830,150,120,13,1,1,0,0.99,4,0,0,0,0,0,0,0,0,0,0,1,1,0,,1.0,0.0
task_0030,family_05,template_05,0.0,0.0,13,B-STAGEHAND-CACHE,1,0,0,1,700,700,53.84615384615385,14,1680,0,120,13,1,1,0,0.99,4,0,0,0,0,0,0,0,0,0,0,1,1,0,,1.0,0.0
task_0030,family_05,template_05,0.0,0.0,13,B-TERX-REPLAY,1,0,0,1,700,700,53.84615384615385,14,1680,0,120,13,1,1,0,0.99,4,0,0,0,0,0,0,0,0,0,0,1,1,0,,1.0,0.0
task_0030,family_05,template_05,0.0,0.0,13,P-SPIDER-MEA-BATCHED,1,0,1,0,6970,6970,508.46153846153845,30,13300,150,30,0,0,1,0,0.01,0,0,1,1,1,0,1,1,0,0,1,1,0,0,395532e3b5053f52,1.0,1.0
task_0030,family_05,template_05,0.0,0.0,13,NC1-SHUFFLED,0,0,1,1,6550,6550,500.0,27,13120,0,120,0,0,1,0,0.01,0,0,0,0,0,1,0,0,0,0,0,0,0,0,,0.0,0.0
task_0030,family_05,template_05,0.0,0.0,13,NC2-RANDOM,1,0,0,1,6550,6550,500.0,27,13120,0,120,0,0,1,0,0.9508,4,0,0,0,0,0,0,0,0,0,0,0,0,0,,0.0,0.0
task_0030,family_05,template_05,0.0,0.0,13,NC3-LENGTH,1,0,0,1,6550,6550,500.0,27,13120,0,120,0,0,1,0,0.55,2,0,0,0,0,0,0,0,0,0,0,0,0,0,,0.0,0.0
task_0030,family_05,template_05,0.0,0.0,13,NC4-ABLATION,1,0,0,1,7200,7200,550.0,27,1680,0,120,13,1,1,0,0.9837,4,0,0,0,0,0,0,0,0,0,0,0,0,0,,0.0,0.0
task_0031,family_05,template_05,0.5,0.5,13,B-COLD,1,0,0,1,6550,6550,503.84615384615387,27,13120,0,120,0,0,1,0,0.9833,4,0,0,0,0,0,0,0,0,0,0,0,0,0,,0.9,0.0
task_0031,family_05,template_05,0.5,0.5,13,B-RAG-EMBED,1,0,0,1,3600,3600,261.53846153846155,21,7110,150,120,7,1,1,0,0.9833,4,0,0,0,0,0,0,0,0,0,0,1,1,0,,0.9,0.0
task_0031,family_05,template_05,0.5,0.5,13,B-STAGEHAND-CACHE,1,0,0,1,6550,6550,503.84615384615387,27,13120,0,120,0,0,1,0,0.9833,4,0,0,0,0,0,0,0,0,0,0,1,0,0,,0.9,0.0
task_0031,family_05,template_05,0.5,0.5,13,B-TERX-REPLAY,1,0,0,1,6550,6550,503.84615384615387,27,13120,0,120,0,0,1,0,0.9833,4,0,0,0,0,0,0,0,0,0,0,1,0,0,,0.9,0.0
task_0031,family_05,template_05,0.5,0.5,13,P-SPIDER-MEA-BATCHED,1,0,1,0,6880,6880,501.53846153846155,30,13235,150,30,0,0,1,0,0.01,0,0,1,1,1,0,1,1,0,1,0,1,0,0,e67f9de8c1d60360,0.9,1.0
task_0031,family_05,template_05,0.5,0.5,13,NC1-SHUFFLED,0,0,1,1,6550,6550,500.0,27,13120,0,120,0,0,1,0,0.01,0,0,0,0,0,1,0,0,0,0,0,0,0,0,,0.0,0.0
task_0031,family_05,template_05,0.5,0.5,13,NC2-RANDOM,1,0,0,1,6550,6550,500.0,27,13120,0,120,0,0,1,0,0.9659,4,0,0,0,0,0,0,0,0,0,0,0,0,0,,0.0,0.0
task_0031,family_05,template_05,0.5,0.5,13,NC3-LENGTH,1,0,0,1,6550,6550,500.0,27,13120,0,120,0,0,1,0,0.55,2,0,0,0,0,0,0,0,0,0,0,0,0,0,,0.0,0.0
task_0031,family_05,template_05,0.5,0.5,13,NC4-ABLATION,1,0,0,1,7200,7200,550.0,27,1680,0,120,13,1,1,0,0.9684,4,0,0,0,0,0,0,0,0,0,0,0,0,0,,0.0,0.0
task_0032,family_05,template_05,0.75,1.0,13,B-COLD,1,0,0,1,6550,6550,503.84615384615387,27,13120,0,120,0,0,1,0,0.9597,4,0,0,0,0,0,0,0,0,0,0,0,0,0,,0.8285714285714285,0.0
task_0032,family_05,template_05,0.75,1.0,13,B-RAG-EMBED,1,0,0,1,6750,6750,503.84615384615387,28,13270,150,120,0,0,1,0,0.9597,4,0,0,0,0,0,0,0,0,0,0,1,0,0,,0.8285714285714285,0.0
task_0032,family_05,template_05,0.75,1.0,13,B-STAGEHAND-CACHE,1,0,0,1,6550,6550,503.84615384615387,27,13120,0,120,0,0,1,0,0.9597,4,0,0,0,0,0,0,0,0,0,0,1,0,0,,0.8285714285714285,0.0
task_0032,family_05,template_05,0.75,1.0,13,B-TERX-REPLAY,1,0,0,1,6550,6550,503.84615384615387,27,13120,0,120,0,0,1,0,0.9597,4,0,0,0,0,0,0,0,0,0,0,1,0,0,,0.8285714285714285,0.0
task_0032,family_05,template_05,0.75,1.0,13,P-SPIDER-MEA-BATCHED,1,0,1,0,6880,6880,501.53846153846155,30,13235,150,30,0,0,1,0,0.01,0,0,1,1,1,0,1,1,0,1,0,1,0,0,664a5436f3fef121,0.8285714285714285,0.8571428571428571
task_0032,family_05,template_05,0.75,1.0,13,NC1-SHUFFLED,1,0,0,1,6550,6550,500.0,27,13120,0,120,0,0,1,0,0.99,4,0,0,0,0,0,0,0,0,0,0,0,0,0,,0.0,0.0
task_0032,family_05,template_05,0.75,1.0,13,NC2-RANDOM,1,0,0,1,6550,6550,500.0,27,13120,0,120,0,0,1,0,0.99,4,0,0,0,0,0,0,0,0,0,0,0,0,0,,0.0,0.0
task_0032,family_05,template_05,0.75,1.0,13,NC3-LENGTH,1,0,0,1,6550,6550,500.0,27,13120,0,120,0,0,1,0,0.55,2,0,0,0,0,0,0,0,0,0,0,0,0,0,,0.0,0.0
task_0032,family_05,template_05,0.75,1.0,13,NC4-ABLATION,0,1,0,0,7200,7200,550.0,27,1680,0,120,13,1,0,0,0.01,0,1,0,0,0,0,0,0,0,0,0,0,0,0,,0.0,0.0
task_0033,family_05,template_05,1.0,1.0,13,B-COLD,1,0,0,1,6550,6550,503.84615384615387,27,13120,0,120,0,0,1,0,0.99,4,0,0,0,0,0,0,0,0,0,0,0,0,0,,0.8285714285714285,0.0
task_0033,family_05,template_05,1.0,1.0,13,B-RAG-EMBED,1,0,0,1,6750,6750,503.84615384615387,28,13270,150,120,0,0,1,0,0.99,4,0,0,0,0,0,0,0,0,0,0,1,0,0,,0.8285714285714285,0.0
task_0033,family_05,template_05,1.0,1.0,13,B-STAGEHAND-CACHE,1,0,0,1,6550,6550,503.84615384615387,27,13120,0,120,0,0,1,0,0.99,4,0,0,0,0,0,0,0,0,0,0,1,0,0,,0.8285714285714285,0.0
task_0033,family_05,template_05,1.0,1.0,13,B-TERX-REPLAY,1,0,0,1,6550,6550,503.84615384615387,27,13120,0,120,0,0,1,0,0.99,4,0,0,0,0,0,0,0,0,0,0,1,0,0,,0.8285714285714285,0.0
task_0033,family_05,template_05,1.0,1.0,13,P-SPIDER-MEA-BATCHED,1,0,1,0,6920,6920,504.61538461538464,30,13325,150,120,0,0,1,0,0.01,0,0,0,0,0,0,1,1,0,1,0,1,0,0,b2b070c4e5a34010,0.8285714285714285,0.8571428571428571
task_0033,family_05,template_05,1.0,1.0,13,NC1-SHUFFLED,0,0,1,1,6550,6550,500.0,27,13120,0,120,0,0,1,0,0.0485,0,0,0,0,0,1,0,0,0,0,0,0,0,0,,0.0,0.0
task_0033,family_05,template_05,1.0,1.0,13,NC2-RANDOM,1,0,0,1,6550,6550,500.0,27,13120,0,120,0,0,1,0,0.99,4,0,0,0,0,0,0,0,0,0,0,0,0,0,,0.0,0.0
task_0033,family_05,template_05,1.0,1.0,13,NC3-LENGTH,1,0,0,1,6550,6550,500.0,27,13120,0,120,0,0,1,0,0.55,2,0,0,0,0,0,0,0,0,0,0,0,0,0,,0.0,0.0
task_0033,family_05,template_05,1.0,1.0,13,NC4-ABLATION,1,0,0,1,7200,7200,550.0,27,1680,0,120,13,1,1,0,0.9823,4,0,0,0,0,0,0,0,0,0,0,0,0,0,,0.0,0.0
task_0034,family_05,template_05,0.25,0.5,13,B-COLD,1,0,0,1,6550,6550,503.84615384615387,27,13120,0,120,0,0,1,0,0.9827,4,0,0,0,0,0,0,0,0,0,0,0,0,0,,0.8928571428571428,0.0
task_0034,family_05,template_05,0.25,0.5,13,B-RAG-EMBED,1,0,0,1,3600,3600,261.53846153846155,21,7110,150,120,7,1,1,0,0.9827,4,0,0,0,0,0,0,0,0,0,0,1,1,0,,0.8928571428571428,0.0
task_0034,family_05,template_05,0.25,0.5,13,B-STAGEHAND-CACHE,1,0,0,1,6550,6550,503.84615384615387,27,13120,0,120,0,0,1,0,0.9827,4,0,0,0,0,0,0,0,0,0,0,1,0,0,,0.8928571428571428,0.0
task_0034,family_05,template_05,0.25,0.5,13,B-TERX-REPLAY,1,0,0,1,6550,6550,503.84615384615387,27,13120,0,120,0,0,1,0,0.9827,4,0,0,0,0,0,0,0,0,0,0,1,0,0,,0.8928571428571428,0.0
task_0034,family_05,template_05,0.25,0.5,13,P-SPIDER-MEA-BATCHED,1,0,1,1,6880,6880,501.53846153846155,30,13235,150,30,0,0,0,0,0.01,0,1,1,1,1,1,1,1,0,1,0,1,0,0,a3eade6248d9a4d6,0.8928571428571428,1.0
task_0034,family_05,template_05,0.25,0.5,13,NC1-SHUFFLED,0,0,1,0,6550,6550,500.0,27,13120,0,120,0,0,0,0,0.01,0,1,0,0,0,1,0,0,0,0,0,0,0,0,,0.0,0.0
task_0034,family_05,template_05,0.25,0.5,13,NC2-RANDOM,0,1,0,0,6550,6550,500.0,27,13120,0,120,0,0,0,0,0.01,0,1,0,0,0,0,0,0,0,0,0,0,0,0,,0.0,0.0
task_0034,family_05,template_05,0.25,0.5,13,NC3-LENGTH,1,0,0,1,6550,6550,500.0,27,13120,0,120,0,0,1,0,0.55,2,0,0,0,0,0,0,0,0,0,0,0,0,0,,0.0,0.0
task_0034,family_05,template_05,0.25,0.5,13,NC4-ABLATION,1,0,0,1,7200,7200,550.0,27,1680,0,120,13,1,1,0,0.99,4,0,0,0,0,0,0,0,0,0,0,0,0,0,,0.0,0.0
task_0035,family_05,template_05,0.5,0.5,13,B-COLD,1,0,0,1,6550,6550,503.84615384615387,27,13120,0,120,0,0,1,0,0.9671,4,0,0,0,0,0,0,0,0,0,0,0,0,0,,0.8115384615384615,0.0
task_0035,family_05,template_05,0.5,0.5,13,B-RAG-EMBED,1,0,0,1,3600,3600,261.53846153846155,21,7110,150,120,7,1,1,0,0.9671,4,0,0,0,0,0,0,0,0,0,0,1,1,0,,0.8115384615384615,0.0
task_0035,family_05,template_05,0.5,0.5,13,B-STAGEHAND-CACHE,1,0,0,1,6550,6550,503.84615384615387,27,13120,0,120,0,0,1,0,0.9671,4,0,0,0,0,0,0,0,0,0,0,1,0,0,,0.8115384615384615,0.0
task_0035,family_05,template_05,0.5,0.5,13,B-TERX-REPLAY,1,0,0,1,6550,6550,503.84615384615387,27,13120,0,120,0,0,1,0,0.9671,4,0,0,0,0,0,0,0,0,0,0,1,0,0,,0.8115384615384615,0.0
task_0035,family_05,template_05,0.5,0.5,13,P-SPIDER-MEA-BATCHED,1,0,1,0,6880,6880,501.53846153846155,30,13235,150,30,0,0,1,0,0.0369,0,0,1,1,1,0,1,1,0,1,0,1,0,0,756a3137be6a61c4,0.8115384615384615,0.9230769230769231
task_0035,family_05,template_05,0.5,0.5,13,NC1-SHUFFLED,0,0,1,1,6550,6550,500.0,27,13120,0,120,0,0,1,0,0.01,0,0,0,0,0,1,0,0,0,0,0,0,0,0,,0.0,0.0
task_0035,family_05,template_05,0.5,0.5,13,NC2-RANDOM,1,0,0,1,6550,6550,500.0,27,13120,0,120,0,0,1,0,0.99,4,0,0,0,0,0,0,0,0,0,0,0,0,0,,0.0,0.0
task_0035,family_05,template_05,0.5,0.5,13,NC3-LENGTH,1,0,0,1,6550,6550,500.0,27,13120,0,120,0,0,1,0,0.55,2,0,0,0,0,0,0,0,0,0,0,0,0,0,,0.0,0.0
task_0035,family_05,template_05,0.5,0.5,13,NC4-ABLATION,0,1,0,0,7200,7200,550.0,27,1680,0,120,13,1,0,0,0.0336,0,1,0,0,0,0,0,0,0,0,0,0,0,0,,0.0,0.0
task_0036,family_06,template_06,0.0,0.0,14,B-COLD,1,0,0,1,7050,7050,503.57142857142856,29,14120,0,120,0,0,1,0,0.9731,4,0,0,0,0,0,0,0,0,0,0,0,0,0,,1.0,0.0
task_0036,family_06,template_06,0.0,0.0,14,B-RAG-EMBED,1,0,0,1,950,950,53.57142857142857,16,1950,150,120,14,1,1,0,0.9731,4,0,0,0,0,0,0,0,0,0,0,1,1,0,,1.0,0.0
task_0036,family_06,template_06,0.0,0.0,14,B-STAGEHAND-CACHE,1,0,0,1,750,750,53.57142857142857,15,1800,0,120,14,1,1,0,0.9731,4,0,0,0,0,0,0,0,0,0,0,1,1,0,,1.0,0.0
task_0036,family_06,template_06,0.0,0.0,14,B-TERX-REPLAY,1,0,0,1,750,750,53.57142857142857,15,1800,0,120,14,1,1,0,0.9731,4,0,0,0,0,0,0,0,0,0,0,1,1,0,,1.0,0.0
task_0036,family_06,template_06,0.0,0.0,14,P-SPIDER-MEA-BATCHED,1,0,1,0,7470,7470,507.85714285714283,32,14300,150,30,0,0,1,0,0.01,0,0,1,1,1,0,1,1,0,0,1,1,0,0,0fbd54302aa44cbd,1.0,1.0
task_0036,family_06,template_06,0.0,0.0,14,NC1-SHUFFLED,0,0,1,1,7050,7050,500.0,29,14120,0,120,0,0,1,0,0.0322,0,0,0,0,0,1,0,0,0,0,0,0,0,0,,0.0,0.0
task_0036,family_06,template_06,0.0,0.0,14,NC2-RANDOM,1,0,0,1,7050,7050,500.0,29,14120,0,120,0,0,1,0,0.9535,4,0,0,0,0,0,0,0,0,0,0,0,0,0,,0.0,0.0
task_0036,family_06,template_06,0.0,0.0,14,NC3-LENGTH,1,0,0,1,7050,7050,500.0,29,14120,0,120,0,0,1,0,0.55,2,0,0,0,0,0,0,0,0,0,0,0,0,0,,0.0,0.0
task_0036,family_06,template_06,0.0,0.0,14,NC4-ABLATION,0,1,0,0,7750,7750,550.0,29,1800,0,120,14,1,0,0,0.0301,0,1,0,0,0,0,0,0,0,0,0,0,0,0,,0.0,0.0
task_0037,family_06,template_06,0.75,0.6667,14,B-COLD,1,0,0,1,7050,7050,503.57142857142856,29,14120,0,120,0,0,1,0,0.983,4,0,0,0,0,0,0,0,0,0,0,0,0,0,,0.9111111111111111,0.0
task_0037,family_06,template_06,0.75,0.6667,14,B-RAG-EMBED,1,0,0,1,5000,5000,342.85714285714283,25,9870,150,120,5,1,1,0,0.983,4,0,0,0,0,0,0,0,0,0,0,1,1,0,,0.9111111111111111,0.0
task_0037,family_06,template_06,0.75,0.6667,14,B-STAGEHAND-CACHE,1,0,0,1,7050,7050,503.57142857142856,29,14120,0,120,0,0,1,0,0.983,4,0,0,0,0,0,0,0,0,0,0,1,0,0,,0.9111111111111111,0.0
task_0037,family_06,template_06,0.75,0.6667,14,B-TERX-REPLAY,1,0,0,1,7050,7050,503.57142857142856,29,14120,0,120,0,0,1,0,0.983,4,0,0,0,0,0,0,0,0,0,0,1,0,0,,0.9111111111111111,0.0
task_0037,family_06,template_06,0.75,0.6667,14,P-SPIDER-MEA-BATCHED,1,0,1,0,7380,7380,501.42857142857144,32,14235,150,30,0,0,1,0,0.01,0,0,1,1,1,0,1,1,0,1,0,1,0,0,e3bb3241db0bb53b,0.9111111111111111,1.0
task_0037,family_06,template_06,0.75,0.6667,14,NC1-SHUFFLED,0,0,1,1,7050,7050,500.0,29,14120,0,120,0,0,1,0,0.01,0,0,0,0,0,1,0,0,0,0,0,0,0,0,,0.0,0.0
task_0037,family_06,template_06,0.75,0.6667,14,NC2-RANDOM,1,0,0,1,7050,7050,500.0,29,14120,0,120,0,0,1,0,0.99,4,0,0,0,0,0,0,0,0,0,0,0,0,0,,0.0,0.0
task_0037,family_06,template_06,0.75,0.6667,14,NC3-LENGTH,1,0,0,1,7050,7050,500.0,29,14120,0,120,0,0,1,0,0.55,2,0,0,0,0,0,0,0,0,0,0,0,0,0,,0.0,0.0
task_0037,family_06,template_06,0.75,0.6667,14,NC4-ABLATION,1,0,0,1,7750,7750,550.0,29,1800,0,120,14,1,1,0,0.99,4,0,0,0,0,0,0,0,0,0,0,0,0,0,,0.0,0.0
task_0038,family_06,template_06,1.0,1.0,14,B-COLD,1,0,0,1,7050,7050,503.57142857142856,29,14120,0,120,0,0,1,0,0.9623,4,0,0,0,0,0,0,0,0,0,0,0,0,0,,0.8444444444444444,0.0
task_0038,family_06,template_06,1.0,1.0,14,B-RAG-EMBED,1,0,0,1,7250,7250,503.57142857142856,30,14270,150,120,0,0,1,0,0.9623,4,0,0,0,0,0,0,0,0,0,0,1,0,0,,0.8444444444444444,0.0
task_0038,family_06,template_06,1.0,1.0,14,B-STAGEHAND-CACHE,1,0,0,1,7050,7050,503.57142857142856,29,14120,0,120,0,0,1,0,0.9623,4,0,0,0,0,0,0,0,0,0,0,1,0,0,,0.8444444444444444,0.0
task_0038,family_06,template_06,1.0,1.0,14,B-TERX-REPLAY,1,0,0,1,7050,7050,503.57142857142856,29,14120,0,120,0,0,1,0,0.9623,4,0,0,0,0,0,0,0,0,0,0,1,0,0,,0.8444444444444444,0.0
task_0038,family_06,template_06,1.0,1.0,14,P-SPIDER-MEA-BATCHED,1,0,1,1,7380,7380,501.42857142857144,32,14235,150,30,0,0,0,0,0.0303,0,1,1,1,1,1,1,1,0,1,0,1,0,0,ddd15708a0a41217,0.8444444444444444,0.8666666666666667
task_0038,family_06,template_06,1.0,1.0,14,NC1-SHUFFLED,0,0,1,1,7050,7050,500.0,29,14120,0,120,0,0,1,0,0.0445,0,0,0,0,0,1,0,0,0,0,0,0,0,0,,0.0,0.0
task_0038,family_06,template_06,1.0,1.0,14,NC2-RANDOM,1,0,0,1,7050,7050,500.0,29,14120,0,120,0,0,1,0,0.99,4,0,0,0,0,0,0,0,0,0,0,0,0,0,,0.0,0.0
task_0038,family_06,template_06,1.0,1.0,14,NC3-LENGTH,1,0,0,1,7050,7050,500.0,29,14120,0,120,0,0,1,0,0.55,2,0,0,0,0,0,0,0,0,0,0,0,0,0,,0.0,0.0
task_0038,family_06,template_06,1.0,1.0,14,NC4-ABLATION,0,1,0,0,7750,7750,550.0,29,1800,0,120,14,1,0,0,0.01,0,1,0,0,0,0,0,0,0,0,0,0,0,0,,0.0,0.0
task_0039,family_06,template_06,0.25,0.3333,14,B-COLD,1,0,0,1,7050,7050,503.57142857142856,29,14120,0,120,0,0,1,0,0.9796,4,0,0,0,0,0,0,0,0,0,0,0,0,0,,0.9333333333333333,0.0
task_0039,family_06,template_06,0.25,0.3333,14,B-RAG-EMBED,1,0,0,1,3200,3200,214.28571428571428,21,6350,150,120,9,1,1,0,0.9796,4,0,0,0,0,0,0,0,0,0,0,1,1,0,,0.9333333333333333,0.0
task_0039,family_06,template_06,0.25,0.3333,14,B-STAGEHAND-CACHE,1,0,0,1,7050,7050,503.57142857142856,29,14120,0,120,0,0,1,0,0.9796,4,0,0,0,0,0,0,0,0,0,0,1,0,0,,0.9333333333333333,0.0
task_0039,family_06,template_06,0.25,0.3333,14,B-TERX-REPLAY,1,0,0,1,7050,7050,503.57142857142856,29,14120,0,120,0,0,1,0,0.9796,4,0,0,0,0,0,0,0,0,0,0,1,0,0,,0.9333333333333333,0.0
task_0039,family_06,template_06,0.25,0.3333,14,P-SPIDER-MEA-BATCHED,1,0,1,0,7380,7380,501.42857142857144,32,14235,150,30,0,0,1,0,0.01,0,0,1,1,1,0,1,1,0,1,0,1,0,0,d8fd723d269dddba,0.9333333333333333,1.0
task_0039,family_06,template_06,0.25,0.3333,14,NC1-SHUFFLED,1,0,0,1,7050,7050,500.0,29,14120,0,120,0,0,1,0,0.99,4,0,0,0,0,0,0,0,0,0,0,0,0,0,,0.0,0.0
task_0039,family_06,template_06,0.25,0.3333,14,NC2-RANDOM,1,0,0,1,7050,7050,500.0,29,14120,0,120,0,0,1,0,0.99,4,0,0,0,0,0,0,0,0,0,0,0,0,0,,0.0,0.0
task_0039,family_06,template_06,0.25,0.3333,14,NC3-LENGTH,1,0,0,1,7050,7050,500.0,29,14120,0,120,0,0,1,0,0.55,2,0,0,0,0,0,0,0,0,0,0,0,0,0,,0.0,0.0
task_0039,family_06,template_06,0.25,0.3333,14,NC4-ABLATION,1,0,0,1,7750,7750,550.0,29,1800,0,120,14,1,1,0,0.99,4,0,0,0,0,0,0,0,0,0,0,0,0,0,,0.0,0.0
task_0040,family_06,template_06,0.5,0.6667,14,B-COLD,1,0,0,1,7050,7050,503.57142857142856,29,14120,0,120,0,0,1,0,0.99,4,0,0,0,0,0,0,0,0,0,0,0,0,0,,0.8666666666666667,0.0
task_0040,family_06,template_06,0.5,0.6667,14,B-RAG-EMBED,1,0,0,1,5000,5000,342.85714285714283,25,9870,150,120,5,1,1,0,0.99,4,0,0,0,0,0,0,0,0,0,0,1,1,0,,0.8666666666666667,0.0
task_0040,family_06,template_06,0.5,0.6667,14,B-STAGEHAND-CACHE,1,0,0,1,7050,7050,503.57142857142856,29,14120,0,120,0,0,1,0,0.99,4,0,0,0,0,0,0,0,0,0,0,1,0,0,,0.8666666666666667,0.0
task_0040,family_06,template_06,0.5,0.6667,14,B-TERX-REPLAY,1,0,0,1,7050,7050,503.57142857142856,29,14120,0,120,0,0,1,0,0.99,4,0,0,0,0,0,0,0,0,0,0,1,0,0,,0.8666666666666667,0.0
task_0040,family_06,template_06,0.5,0.6667,14,P-SPIDER-MEA-BATCHED,1,0,1,0,7420,7420,504.2857142857143,32,14325,150,120,0,0,1,0,0.0299,0,0,0,0,0,0,1,1,0,1,0,1,0,0,9fad839206380e6a,0.8666666666666667,1.0
task_0040,family_06,template_06,0.5,0.6667,14,NC1-SHUFFLED,0,0,1,1,7050,7050,500.0,29,14120,0,120,0,0,1,0,0.01,0,0,0,0,0,1,0,0,0,0,0,0,0,0,,0.0,0.0
task_0040,family_06,template_06,0.5,0.6667,14,NC2-RANDOM,1,0,0,1,7050,7050,500.0,29,14120,0,120,0,0,1,0,0.99,4,0,0,0,0,0,0,0,0,0,0,0,0,0,,0.0,0.0
task_0040,family_06,template_06,0.5,0.6667,14,NC3-LENGTH,1,0,0,1,7050,7050,500.0,29,14120,0,120,0,0,1,0,0.55,2,0,0,0,0,0,0,0,0,0,0,0,0,0,,0.0,0.0
task_0040,family_06,template_06,0.5,0.6667,14,NC4-ABLATION,1,0,0,1,7750,7750,550.0,29,1800,0,120,14,1,1,0,0.9587,4,0,0,0,0,0,0,0,0,0,0,0,0,0,,0.0,0.0
task_0041,family_06,template_06,0.75,0.6667,14,B-COLD,1,0,0,1,7050,7050,503.57142857142856,29,14120,0,120,0,0,1,0,0.9681,4,0,0,0,0,0,0,0,0,0,0,0,0,0,,0.8095238095238095,0.0
task_0041,family_06,template_06,0.75,0.6667,14,B-RAG-EMBED,1,0,0,1,5000,5000,342.85714285714283,25,9870,150,120,5,1,1,0,0.9681,4,0,0,0,0,0,0,0,0,0,0,1,1,0,,0.8095238095238095,0.0
task_0041,family_06,template_06,0.75,0.6667,14,B-STAGEHAND-CACHE,1,0,0,1,7050,7050,503.57142857142856,29,14120,0,120,0,0,1,0,0.9681,4,0,0,0,0,0,0,0,0,0,0,1,0,0,,0.8095238095238095,0.0
task_0041,family_06,template_06,0.75,0.6667,14,B-TERX-REPLAY,1,0,0,1,7050,7050,503.57142857142856,29,14120,0,120,0,0,1,0,0.9681,4,0,0,0,0,0,0,0,0,0,0,1,0,0,,0.8095238095238095,0.0
task_0041,family_06,template_06,0.75,0.6667,14,P-SPIDER-MEA-BATCHED,1,0,1,0,7380,7380,501.42857142857144,32,14235,150,30,0,0,1,0,0.01,0,0,1,1,1,0,1,1,0,1,0,1,0,0,5674e2589ed13ad6,0.8095238095238095,0.9285714285714286
task_0041,family_06,template_06,0.75,0.6667,14,NC1-SHUFFLED,0,0,1,1,7050,7050,500.0,29,14120,0,120,0,0,1,0,0.01,0,0,0,0,0,1,0,0,0,0,0,0,0,0,,0.0,0.0
task_0041,family_06,template_06,0.75,0.6667,14,NC2-RANDOM,1,0,0,1,7050,7050,500.0,29,14120,0,120,0,0,1,0,0.99,4,0,0,0,0,0,0,0,0,0,0,0,0,0,,0.0,0.0
task_0041,family_06,template_06,0.75,0.6667,14,NC3-LENGTH,1,0,0,1,7050,7050,500.0,29,14120,0,120,0,0,1,0,0.55,2,0,0,0,0,0,0,0,0,0,0,0,0,0,,0.0,0.0
task_0041,family_06,template_06,0.75,0.6667,14,NC4-ABLATION,0,1,0,0,7750,7750,550.0,29,1800,0,120,14,1,0,0,0.01,0,1,0,0,0,0,0,0,0,0,0,0,0,0,,0.0,0.0
task_0042,family_07,template_07,0.0,0.0,8,B-COLD,1,0,0,1,4050,4050,506.25,17,8120,0,120,0,0,1,0,0.99,4,0,0,0,0,0,0,0,0,0,0,0,0,0,,1.0,0.0
task_0042,family_07,template_07,0.0,0.0,8,B-RAG-EMBED,1,0,0,1,650,650,56.25,10,1230,150,120,8,1,1,0,0.99,4,0,0,0,0,0,0,0,0,0,0,1,1,0,,1.0,0.0
task_0042,family_07,template_07,0.0,0.0,8,B-STAGEHAND-CACHE,1,0,0,1,450,450,56.25,9,1080,0,120,8,1,1,0,0.99,4,0,0,0,0,0,0,0,0,0,0,1,1,0,,1.0,0.0
task_0042,family_07,template_07,0.0,0.0,8,B-TERX-REPLAY,1,0,0,1,450,450,56.25,9,1080,0,120,8,1,1,0,0.99,4,0,0,0,0,0,0,0,0,0,0,1,1,0,,1.0,0.0
task_0042,family_07,template_07,0.0,0.0,8,P-SPIDER-MEA-BATCHED,1,0,1,0,4510,4510,518.75,20,8390,150,120,0,0,1,0,0.01,0,0,0,0,0,0,1,1,0,0,1,1,0,0,ad06331a29615f97,1.0,1.0
task_0042,family_07,template_07,0.0,0.0,8,NC1-SHUFFLED,0,0,1,1,4050,4050,500.0,17,8120,0,120,0,0,1,0,0.01,0,0,0,0,0,1,0,0,0,0,0,0,0,0,,0.0,0.0
task_0042,family_07,template_07,0.0,0.0,8,NC2-RANDOM,1,0,0,1,4050,4050,500.0,17,8120,0,120,0,0,1,0,0.9633,4,0,0,0,0,0,0,0,0,0,0,0,0,0,,0.0,0.0
task_0042,family_07,template_07,0.0,0.0,8,NC3-LENGTH,1,0,0,1,4050,4050,500.0,17,8120,0,120,0,0,1,0,0.55,2,0,0,0,0,0,0,0,0,0,0,0,0,0,,0.0,0.0
task_0042,family_07,template_07,0.0,0.0,8,NC4-ABLATION,1,0,0,1,4450,4450,550.0,17,1080,0,120,8,1,1,0,0.99,4,0,0,0,0,0,0,0,0,0,0,0,0,0,,0.0,0.0
task_0043,family_07,template_07,1.0,1.0,8,B-COLD,1,0,0,1,4050,4050,506.25,17,8120,0,120,0,0,1,0,0.99,4,0,0,0,0,0,0,0,0,0,0,0,0,0,,0.8,0.0
task_0043,family_07,template_07,1.0,1.0,8,B-RAG-EMBED,1,0,0,1,4250,4250,506.25,18,8270,150,120,0,0,1,0,0.99,4,0,0,0,0,0,0,0,0,0,0,1,0,0,,0.8,0.0
task_0043,family_07,template_07,1.0,1.0,8,B-STAGEHAND-CACHE,1,0,0,1,4050,4050,506.25,17,8120,0,120,0,0,1,0,0.99,4,0,0,0,0,0,0,0,0,0,0,1,0,0,,0.8,0.0
task_0043,family_07,template_07,1.0,1.0,8,B-TERX-REPLAY,1,0,0,1,4050,4050,506.25,17,8120,0,120,0,0,1,0,0.99,4,0,0,0,0,0,0,0,0,0,0,1,0,0,,0.8,0.0
task_0043,family_07,template_07,1.0,1.0,8,P-SPIDER-MEA-BATCHED,1,0,1,1,4420,4420,507.5,20,8325,150,120,0,0,0,0,0.01,0,1,0,0,0,1,1,1,0,1,0,1,0,0,e49693048e9bc47b,0.8,0.8
task_0043,family_07,template_07,1.0,1.0,8,NC1-SHUFFLED,1,0,0,1,4050,4050,500.0,17,8120,0,120,0,0,1,0,0.99,4,0,0,0,0,0,0,0,0,0,0,0,0,0,,0.0,0.0
task_0043,family_07,template_07,1.0,1.0,8,NC2-RANDOM,1,0,0,1,4050,4050,500.0,17,8120,0,120,0,0,1,0,0.99,4,0,0,0,0,0,0,0,0,0,0,0,0,0,,0.0,0.0
task_0043,family_07,template_07,1.0,1.0,8,NC3-LENGTH,1,0,0,1,4050,4050,500.0,17,8120,0,120,0,0,1,0,0.55,2,0,0,0,0,0,0,0,0,0,0,0,0,0,,0.0,0.0
task_0043,family_07,template_07,1.0,1.0,8,NC4-ABLATION,0,1,0,0,4450,4450,550.0,17,1080,0,120,8,1,0,0,0.01,0,1,0,0,0,0,0,0,0,0,0,0,0,0,,0.0,0.0
task_0044,family_07,template_07,0.25,0.0,8,B-COLD,1,0,0,1,4050,4050,506.25,17,8120,0,120,0,0,1,0,0.9593,4,0,0,0,0,0,0,0,0,0,0,0,0,0,,1.0,0.0
task_0044,family_07,template_07,0.25,0.0,8,B-RAG-EMBED,1,0,0,1,650,650,56.25,10,1230,150,120,8,1,1,0,0.9593,4,0,0,0,0,0,0,0,0,0,0,1,1,0,,1.0,0.0
task_0044,family_07,template_07,0.25,0.0,8,B-STAGEHAND-CACHE,1,0,0,1,4050,4050,506.25,17,8120,0,120,0,0,1,0,0.9593,4,0,0,0,0,0,0,0,0,0,0,1,0,0,,1.0,0.0
task_0044,family_07,template_07,0.25,0.0,8,B-TERX-REPLAY,1,0,0,1,4050,4050,506.25,17,8120,0,120,0,0,1,0,0.9593,4,0,0,0,0,0,0,0,0,0,0,1,0,0,,1.0,0.0
task_0044,family_07,template_07,0.25,0.0,8,P-SPIDER-MEA-BATCHED,1,0,1,0,4380,4380,502.5,20,8235,150,30,0,0,1,0,0.01,0,0,1,1,1,0,1,1,0,1,0,1,0,0,7b17d0a67fb59b66,1.0,1.0
task_0044,family_07,template_07,0.25,0.0,8,NC1-SHUFFLED,0,0,1,1,4050,4050,500.0,17,8120,0,120,0,0,1,0,0.01,0,0,0,0,0,1,0,0,0,0,0,0,0,0,,0.0,0.0
task_0044,family_07,template_07,0.25,0.0,8,NC2-RANDOM,1,0,0,1,4050,4050,500.0,17,8120,0,120,0,0,1,0,0.99,4,0,0,0,0,0,0,0,0,0,0,0,0,0,,0.0,0.0
task_0044,family_07,template_07,0.25,0.0,8,NC3-LENGTH,1,0,0,1,4050,4050,500.0,17,8120,0,120,0,0,1,0,0.55,2,0,0,0,0,0,0,0,0,0,0,0,0,0,,0.0,0.0
task_0044,family_07,template_07,0.25,0.0,8,NC4-ABLATION,1,0,0,1,4450,4450,550.0,17,1080,0,120,8,1,1,0,0.99,4,0,0,0,0,0,0,0,0,0,0,0,0,0,,0.0,0.0
task_0045,family_07,template_07,0.5,1.0,8,B-COLD,1,0,0,1,4050,4050,506.25,17,8120,0,120,0,0,1,0,0.99,4,0,0,0,0,0,0,0,0,0,0,0,0,0,,0.8,0.0
task_0045,family_07,template_07,0.5,1.0,8,B-RAG-EMBED,1,0,0,1,4250,4250,506.25,18,8270,150,120,0,0,1,0,0.99,4,0,0,0,0,0,0,0,0,0,0,1,0,0,,0.8,0.0
task_0045,family_07,template_07,0.5,1.0,8,B-STAGEHAND-CACHE,1,0,0,1,4050,4050,506.25,17,8120,0,120,0,0,1,0,0.99,4,0,0,0,0,0,0,0,0,0,0,1,0,0,,0.8,0.0
task_0045,family_07,template_07,0.5,1.0,8,B-TERX-REPLAY,1,0,0,1,4050,4050,506.25,17,8120,0,120,0,0,1,0,0.99,4,0,0,0,0,0,0,0,0,0,0,1,0,0,,0.8,0.0
task_0045,family_07,template_07,0.5,1.0,8,P-SPIDER-MEA-BATCHED,1,0,1,0,4420,4420,507.5,20,8325,150,120,0,0,1,0,0.0413,0,0,0,0,0,0,1,1,0,1,0,1,0,0,83b465a4b1e1bb68,0.8,0.8
task_0045,family_07,template_07,0.5,1.0,8,NC1-SHUFFLED,1,0,0,1,4050,4050,500.0,17,8120,0,120,0,0,1,0,0.99,4,0,0,0,0,0,0,0,0,0,0,0,0,0,,0.0,0.0
task_0045,family_07,template_07,0.5,1.0,8,NC2-RANDOM,1,0,0,1,4050,4050,500.0,17,8120,0,120,0,0,1,0,0.99,4,0,0,0,0,0,0,0,0,0,0,0,0,0,,0.0,0.0
task_0045,family_07,template_07,0.5,1.0,8,NC3-LENGTH,1,0,0,1,4050,4050,500.0,17,8120,0,120,0,0,1,0,0.55,2,0,0,0,0,0,0,0,0,0,0,0,0,0,,0.0,0.0
task_0045,family_07,template_07,0.5,1.0,8,NC4-ABLATION,1,0,0,1,4450,4450,550.0,17,1080,0,120,8,1,1,0,0.9822,4,0,0,0,0,0,0,0,0,0,0,0,0,0,,0.0,0.0
task_0046,family_07,template_07,0.75,1.0,8,B-COLD,1,0,0,1,4050,4050,506.25,17,8120,0,120,0,0,1,0,0.99,4,0,0,0,0,0,0,0,0,0,0,0,0,0,,0.8,0.0
task_0046,family_07,template_07,0.75,1.0,8,B-RAG-EMBED,1,0,0,1,4250,4250,506.25,18,8270,150,120,0,0,1,0,0.99,4,0,0,0,0,0,0,0,0,0,0,1,0,0,,0.8,0.0
task_0046,family_07,template_07,0.75,1.0,8,B-STAGEHAND-CACHE,1,0,0,1,4050,4050,506.25,17,8120,0,120,0,0,1,0,0.99,4,0,0,0,0,0,0,0,0,0,0,1,0,0,,0.8,0.0
task_0046,family_07,template_07,0.75,1.0,8,B-TERX-REPLAY,1,0,0,1,4050,4050,506.25,17,8120,0,120,0,0,1,0,0.99,4,0,0,0,0,0,0,0,0,0,0,1,0,0,,0.8,0.0
task_0046,family_07,template_07,0.75,1.0,8,P-SPIDER-MEA-BATCHED,1,0,1,1,4380,4380,502.5,20,8235,150,30,0,0,0,0,0.01,0,1,1,1,1,1,1,1,0,1,0,1,0,0,1b5319ca44549d77,0.8,0.8
task_0046,family_07,template_07,0.75,1.0,8,NC1-SHUFFLED,0,0,1,1,4050,4050,500.0,17,8120,0,120,0,0,1,0,0.0183,0,0,0,0,0,1,0,0,0,0,0,0,0,0,,0.0,0.0
task_0046,family_07,template_07,0.75,1.0,8,NC2-RANDOM,1,0,0,1,4050,4050,500.0,17,8120,0,120,0,0,1,0,0.99,4,0,0,0,0,0,0,0,0,0,0,0,0,0,,0.0,0.0
task_0046,family_07,template_07,0.75,1.0,8,NC3-LENGTH,1,0,0,1,4050,4050,500.0,17,8120,0,120,0,0,1,0,0.55,2,0,0,0,0,0,0,0,0,0,0,0,0,0,,0.0,0.0
task_0046,family_07,template_07,0.75,1.0,8,NC4-ABLATION,0,1,0,0,4450,4450,550.0,17,1080,0,120,8,1,0,0,0.0445,0,1,0,0,0,0,0,0,0,0,0,0,0,0,,0.0,0.0
task_0047,family_07,template_07,1.0,1.0,8,B-COLD,1,0,0,1,4050,4050,506.25,17,8120,0,120,0,0,1,0,0.9748,4,0,0,0,0,0,0,0,0,0,0,0,0,0,,0.7,0.0
task_0047,family_07,template_07,1.0,1.0,8,B-RAG-EMBED,1,0,0,1,4250,4250,506.25,18,8270,150,120,0,0,1,0,0.9748,4,0,0,0,0,0,0,0,0,0,0,1,0,0,,0.7,0.0
task_0047,family_07,template_07,1.0,1.0,8,B-STAGEHAND-CACHE,1,0,0,1,4050,4050,506.25,17,8120,0,120,0,0,1,0,0.9748,4,0,0,0,0,0,0,0,0,0,0,1,0,0,,0.7,0.0
task_0047,family_07,template_07,1.0,1.0,8,B-TERX-REPLAY,1,0,0,1,4050,4050,506.25,17,8120,0,120,0,0,1,0,0.9748,4,0,0,0,0,0,0,0,0,0,0,1,0,0,,0.7,0.0
task_0047,family_07,template_07,1.0,1.0,8,P-SPIDER-MEA-BATCHED,1,0,1,0,4380,4380,502.5,20,8235,150,30,0,0,1,0,0.01,0,0,1,1,1,0,1,1,0,1,0,1,0,0,58828b8f2385f1ab,0.7,0.7
task_0047,family_07,template_07,1.0,1.0,8,NC1-SHUFFLED,1,0,0,1,4050,4050,500.0,17,8120,0,120,0,0,1,0,0.99,4,0,0,0,0,0,0,0,0,0,0,0,0,0,,0.0,0.0
task_0047,family_07,template_07,1.0,1.0,8,NC2-RANDOM,1,0,0,1,4050,4050,500.0,17,8120,0,120,0,0,1,0,0.99,4,0,0,0,0,0,0,0,0,0,0,0,0,0,,0.0,0.0
task_0047,family_07,template_07,1.0,1.0,8,NC3-LENGTH,1,0,0,1,4050,4050,500.0,17,8120,0,120,0,0,1,0,0.55,2,0,0,0,0,0,0,0,0,0,0,0,0,0,,0.0,0.0
task_0047,family_07,template_07,1.0,1.0,8,NC4-ABLATION,1,0,0,1,4450,4450,550.0,17,1080,0,120,8,1,1,0,0.99,4,0,0,0,0,0,0,0,0,0,0,0,0,0,,0.0,0.0
task_0048,family_08,template_08,0.0,0.0,9,B-COLD,1,0,0,1,4550,4550,505.55555555555554,19,9120,0,120,0,0,1,0,0.99,4,0,0,0,0,0,0,0,0,0,0,0,0,0,,1.0,0.0
task_0048,family_08,template_08,0.0,0.0,9,B-RAG-EMBED,1,0,0,1,700,700,55.55555555555556,11,1350,150,120,9,1,1,0,0.99,4,0,0,0,0,0,0,0,0,0,0,1,1,0,,1.0,0.0
task_0048,family_08,template_08,0.0,0.0,9,B-STAGEHAND-CACHE,1,0,0,1,500,500,55.55555555555556,10,1200,0,120,9,1,1,0,0.99,4,0,0,0,0,0,0,0,0,0,0,1,1,0,,1.0,0.0
task_0048,family_08,template_08,0.0,0.0,9,B-TERX-REPLAY,1,0,0,1,500,500,55.55555555555556,10,1200,0,120,9,1,1,0,0.99,4,0,0,0,0,0,0,0,0,0,0,1,1,0,,1.0,0.0
task_0048,family_08,template_08,0.0,0.0,9,P-SPIDER-MEA-BATCHED,1,0,1,0,5010,5010,516.6666666666666,22,9390,150,120,0,0,1,0,0.0376,0,0,0,0,0,0,1,1,0,0,1,1,0,0,5a405e9493b89da1,1.0,1.0
task_0048,family_08,template_08,0.0,0.0,9,NC1-SHUFFLED,0,0,1,1,4550,4550,500.0,19,9120,0,120,0,0,1,0,0.0172,0,0,0,0,0,1,0,0,0,0,0,0,0,0,,0.0,0.0
task_0048,family_08,template_08,0.0,0.0,9,NC2-RANDOM,1,0,0,1,4550,4550,500.0,19,9120,0,120,0,0,1,0,0.99,4,0,0,0,0,0,0,0,0,0,0,0,0,0,,0.0,0.0
task_0048,family_08,template_08,0.0,0.0,9,NC3-LENGTH,1,0,0,1,4550,4550,500.0,19,9120,0,120,0,0,1,0,0.55,2,0,0,0,0,0,0,0,0,0,0,0,0,0,,0.0,0.0
task_0048,family_08,template_08,0.0,0.0,9,NC4-ABLATION,0,1,0,0,5000,5000,550.0,19,1200,0,120,9,1,0,0,0.01,0,1,0,0,0,0,0,0,0,0,0,0,0,0,,0.0,0.0
task_0049,family_08,template_08,0.25,0.5,9,B-COLD,1,0,0,1,4550,4550,505.55555555555554,19,9120,0,120,0,0,1,0,0.9847,4,0,0,0,0,0,0,0,0,0,0,0,0,0,,0.9333333333333333,0.0
task_0049,family_08,template_08,0.25,0.5,9,B-RAG-EMBED,1,0,0,1,2500,2500,255.55555555555554,15,4870,150,120,5,1,1,0,0.9847,4,0,0,0,0,0,0,0,0,0,0,1,1,0,,0.9333333333333333,0.0
task_0049,family_08,template_08,0.25,0.5,9,B-STAGEHAND-CACHE,1,0,0,1,4550,4550,505.55555555555554,19,9120,0,120,0,0,1,0,0.9847,4,0,0,0,0,0,0,0,0,0,0,1,0,0,,0.9333333333333333,0.0
task_0049,family_08,template_08,0.25,0.5,9,B-TERX-REPLAY,1,0,0,1,4550,4550,505.55555555555554,19,9120,0,120,0,0,1,0,0.9847,4,0,0,0,0,0,0,0,0,0,0,1,0,0,,0.9333333333333333,0.0
task_0049,family_08,template_08,0.25,0.5,9,P-SPIDER-MEA-BATCHED,1,0,1,0,4880,4880,502.22222222222223,22,9235,150,30,0,0,1,0,0.01,0,0,1,1,1,0,1,1,0,1,0,1,0,0,637cb3544dc4999f,0.9333333333333333,1.0
task_0049,family_08,template_08,0.25,0.5,9,NC1-SHUFFLED,0,0,1,1,4550,4550,500.0,19,9120,0,120,0,0,1,0,0.01,0,0,0,0,0,1,0,0,0,0,0,0,0,0,,0.0,0.0
task_0049,family_08,template_08,0.25,0.5,9,NC2-RANDOM,1,0,0,1,4550,4550,500.0,19,9120,0,120,0,0,1,0,0.99,4,0,0,0,0,0,0,0,0,0,0,0,0,0,,0.0,0.0
task_0049,family_08,template_08,0.25,0.5,9,NC3-LENGTH,1,0,0,1,4550,4550,500.0,19,9120,0,120,0,0,1,0,0.55,2,0,0,0,0,0,0,0,0,0,0,0,0,0,,0.0,0.0
task_0049,family_08,template_08,0.25,0.5,9,NC4-ABLATION,1,0,0,1,5000,5000,550.0,19,1200,0,120,9,1,1,0,0.99,4,0,0,0,0,0,0,0,0,0,0,0,0,0,,0.0,0.0
task_0050,family_08,template_08,0.5,0.5,9,B-COLD,1,0,0,1,4550,4550,505.55555555555554,19,9120,0,120,0,0,1,0,0.99,4,0,0,0,0,0,0,0,0,0,0,0,0,0,,0.9,0.0
task_0050,family_08,template_08,0.5,0.5,9,B-RAG-EMBED,1,0,0,1,2500,2500,255.55555555555554,15,4870,150,120,5,1,1,0,0.99,4,0,0,0,0,0,0,0,0,0,0,1,1,0,,0.9,0.0
task_0050,family_08,template_08,0.5,0.5,9,B-STAGEHAND-CACHE,1,0,0,1,4550,4550,505.55555555555554,19,9120,0,120,0,0,1,0,0.99,4,0,0,0,0,0,0,0,0,0,0,1,0,0,,0.9,0.0
task_0050,family_08,template_08,0.5,0.5,9,B-TERX-REPLAY,1,0,0,1,4550,4550,505.55555555555554,19,9120,0,120,0,0,1,0,0.99,4,0,0,0,0,0,0,0,0,0,0,1,0,0,,0.9,0.0
task_0050,family_08,template_08,0.5,0.5,9,P-SPIDER-MEA-BATCHED,1,0,1,0,4920,4920,506.6666666666667,22,9325,150,120,0,0,1,0,0.01,0,0,0,0,0,0,1,1,0,1,0,1,0,0,b47d7830e9474469,0.9,1.0
task_0050,family_08,template_08,0.5,0.5,9,NC1-SHUFFLED,0,0,1,1,4550,4550,500.0,19,9120,0,120,0,0,1,0,0.01,0,0,0,0,0,1,0,0,0,0,0,0,0,0,,0.0,0.0
task_0050,family_08,template_08,0.5,0.5,9,NC2-RANDOM,1,0,0,1,4550,4550,500.0,19,9120,0,120,0,0,1,0,0.99,4,0,0,0,0,0,0,0,0,0,0,0,0,0,,0.0,0.0
task_0050,family_08,template_08,0.5,0.5,9,NC3-LENGTH,1,0,0,1,4550,4550,500.0,19,9120,0,120,0,0,1,0,0.55,2,0,0,0,0,0,0,0,0,0,0,0,0,0,,0.0,0.0
task_0050,family_08,template_08,0.5,0.5,9,NC4-ABLATION,1,0,0,1,5000,5000,550.0,19,1200,0,120,9,1,1,0,0.99,4,0,0,0,0,0,0,0,0,0,0,0,0,0,,0.0,0.0
task_0051,family_08,template_08,0.75,1.0,9,B-COLD,1,0,0,1,4550,4550,505.55555555555554,19,9120,0,120,0,0,1,0,0.9835,4,0,0,0,0,0,0,0,0,0,0,0,0,0,,0.8333333333333334,0.0
task_0051,family_08,template_08,0.75,1.0,9,B-RAG-EMBED,1,0,0,1,4750,4750,505.55555555555554,20,9270,150,120,0,0,1,0,0.9835,4,0,0,0,0,0,0,0,0,0,0,1,0,0,,0.8333333333333334,0.0
task_0051,family_08,template_08,0.75,1.0,9,B-STAGEHAND-CACHE,1,0,0,1,4550,4550,505.55555555555554,19,9120,0,120,0,0,1,0,0.9835,4,0,0,0,0,0,0,0,0,0,0,1,0,0,,0.8333333333333334,0.0
task_0051,family_08,template_08,0.75,1.0,9,B-TERX-REPLAY,1,0,0,1,4550,4550,505.55555555555554,19,9120,0,120,0,0,1,0,0.9835,4,0,0,0,0,0,0,0,0,0,0,1,0,0,,0.8333333333333334,0.0
task_0051,family_08,template_08,0.75,1.0,9,P-SPIDER-MEA-BATCHED,1,0,1,0,4880,4880,502.22222222222223,22,9235,150,30,0,0,1,0,0.0151,0,0,1,1,1,0,1,1,0,1,0,1,0,0,e6034b6ac2e0f7d9,0.8333333333333334,0.8666666666666667
task_0051,family_08,template_08,0.75,1.0,9,NC1-SHUFFLED,0,0,1,1,4550,4550,500.0,19,9120,0,120,0,0,1,0,0.0289,0,0,0,0,0,1,0,0,0,0,0,0,0,0,,0.0,0.0
task_0051,family_08,template_08,0.75,1.0,9,NC2-RANDOM,1,0,0,1,4550,4550,500.0,19,9120,0,120,0,0,1,0,0.99,4,0,0,0,0,0,0,0,0,0,0,0,0,0,,0.0,0.0
task_0051,family_08,template_08,0.75,1.0,9,NC3-LENGTH,1,0,0,1,4550,4550,500.0,19,9120,0,120,0,0,1,0,0.55,2,0,0,0,0,0,0,0,0,0,0,0,0,0,,0.0,0.0
task_0051,family_08,template_08,0.75,1.0,9,NC4-ABLATION,0,1,0,0,5000,5000,550.0,19,1200,0,120,9,1,0,0,0.01,0,1,0,0,0,0,0,0,0,0,0,0,0,0,,0.0,0.0
task_0052,family_08,template_08,1.0,1.0,9,B-COLD,1,0,0,1,4550,4550,505.55555555555554,19,9120,0,120,0,0,1,0,0.99,4,0,0,0,0,0,0,0,0,0,0,0,0,0,,0.8,0.0
task_0052,family_08,template_08,1.0,1.0,9,B-RAG-EMBED,1,0,0,1,4750,4750,505.55555555555554,20,9270,150,120,0,0,1,0,0.99,4,0,0,0,0,0,0,0,0,0,0,1,0,0,,0.8,0.0
task_0052,family_08,template_08,1.0,1.0,9,B-STAGEHAND-CACHE,1,0,0,1,4550,4550,505.55555555555554,19,9120,0,120,0,0,1,0,0.99,4,0,0,0,0,0,0,0,0,0,0,1,0,0,,0.8,0.0
task_0052,family_08,template_08,1.0,1.0,9,B-TERX-REPLAY,1,0,0,1,4550,4550,505.55555555555554,19,9120,0,120,0,0,1,0,0.99,4,0,0,0,0,0,0,0,0,0,0,1,0,0,,0.8,0.0
task_0052,family_08,template_08,1.0,1.0,9,P-SPIDER-MEA-BATCHED,1,0,1,1,4920,4920,506.6666666666667,22,9325,150,120,0,0,0,0,0.01,0,1,0,0,0,1,1,1,0,1,0,1,0,0,edeb914d6076580a,0.8,0.8
task_0052,family_08,template_08,1.0,1.0,9,NC1-SHUFFLED,0,0,1,1,4550,4550,500.0,19,9120,0,120,0,0,1,0,0.01,0,0,0,0,0,1,0,0,0,0,0,0,0,0,,0.0,0.0
task_0052,family_08,template_08,1.0,1.0,9,NC2-RANDOM,1,0,0,1,4550,4550,500.0,19,9120,0,120,0,0,1,0,0.99,4,0,0,0,0,0,0,0,0,0,0,0,0,0,,0.0,0.0
task_0052,family_08,template_08,1.0,1.0,9,NC3-LENGTH,1,0,0,1,4550,4550,500.0,19,9120,0,120,0,0,1,0,0.55,2,0,0,0,0,0,0,0,0,0,0,0,0,0,,0.0,0.0
task_0052,family_08,template_08,1.0,1.0,9,NC4-ABLATION,1,0,0,1,5000,5000,550.0,19,1200,0,120,9,1,1,0,0.99,4,0,0,0,0,0,0,0,0,0,0,0,0,0,,0.0,0.0
task_0053,family_08,template_08,0.25,0.5,9,B-COLD,1,0,0,1,4550,4550,505.55555555555554,19,9120,0,120,0,0,1,0,0.99,4,0,0,0,0,0,0,0,0,0,0,0,0,0,,0.8444444444444444,0.0
task_0053,family_08,template_08,0.25,0.5,9,B-RAG-EMBED,1,0,0,1,2500,2500,255.55555555555554,15,4870,150,120,5,1,1,0,0.99,4,0,0,0,0,0,0,0,0,0,0,1,1,0,,0.8444444444444444,0.0
task_0053,family_08,template_08,0.25,0.5,9,B-STAGEHAND-CACHE,1,0,0,1,4550,4550,505.55555555555554,19,9120,0,120,0,0,1,0,0.99,4,0,0,0,0,0,0,0,0,0,0,1,0,0,,0.8444444444444444,0.0
task_0053,family_08,template_08,0.25,0.5,9,B-TERX-REPLAY,1,0,0,1,4550,4550,505.55555555555554,19,9120,0,120,0,0,1,0,0.99,4,0,0,0,0,0,0,0,0,0,0,1,0,0,,0.8444444444444444,0.0
task_0053,family_08,template_08,0.25,0.5,9,P-SPIDER-MEA-BATCHED,1,0,1,1,4920,4920,506.6666666666667,22,9325,150,120,0,0,0,0,0.01,0,1,0,0,0,1,1,1,0,1,0,1,0,0,263f9e8967954c26,0.8444444444444444,0.8888888888888888
task_0053,family_08,template_08,0.25,0.5,9,NC1-SHUFFLED,0,0,1,1,4550,4550,500.0,19,9120,0,120,0,0,1,0,0.0274,0,0,0,0,0,1,0,0,0,0,0,0,0,0,,0.0,0.0
task_0053,family_08,template_08,0.25,0.5,9,NC2-RANDOM,1,0,0,1,4550,4550,500.0,19,9120,0,120,0,0,1,0,0.99,4,0,0,0,0,0,0,0,0,0,0,0,0,0,,0.0,0.0
task_0053,family_08,template_08,0.25,0.5,9,NC3-LENGTH,1,0,0,1,4550,4550,500.0,19,9120,0,120,0,0,1,0,0.55,2,0,0,0,0,0,0,0,0,0,0,0,0,0,,0.0,0.0
task_0053,family_08,template_08,0.25,0.5,9,NC4-ABLATION,0,1,0,0,5000,5000,550.0,19,1200,0,120,9,1,0,0,0.0465,0,1,0,0,0,0,0,0,0,0,0,0,0,0,,0.0,0.0
task_0054,family_09,template_09,0.0,0.0,10,B-COLD,1,0,0,1,5050,5050,505.0,21,10120,0,120,0,0,1,0,0.9728,4,0,0,0,0,0,0,0,0,0,0,0,0,0,,1.0,0.0
task_0054,family_09,template_09,0.0,0.0,10,B-RAG-EMBED,1,0,0,1,750,750,55.0,12,1470,150,120,10,1,1,0,0.9728,4,0,0,0,0,0,0,0,0,0,0,1,1,0,,1.0,0.0
task_0054,family_09,template_09,0.0,0.0,10,B-STAGEHAND-CACHE,1,0,0,1,550,550,55.0,11,1320,0,120,10,1,1,0,0.9728,4,0,0,0,0,0,0,0,0,0,0,1,1,0,,1.0,0.0
task_0054,family_09,template_09,0.0,0.0,10,B-TERX-REPLAY,1,0,0,1,550,550,55.0,11,1320,0,120,10,1,1,0,0.9728,4,0,0,0,0,0,0,0,0,0,0,1,1,0,,1.0,0.0
task_0054,family_09,template_09,0.0,0.0,10,P-SPIDER-MEA-BATCHED,1,0,1,0,5470,5470,511.0,24,10300,150,30,0,0,1,0,0.0285,0,0,1,1,1,0,1,1,0,0,1,1,0,0,73d65abc4aae35ec,1.0,1.0
task_0054,family_09,template_09,0.0,0.0,10,NC1-SHUFFLED,0,0,1,0,5050,5050,500.0,21,10120,0,120,0,0,0,0,0.01,0,1,0,0,0,1,0,0,0,0,0,0,0,0,,0.0,0.0
task_0054,family_09,template_09,0.0,0.0,10,NC2-RANDOM,0,1,0,0,5050,5050,500.0,21,10120,0,120,0,0,0,0,0.0161,0,1,0,0,0,0,0,0,0,0,0,0,0,0,,0.0,0.0
task_0054,family_09,template_09,0.0,0.0,10,NC3-LENGTH,1,0,0,1,5050,5050,500.0,21,10120,0,120,0,0,1,0,0.55,2,0,0,0,0,0,0,0,0,0,0,0,0,0,,0.0,0.0
task_0054,family_09,template_09,0.0,0.0,10,NC4-ABLATION,1,0,0,1,5550,5550,550.0,21,1320,0,120,10,1,1,0,0.99,4,0,0,0,0,0,0,0,0,0,0,0,0,0,,0.0,0.0
task_0055,family_09,template_09,0.5,0.5,10,B-COLD,1,0,0,1,5050,5050,505.0,21,10120,0,120,0,0,1,0,0.99,4,0,0,0,0,0,0,0,0,0,0,0,0,0,,0.9,0.0
task_0055,family_09,template_09,0.5,0.5,10,B-RAG-EMBED,1,0,0,1,3000,3000,280.0,17,5870,150,120,5,1,1,0,0.99,4,0,0,0,0,0,0,0,0,0,0,1,1,0,,0.9,0.0
task_0055,family_09,template_09,0.5,0.5,10,B-STAGEHAND-CACHE,1,0,0,1,5050,5050,505.0,21,10120,0,120,0,0,1,0,0.99,4,0,0,0,0,0,0,0,0,0,0,1,0,0,,0.9,0.0
task_0055,family_09,template_09,0.5,0.5,10,B-TERX-REPLAY,1,0,0,1,5050,5050,505.0,21,10120,0,120,0,0,1,0,0.99,4,0,0,0,0,0,0,0,0,0,0,1,0,0,,0.9,0.0
task_0055,family_09,template_09,0.5,0.5,10,P-SPIDER-MEA-BATCHED,1,0,1,0,5420,5420,506.0,24,10325,150,120,0,0,1,0,0.01,0,0,0,0,0,0,1,1,0,1,0,1,0,0,fec59e266984f701,0.9,1.0
task_0055,family_09,template_09,0.5,0.5,10,NC1-SHUFFLED,0,0,1,1,5050,5050,500.0,21,10120,0,120,0,0,1,0,0.0263,0,0,0,0,0,1,0,0,0,0,0,0,0,0,,0.0,0.0
task_0055,family_09,template_09,0.5,0.5,10,NC2-RANDOM,1,0,0,1,5050,5050,500.0,21,10120,0,120,0,0,1,0,0.99,4,0,0,0,0,0,0,0,0,0,0,0,0,0,,0.0,0.0
task_0055,family_09,template_09,0.5,0.5,10,NC3-LENGTH,1,0,0,1,5050,5050,500.0,21,10120,0,120,0,0,1,0,0.55,2,0,0,0,0,0,0,0,0,0,0,0,0,0,,0.0,0.0
task_0055,family_09,template_09,0.5,0.5,10,NC4-ABLATION,1,0,0,1,5550,5550,550.0,21,1320,0,120,10,1,1,0,0.9774,4,0,0,0,0,0,0,0,0,0,0,0,0,0,,0.0,0.0
task_0056,family_09,template_09,0.75,1.0,10,B-COLD,1,0,0,1,5050,5050,505.0,21,10120,0,120,0,0,1,0,0.99,4,0,0,0,0,0,0,0,0,0,0,0,0,0,,0.8285714285714285,0.0
task_0056,family_09,template_09,0.75,1.0,10,B-RAG-EMBED,1,0,0,1,5250,5250,505.0,22,10270,150,120,0,0,1,0,0.99,4,0,0,0,0,0,0,0,0,0,0,1,0,0,,0.8285714285714285,0.0
task_0056,family_09,template_09,0.75,1.0,10,B-STAGEHAND-CACHE,1,0,0,1,5050,5050,505.0,21,10120,0,120,0,0,1,0,0.99,4,0,0,0,0,0,0,0,0,0,0,1,0,0,,0.8285714285714285,0.0
task_0056,family_09,template_09,0.75,1.0,10,B-TERX-REPLAY,1,0,0,1,5050,5050,505.0,21,10120,0,120,0,0,1,0,0.99,4,0,0,0,0,0,0,0,0,0,0,1,0,0,,0.8285714285714285,0.0
task_0056,family_09,template_09,0.75,1.0,10,P-SPIDER-MEA-BATCHED,1,0,1,0,5420,5420,506.0,24,10325,150,120,0,0,1,0,0.01,0,0,0,0,0,0,1,1,0,1,0,1,0,0,10f690f16080f491,0.8285714285714285,0.8571428571428571
task_0056,family_09,template_09,0.75,1.0,10,NC1-SHUFFLED,0,0,1,0,5050,5050,500.0,21,10120,0,120,0,0,0,0,0.01,0,1,0,0,0,1,0,0,0,0,0,0,0,0,,0.0,0.0
task_0056,family_09,template_09,0.75,1.0,10,NC2-RANDOM,0,1,0,0,5050,5050,500.0,21,10120,0,120,0,0,0,0,0.01,0,1,0,0,0,0,0,0,0,0,0,0,0,0,,0.0,0.0
task_0056,family_09,template_09,0.75,1.0,10,NC3-LENGTH,1,0,0,1,5050,5050,500.0,21,10120,0,120,0,0,1,0,0.55,2,0,0,0,0,0,0,0,0,0,0,0,0,0,,0.0,0.0
task_0056,family_09,template_09,0.75,1.0,10,NC4-ABLATION,0,1,0,0,5550,5550,550.0,21,1320,0,120,10,1,0,0,0.0474,0,1,0,0,0,0,0,0,0,0,0,0,0,0,,0.0,0.0
task_0057,family_09,template_09,1.0,1.0,10,B-COLD,1,0,0,1,5050,5050,505.0,21,10120,0,120,0,0,1,0,0.9731,4,0,0,0,0,0,0,0,0,0,0,0,0,0,,0.8285714285714285,0.0
task_0057,family_09,template_09,1.0,1.0,10,B-RAG-EMBED,1,0,0,1,5250,5250,505.0,22,10270,150,120,0,0,1,0,0.9731,4,0,0,0,0,0,0,0,0,0,0,1,0,0,,0.8285714285714285,0.0
task_0057,family_09,template_09,1.0,1.0,10,B-STAGEHAND-CACHE,1,0,0,1,5050,5050,505.0,21,10120,0,120,0,0,1,0,0.9731,4,0,0,0,0,0,0,0,0,0,0,1,0,0,,0.8285714285714285,0.0
task_0057,family_09,template_09,1.0,1.0,10,B-TERX-REPLAY,1,0,0,1,5050,5050,505.0,21,10120,0,120,0,0,1,0,0.9731,4,0,0,0,0,0,0,0,0,0,0,1,0,0,,0.8285714285714285,0.0
task_0057,family_09,template_09,1.0,1.0,10,P-SPIDER-MEA-BATCHED,1,0,1,0,5420,5420,506.0,24,10325,150,120,0,0,1,0,0.01,0,0,0,0,1,0,1,1,0,1,0,1,0,0,bf2c62f4da39d183,0.8285714285714285,0.8571428571428571
task_0057,family_09,template_09,1.0,1.0,10,NC1-SHUFFLED,0,0,1,0,5050,5050,500.0,21,10120,0,120,0,0,0,0,0.0457,0,1,0,0,0,1,0,0,0,0,0,0,0,0,,0.0,0.0
task_0057,family_09,template_09,1.0,1.0,10,NC2-RANDOM,0,1,0,0,5050,5050,500.0,21,10120,0,120,0,0,0,0,0.0134,0,1,0,0,0,0,0,0,0,0,0,0,0,0,,0.0,0.0
task_0057,family_09,template_09,1.0,1.0,10,NC3-LENGTH,1,0,0,1,5050,5050,500.0,21,10120,0,120,0,0,1,0,0.55,2,0,0,0,0,0,0,0,0,0,0,0,0,0,,0.0,0.0
task_0057,family_09,template_09,1.0,1.0,10,NC4-ABLATION,1,0,0,1,5550,5550,550.0,21,1320,0,120,10,1,1,0,0.99,4,0,0,0,0,0,0,0,0,0,0,0,0,0,,0.0,0.0
task_0058,family_09,template_09,0.25,0.5,10,B-COLD,1,0,0,1,5050,5050,505.0,21,10120,0,120,0,0,1,0,0.99,4,0,0,0,0,0,0,0,0,0,0,0,0,0,,0.8928571428571428,0.0
task_0058,family_09,template_09,0.25,0.5,10,B-RAG-EMBED,1,0,0,1,3000,3000,280.0,17,5870,150,120,5,1,1,0,0.99,4,0,0,0,0,0,0,0,0,0,0,1,1,0,,0.8928571428571428,0.0
task_0058,family_09,template_09,0.25,0.5,10,B-STAGEHAND-CACHE,1,0,0,1,5050,5050,505.0,21,10120,0,120,0,0,1,0,0.99,4,0,0,0,0,0,0,0,0,0,0,1,0,0,,0.8928571428571428,0.0
task_0058,family_09,template_09,0.25,0.5,10,B-TERX-REPLAY,1,0,0,1,5050,5050,505.0,21,10120,0,120,0,0,1,0,0.99,4,0,0,0,0,0,0,0,0,0,0,1,0,0,,0.8928571428571428,0.0
task_0058,family_09,template_09,0.25,0.5,10,P-SPIDER-MEA-BATCHED,1,0,1,0,5380,5380,502.0,24,10235,150,30,0,0,1,0,0.0271,0,0,1,1,1,0,1,1,0,1,0,1,0,0,afc107bbd4dd57a7,0.8928571428571428,1.0
task_0058,family_09,template_09,0.25,0.5,10,NC1-SHUFFLED,0,0,1,1,5050,5050,500.0,21,10120,0,120,0,0,1,0,0.01,0,0,0,0,0,1,0,0,0,0,0,0,0,0,,0.0,0.0
task_0058,family_09,template_09,0.25,0.5,10,NC2-RANDOM,1,0,0,1,5050,5050,500.0,21,10120,0,120,0,0,1,0,0.98,4,0,0,0,0,0,0,0,0,0,0,0,0,0,,0.0,0.0
task_0058,family_09,template_09,0.25,0.5,10,NC3-LENGTH,1,0,0,1,5050,5050,500.0,21,10120,0,120,0,0,1,0,0.55,2,0,0,0,0,0,0,0,0,0,0,0,0,0,,0.0,0.0
task_0058,family_09,template_09,0.25,0.5,10,NC4-ABLATION,1,0,0,1,5550,5550,550.0,21,1320,0,120,10,1,1,0,0.9669,4,0,0,0,0,0,0,0,0,0,0,0,0,0,,0.0,0.0
task_0059,family_09,template_09,0.5,0.5,10,B-COLD,1,0,0,1,5050,5050,505.0,21,10120,0,120,0,0,1,0,0.99,4,0,0,0,0,0,0,0,0,0,0,0,0,0,,0.8115384615384615,0.0
task_0059,family_09,template_09,0.5,0.5,10,B-RAG-EMBED,1,0,0,1,3000,3000,280.0,17,5870,150,120,5,1,1,0,0.99,4,0,0,0,0,0,0,0,0,0,0,1,1,0,,0.8115384615384615,0.0
task_0059,family_09,template_09,0.5,0.5,10,B-STAGEHAND-CACHE,1,0,0,1,5050,5050,505.0,21,10120,0,120,0,0,1,0,0.99,4,0,0,0,0,0,0,0,0,0,0,1,0,0,,0.8115384615384615,0.0
task_0059,family_09,template_09,0.5,0.5,10,B-TERX-REPLAY,1,0,0,1,5050,5050,505.0,21,10120,0,120,0,0,1,0,0.99,4,0,0,0,0,0,0,0,0,0,0,1,0,0,,0.8115384615384615,0.0
task_0059,family_09,template_09,0.5,0.5,10,P-SPIDER-MEA-BATCHED,1,0,1,1,5380,5380,502.0,24,10235,150,30,0,0,0,0,0.01,0,1,1,1,1,1,1,1,0,1,0,1,0,0,ad7ceccd8fdcfd46,0.8115384615384615,0.9230769230769231
task_0059,family_09,template_09,0.5,0.5,10,NC1-SHUFFLED,0,0,1,1,5050,5050,500.0,21,10120,0,120,0,0,1,0,0.0459,0,0,0,0,0,1,0,0,0,0,0,0,0,0,,0.0,0.0
task_0059,family_09,template_09,0.5,0.5,10,NC2-RANDOM,1,0,0,1,5050,5050,500.0,21,10120,0,120,0,0,1,0,0.9815,4,0,0,0,0,0,0,0,0,0,0,0,0,0,,0.0,0.0
task_0059,family_09,template_09,0.5,0.5,10,NC3-LENGTH,1,0,0,1,5050,5050,500.0,21,10120,0,120,0,0,1,0,0.55,2,0,0,0,0,0,0,0,0,0,0,0,0,0,,0.0,0.0
task_0059,family_09,template_09,0.5,0.5,10,NC4-ABLATION,0,1,0,0,5550,5550,550.0,21,1320,0,120,10,1,0,0,0.01,0,1,0,0,0,0,0,0,0,0,0,0,0,0,,0.0,0.0
task_0060,family_10,template_10,0.0,0.0,11,B-COLD,1,0,0,1,5550,5550,504.54545454545456,23,11120,0,120,0,0,1,0,0.99,4,0,0,0,0,0,0,0,0,0,0,0,0,0,,1.0,0.0
task_0060,family_10,template_10,0.0,0.0,11,B-RAG-EMBED,1,0,0,1,800,800,54.54545454545455,13,1590,150,120,11,1,1,0,0.99,4,0,0,0,0,0,0,0,0,0,0,1,1,0,,1.0,0.0
task_0060,family_10,template_10,0.0,0.0,11,B-STAGEHAND-CACHE,1,0,0,1,600,600,54.54545454545455,12,1440,0,120,11,1,1,0,0.99,4,0,0,0,0,0,0,0,0,0,0,1,1,0,,1.0,0.0
task_0060,family_10,template_10,0.0,0.0,11,B-TERX-REPLAY,1,0,0,1,600,600,54.54545454545455,12,1440,0,120,11,1,1,0,0.99,4,0,0,0,0,0,0,0,0,0,0,1,1,0,,1.0,0.0
task_0060,family_10,template_10,0.0,0.0,11,P-SPIDER-MEA-BATCHED,1,0,1,0,6010,6010,513.6363636363636,26,11390,150,120,0,0,1,0,0.01,0,0,0,0,0,0,1,1,0,0,1,1,0,0,72c9455ba4bd33bc,1.0,1.0
task_0060,family_10,template_10,0.0,0.0,11,NC1-SHUFFLED,0,0,1,1,5550,5550,500.0,23,11120,0,120,0,0,1,0,0.01,0,0,0,0,0,1,0,0,0,0,0,0,0,0,,0.0,0.0
task_0060,family_10,template_10,0.0,0.0,11,NC2-RANDOM,1,0,0,1,5550,5550,500.0,23,11120,0,120,0,0,1,0,0.99,4,0,0,0,0,0,0,0,0,0,0,0,0,0,,0.0,0.0
task_0060,family_10,template_10,0.0,0.0,11,NC3-LENGTH,1,0,0,1,5550,5550,500.0,23,11120,0,120,0,0,1,0,0.55,2,0,0,0,0,0,0,0,0,0,0,0,0,0,,0.0,0.0
task_0060,family_10,template_10,0.0,0.0,11,NC4-ABLATION,0,1,0,0,6100,6100,550.0,23,1440,0,120,11,1,0,0,0.01,0,1,0,0,0,0,0,0,0,0,0,0,0,0,,0.0,0.0
task_0061,family_10,template_10,0.75,0.6667,11,B-COLD,1,0,0,1,5550,5550,504.54545454545456,23,11120,0,120,0,0,1,0,0.99,4,0,0,0,0,0,0,0,0,0,0,0,0,0,,0.8814814814814815,0.0
task_0061,family_10,template_10,0.75,0.6667,11,B-RAG-EMBED,1,0,0,1,3950,3950,340.90909090909093,20,7750,150,120,4,1,1,0,0.99,4,0,0,0,0,0,0,0,0,0,0,1,1,0,,0.8814814814814815,0.0
task_0061,family_10,template_10,0.75,0.6667,11,B-STAGEHAND-CACHE,1,0,0,1,5550,5550,504.54545454545456,23,11120,0,120,0,0,1,0,0.99,4,0,0,0,0,0,0,0,0,0,0,1,0,0,,0.8814814814814815,0.0
task_0061,family_10,template_10,0.75,0.6667,11,B-TERX-REPLAY,1,0,0,1,5550,5550,504.54545454545456,23,11120,0,120,0,0,1,0,0.99,4,0,0,0,0,0,0,0,0,0,0,1,0,0,,0.8814814814814815,0.0
task_0061,family_10,template_10,0.75,0.6667,11,P-SPIDER-MEA-BATCHED,1,0,1,0,5880,5880,501.8181818181818,26,11235,150,30,0,0,1,0,0.0503,0,0,1,1,1,0,1,1,0,1,0,1,0,0,ba426c3a4e57e455,0.8814814814814815,1.0
task_0061,family_10,template_10,0.75,0.6667,11,NC1-SHUFFLED,0,0,1,1,5550,5550,500.0,23,11120,0,120,0,0,1,0,0.01,0,0,0,0,0,1,0,0,0,0,0,0,0,0,,0.0,0.0
task_0061,family_10,template_10,0.75,0.6667,11,NC2-RANDOM,1,0,0,1,5550,5550,500.0,23,11120,0,120,0,0,1,0,0.99,4,0,0,0,0,0,0,0,0,0,0,0,0,0,,0.0,0.0
task_0061,family_10,template_10,0.75,0.6667,11,NC3-LENGTH,1,0,0,1,5550,5550,500.0,23,11120,0,120,0,0,1,0,0.55,2,0,0,0,0,0,0,0,0,0,0,0,0,0,,0.0,0.0
task_0061,family_10,template_10,0.75,0.6667,11,NC4-ABLATION,1,0,0,1,6100,6100,550.0,23,1440,0,120,11,1,1,0,0.99,4,0,0,0,0,0,0,0,0,0,0,0,0,0,,0.0,0.0
task_0062,family_10,template_10,1.0,1.0,11,B-COLD,1,0,0,1,5550,5550,504.54545454545456,23,11120,0,120,0,0,1,0,0.99,4,0,0,0,0,0,0,0,0,0,0,0,0,0,,0.8444444444444444,0.0
task_0062,family_10,template_10,1.0,1.0,11,B-RAG-EMBED,1,0,0,1,5750,5750,504.54545454545456,24,11270,150,120,0,0,1,0,0.99,4,0,0,0,0,0,0,0,0,0,0,1,0,0,,0.8444444444444444,0.0
task_0062,family_10,template_10,1.0,1.0,11,B-STAGEHAND-CACHE,1,0,0,1,5550,5550,504.54545454545456,23,11120,0,120,0,0,1,0,0.99,4,0,0,0,0,0,0,0,0,0,0,1,0,0,,0.8444444444444444,0.0
task_0062,family_10,template_10,1.0,1.0,11,B-TERX-REPLAY,1,0,0,1,5550,5550,504.54545454545456,23,11120,0,120,0,0,1,0,0.99,4,0,0,0,0,0,0,0,0,0,0,1,0,0,,0.8444444444444444,0.0
task_0062,family_10,template_10,1.0,1.0,11,P-SPIDER-MEA-BATCHED,1,0,1,0,5880,5880,501.8181818181818,26,11235,150,30,0,0,1,0,0.0106,0,0,1,1,1,0,1,1,0,1,0,1,0,0,47ead05eec24b087,0.8444444444444444,0.8666666666666667
task_0062,family_10,template_10,1.0,1.0,11,NC1-SHUFFLED,0,0,1,1,5550,5550,500.0,23,11120,0,120,0,0,1,0,0.01,0,0,0,0,0,1,0,0,0,0,0,0,0,0,,0.0,0.0
task_0062,family_10,template_10,1.0,1.0,11,NC2-RANDOM,1,0,0,1,5550,5550,500.0,23,11120,0,120,0,0,1,0,0.99,4,0,0,0,0,0,0,0,0,0,0,0,0,0,,0.0,0.0
task_0062,family_10,template_10,1.0,1.0,11,NC3-LENGTH,1,0,0,1,5550,5550,500.0,23,11120,0,120,0,0,1,0,0.55,2,0,0,0,0,0,0,0,0,0,0,0,0,0,,0.0,0.0
task_0062,family_10,template_10,1.0,1.0,11,NC4-ABLATION,0,1,0,0,6100,6100,550.0,23,1440,0,120,11,1,0,0,0.01,0,1,0,0,0,0,0,0,0,0,0,0,0,0,,0.0,0.0
task_0063,family_10,template_10,0.25,0.3333,11,B-COLD,1,0,0,1,5550,5550,504.54545454545456,23,11120,0,120,0,0,1,0,0.9778,4,0,0,0,0,0,0,0,0,0,0,0,0,0,,0.9555555555555556,0.0
task_0063,family_10,template_10,0.25,0.3333,11,B-RAG-EMBED,1,0,0,1,2600,2600,218.1818181818182,17,5110,150,120,7,1,1,0,0.9778,4,0,0,0,0,0,0,0,0,0,0,1,1,0,,0.9555555555555556,0.0
task_0063,family_10,template_10,0.25,0.3333,11,B-STAGEHAND-CACHE,1,0,0,1,5550,5550,504.54545454545456,23,11120,0,120,0,0,1,0,0.9778,4,0,0,0,0,0,0,0,0,0,0,1,0,0,,0.9555555555555556,0.0
task_0063,family_10,template_10,0.25,0.3333,11,B-TERX-REPLAY,1,0,0,1,5550,5550,504.54545454545456,23,11120,0,120,0,0,1,0,0.9778,4,0,0,0,0,0,0,0,0,0,0,1,0,0,,0.9555555555555556,0.0
task_0063,family_10,template_10,0.25,0.3333,11,P-SPIDER-MEA-BATCHED,1,0,1,0,5880,5880,501.8181818181818,26,11235,150,30,0,0,1,0,0.0381,0,0,1,1,1,0,1,1,0,1,0,1,0,0,50ae7548d8dafad2,0.9555555555555556,1.0
task_0063,family_10,template_10,0.25,0.3333,11,NC1-SHUFFLED,0,0,1,1,5550,5550,500.0,23,11120,0,120,0,0,1,0,0.0156,0,0,0,0,0,1,0,0,0,0,0,0,0,0,,0.0,0.0
task_0063,family_10,template_10,0.25,0.3333,11,NC2-RANDOM,1,0,0,1,5550,5550,500.0,23,11120,0,120,0,0,1,0,0.99,4,0,0,0,0,0,0,0,0,0,0,0,0,0,,0.0,0.0
task_0063,family_10,template_10,0.25,0.3333,11,NC3-LENGTH,1,0,0,1,5550,5550,500.0,23,11120,0,120,0,0,1,0,0.55,2,0,0,0,0,0,0,0,0,0,0,0,0,0,,0.0,0.0
task_0063,family_10,template_10,0.25,0.3333,11,NC4-ABLATION,1,0,0,1,6100,6100,550.0,23,1440,0,120,11,1,1,0,0.99,4,0,0,0,0,0,0,0,0,0,0,0,0,0,,0.0,0.0
task_0064,family_10,template_10,0.5,0.6667,11,B-COLD,1,0,0,1,5550,5550,504.54545454545456,23,11120,0,120,0,0,1,0,0.9835,4,0,0,0,0,0,0,0,0,0,0,0,0,0,,0.8666666666666667,0.0
task_0064,family_10,template_10,0.5,0.6667,11,B-RAG-EMBED,1,0,0,1,3950,3950,340.90909090909093,20,7750,150,120,4,1,1,0,0.9835,4,0,0,0,0,0,0,0,0,0,0,1,1,0,,0.8666666666666667,0.0
task_0064,family_10,template_10,0.5,0.6667,11,B-STAGEHAND-CACHE,1,0,0,1,5550,5550,504.54545454545456,23,11120,0,120,0,0,1,0,0.9835,4,0,0,0,0,0,0,0,0,0,0,1,0,0,,0.8666666666666667,0.0
task_0064,family_10,template_10,0.5,0.6667,11,B-TERX-REPLAY,1,0,0,1,5550,5550,504.54545454545456,23,11120,0,120,0,0,1,0,0.9835,4,0,0,0,0,0,0,0,0,0,0,1,0,0,,0.8666666666666667,0.0
task_0064,family_10,template_10,0.5,0.6667,11,P-SPIDER-MEA-BATCHED,1,0,1,0,5880,5880,501.8181818181818,26,11235,150,30,0,0,1,0,0.01,0,0,1,1,1,0,1,1,0,1,0,1,0,0,8f458c17074361cf,0.8666666666666667,1.0
task_0064,family_10,template_10,0.5,0.6667,11,NC1-SHUFFLED,0,0,1,1,5550,5550,500.0,23,11120,0,120,0,0,1,0,0.01,0,0,0,0,0,1,0,0,0,0,0,0,0,0,,0.0,0.0
task_0064,family_10,template_10,0.5,0.6667,11,NC2-RANDOM,1,0,0,1,5550,5550,500.0,23,11120,0,120,0,0,1,0,0.99,4,0,0,0,0,0,0,0,0,0,0,0,0,0,,0.0,0.0
task_0064,family_10,template_10,0.5,0.6667,11,NC3-LENGTH,1,0,0,1,5550,5550,500.0,23,11120,0,120,0,0,1,0,0.55,2,0,0,0,0,0,0,0,0,0,0,0,0,0,,0.0,0.0
task_0064,family_10,template_10,0.5,0.6667,11,NC4-ABLATION,0,1,0,0,6100,6100,550.0,23,1440,0,120,11,1,0,0,0.01,0,1,0,0,0,0,0,0,0,0,0,0,0,0,,0.0,0.0
task_0065,family_10,template_10,0.75,0.6667,11,B-COLD,1,0,0,1,5550,5550,504.54545454545456,23,11120,0,120,0,0,1,0,0.9766,4,0,0,0,0,0,0,0,0,0,0,0,0,0,,0.8095238095238095,0.0
task_0065,family_10,template_10,0.75,0.6667,11,B-RAG-EMBED,1,0,0,1,3950,3950,340.90909090909093,20,7750,150,120,4,1,1,0,0.9766,4,0,0,0,0,0,0,0,0,0,0,1,1,0,,0.8095238095238095,0.0
task_0065,family_10,template_10,0.75,0.6667,11,B-STAGEHAND-CACHE,1,0,0,1,5550,5550,504.54545454545456,23,11120,0,120,0,0,1,0,0.9766,4,0,0,0,0,0,0,0,0,0,0,1,0,0,,0.8095238095238095,0.0
task_0065,family_10,template_10,0.75,0.6667,11,B-TERX-REPLAY,1,0,0,1,5550,5550,504.54545454545456,23,11120,0,120,0,0,1,0,0.9766,4,0,0,0,0,0,0,0,0,0,0,1,0,0,,0.8095238095238095,0.0
task_0065,family_10,template_10,0.75,0.6667,11,P-SPIDER-MEA-BATCHED,1,0,1,0,5880,5880,501.8181818181818,26,11235,150,30,0,0,1,0,0.032,0,0,1,1,1,0,1,1,0,1,0,1,0,0,59a7883679731a90,0.8095238095238095,0.9285714285714286
task_0065,family_10,template_10,0.75,0.6667,11,NC1-SHUFFLED,0,0,1,1,5550,5550,500.0,23,11120,0,120,0,0,1,0,0.0187,0,0,0,0,0,1,0,0,0,0,0,0,0,0,,0.0,0.0
task_0065,family_10,template_10,0.75,0.6667,11,NC2-RANDOM,1,0,0,1,5550,5550,500.0,23,11120,0,120,0,0,1,0,0.984,4,0,0,0,0,0,0,0,0,0,0,0,0,0,,0.0,0.0
task_0065,family_10,template_10,0.75,0.6667,11,NC3-LENGTH,1,0,0,1,5550,5550,500.0,23,11120,0,120,0,0,1,0,0.55,2,0,0,0,0,0,0,0,0,0,0,0,0,0,,0.0,0.0
task_0065,family_10,template_10,0.75,0.6667,11,NC4-ABLATION,0,1,0,0,6100,6100,550.0,23,1440,0,120,11,1,0,0,0.0394,0,1,0,0,0,0,0,0,0,0,0,0,0,0,,0.0,0.0
task_0066,family_11,template_11,0.0,0.0,12,B-COLD,1,0,0,1,6050,6050,504.1666666666667,25,12120,0,120,0,0,1,0,0.99,4,0,0,0,0,0,0,0,0,0,0,0,0,0,,1.0,0.0
task_0066,family_11,template_11,0.0,0.0,12,B-RAG-EMBED,1,0,0,1,850,850,54.166666666666664,14,1710,150,120,12,1,1,0,0.99,4,0,0,0,0,0,0,0,0,0,0,1,1,0,,1.0,0.0
task_0066,family_11,template_11,0.0,0.0,12,B-STAGEHAND-CACHE,1,0,0,1,650,650,54.166666666666664,13,1560,0,120,12,1,1,0,0.99,4,0,0,0,0,0,0,0,0,0,0,1,1,0,,1.0,0.0
task_0066,family_11,template_11,0.0,0.0,12,B-TERX-REPLAY,1,0,0,1,650,650,54.166666666666664,13,1560,0,120,12,1,1,0,0.99,4,0,0,0,0,0,0,0,0,0,0,1,1,0,,1.0,0.0
task_0066,family_11,template_11,0.0,0.0,12,P-SPIDER-MEA-BATCHED,1,0,1,0,6510,6510,512.5,28,12390,150,120,0,0,1,0,0.0428,0,0,0,0,0,0,1,1,0,0,1,1,0,0,cc189a19f72259bb,1.0,1.0
task_0066,family_11,template_11,0.0,0.0,12,NC1-SHUFFLED,0,0,1,1,6050,6050,500.0,25,12120,0,120,0,0,1,0,0.0379,0,0,0,0,0,1,0,0,0,0,0,0,0,0,,0.0,0.0
task_0066,family_11,template_11,0.0,0.0,12,NC2-RANDOM,1,0,0,1,6050,6050,500.0,25,12120,0,120,0,0,1,0,0.99,4,0,0,0,0,0,0,0,0,0,0,0,0,0,,0.0,0.0
task_0066,family_11,template_11,0.0,0.0,12,NC3-LENGTH,1,0,0,1,6050,6050,500.0,25,12120,0,120,0,0,1,0,0.55,2,0,0,0,0,0,0,0,0,0,0,0,0,0,,0.0,0.0
task_0066,family_11,template_11,0.0,0.0,12,NC4-ABLATION,1,0,0,1,6650,6650,550.0,25,1560,0,120,12,1,1,0,0.9629,4,0,0,0,0,0,0,0,0,0,0,0,0,0,,0.0,0.0
task_0067,family_11,template_11,1.0,1.0,12,B-COLD,1,0,0,1,6050,6050,504.1666666666667,25,12120,0,120,0,0,1,0,0.99,4,0,0,0,0,0,0,0,0,0,0,0,0,0,,0.7777777777777778,0.0
task_0067,family_11,template_11,1.0,1.0,12,B-RAG-EMBED,1,0,0,1,6250,6250,504.1666666666667,26,12270,150,120,0,0,1,0,0.99,4,0,0,0,0,0,0,0,0,0,0,1,0,0,,0.7777777777777778,0.0
task_0067,family_11,template_11,1.0,1.0,12,B-STAGEHAND-CACHE,1,0,0,1,6050,6050,504.1666666666667,25,12120,0,120,0,0,1,0,0.99,4,0,0,0,0,0,0,0,0,0,0,1,0,0,,0.7777777777777778,0.0
task_0067,family_11,template_11,1.0,1.0,12,B-TERX-REPLAY,1,0,0,1,6050,6050,504.1666666666667,25,12120,0,120,0,0,1,0,0.99,4,0,0,0,0,0,0,0,0,0,0,1,0,0,,0.7777777777777778,0.0
task_0067,family_11,template_11,1.0,1.0,12,P-SPIDER-MEA-BATCHED,1,0,1,1,6420,6420,505.0,28,12325,150,120,0,0,0,0,0.0307,0,1,0,0,0,1,1,1,0,1,0,1,0,0,9d962b5df1c4d40f,0.7777777777777778,0.7777777777777778
task_0067,family_11,template_11,1.0,1.0,12,NC1-SHUFFLED,0,0,1,1,6050,6050,500.0,25,12120,0,120,0,0,1,0,0.0148,0,0,0,0,0,1,0,0,0,0,0,0,0,0,,0.0,0.0
task_0067,family_11,template_11,1.0,1.0,12,NC2-RANDOM,1,0,0,1,6050,6050,500.0,25,12120,0,120,0,0,1,0,0.99,4,0,0,0,0,0,0,0,0,0,0,0,0,0,,0.0,0.0
task_0067,family_11,template_11,1.0,1.0,12,NC3-LENGTH,1,0,0,1,6050,6050,500.0,25,12120,0,120,0,0,1,0,0.55,2,0,0,0,0,0,0,0,0,0,0,0,0,0,,0.0,0.0
task_0067,family_11,template_11,1.0,1.0,12,NC4-ABLATION,0,1,0,0,6650,6650,550.0,25,1560,0,120,12,1,0,0,0.0322,0,1,0,0,0,0,0,0,0,0,0,0,0,0,,0.0,0.0
task_0068,family_11,template_11,0.25,0.0,12,B-COLD,1,0,0,1,6050,6050,504.1666666666667,25,12120,0,120,0,0,1,0,0.955,4,0,0,0,0,0,0,0,0,0,0,0,0,0,,1.0,0.0
task_0068,family_11,template_11,0.25,0.0,12,B-RAG-EMBED,1,0,0,1,850,850,54.166666666666664,14,1710,150,120,12,1,1,0,0.955,4,0,0,0,0,0,0,0,0,0,0,1,1,0,,1.0,0.0
task_0068,family_11,template_11,0.25,0.0,12,B-STAGEHAND-CACHE,1,0,0,1,6050,6050,504.1666666666667,25,12120,0,120,0,0,1,0,0.955,4,0,0,0,0,0,0,0,0,0,0,1,0,0,,1.0,0.0
task_0068,family_11,template_11,0.25,0.0,12,B-TERX-REPLAY,1,0,0,1,6050,6050,504.1666666666667,25,12120,0,120,0,0,1,0,0.955,4,0,0,0,0,0,0,0,0,0,0,1,0,0,,1.0,0.0
task_0068,family_11,template_11,0.25,0.0,12,P-SPIDER-MEA-BATCHED,1,0,1,0,6380,6380,501.6666666666667,28,12235,150,30,0,0,1,0,0.032,0,0,1,1,1,0,1,1,0,1,0,1,0,0,5a1d84a44bc29ce3,1.0,1.0
task_0068,family_11,template_11,0.25,0.0,12,NC1-SHUFFLED,0,0,1,1,6050,6050,500.0,25,12120,0,120,0,0,1,0,0.0281,0,0,0,0,0,1,0,0,0,0,0,0,0,0,,0.0,0.0
task_0068,family_11,template_11,0.25,0.0,12,NC2-RANDOM,1,0,0,1,6050,6050,500.0,25,12120,0,120,0,0,1,0,0.9634,4,0,0,0,0,0,0,0,0,0,0,0,0,0,,0.0,0.0
task_0068,family_11,template_11,0.25,0.0,12,NC3-LENGTH,1,0,0,1,6050,6050,500.0,25,12120,0,120,0,0,1,0,0.55,2,0,0,0,0,0,0,0,0,0,0,0,0,0,,0.0,0.0
task_0068,family_11,template_11,0.25,0.0,12,NC4-ABLATION,0,1,0,0,6650,6650,550.0,25,1560,0,120,12,1,0,0,0.0387,0,1,0,0,0,0,0,0,0,0,0,0,0,0,,0.0,0.0
task_0069,family_11,template_11,0.5,1.0,12,B-COLD,1,0,0,1,6050,6050,504.1666666666667,25,12120,0,120,0,0,1,0,0.99,4,0,0,0,0,0,0,0,0,0,0,0,0,0,,0.8,0.0
task_0069,family_11,template_11,0.5,1.0,12,B-RAG-EMBED,1,0,0,1,6250,6250,504.1666666666667,26,12270,150,120,0,0,1,0,0.99,4,0,0,0,0,0,0,0,0,0,0,1,0,0,,0.8,0.0
task_0069,family_11,template_11,0.5,1.0,12,B-STAGEHAND-CACHE,1,0,0,1,6050,6050,504.1666666666667,25,12120,0,120,0,0,1,0,0.99,4,0,0,0,0,0,0,0,0,0,0,1,0,0,,0.8,0.0
task_0069,family_11,template_11,0.5,1.0,12,B-TERX-REPLAY,1,0,0,1,6050,6050,504.1666666666667,25,12120,0,120,0,0,1,0,0.99,4,0,0,0,0,0,0,0,0,0,0,1,0,0,,0.8,0.0
task_0069,family_11,template_11,0.5,1.0,12,P-SPIDER-MEA-BATCHED,1,0,1,1,6380,6380,501.6666666666667,28,12235,150,30,0,0,0,0,0.0154,0,1,1,1,1,1,1,1,0,1,0,1,0,0,d0673a5d62651bb5,0.8,0.8
task_0069,family_11,template_11,0.5,1.0,12,NC1-SHUFFLED,0,0,1,1,6050,6050,500.0,25,12120,0,120,0,0,1,0,0.0362,0,0,0,0,0,1,0,0,0,0,0,0,0,0,,0.0,0.0
task_0069,family_11,template_11,0.5,1.0,12,NC2-RANDOM,1,0,0,1,6050,6050,500.0,25,12120,0,120,0,0,1,0,0.99,4,0,0,0,0,0,0,0,0,0,0,0,0,0,,0.0,0.0
task_0069,family_11,template_11,0.5,1.0,12,NC3-LENGTH,1,0,0,1,6050,6050,500.0,25,12120,0,120,0,0,1,0,0.55,2,0,0,0,0,0,0,0,0,0,0,0,0,0,,0.0,0.0
task_0069,family_11,template_11,0.5,1.0,12,NC4-ABLATION,1,0,0,1,6650,6650,550.0,25,1560,0,120,12,1,1,0,0.99,4,0,0,0,0,0,0,0,0,0,0,0,0,0,,0.0,0.0
task_0070,family_11,template_11,0.75,1.0,12,B-COLD,1,0,0,1,6050,6050,504.1666666666667,25,12120,0,120,0,0,1,0,0.9604,4,0,0,0,0,0,0,0,0,0,0,0,0,0,,0.8,0.0
task_0070,family_11,template_11,0.75,1.0,12,B-RAG-EMBED,1,0,0,1,6250,6250,504.1666666666667,26,12270,150,120,0,0,1,0,0.9604,4,0,0,0,0,0,0,0,0,0,0,1,0,0,,0.8,0.0
task_0070,family_11,template_11,0.75,1.0,12,B-STAGEHAND-CACHE,1,0,0,1,6050,6050,504.1666666666667,25,12120,0,120,0,0,1,0,0.9604,4,0,0,0,0,0,0,0,0,0,0,1,0,0,,0.8,0.0
task_0070,family_11,template_11,0.75,1.0,12,B-TERX-REPLAY,1,0,0,1,6050,6050,504.1666666666667,25,12120,0,120,0,0,1,0,0.9604,4,0,0,0,0,0,0,0,0,0,0,1,0,0,,0.8,0.0
task_0070,family_11,template_11,0.75,1.0,12,P-SPIDER-MEA-BATCHED,1,0,1,0,6380,6380,501.6666666666667,28,12235,150,30,0,0,1,0,0.01,0,0,1,1,1,0,1,1,0,1,0,1,0,0,faea7478a5c4665e,0.8,0.8
task_0070,family_11,template_11,0.75,1.0,12,NC1-SHUFFLED,0,0,1,1,6050,6050,500.0,25,12120,0,120,0,0,1,0,0.01,0,0,0,0,0,1,0,0,0,0,0,0,0,0,,0.0,0.0
task_0070,family_11,template_11,0.75,1.0,12,NC2-RANDOM,1,0,0,1,6050,6050,500.0,25,12120,0,120,0,0,1,0,0.99,4,0,0,0,0,0,0,0,0,0,0,0,0,0,,0.0,0.0
task_0070,family_11,template_11,0.75,1.0,12,NC3-LENGTH,1,0,0,1,6050,6050,500.0,25,12120,0,120,0,0,1,0,0.55,2,0,0,0,0,0,0,0,0,0,0,0,0,0,,0.0,0.0
task_0070,family_11,template_11,0.75,1.0,12,NC4-ABLATION,1,0,0,1,6650,6650,550.0,25,1560,0,120,12,1,1,0,0.99,4,0,0,0,0,0,0,0,0,0,0,0,0,0,,0.0,0.0
task_0071,family_11,template_11,1.0,1.0,12,B-COLD,1,0,0,1,6050,6050,504.1666666666667,25,12120,0,120,0,0,1,0,0.9673,4,0,0,0,0,0,0,0,0,0,0,0,0,0,,0.7,0.0
task_0071,family_11,template_11,1.0,1.0,12,B-RAG-EMBED,1,0,0,1,6250,6250,504.1666666666667,26,12270,150,120,0,0,1,0,0.9673,4,0,0,0,0,0,0,0,0,0,0,1,0,0,,0.7,0.0
task_0071,family_11,template_11,1.0,1.0,12,B-STAGEHAND-CACHE,1,0,0,1,6050,6050,504.1666666666667,25,12120,0,120,0,0,1,0,0.9673,4,0,0,0,0,0,0,0,0,0,0,1,0,0,,0.7,0.0
task_0071,family_11,template_11,1.0,1.0,12,B-TERX-REPLAY,1,0,0,1,6050,6050,504.1666666666667,25,12120,0,120,0,0,1,0,0.9673,4,0,0,0,0,0,0,0,0,0,0,1,0,0,,0.7,0.0
task_0071,family_11,template_11,1.0,1.0,12,P-SPIDER-MEA-BATCHED,1,0,1,0,6380,6380,501.6666666666667,28,12235,150,30,0,0,1,0,0.0164,0,0,1,1,1,0,1,1,0,1,0,1,0,0,3000b3ac8f4f9180,0.7,0.7
task_0071,family_11,template_11,1.0,1.0,12,NC1-SHUFFLED,0,0,1,0,6050,6050,500.0,25,12120,0,120,0,0,0,0,0.01,0,1,0,0,0,1,0,0,0,0,0,0,0,0,,0.0,0.0
task_0071,family_11,template_11,1.0,1.0,12,NC2-RANDOM,0,1,0,0,6050,6050,500.0,25,12120,0,120,0,0,0,0,0.01,0,1,0,0,0,0,0,0,0,0,0,0,0,0,,0.0,0.0
task_0071,family_11,template_11,1.0,1.0,12,NC3-LENGTH,1,0,0,1,6050,6050,500.0,25,12120,0,120,0,0,1,0,0.55,2,0,0,0,0,0,0,0,0,0,0,0,0,0,,0.0,0.0
task_0071,family_11,template_11,1.0,1.0,12,NC4-ABLATION,0,1,0,0,6650,6650,550.0,25,1560,0,120,12,1,0,0,0.0313,0,1,0,0,0,0,0,0,0,0,0,0,0,0,,0.0,0.0
task_0072,family_12,template_12,0.0,0.0,13,B-COLD,1,0,0,1,6550,6550,503.84615384615387,27,13120,0,120,0,0,1,0,0.9769,4,0,0,0,0,0,0,0,0,0,0,0,0,0,,1.0,0.0
task_0072,family_12,template_12,0.0,0.0,13,B-RAG-EMBED,1,0,0,1,900,900,53.84615384615385,15,1830,150,120,13,1,1,0,0.9769,4,0,0,0,0,0,0,0,0,0,0,1,1,0,,1.0,0.0
task_0072,family_12,template_12,0.0,0.0,13,B-STAGEHAND-CACHE,1,0,0,1,700,700,53.84615384615385,14,1680,0,120,13,1,1,0,0.9769,4,0,0,0,0,0,0,0,0,0,0,1,1,0,,1.0,0.0
task_0072,family_12,template_12,0.0,0.0,13,B-TERX-REPLAY,1,0,0,1,700,700,53.84615384615385,14,1680,0,120,13,1,1,0,0.9769,4,0,0,0,0,0,0,0,0,0,0,1,1,0,,1.0,0.0
task_0072,family_12,template_12,0.0,0.0,13,P-SPIDER-MEA-BATCHED,1,0,1,0,6970,6970,508.46153846153845,30,13300,150,30,0,0,1,0,0.01,0,0,1,1,1,0,1,1,0,0,1,1,0,0,2149ccbf07219ad8,1.0,1.0
task_0072,family_12,template_12,0.0,0.0,13,NC1-SHUFFLED,0,0,1,1,6550,6550,500.0,27,13120,0,120,0,0,1,0,0.01,0,0,0,0,0,1,0,0,0,0,0,0,0,0,,0.0,0.0
task_0072,family_12,template_12,0.0,0.0,13,NC2-RANDOM,1,0,0,1,6550,6550,500.0,27,13120,0,120,0,0,1,0,0.9605,4,0,0,0,0,0,0,0,0,0,0,0,0,0,,0.0,0.0
task_0072,family_12,template_12,0.0,0.0,13,NC3-LENGTH,1,0,0,1,6550,6550,500.0,27,13120,0,120,0,0,1,0,0.55,2,0,0,0,0,0,0,0,0,0,0,0,0,0,,0.0,0.0
task_0072,family_12,template_12,0.0,0.0,13,NC4-ABLATION,0,1,0,0,7200,7200,550.0,27,1680,0,120,13,1,0,0,0.026,0,1,0,0,0,0,0,0,0,0,0,0,0,0,,0.0,0.0
task_0073,family_12,template_12,0.25,0.5,13,B-COLD,1,0,0,1,6550,6550,503.84615384615387,27,13120,0,120,0,0,1,0,0.99,4,0,0,0,0,0,0,0,0,0,0,0,0,0,,0.9333333333333333,0.0
task_0073,family_12,template_12,0.25,0.5,13,B-RAG-EMBED,1,0,0,1,3600,3600,261.53846153846155,21,7110,150,120,7,1,1,0,0.99,4,0,0,0,0,0,0,0,0,0,0,1,1,0,,0.9333333333333333,0.0
task_0073,family_12,template_12,0.25,0.5,13,B-STAGEHAND-CACHE,1,0,0,1,6550,6550,503.84615384615387,27,13120,0,120,0,0,1,0,0.99,4,0,0,0,0,0,0,0,0,0,0,1,0,0,,0.9333333333333333,0.0
task_0073,family_12,template_12,0.25,0.5,13,B-TERX-REPLAY,1,0,0,1,6550,6550,503.84615384615387,27,13120,0,120,0,0,1,0,0.99,4,0,0,0,0,0,0,0,0,0,0,1,0,0,,0.9333333333333333,0.0
task_0073,family_12,template_12,0.25,0.5,13,P-SPIDER-MEA-BATCHED,1,0,1,0,6920,6920,504.61538461538464,30,13325,150,120,0,0,1,0,0.0254,0,0,0,0,0,0,1,1,0,1,0,1,0,0,3116f86252e4e68c,0.9333333333333333,1.0
task_0073,family_12,template_12,0.25,0.5,13,NC1-SHUFFLED,0,0,1,1,6550,6550,500.0,27,13120,0,120,0,0,1,0,0.0484,0,0,0,0,0,1,0,0,0,0,0,0,0,0,,0.0,0.0
task_0073,family_12,template_12,0.25,0.5,13,NC2-RANDOM,1,0,0,1,6550,6550,500.0,27,13120,0,120,0,0,1,0,0.99,4,0,0,0,0,0,0,0,0,0,0,0,0,0,,0.0,0.0
task_0073,family_12,template_12,0.25,0.5,13,NC3-LENGTH,1,0,0,1,6550,6550,500.0,27,13120,0,120,0,0,1,0,0.55,2,0,0,0,0,0,0,0,0,0,0,0,0,0,,0.0,0.0
task_0073,family_12,template_12,0.25,0.5,13,NC4-ABLATION,0,1,0,0,7200,7200,550.0,27,1680,0,120,13,1,0,0,0.043,0,1,0,0,0,0,0,0,0,0,0,0,0,0,,0.0,0.0
task_0074,family_12,template_12,0.5,0.5,13,B-COLD,1,0,0,1,6550,6550,503.84615384615387,27,13120,0,120,0,0,1,0,0.9594,4,0,0,0,0,0,0,0,0,0,0,0,0,0,,0.9,0.0
task_0074,family_12,template_12,0.5,0.5,13,B-RAG-EMBED,1,0,0,1,3600,3600,261.53846153846155,21,7110,150,120,7,1,1,0,0.9594,4,0,0,0,0,0,0,0,0,0,0,1,1,0,,0.9,0.0
task_0074,family_12,template_12,0.5,0.5,13,B-STAGEHAND-CACHE,1,0,0,1,6550,6550,503.84615384615387,27,13120,0,120,0,0,1,0,0.9594,4,0,0,0,0,0,0,0,0,0,0,1,0,0,,0.9,0.0
task_0074,family_12,template_12,0.5,0.5,13,B-TERX-REPLAY,1,0,0,1,6550,6550,503.84615384615387,27,13120,0,120,0,0,1,0,0.9594,4,0,0,0,0,0,0,0,0,0,0,1,0,0,,0.9,0.0
task_0074,family_12,template_12,0.5,0.5,13,P-SPIDER-MEA-BATCHED,1,0,1,0,6920,6920,504.61538461538464,30,13325,150,120,0,0,1,0,0.01,0,0,0,0,1,0,1,1,0,1,0,1,0,0,86921ff30c23101d,0.9,1.0
task_0074,family_12,template_12,0.5,0.5,13,NC1-SHUFFLED,0,0,1,1,6550,6550,500.0,27,13120,0,120,0,0,1,0,0.0109,0,0,0,0,0,1,0,0,0,0,0,0,0,0,,0.0,0.0
task_0074,family_12,template_12,0.5,0.5,13,NC2-RANDOM,1,0,0,1,6550,6550,500.0,27,13120,0,120,0,0,1,0,0.99,4,0,0,0,0,0,0,0,0,0,0,0,0,0,,0.0,0.0
task_0074,family_12,template_12,0.5,0.5,13,NC3-LENGTH,1,0,0,1,6550,6550,500.0,27,13120,0,120,0,0,1,0,0.55,2,0,0,0,0,0,0,0,0,0,0,0,0,0,,0.0,0.0
task_0074,family_12,template_12,0.5,0.5,13,NC4-ABLATION,1,0,0,1,7200,7200,550.0,27,1680,0,120,13,1,1,0,0.9847,4,0,0,0,0,0,0,0,0,0,0,0,0,0,,0.0,0.0
task_0075,family_12,template_12,0.75,1.0,13,B-COLD,1,0,0,1,6550,6550,503.84615384615387,27,13120,0,120,0,0,1,0,0.99,4,0,0,0,0,0,0,0,0,0,0,0,0,0,,0.8333333333333334,0.0
task_0075,family_12,template_12,0.75,1.0,13,B-RAG-EMBED,1,0,0,1,6750,6750,503.84615384615387,28,13270,150,120,0,0,1,0,0.99,4,0,0,0,0,0,0,0,0,0,0,1,0,0,,0.8333333333333334,0.0
task_0075,family_12,template_12,0.75,1.0,13,B-STAGEHAND-CACHE,1,0,0,1,6550,6550,503.84615384615387,27,13120,0,120,0,0,1,0,0.99,4,0,0,0,0,0,0,0,0,0,0,1,0,0,,0.8333333333333334,0.0
task_0075,family_12,template_12,0.75,1.0,13,B-TERX-REPLAY,1,0,0,1,6550,6550,503.84615384615387,27,13120,0,120,0,0,1,0,0.99,4,0,0,0,0,0,0,0,0,0,0,1,0,0,,0.8333333333333334,0.0
task_0075,family_12,template_12,0.75,1.0,13,P-SPIDER-MEA-BATCHED,1,0,1,0,6880,6880,501.53846153846155,30,13235,150,30,0,0,1,0,0.01,0,0,1,1,1,0,1,1,0,1,0,1,0,0,0ea325154ee565b7,0.8333333333333334,0.8666666666666667
task_0075,family_12,template_12,0.75,1.0,13,NC1-SHUFFLED,0,0,1,1,6550,6550,500.0,27,13120,0,120,0,0,1,0,0.01,0,0,0,0,0,1,0,0,0,0,0,0,0,0,,0.0,0.0
task_0075,family_12,template_12,0.75,1.0,13,NC2-RANDOM,1,0,0,1,6550,6550,500.0,27,13120,0,120,0,0,1,0,0.9655,4,0,0,0,0,0,0,0,0,0,0,0,0,0,,0.0,0.0
task_0075,family_12,template_12,0.75,1.0,13,NC3-LENGTH,1,0,0,1,6550,6550,500.0,27,13120,0,120,0,0,1,0,0.55,2,0,0,0,0,0,0,0,0,0,0,0,0,0,,0.0,0.0
task_0075,family_12,template_12,0.75,1.0,13,NC4-ABLATION,1,0,0,1,7200,7200,550.0,27,1680,0,120,13,1,1,0,0.99,4,0,0,0,0,0,0,0,0,0,0,0,0,0,,0.0,0.0
task_0076,family_12,template_12,1.0,1.0,13,B-COLD,1,0,0,1,6550,6550,503.84615384615387,27,13120,0,120,0,0,1,0,0.9723,4,0,0,0,0,0,0,0,0,0,0,0,0,0,,0.8,0.0
task_0076,family_12,template_12,1.0,1.0,13,B-RAG-EMBED,1,0,0,1,6750,6750,503.84615384615387,28,13270,150,120,0,0,1,0,0.9723,4,0,0,0,0,0,0,0,0,0,0,1,0,0,,0.8,0.0
task_0076,family_12,template_12,1.0,1.0,13,B-STAGEHAND-CACHE,1,0,0,1,6550,6550,503.84615384615387,27,13120,0,120,0,0,1,0,0.9723,4,0,0,0,0,0,0,0,0,0,0,1,0,0,,0.8,0.0
task_0076,family_12,template_12,1.0,1.0,13,B-TERX-REPLAY,1,0,0,1,6550,6550,503.84615384615387,27,13120,0,120,0,0,1,0,0.9723,4,0,0,0,0,0,0,0,0,0,0,1,0,0,,0.8,0.0
task_0076,family_12,template_12,1.0,1.0,13,P-SPIDER-MEA-BATCHED,1,0,1,1,6880,6880,501.53846153846155,30,13235,150,30,0,0,0,0,0.01,0,1,1,1,1,1,1,1,0,1,0,1,0,0,2bc885067b3d9925,0.8,0.8
task_0076,family_12,template_12,1.0,1.0,13,NC1-SHUFFLED,1,0,0,1,6550,6550,500.0,27,13120,0,120,0,0,1,0,0.99,4,0,0,0,0,0,0,0,0,0,0,0,0,0,,0.0,0.0
task_0076,family_12,template_12,1.0,1.0,13,NC2-RANDOM,1,0,0,1,6550,6550,500.0,27,13120,0,120,0,0,1,0,0.99,4,0,0,0,0,0,0,0,0,0,0,0,0,0,,0.0,0.0
task_0076,family_12,template_12,1.0,1.0,13,NC3-LENGTH,1,0,0,1,6550,6550,500.0,27,13120,0,120,0,0,1,0,0.55,2,0,0,0,0,0,0,0,0,0,0,0,0,0,,0.0,0.0
task_0076,family_12,template_12,1.0,1.0,13,NC4-ABLATION,1,0,0,1,7200,7200,550.0,27,1680,0,120,13,1,1,0,0.99,4,0,0,0,0,0,0,0,0,0,0,0,0,0,,0.0,0.0
task_0077,family_13,template_13,0.0,0.0,14,B-COLD,1,0,0,1,7050,7050,503.57142857142856,29,14120,0,120,0,0,1,0,0.954,4,0,0,0,0,0,0,0,0,0,0,0,0,0,,1.0,0.0
task_0077,family_13,template_13,0.0,0.0,14,B-RAG-EMBED,1,0,0,1,950,950,53.57142857142857,16,1950,150,120,14,1,1,0,0.954,4,0,0,0,0,0,0,0,0,0,0,1,1,0,,1.0,0.0
task_0077,family_13,template_13,0.0,0.0,14,B-STAGEHAND-CACHE,1,0,0,1,750,750,53.57142857142857,15,1800,0,120,14,1,1,0,0.954,4,0,0,0,0,0,0,0,0,0,0,1,1,0,,1.0,0.0
task_0077,family_13,template_13,0.0,0.0,14,B-TERX-REPLAY,1,0,0,1,750,750,53.57142857142857,15,1800,0,120,14,1,1,0,0.954,4,0,0,0,0,0,0,0,0,0,0,1,1,0,,1.0,0.0
task_0077,family_13,template_13,0.0,0.0,14,P-SPIDER-MEA-BATCHED,1,0,1,0,7470,7470,507.85714285714283,32,14300,150,30,0,0,1,0,0.01,0,0,1,1,1,0,1,1,0,0,1,1,0,0,4014fc226fc6fa7a,1.0,1.0
task_0077,family_13,template_13,0.0,0.0,14,NC1-SHUFFLED,0,0,1,1,7050,7050,500.0,29,14120,0,120,0,0,1,0,0.01,0,0,0,0,0,1,0,0,0,0,0,0,0,0,,0.0,0.0
task_0077,family_13,template_13,0.0,0.0,14,NC2-RANDOM,1,0,0,1,7050,7050,500.0,29,14120,0,120,0,0,1,0,0.99,4,0,0,0,0,0,0,0,0,0,0,0,0,0,,0.0,0.0
task_0077,family_13,template_13,0.0,0.0,14,NC3-LENGTH,1,0,0,1,7050,7050,500.0,29,14120,0,120,0,0,1,0,0.55,2,0,0,0,0,0,0,0,0,0,0,0,0,0,,0.0,0.0
task_0077,family_13,template_13,0.0,0.0,14,NC4-ABLATION,1,0,0,1,7750,7750,550.0,29,1800,0,120,14,1,1,0,0.9846,4,0,0,0,0,0,0,0,0,0,0,0,0,0,,0.0,0.0
task_0078,family_13,template_13,0.5,0.5,14,B-COLD,1,0,0,1,7050,7050,503.57142857142856,29,14120,0,120,0,0,1,0,0.9589,4,0,0,0,0,0,0,0,0,0,0,0,0,0,,0.8888888888888888,0.0
task_0078,family_13,template_13,0.5,0.5,14,B-RAG-EMBED,1,0,0,1,4100,4100,278.57142857142856,23,8110,150,120,7,1,1,0,0.9589,4,0,0,0,0,0,0,0,0,0,0,1,1,0,,0.8888888888888888,0.0
task_0078,family_13,template_13,0.5,0.5,14,B-STAGEHAND-CACHE,1,0,0,1,7050,7050,503.57142857142856,29,14120,0,120,0,0,1,0,0.9589,4,0,0,0,0,0,0,0,0,0,0,1,0,0,,0.8888888888888888,0.0
task_0078,family_13,template_13,0.5,0.5,14,B-TERX-REPLAY,1,0,0,1,7050,7050,503.57142857142856,29,14120,0,120,0,0,1,0,0.9589,4,0,0,0,0,0,0,0,0,0,0,1,0,0,,0.8888888888888888,0.0
task_0078,family_13,template_13,0.5,0.5,14,P-SPIDER-MEA-BATCHED,1,0,1,0,7380,7380,501.42857142857144,32,14235,150,30,0,0,1,0,0.01,0,0,1,1,1,0,1,1,0,1,0,1,0,0,5417dc3e827b25c6,0.8888888888888888,1.0
task_0078,family_13,template_13,0.5,0.5,14,NC1-SHUFFLED,0,0,1,1,7050,7050,500.0,29,14120,0,120,0,0,1,0,0.0447,0,0,0,0,0,1,0,0,0,0,0,0,0,0,,0.0,0.0
task_0078,family_13,template_13,0.5,0.5,14,NC2-RANDOM,1,0,0,1,7050,7050,500.0,29,14120,0,120,0,0,1,0,0.99,4,0,0,0,0,0,0,0,0,0,0,0,0,0,,0.0,0.0
task_0078,family_13,template_13,0.5,0.5,14,NC3-LENGTH,1,0,0,1,7050,7050,500.0,29,14120,0,120,0,0,1,0,0.55,2,0,0,0,0,0,0,0,0,0,0,0,0,0,,0.0,0.0
task_0078,family_13,template_13,0.5,0.5,14,NC4-ABLATION,1,0,0,1,7750,7750,550.0,29,1800,0,120,14,1,1,0,0.9664,4,0,0,0,0,0,0,0,0,0,0,0,0,0,,0.0,0.0
task_0079,family_13,template_13,0.75,1.0,14,B-COLD,1,0,0,1,7050,7050,503.57142857142856,29,14120,0,120,0,0,1,0,0.99,4,0,0,0,0,0,0,0,0,0,0,0,0,0,,0.8285714285714285,0.0
task_0079,family_13,template_13,0.75,1.0,14,B-RAG-EMBED,1,0,0,1,7250,7250,503.57142857142856,30,14270,150,120,0,0,1,0,0.99,4,0,0,0,0,0,0,0,0,0,0,1,0,0,,0.8285714285714285,0.0
task_0079,family_13,template_13,0.75,1.0,14,B-STAGEHAND-CACHE,1,0,0,1,7050,7050,503.57142857142856,29,14120,0,120,0,0,1,0,0.99,4,0,0,0,0,0,0,0,0,0,0,1,0,0,,0.8285714285714285,0.0
task_0079,family_13,template_13,0.75,1.0,14,B-TERX-REPLAY,1,0,0,1,7050,7050,503.57142857142856,29,14120,0,120,0,0,1,0,0.99,4,0,0,0,0,0,0,0,0,0,0,1,0,0,,0.8285714285714285,0.0
task_0079,family_13,template_13,0.75,1.0,14,P-SPIDER-MEA-BATCHED,1,0,1,0,7380,7380,501.42857142857144,32,14235,150,30,0,0,1,0,0.0102,0,0,1,1,1,0,1,1,0,1,0,1,0,0,544ccb36c66c4260,0.8285714285714285,0.8571428571428571
task_0079,family_13,template_13,0.75,1.0,14,NC1-SHUFFLED,0,0,1,0,7050,7050,500.0,29,14120,0,120,0,0,0,0,0.01,0,1,0,0,0,1,0,0,0,0,0,0,0,0,,0.0,0.0
task_0079,family_13,template_13,0.75,1.0,14,NC2-RANDOM,0,1,0,0,7050,7050,500.0,29,14120,0,120,0,0,0,0,0.01,0,1,0,0,0,0,0,0,0,0,0,0,0,0,,0.0,0.0
task_0079,family_13,template_13,0.75,1.0,14,NC3-LENGTH,1,0,0,1,7050,7050,500.0,29,14120,0,120,0,0,1,0,0.55,2,0,0,0,0,0,0,0,0,0,0,0,0,0,,0.0,0.0
task_0079,family_13,template_13,0.75,1.0,14,NC4-ABLATION,1,0,0,1,7750,7750,550.0,29,1800,0,120,14,1,1,0,0.99,4,0,0,0,0,0,0,0,0,0,0,0,0,0,,0.0,0.0
task_0080,family_13,template_13,1.0,1.0,14,B-COLD,1,0,0,1,7050,7050,503.57142857142856,29,14120,0,120,0,0,1,0,0.99,4,0,0,0,0,0,0,0,0,0,0,0,0,0,,0.8285714285714285,0.0
task_0080,family_13,template_13,1.0,1.0,14,B-RAG-EMBED,1,0,0,1,7250,7250,503.57142857142856,30,14270,150,120,0,0,1,0,0.99,4,0,0,0,0,0,0,0,0,0,0,1,0,0,,0.8285714285714285,0.0
task_0080,family_13,template_13,1.0,1.0,14,B-STAGEHAND-CACHE,1,0,0,1,7050,7050,503.57142857142856,29,14120,0,120,0,0,1,0,0.99,4,0,0,0,0,0,0,0,0,0,0,1,0,0,,0.8285714285714285,0.0
task_0080,family_13,template_13,1.0,1.0,14,B-TERX-REPLAY,1,0,0,1,7050,7050,503.57142857142856,29,14120,0,120,0,0,1,0,0.99,4,0,0,0,0,0,0,0,0,0,0,1,0,0,,0.8285714285714285,0.0
task_0080,family_13,template_13,1.0,1.0,14,P-SPIDER-MEA-BATCHED,1,0,1,0,7380,7380,501.42857142857144,32,14235,150,30,0,0,1,0,0.01,0,0,1,1,1,0,1,1,0,1,0,1,0,0,2f77d855d0dd50e0,0.8285714285714285,0.8571428571428571
task_0080,family_13,template_13,1.0,1.0,14,NC1-SHUFFLED,0,0,1,1,7050,7050,500.0,29,14120,0,120,0,0,1,0,0.01,0,0,0,0,0,1,0,0,0,0,0,0,0,0,,0.0,0.0
task_0080,family_13,template_13,1.0,1.0,14,NC2-RANDOM,1,0,0,1,7050,7050,500.0,29,14120,0,120,0,0,1,0,0.99,4,0,0,0,0,0,0,0,0,0,0,0,0,0,,0.0,0.0
task_0080,family_13,template_13,1.0,1.0,14,NC3-LENGTH,1,0,0,1,7050,7050,500.0,29,14120,0,120,0,0,1,0,0.55,2,0,0,0,0,0,0,0,0,0,0,0,0,0,,0.0,0.0
task_0080,family_13,template_13,1.0,1.0,14,NC4-ABLATION,0,1,0,0,7750,7750,550.0,29,1800,0,120,14,1,0,0,0.01,0,1,0,0,0,0,0,0,0,0,0,0,0,0,,0.0,0.0
task_0081,family_13,template_13,0.25,0.5,14,B-COLD,1,0,0,1,7050,7050,503.57142857142856,29,14120,0,120,0,0,1,0,0.99,4,0,0,0,0,0,0,0,0,0,0,0,0,0,,0.8928571428571428,0.0
task_0081,family_13,template_13,0.25,0.5,14,B-RAG-EMBED,1,0,0,1,4100,4100,278.57142857142856,23,8110,150,120,7,1,1,0,0.99,4,0,0,0,0,0,0,0,0,0,0,1,1,0,,0.8928571428571428,0.0
task_0081,family_13,template_13,0.25,0.5,14,B-STAGEHAND-CACHE,1,0,0,1,7050,7050,503.57142857142856,29,14120,0,120,0,0,1,0,0.99,4,0,0,0,0,0,0,0,0,0,0,1,0,0,,0.8928571428571428,0.0
task_0081,family_13,template_13,0.25,0.5,14,B-TERX-REPLAY,1,0,0,1,7050,7050,503.57142857142856,29,14120,0,120,0,0,1,0,0.99,4,0,0,0,0,0,0,0,0,0,0,1,0,0,,0.8928571428571428,0.0
task_0081,family_13,template_13,0.25,0.5,14,P-SPIDER-MEA-BATCHED,1,0,1,1,7380,7380,501.42857142857144,32,14235,150,30,0,0,0,0,0.01,0,1,1,1,1,1,1,1,0,1,0,1,0,0,c2d35d90d5676a15,0.8928571428571428,1.0
task_0081,family_13,template_13,0.25,0.5,14,NC1-SHUFFLED,0,0,1,1,7050,7050,500.0,29,14120,0,120,0,0,1,0,0.0246,0,0,0,0,0,1,0,0,0,0,0,0,0,0,,0.0,0.0
task_0081,family_13,template_13,0.25,0.5,14,NC2-RANDOM,1,0,0,1,7050,7050,500.0,29,14120,0,120,0,0,1,0,0.99,4,0,0,0,0,0,0,0,0,0,0,0,0,0,,0.0,0.0
task_0081,family_13,template_13,0.25,0.5,14,NC3-LENGTH,1,0,0,1,7050,7050,500.0,29,14120,0,120,0,0,1,0,0.55,2,0,0,0,0,0,0,0,0,0,0,0,0,0,,0.0,0.0
task_0081,family_13,template_13,0.25,0.5,14,NC4-ABLATION,1,0,0,1,7750,7750,550.0,29,1800,0,120,14,1,1,0,0.99,4,0,0,0,0,0,0,0,0,0,0,0,0,0,,0.0,0.0
task_0082,family_14,template_14,0.0,0.0,8,B-COLD,1,0,0,1,4050,4050,506.25,17,8120,0,120,0,0,1,0,0.99,4,0,0,0,0,0,0,0,0,0,0,0,0,0,,1.0,0.0
task_0082,family_14,template_14,0.0,0.0,8,B-RAG-EMBED,1,0,0,1,650,650,56.25,10,1230,150,120,8,1,1,0,0.99,4,0,0,0,0,0,0,0,0,0,0,1,1,0,,1.0,0.0
task_0082,family_14,template_14,0.0,0.0,8,B-STAGEHAND-CACHE,1,0,0,1,450,450,56.25,9,1080,0,120,8,1,1,0,0.99,4,0,0,0,0,0,0,0,0,0,0,1,1,0,,1.0,0.0
task_0082,family_14,template_14,0.0,0.0,8,B-TERX-REPLAY,1,0,0,1,450,450,56.25,9,1080,0,120,8,1,1,0,0.99,4,0,0,0,0,0,0,0,0,0,0,1,1,0,,1.0,0.0
task_0082,family_14,template_14,0.0,0.0,8,P-SPIDER-MEA-BATCHED,1,0,1,0,4510,4510,518.75,20,8390,150,120,0,0,1,0,0.01,0,0,0,0,0,0,1,1,0,0,1,1,0,0,cab0b79d46b2e64f,1.0,1.0
task_0082,family_14,template_14,0.0,0.0,8,NC1-SHUFFLED,0,0,1,1,4050,4050,500.0,17,8120,0,120,0,0,1,0,0.01,0,0,0,0,0,1,0,0,0,0,0,0,0,0,,0.0,0.0
task_0082,family_14,template_14,0.0,0.0,8,NC2-RANDOM,1,0,0,1,4050,4050,500.0,17,8120,0,120,0,0,1,0,0.9845,4,0,0,0,0,0,0,0,0,0,0,0,0,0,,0.0,0.0
task_0082,family_14,template_14,0.0,0.0,8,NC3-LENGTH,1,0,0,1,4050,4050,500.0,17,8120,0,120,0,0,1,0,0.55,2,0,0,0,0,0,0,0,0,0,0,0,0,0,,0.0,0.0
task_0082,family_14,template_14,0.0,0.0,8,NC4-ABLATION,1,0,0,1,4450,4450,550.0,17,1080,0,120,8,1,1,0,0.99,4,0,0,0,0,0,0,0,0,0,0,0,0,0,,0.0,0.0
task_0083,family_14,template_14,0.75,0.6667,8,B-COLD,1,0,0,1,4050,4050,506.25,17,8120,0,120,0,0,1,0,0.99,4,0,0,0,0,0,0,0,0,0,0,0,0,0,,0.8814814814814815,0.0
task_0083,family_14,template_14,0.75,0.6667,8,B-RAG-EMBED,1,0,0,1,2900,2900,337.5,15,5630,150,120,3,1,1,0,0.99,4,0,0,0,0,0,0,0,0,0,0,1,1,0,,0.8814814814814815,0.0
task_0083,family_14,template_14,0.75,0.6667,8,B-STAGEHAND-CACHE,1,0,0,1,4050,4050,506.25,17,8120,0,120,0,0,1,0,0.99,4,0,0,0,0,0,0,0,0,0,0,1,0,0,,0.8814814814814815,0.0
task_0083,family_14,template_14,0.75,0.6667,8,B-TERX-REPLAY,1,0,0,1,4050,4050,506.25,17,8120,0,120,0,0,1,0,0.99,4,0,0,0,0,0,0,0,0,0,0,1,0,0,,0.8814814814814815,0.0
task_0083,family_14,template_14,0.75,0.6667,8,P-SPIDER-MEA-BATCHED,1,0,1,0,4420,4420,507.5,20,8325,150,120,0,0,1,0,0.01,0,0,0,0,0,0,1,1,0,1,0,1,0,0,d1a6694ad90a1a72,0.8814814814814815,1.0
task_0083,family_14,template_14,0.75,0.6667,8,NC1-SHUFFLED,0,0,1,1,4050,4050,500.0,17,8120,0,120,0,0,1,0,0.0193,0,0,0,0,0,1,0,0,0,0,0,0,0,0,,0.0,0.0
task_0083,family_14,template_14,0.75,0.6667,8,NC2-RANDOM,1,0,0,1,4050,4050,500.0,17,8120,0,120,0,0,1,0,0.99,4,0,0,0,0,0,0,0,0,0,0,0,0,0,,0.0,0.0
task_0083,family_14,template_14,0.75,0.6667,8,NC3-LENGTH,1,0,0,1,4050,4050,500.0,17,8120,0,120,0,0,1,0,0.55,2,0,0,0,0,0,0,0,0,0,0,0,0,0,,0.0,0.0
task_0083,family_14,template_14,0.75,0.6667,8,NC4-ABLATION,0,1,0,0,4450,4450,550.0,17,1080,0,120,8,1,0,0,0.0382,0,1,0,0,0,0,0,0,0,0,0,0,0,0,,0.0,0.0
task_0084,family_14,template_14,1.0,1.0,8,B-COLD,1,0,0,1,4050,4050,506.25,17,8120,0,120,0,0,1,0,0.9771,4,0,0,0,0,0,0,0,0,0,0,0,0,0,,0.8444444444444444,0.0
task_0084,family_14,template_14,1.0,1.0,8,B-RAG-EMBED,1,0,0,1,4250,4250,506.25,18,8270,150,120,0,0,1,0,0.9771,4,0,0,0,0,0,0,0,0,0,0,1,0,0,,0.8444444444444444,0.0
task_0084,family_14,template_14,1.0,1.0,8,B-STAGEHAND-CACHE,1,0,0,1,4050,4050,506.25,17,8120,0,120,0,0,1,0,0.9771,4,0,0,0,0,0,0,0,0,0,0,1,0,0,,0.8444444444444444,0.0
task_0084,family_14,template_14,1.0,1.0,8,B-TERX-REPLAY,1,0,0,1,4050,4050,506.25,17,8120,0,120,0,0,1,0,0.9771,4,0,0,0,0,0,0,0,0,0,0,1,0,0,,0.8444444444444444,0.0
task_0084,family_14,template_14,1.0,1.0,8,P-SPIDER-MEA-BATCHED,1,0,1,0,4380,4380,502.5,20,8235,150,30,0,0,1,0,0.01,0,0,1,1,1,0,1,1,0,1,0,1,0,0,182b7076993c96ae,0.8444444444444444,0.8666666666666667
task_0084,family_14,template_14,1.0,1.0,8,NC1-SHUFFLED,0,0,1,1,4050,4050,500.0,17,8120,0,120,0,0,1,0,0.01,0,0,0,0,0,1,0,0,0,0,0,0,0,0,,0.0,0.0
task_0084,family_14,template_14,1.0,1.0,8,NC2-RANDOM,1,0,0,1,4050,4050,500.0,17,8120,0,120,0,0,1,0,0.99,4,0,0,0,0,0,0,0,0,0,0,0,0,0,,0.0,0.0
task_0084,family_14,template_14,1.0,1.0,8,NC3-LENGTH,1,0,0,1,4050,4050,500.0,17,8120,0,120,0,0,1,0,0.55,2,0,0,0,0,0,0,0,0,0,0,0,0,0,,0.0,0.0
task_0084,family_14,template_14,1.0,1.0,8,NC4-ABLATION,0,1,0,0,4450,4450,550.0,17,1080,0,120,8,1,0,0,0.01,0,1,0,0,0,0,0,0,0,0,0,0,0,0,,0.0,0.0
task_0085,family_14,template_14,0.25,0.3333,8,B-COLD,1,0,0,1,4050,4050,506.25,17,8120,0,120,0,0,1,0,0.9519,4,0,0,0,0,0,0,0,0,0,0,0,0,0,,0.9333333333333333,0.0
task_0085,family_14,template_14,0.25,0.3333,8,B-RAG-EMBED,1,0,0,1,2000,2000,225.0,13,3870,150,120,5,1,1,0,0.9519,4,0,0,0,0,0,0,0,0,0,0,1,1,0,,0.9333333333333333,0.0
task_0085,family_14,template_14,0.25,0.3333,8,B-STAGEHAND-CACHE,1,0,0,1,4050,4050,506.25,17,8120,0,120,0,0,1,0,0.9519,4,0,0,0,0,0,0,0,0,0,0,1,0,0,,0.9333333333333333,0.0
task_0085,family_14,template_14,0.25,0.3333,8,B-TERX-REPLAY,1,0,0,1,4050,4050,506.25,17,8120,0,120,0,0,1,0,0.9519,4,0,0,0,0,0,0,0,0,0,0,1,0,0,,0.9333333333333333,0.0
task_0085,family_14,template_14,0.25,0.3333,8,P-SPIDER-MEA-BATCHED,1,0,1,0,4380,4380,502.5,20,8235,150,30,0,0,1,0,0.0413,0,0,1,1,1,0,1,1,0,1,0,1,0,0,45b21f6d079d57d7,0.9333333333333333,1.0
task_0085,family_14,template_14,0.25,0.3333,8,NC1-SHUFFLED,1,0,0,1,4050,4050,500.0,17,8120,0,120,0,0,1,0,0.99,4,0,0,0,0,0,0,0,0,0,0,0,0,0,,0.0,0.0
task_0085,family_14,template_14,0.25,0.3333,8,NC2-RANDOM,1,0,0,1,4050,4050,500.0,17,8120,0,120,0,0,1,0,0.99,4,0,0,0,0,0,0,0,0,0,0,0,0,0,,0.0,0.0
task_0085,family_14,template_14,0.25,0.3333,8,NC3-LENGTH,1,0,0,1,4050,4050,500.0,17,8120,0,120,0,0,1,0,0.55,2,0,0,0,0,0,0,0,0,0,0,0,0,0,,0.0,0.0
task_0085,family_14,template_14,0.25,0.3333,8,NC4-ABLATION,1,0,0,1,4450,4450,550.0,17,1080,0,120,8,1,1,0,0.99,4,0,0,0,0,0,0,0,0,0,0,0,0,0,,0.0,0.0
task_0086,family_14,template_14,0.5,0.6667,8,B-COLD,1,0,0,1,4050,4050,506.25,17,8120,0,120,0,0,1,0,0.99,4,0,0,0,0,0,0,0,0,0,0,0,0,0,,0.8666666666666667,0.0
task_0086,family_14,template_14,0.5,0.6667,8,B-RAG-EMBED,1,0,0,1,2900,2900,337.5,15,5630,150,120,3,1,1,0,0.99,4,0,0,0,0,0,0,0,0,0,0,1,1,0,,0.8666666666666667,0.0
task_0086,family_14,template_14,0.5,0.6667,8,B-STAGEHAND-CACHE,1,0,0,1,4050,4050,506.25,17,8120,0,120,0,0,1,0,0.99,4,0,0,0,0,0,0,0,0,0,0,1,0,0,,0.8666666666666667,0.0
task_0086,family_14,template_14,0.5,0.6667,8,B-TERX-REPLAY,1,0,0,1,4050,4050,506.25,17,8120,0,120,0,0,1,0,0.99,4,0,0,0,0,0,0,0,0,0,0,1,0,0,,0.8666666666666667,0.0
task_0086,family_14,template_14,0.5,0.6667,8,P-SPIDER-MEA-BATCHED,1,0,1,0,4420,4420,507.5,20,8325,150,120,0,0,1,0,0.0213,0,0,0,0,0,0,1,1,0,1,0,1,0,0,802036c6bd26f12a,0.8666666666666667,1.0
task_0086,family_14,template_14,0.5,0.6667,8,NC1-SHUFFLED,1,0,0,1,4050,4050,500.0,17,8120,0,120,0,0,1,0,0.9664,4,0,0,0,0,0,0,0,0,0,0,0,0,0,,0.0,0.0
task_0086,family_14,template_14,0.5,0.6667,8,NC2-RANDOM,1,0,0,1,4050,4050,500.0,17,8120,0,120,0,0,1,0,0.9888,4,0,0,0,0,0,0,0,0,0,0,0,0,0,,0.0,0.0
task_0086,family_14,template_14,0.5,0.6667,8,NC3-LENGTH,1,0,0,1,4050,4050,500.0,17,8120,0,120,0,0,1,0,0.55,2,0,0,0,0,0,0,0,0,0,0,0,0,0,,0.0,0.0
task_0086,family_14,template_14,0.5,0.6667,8,NC4-ABLATION,0,1,0,0,4450,4450,550.0,17,1080,0,120,8,1,0,0,0.01,0,1,0,0,0,0,0,0,0,0,0,0,0,0,,0.0,0.0
task_0087,family_15,template_15,0.0,0.0,9,B-COLD,1,0,0,1,4550,4550,505.55555555555554,19,9120,0,120,0,0,1,0,0.99,4,0,0,0,0,0,0,0,0,0,0,0,0,0,,1.0,0.0
task_0087,family_15,template_15,0.0,0.0,9,B-RAG-EMBED,1,0,0,1,700,700,55.55555555555556,11,1350,150,120,9,1,1,0,0.99,4,0,0,0,0,0,0,0,0,0,0,1,1,0,,1.0,0.0
task_0087,family_15,template_15,0.0,0.0,9,B-STAGEHAND-CACHE,1,0,0,1,500,500,55.55555555555556,10,1200,0,120,9,1,1,0,0.99,4,0,0,0,0,0,0,0,0,0,0,1,1,0,,1.0,0.0
task_0087,family_15,template_15,0.0,0.0,9,B-TERX-REPLAY,1,0,0,1,500,500,55.55555555555556,10,1200,0,120,9,1,1,0,0.99,4,0,0,0,0,0,0,0,0,0,0,1,1,0,,1.0,0.0
task_0087,family_15,template_15,0.0,0.0,9,P-SPIDER-MEA-BATCHED,1,0,1,0,5010,5010,516.6666666666666,22,9390,150,120,0,0,1,0,0.01,0,0,0,0,0,0,1,1,0,0,1,1,0,0,3520884ec2c78ef8,1.0,1.0
task_0087,family_15,template_15,0.0,0.0,9,NC1-SHUFFLED,0,0,1,1,4550,4550,500.0,19,9120,0,120,0,0,1,0,0.01,0,0,0,0,0,1,0,0,0,0,0,0,0,0,,0.0,0.0
task_0087,family_15,template_15,0.0,0.0,9,NC2-RANDOM,1,0,0,1,4550,4550,500.0,19,9120,0,120,0,0,1,0,0.99,4,0,0,0,0,0,0,0,0,0,0,0,0,0,,0.0,0.0
task_0087,family_15,template_15,0.0,0.0,9,NC3-LENGTH,1,0,0,1,4550,4550,500.0,19,9120,0,120,0,0,1,0,0.55,2,0,0,0,0,0,0,0,0,0,0,0,0,0,,0.0,0.0
task_0087,family_15,template_15,0.0,0.0,9,NC4-ABLATION,1,0,0,1,5000,5000,550.0,19,1200,0,120,9,1,1,0,0.9601,4,0,0,0,0,0,0,0,0,0,0,0,0,0,,0.0,0.0
task_0088,family_15,template_15,1.0,1.0,9,B-COLD,1,0,0,1,4550,4550,505.55555555555554,19,9120,0,120,0,0,1,0,0.99,4,0,0,0,0,0,0,0,0,0,0,0,0,0,,0.7777777777777778,0.0
task_0088,family_15,template_15,1.0,1.0,9,B-RAG-EMBED,1,0,0,1,4750,4750,505.55555555555554,20,9270,150,120,0,0,1,0,0.99,4,0,0,0,0,0,0,0,0,0,0,1,0,0,,0.7777777777777778,0.0
task_0088,family_15,template_15,1.0,1.0,9,B-STAGEHAND-CACHE,1,0,0,1,4550,4550,505.55555555555554,19,9120,0,120,0,0,1,0,0.99,4,0,0,0,0,0,0,0,0,0,0,1,0,0,,0.7777777777777778,0.0
task_0088,family_15,template_15,1.0,1.0,9,B-TERX-REPLAY,1,0,0,1,4550,4550,505.55555555555554,19,9120,0,120,0,0,1,0,0.99,4,0,0,0,0,0,0,0,0,0,0,1,0,0,,0.7777777777777778,0.0
task_0088,family_15,template_15,1.0,1.0,9,P-SPIDER-MEA-BATCHED,1,0,1,0,4920,4920,506.6666666666667,22,9325,150,120,0,0,1,0,0.0204,0,0,0,0,0,0,1,1,0,1,0,1,0,0,4773021684d46dc1,0.7777777777777778,0.7777777777777778
task_0088,family_15,template_15,1.0,1.0,9,NC1-SHUFFLED,0,0,1,1,4550,4550,500.0,19,9120,0,120,0,0,1,0,0.0428,0,0,0,0,0,1,0,0,0,0,0,0,0,0,,0.0,0.0
task_0088,family_15,template_15,1.0,1.0,9,NC2-RANDOM,1,0,0,1,4550,4550,500.0,19,9120,0,120,0,0,1,0,0.99,4,0,0,0,0,0,0,0,0,0,0,0,0,0,,0.0,0.0
task_0088,family_15,template_15,1.0,1.0,9,NC3-LENGTH,1,0,0,1,4550,4550,500.0,19,9120,0,120,0,0,1,0,0.55,2,0,0,0,0,0,0,0,0,0,0,0,0,0,,0.0,0.0
task_0088,family_15,template_15,1.0,1.0,9,NC4-ABLATION,1,0,0,1,5000,5000,550.0,19,1200,0,120,9,1,1,0,0.9899,4,0,0,0,0,0,0,0,0,0,0,0,0,0,,0.0,0.0
task_0089,family_15,template_15,0.25,0.0,9,B-COLD,1,0,0,1,4550,4550,505.55555555555554,19,9120,0,120,0,0,1,0,0.9709,4,0,0,0,0,0,0,0,0,0,0,0,0,0,,1.0,0.0
task_0089,family_15,template_15,0.25,0.0,9,B-RAG-EMBED,1,0,0,1,700,700,55.55555555555556,11,1350,150,120,9,1,1,0,0.9709,4,0,0,0,0,0,0,0,0,0,0,1,1,0,,1.0,0.0
task_0089,family_15,template_15,0.25,0.0,9,B-STAGEHAND-CACHE,1,0,0,1,4550,4550,505.55555555555554,19,9120,0,120,0,0,1,0,0.9709,4,0,0,0,0,0,0,0,0,0,0,1,0,0,,1.0,0.0
task_0089,family_15,template_15,0.25,0.0,9,B-TERX-REPLAY,1,0,0,1,4550,4550,505.55555555555554,19,9120,0,120,0,0,1,0,0.9709,4,0,0,0,0,0,0,0,0,0,0,1,0,0,,1.0,0.0
task_0089,family_15,template_15,0.25,0.0,9,P-SPIDER-MEA-BATCHED,1,0,1,0,4880,4880,502.22222222222223,22,9235,150,30,0,0,1,0,0.01,0,0,1,1,1,0,1,1,0,1,0,1,0,0,72e073314c3ee3fe,1.0,1.0
task_0089,family_15,template_15,0.25,0.0,9,NC1-SHUFFLED,0,0,1,1,4550,4550,500.0,19,9120,0,120,0,0,1,0,0.01,0,0,0,0,0,1,0,0,0,0,0,0,0,0,,0.0,0.0
task_0089,family_15,template_15,0.25,0.0,9,NC2-RANDOM,1,0,0,1,4550,4550,500.0,19,9120,0,120,0,0,1,0,0.99,4,0,0,0,0,0,0,0,0,0,0,0,0,0,,0.0,0.0
task_0089,family_15,template_15,0.25,0.0,9,NC3-LENGTH,1,0,0,1,4550,4550,500.0,19,9120,0,120,0,0,1,0,0.55,2,0,0,0,0,0,0,0,0,0,0,0,0,0,,0.0,0.0
task_0089,family_15,template_15,0.25,0.0,9,NC4-ABLATION,1,0,0,1,5000,5000,550.0,19,1200,0,120,9,1,1,0,0.99,4,0,0,0,0,0,0,0,0,0,0,0,0,0,,0.0,0.0
task_0090,family_15,template_15,0.5,1.0,9,B-COLD,1,0,0,1,4550,4550,505.55555555555554,19,9120,0,120,0,0,1,0,0.99,4,0,0,0,0,0,0,0,0,0,0,0,0,0,,0.8,0.0
task_0090,family_15,template_15,0.5,1.0,9,B-RAG-EMBED,1,0,0,1,4750,4750,505.55555555555554,20,9270,150,120,0,0,1,0,0.99,4,0,0,0,0,0,0,0,0,0,0,1,0,0,,0.8,0.0
task_0090,family_15,template_15,0.5,1.0,9,B-STAGEHAND-CACHE,1,0,0,1,4550,4550,505.55555555555554,19,9120,0,120,0,0,1,0,0.99,4,0,0,0,0,0,0,0,0,0,0,1,0,0,,0.8,0.0
task_0090,family_15,template_15,0.5,1.0,9,B-TERX-REPLAY,1,0,0,1,4550,4550,505.55555555555554,19,9120,0,120,0,0,1,0,0.99,4,0,0,0,0,0,0,0,0,0,0,1,0,0,,0.8,0.0
task_0090,family_15,template_15,0.5,1.0,9,P-SPIDER-MEA-BATCHED,1,0,1,1,4920,4920,506.6666666666667,22,9325,150,120,0,0,0,0,0.0345,0,1,0,0,0,1,1,1,0,1,0,1,0,0,f1667fe11397e9b6,0.8,0.8
task_0090,family_15,template_15,0.5,1.0,9,NC1-SHUFFLED,0,0,1,1,4550,4550,500.0,19,9120,0,120,0,0,1,0,0.0249,0,0,0,0,0,1,0,0,0,0,0,0,0,0,,0.0,0.0
task_0090,family_15,template_15,0.5,1.0,9,NC2-RANDOM,1,0,0,1,4550,4550,500.0,19,9120,0,120,0,0,1,0,0.99,4,0,0,0,0,0,0,0,0,0,0,0,0,0,,0.0,0.0
task_0090,family_15,template_15,0.5,1.0,9,NC3-LENGTH,1,0,0,1,4550,4550,500.0,19,9120,0,120,0,0,1,0,0.55,2,0,0,0,0,0,0,0,0,0,0,0,0,0,,0.0,0.0
task_0090,family_15,template_15,0.5,1.0,9,NC4-ABLATION,1,0,0,1,5000,5000,550.0,19,1200,0,120,9,1,1,0,0.9626,4,0,0,0,0,0,0,0,0,0,0,0,0,0,,0.0,0.0
task_0091,family_15,template_15,0.75,1.0,9,B-COLD,1,0,0,1,4550,4550,505.55555555555554,19,9120,0,120,0,0,1,0,0.99,4,0,0,0,0,0,0,0,0,0,0,0,0,0,,0.8,0.0
task_0091,family_15,template_15,0.75,1.0,9,B-RAG-EMBED,1,0,0,1,4750,4750,505.55555555555554,20,9270,150,120,0,0,1,0,0.99,4,0,0,0,0,0,0,0,0,0,0,1,0,0,,0.8,0.0
task_0091,family_15,template_15,0.75,1.0,9,B-STAGEHAND-CACHE,1,0,0,1,4550,4550,505.55555555555554,19,9120,0,120,0,0,1,0,0.99,4,0,0,0,0,0,0,0,0,0,0,1,0,0,,0.8,0.0
task_0091,family_15,template_15,0.75,1.0,9,B-TERX-REPLAY,1,0,0,1,4550,4550,505.55555555555554,19,9120,0,120,0,0,1,0,0.99,4,0,0,0,0,0,0,0,0,0,0,1,0,0,,0.8,0.0
task_0091,family_15,template_15,0.75,1.0,9,P-SPIDER-MEA-BATCHED,1,0,1,1,4880,4880,502.22222222222223,22,9235,150,30,0,0,0,0,0.0311,0,1,1,1,1,1,1,1,0,1,0,1,0,0,28db3850c71af95f,0.8,0.8
task_0091,family_15,template_15,0.75,1.0,9,NC1-SHUFFLED,1,0,0,1,4550,4550,500.0,19,9120,0,120,0,0,1,0,0.9815,4,0,0,0,0,0,0,0,0,0,0,0,0,0,,0.0,0.0
task_0091,family_15,template_15,0.75,1.0,9,NC2-RANDOM,1,0,0,1,4550,4550,500.0,19,9120,0,120,0,0,1,0,0.9862,4,0,0,0,0,0,0,0,0,0,0,0,0,0,,0.0,0.0
task_0091,family_15,template_15,0.75,1.0,9,NC3-LENGTH,1,0,0,1,4550,4550,500.0,19,9120,0,120,0,0,1,0,0.55,2,0,0,0,0,0,0,0,0,0,0,0,0,0,,0.0,0.0
task_0091,family_15,template_15,0.75,1.0,9,NC4-ABLATION,0,1,0,0,5000,5000,550.0,19,1200,0,120,9,1,0,0,0.0149,0,1,0,0,0,0,0,0,0,0,0,0,0,0,,0.0,0.0
task_0092,family_16,template_16,0.0,0.0,10,B-COLD,1,0,0,1,5050,5050,505.0,21,10120,0,120,0,0,1,0,0.99,4,0,0,0,0,0,0,0,0,0,0,0,0,0,,1.0,0.0
task_0092,family_16,template_16,0.0,0.0,10,B-RAG-EMBED,1,0,0,1,750,750,55.0,12,1470,150,120,10,1,1,0,0.99,4,0,0,0,0,0,0,0,0,0,0,1,1,0,,1.0,0.0
task_0092,family_16,template_16,0.0,0.0,10,B-STAGEHAND-CACHE,1,0,0,1,550,550,55.0,11,1320,0,120,10,1,1,0,0.99,4,0,0,0,0,0,0,0,0,0,0,1,1,0,,1.0,0.0
task_0092,family_16,template_16,0.0,0.0,10,B-TERX-REPLAY,1,0,0,1,550,550,55.0,11,1320,0,120,10,1,1,0,0.99,4,0,0,0,0,0,0,0,0,0,0,1,1,0,,1.0,0.0
task_0092,family_16,template_16,0.0,0.0,10,P-SPIDER-MEA-BATCHED,1,0,1,0,5510,5510,515.0,24,10390,150,120,0,0,1,0,0.01,0,0,0,0,0,0,1,1,0,0,1,1,0,0,e6f961248df645f5,1.0,1.0
task_0092,family_16,template_16,0.0,0.0,10,NC1-SHUFFLED,0,0,1,0,5050,5050,500.0,21,10120,0,120,0,0,0,0,0.01,0,1,0,0,0,1,0,0,0,0,0,0,0,0,,0.0,0.0
task_0092,family_16,template_16,0.0,0.0,10,NC2-RANDOM,0,1,0,0,5050,5050,500.0,21,10120,0,120,0,0,0,0,0.01,0,1,0,0,0,0,0,0,0,0,0,0,0,0,,0.0,0.0
task_0092,family_16,template_16,0.0,0.0,10,NC3-LENGTH,1,0,0,1,5050,5050,500.0,21,10120,0,120,0,0,1,0,0.55,2,0,0,0,0,0,0,0,0,0,0,0,0,0,,0.0,0.0
task_0092,family_16,template_16,0.0,0.0,10,NC4-ABLATION,1,0,0,1,5550,5550,550.0,21,1320,0,120,10,1,1,0,0.99,4,0,0,0,0,0,0,0,0,0,0,0,0,0,,0.0,0.0
task_0093,family_16,template_16,0.25,0.5,10,B-COLD,1,0,0,1,5050,5050,505.0,21,10120,0,120,0,0,1,0,0.99,4,0,0,0,0,0,0,0,0,0,0,0,0,0,,0.9333333333333333,0.0
task_0093,family_16,template_16,0.25,0.5,10,B-RAG-EMBED,1,0,0,1,3000,3000,280.0,17,5870,150,120,5,1,1,0,0.99,4,0,0,0,0,0,0,0,0,0,0,1,1,0,,0.9333333333333333,0.0
task_0093,family_16,template_16,0.25,0.5,10,B-STAGEHAND-CACHE,1,0,0,1,5050,5050,505.0,21,10120,0,120,0,0,1,0,0.99,4,0,0,0,0,0,0,0,0,0,0,1,0,0,,0.9333333333333333,0.0
task_0093,family_16,template_16,0.25,0.5,10,B-TERX-REPLAY,1,0,0,1,5050,5050,505.0,21,10120,0,120,0,0,1,0,0.99,4,0,0,0,0,0,0,0,0,0,0,1,0,0,,0.9333333333333333,0.0
task_0093,family_16,template_16,0.25,0.5,10,P-SPIDER-MEA-BATCHED,1,0,1,1,5420,5420,506.0,24,10325,150,120,0,0,0,0,0.01,0,1,0,0,0,1,1,1,0,1,0,1,0,0,a3f876ea5f4f22cd,0.9333333333333333,1.0
task_0093,family_16,template_16,0.25,0.5,10,NC1-SHUFFLED,0,0,1,1,5050,5050,500.0,21,10120,0,120,0,0,1,0,0.01,0,0,0,0,0,1,0,0,0,0,0,0,0,0,,0.0,0.0
task_0093,family_16,template_16,0.25,0.5,10,NC2-RANDOM,1,0,0,1,5050,5050,500.0,21,10120,0,120,0,0,1,0,0.99,4,0,0,0,0,0,0,0,0,0,0,0,0,0,,0.0,0.0
task_0093,family_16,template_16,0.25,0.5,10,NC3-LENGTH,1,0,0,1,5050,5050,500.0,21,10120,0,120,0,0,1,0,0.55,2,0,0,0,0,0,0,0,0,0,0,0,0,0,,0.0,0.0
task_0093,family_16,template_16,0.25,0.5,10,NC4-ABLATION,1,0,0,1,5550,5550,550.0,21,1320,0,120,10,1,1,0,0.9812,4,0,0,0,0,0,0,0,0,0,0,0,0,0,,0.0,0.0
task_0094,family_16,template_16,0.5,0.5,10,B-COLD,1,0,0,1,5050,5050,505.0,21,10120,0,120,0,0,1,0,0.99,4,0,0,0,0,0,0,0,0,0,0,0,0,0,,0.9,0.0
task_0094,family_16,template_16,0.5,0.5,10,B-RAG-EMBED,1,0,0,1,3000,3000,280.0,17,5870,150,120,5,1,1,0,0.99,4,0,0,0,0,0,0,0,0,0,0,1,1,0,,0.9,0.0
task_0094,family_16,template_16,0.5,0.5,10,B-STAGEHAND-CACHE,1,0,0,1,5050,5050,505.0,21,10120,0,120,0,0,1,0,0.99,4,0,0,0,0,0,0,0,0,0,0,1,0,0,,0.9,0.0
task_0094,family_16,template_16,0.5,0.5,10,B-TERX-REPLAY,1,0,0,1,5050,5050,505.0,21,10120,0,120,0,0,1,0,0.99,4,0,0,0,0,0,0,0,0,0,0,1,0,0,,0.9,0.0
task_0094,family_16,template_16,0.5,0.5,10,P-SPIDER-MEA-BATCHED,1,0,1,1,5380,5380,502.0,24,10235,150,30,0,0,0,0,0.0214,0,1,1,1,1,1,1,1,0,1,0,1,0,0,c358abc13b1e9848,0.9,1.0
task_0094,family_16,template_16,0.5,0.5,10,NC1-SHUFFLED,0,0,1,1,5050,5050,500.0,21,10120,0,120,0,0,1,0,0.0202,0,0,0,0,0,1,0,0,0,0,0,0,0,0,,0.0,0.0
task_0094,family_16,template_16,0.5,0.5,10,NC2-RANDOM,1,0,0,1,5050,5050,500.0,21,10120,0,120,0,0,1,0,0.99,4,0,0,0,0,0,0,0,0,0,0,0,0,0,,0.0,0.0
task_0094,family_16,template_16,0.5,0.5,10,NC3-LENGTH,1,0,0,1,5050,5050,500.0,21,10120,0,120,0,0,1,0,0.55,2,0,0,0,0,0,0,0,0,0,0,0,0,0,,0.0,0.0
task_0094,family_16,template_16,0.5,0.5,10,NC4-ABLATION,0,1,0,0,5550,5550,550.0,21,1320,0,120,10,1,0,0,0.01,0,1,0,0,0,0,0,0,0,0,0,0,0,0,,0.0,0.0
task_0095,family_16,template_16,0.75,1.0,10,B-COLD,1,0,0,1,5050,5050,505.0,21,10120,0,120,0,0,1,0,0.99,4,0,0,0,0,0,0,0,0,0,0,0,0,0,,0.8333333333333334,0.0
task_0095,family_16,template_16,0.75,1.0,10,B-RAG-EMBED,1,0,0,1,5250,5250,505.0,22,10270,150,120,0,0,1,0,0.99,4,0,0,0,0,0,0,0,0,0,0,1,0,0,,0.8333333333333334,0.0
task_0095,family_16,template_16,0.75,1.0,10,B-STAGEHAND-CACHE,1,0,0,1,5050,5050,505.0,21,10120,0,120,0,0,1,0,0.99,4,0,0,0,0,0,0,0,0,0,0,1,0,0,,0.8333333333333334,0.0
task_0095,family_16,template_16,0.75,1.0,10,B-TERX-REPLAY,1,0,0,1,5050,5050,505.0,21,10120,0,120,0,0,1,0,0.99,4,0,0,0,0,0,0,0,0,0,0,1,0,0,,0.8333333333333334,0.0
task_0095,family_16,template_16,0.75,1.0,10,P-SPIDER-MEA-BATCHED,1,0,1,0,5380,5380,502.0,24,10235,150,30,0,0,1,0,0.0181,0,0,1,1,1,0,1,1,0,1,0,1,0,0,9a6dadfa9e0db7fc,0.8333333333333334,0.8666666666666667
task_0095,family_16,template_16,0.75,1.0,10,NC1-SHUFFLED,0,0,1,0,5050,5050,500.0,21,10120,0,120,0,0,0,0,0.01,0,1,0,0,0,1,0,0,0,0,0,0,0,0,,0.0,0.0
task_0095,family_16,template_16,0.75,1.0,10,NC2-RANDOM,0,1,0,0,5050,5050,500.0,21,10120,0,120,0,0,0,0,0.01,0,1,0,0,0,0,0,0,0,0,0,0,0,0,,0.0,0.0
task_0095,family_16,template_16,0.75,1.0,10,NC3-LENGTH,1,0,0,1,5050,5050,500.0,21,10120,0,120,0,0,1,0,0.55,2,0,0,0,0,0,0,0,0,0,0,0,0,0,,0.0,0.0
task_0095,family_16,template_16,0.75,1.0,10,NC4-ABLATION,0,1,0,0,5550,5550,550.0,21,1320,0,120,10,1,0,0,0.01,0,1,0,0,0,0,0,0,0,0,0,0,0,0,,0.0,0.0
task_0096,family_16,template_16,1.0,1.0,10,B-COLD,1,0,0,1,5050,5050,505.0,21,10120,0,120,0,0,1,0,0.9657,4,0,0,0,0,0,0,0,0,0,0,0,0,0,,0.8,0.0
task_0096,family_16,template_16,1.0,1.0,10,B-RAG-EMBED,1,0,0,1,5250,5250,505.0,22,10270,150,120,0,0,1,0,0.9657,4,0,0,0,0,0,0,0,0,0,0,1,0,0,,0.8,0.0
task_0096,family_16,template_16,1.0,1.0,10,B-STAGEHAND-CACHE,1,0,0,1,5050,5050,505.0,21,10120,0,120,0,0,1,0,0.9657,4,0,0,0,0,0,0,0,0,0,0,1,0,0,,0.8,0.0
task_0096,family_16,template_16,1.0,1.0,10,B-TERX-REPLAY,1,0,0,1,5050,5050,505.0,21,10120,0,120,0,0,1,0,0.9657,4,0,0,0,0,0,0,0,0,0,0,1,0,0,,0.8,0.0
task_0096,family_16,template_16,1.0,1.0,10,P-SPIDER-MEA-BATCHED,1,0,1,0,5420,5420,506.0,24,10325,150,120,0,0,1,0,0.01,0,0,0,0,1,0,1,1,0,1,0,1,0,0,c2f0fb15ce806cf2,0.8,0.8
task_0096,family_16,template_16,1.0,1.0,10,NC1-SHUFFLED,1,0,0,1,5050,5050,500.0,21,10120,0,120,0,0,1,0,0.99,4,0,0,0,0,0,0,0,0,0,0,0,0,0,,0.0,0.0
task_0096,family_16,template_16,1.0,1.0,10,NC2-RANDOM,1,0,0,1,5050,5050,500.0,21,10120,0,120,0,0,1,0,0.99,4,0,0,0,0,0,0,0,0,0,0,0,0,0,,0.0,0.0
task_0096,family_16,template_16,1.0,1.0,10,NC3-LENGTH,1,0,0,1,5050,5050,500.0,21,10120,0,120,0,0,1,0,0.55,2,0,0,0,0,0,0,0,0,0,0,0,0,0,,0.0,0.0
task_0096,family_16,template_16,1.0,1.0,10,NC4-ABLATION,0,1,0,0,5550,5550,550.0,21,1320,0,120,10,1,0,0,0.0204,0,1,0,0,0,0,0,0,0,0,0,0,0,0,,0.0,0.0
task_0097,family_17,template_17,0.0,0.0,11,B-COLD,1,0,0,1,5550,5550,504.54545454545456,23,11120,0,120,0,0,1,0,0.9623,4,0,0,0,0,0,0,0,0,0,0,0,0,0,,1.0,0.0
task_0097,family_17,template_17,0.0,0.0,11,B-RAG-EMBED,1,0,0,1,800,800,54.54545454545455,13,1590,150,120,11,1,1,0,0.9623,4,0,0,0,0,0,0,0,0,0,0,1,1,0,,1.0,0.0
task_0097,family_17,template_17,0.0,0.0,11,B-STAGEHAND-CACHE,1,0,0,1,600,600,54.54545454545455,12,1440,0,120,11,1,1,0,0.9623,4,0,0,0,0,0,0,0,0,0,0,1,1,0,,1.0,0.0
task_0097,family_17,template_17,0.0,0.0,11,B-TERX-REPLAY,1,0,0,1,600,600,54.54545454545455,12,1440,0,120,11,1,1,0,0.9623,4,0,0,0,0,0,0,0,0,0,0,1,1,0,,1.0,0.0
task_0097,family_17,template_17,0.0,0.0,11,P-SPIDER-MEA-BATCHED,1,0,1,0,5970,5970,510.0,26,11300,150,30,0,0,1,0,0.0303,0,0,1,1,1,0,1,1,0,0,1,1,0,0,4211b8a0127d30e7,1.0,1.0
task_0097,family_17,template_17,0.0,0.0,11,NC1-SHUFFLED,0,0,1,1,5550,5550,500.0,23,11120,0,120,0,0,1,0,0.0244,0,0,0,0,0,1,0,0,0,0,0,0,0,0,,0.0,0.0
task_0097,family_17,template_17,0.0,0.0,11,NC2-RANDOM,1,0,0,1,5550,5550,500.0,23,11120,0,120,0,0,1,0,0.9567,4,0,0,0,0,0,0,0,0,0,0,0,0,0,,0.0,0.0
task_0097,family_17,template_17,0.0,0.0,11,NC3-LENGTH,1,0,0,1,5550,5550,500.0,23,11120,0,120,0,0,1,0,0.55,2,0,0,0,0,0,0,0,0,0,0,0,0,0,,0.0,0.0
task_0097,family_17,template_17,0.0,0.0,11,NC4-ABLATION,0,1,0,0,6100,6100,550.0,23,1440,0,120,11,1,0,0,0.01,0,1,0,0,0,0,0,0,0,0,0,0,0,0,,0.0,0.0
task_0098,family_17,template_17,0.5,0.5,11,B-COLD,1,0,0,1,5550,5550,504.54545454545456,23,11120,0,120,0,0,1,0,0.99,4,0,0,0,0,0,0,0,0,0,0,0,0,0,,0.8888888888888888,0.0
task_0098,family_17,template_17,0.5,0.5,11,B-RAG-EMBED,1,0,0,1,3500,3500,300.0,19,6870,150,120,5,1,1,0,0.99,4,0,0,0,0,0,0,0,0,0,0,1,1,0,,0.8888888888888888,0.0
task_0098,family_17,template_17,0.5,0.5,11,B-STAGEHAND-CACHE,1,0,0,1,5550,5550,504.54545454545456,23,11120,0,120,0,0,1,0,0.99,4,0,0,0,0,0,0,0,0,0,0,1,0,0,,0.8888888888888888,0.0
task_0098,family_17,template_17,0.5,0.5,11,B-TERX-REPLAY,1,0,0,1,5550,5550,504.54545454545456,23,11120,0,120,0,0,1,0,0.99,4,0,0,0,0,0,0,0,0,0,0,1,0,0,,0.8888888888888888,0.0
task_0098,family_17,template_17,0.5,0.5,11,P-SPIDER-MEA-BATCHED,1,0,1,0,5920,5920,505.45454545454544,26,11325,150,120,0,0,1,0,0.0362,0,0,0,0,1,0,1,1,0,1,0,1,0,0,97e2e7acad9bb582,0.8888888888888888,1.0
task_0098,family_17,template_17,0.5,0.5,11,NC1-SHUFFLED,0,0,1,1,5550,5550,500.0,23,11120,0,120,0,0,1,0,0.01,0,0,0,0,0,1,0,0,0,0,0,0,0,0,,0.0,0.0
task_0098,family_17,template_17,0.5,0.5,11,NC2-RANDOM,1,0,0,1,5550,5550,500.0,23,11120,0,120,0,0,1,0,0.978,4,0,0,0,0,0,0,0,0,0,0,0,0,0,,0.0,0.0
task_0098,family_17,template_17,0.5,0.5,11,NC3-LENGTH,1,0,0,1,5550,5550,500.0,23,11120,0,120,0,0,1,0,0.55,2,0,0,0,0,0,0,0,0,0,0,0,0,0,,0.0,0.0
task_0098,family_17,template_17,0.5,0.5,11,NC4-ABLATION,1,0,0,1,6100,6100,550.0,23,1440,0,120,11,1,1,0,0.99,4,0,0,0,0,0,0,0,0,0,0,0,0,0,,0.0,0.0
task_0099,family_17,template_17,0.75,1.0,11,B-COLD,1,0,0,1,5550,5550,504.54545454545456,23,11120,0,120,0,0,1,0,0.99,4,0,0,0,0,0,0,0,0,0,0,0,0,0,,0.8285714285714285,0.0
task_0099,family_17,template_17,0.75,1.0,11,B-RAG-EMBED,1,0,0,1,5750,5750,504.54545454545456,24,11270,150,120,0,0,1,0,0.99,4,0,0,0,0,0,0,0,0,0,0,1,0,0,,0.8285714285714285,0.0
task_0099,family_17,template_17,0.75,1.0,11,B-STAGEHAND-CACHE,1,0,0,1,5550,5550,504.54545454545456,23,11120,0,120,0,0,1,0,0.99,4,0,0,0,0,0,0,0,0,0,0,1,0,0,,0.8285714285714285,0.0
task_0099,family_17,template_17,0.75,1.0,11,B-TERX-REPLAY,1,0,0,1,5550,5550,504.54545454545456,23,11120,0,120,0,0,1,0,0.99,4,0,0,0,0,0,0,0,0,0,0,1,0,0,,0.8285714285714285,0.0
task_0099,family_17,template_17,0.75,1.0,11,P-SPIDER-MEA-BATCHED,1,0,1,1,5920,5920,505.45454545454544,26,11325,150,120,0,0,0,0,0.0293,0,1,0,0,0,1,1,1,0,1,0,1,0,0,12a7720c12d4cde5,0.8285714285714285,0.8571428571428571
task_0099,family_17,template_17,0.75,1.0,11,NC1-SHUFFLED,0,0,1,1,5550,5550,500.0,23,11120,0,120,0,0,1,0,0.01,0,0,0,0,0,1,0,0,0,0,0,0,0,0,,0.0,0.0
task_0099,family_17,template_17,0.75,1.0,11,NC2-RANDOM,1,0,0,1,5550,5550,500.0,23,11120,0,120,0,0,1,0,0.99,4,0,0,0,0,0,0,0,0,0,0,0,0,0,,0.0,0.0
task_0099,family_17,template_17,0.75,1.0,11,NC3-LENGTH,1,0,0,1,5550,5550,500.0,23,11120,0,120,0,0,1,0,0.55,2,0,0,0,0,0,0,0,0,0,0,0,0,0,,0.0,0.0
task_0099,family_17,template_17,0.75,1.0,11,NC4-ABLATION,0,1,0,0,6100,6100,550.0,23,1440,0,120,11,1,0,0,0.01,0,1,0,0,0,0,0,0,0,0,0,0,0,0,,0.0,0.0
task_0100,family_17,template_17,1.0,1.0,11,B-COLD,1,0,0,1,5550,5550,504.54545454545456,23,11120,0,120,0,0,1,0,0.99,4,0,0,0,0,0,0,0,0,0,0,0,0,0,,0.8285714285714285,0.0
task_0100,family_17,template_17,1.0,1.0,11,B-RAG-EMBED,1,0,0,1,5750,5750,504.54545454545456,24,11270,150,120,0,0,1,0,0.99,4,0,0,0,0,0,0,0,0,0,0,1,0,0,,0.8285714285714285,0.0
task_0100,family_17,template_17,1.0,1.0,11,B-STAGEHAND-CACHE,1,0,0,1,5550,5550,504.54545454545456,23,11120,0,120,0,0,1,0,0.99,4,0,0,0,0,0,0,0,0,0,0,1,0,0,,0.8285714285714285,0.0
task_0100,family_17,template_17,1.0,1.0,11,B-TERX-REPLAY,1,0,0,1,5550,5550,504.54545454545456,23,11120,0,120,0,0,1,0,0.99,4,0,0,0,0,0,0,0,0,0,0,1,0,0,,0.8285714285714285,0.0
task_0100,family_17,template_17,1.0,1.0,11,P-SPIDER-MEA-BATCHED,1,0,1,0,5880,5880,501.8181818181818,26,11235,150,30,0,0,1,0,0.0274,0,0,1,1,1,0,1,1,0,1,0,1,0,0,d06ad6453a969e28,0.8285714285714285,0.8571428571428571
task_0100,family_17,template_17,1.0,1.0,11,NC1-SHUFFLED,0,0,1,0,5550,5550,500.0,23,11120,0,120,0,0,0,0,0.0374,0,1,0,0,0,1,0,0,0,0,0,0,0,0,,0.0,0.0
task_0100,family_17,template_17,1.0,1.0,11,NC2-RANDOM,0,1,0,0,5550,5550,500.0,23,11120,0,120,0,0,0,0,0.01,0,1,0,0,0,0,0,0,0,0,0,0,0,0,,0.0,0.0
task_0100,family_17,template_17,1.0,1.0,11,NC3-LENGTH,1,0,0,1,5550,5550,500.0,23,11120,0,120,0,0,1,0,0.55,2,0,0,0,0,0,0,0,0,0,0,0,0,0,,0.0,0.0
task_0100,family_17,template_17,1.0,1.0,11,NC4-ABLATION,0,1,0,0,6100,6100,550.0,23,1440,0,120,11,1,0,0,0.0414,0,1,0,0,0,0,0,0,0,0,0,0,0,0,,0.0,0.0
task_0101,family_17,template_17,0.25,0.5,11,B-COLD,1,0,0,1,5550,5550,504.54545454545456,23,11120,0,120,0,0,1,0,0.99,4,0,0,0,0,0,0,0,0,0,0,0,0,0,,0.8928571428571428,0.0
task_0101,family_17,template_17,0.25,0.5,11,B-RAG-EMBED,1,0,0,1,3500,3500,300.0,19,6870,150,120,5,1,1,0,0.99,4,0,0,0,0,0,0,0,0,0,0,1,1,0,,0.8928571428571428,0.0
task_0101,family_17,template_17,0.25,0.5,11,B-STAGEHAND-CACHE,1,0,0,1,5550,5550,504.54545454545456,23,11120,0,120,0,0,1,0,0.99,4,0,0,0,0,0,0,0,0,0,0,1,0,0,,0.8928571428571428,0.0
task_0101,family_17,template_17,0.25,0.5,11,B-TERX-REPLAY,1,0,0,1,5550,5550,504.54545454545456,23,11120,0,120,0,0,1,0,0.99,4,0,0,0,0,0,0,0,0,0,0,1,0,0,,0.8928571428571428,0.0
task_0101,family_17,template_17,0.25,0.5,11,P-SPIDER-MEA-BATCHED,1,0,1,0,5920,5920,505.45454545454544,26,11325,150,120,0,0,1,0,0.0173,0,0,0,0,0,0,1,1,0,1,0,1,0,0,df6c841bb2a714c5,0.8928571428571428,1.0
task_0101,family_17,template_17,0.25,0.5,11,NC1-SHUFFLED,0,0,1,1,5550,5550,500.0,23,11120,0,120,0,0,1,0,0.0422,0,0,0,0,0,1,0,0,0,0,0,0,0,0,,0.0,0.0
task_0101,family_17,template_17,0.25,0.5,11,NC2-RANDOM,1,0,0,1,5550,5550,500.0,23,11120,0,120,0,0,1,0,0.9847,4,0,0,0,0,0,0,0,0,0,0,0,0,0,,0.0,0.0
task_0101,family_17,template_17,0.25,0.5,11,NC3-LENGTH,1,0,0,1,5550,5550,500.0,23,11120,0,120,0,0,1,0,0.55,2,0,0,0,0,0,0,0,0,0,0,0,0,0,,0.0,0.0
task_0101,family_17,template_17,0.25,0.5,11,NC4-ABLATION,1,0,0,1,6100,6100,550.0,23,1440,0,120,11,1,1,0,0.9749,4,0,0,0,0,0,0,0,0,0,0,0,0,0,,0.0,0.0
task_0102,family_18,template_18,0.0,0.0,12,B-COLD,1,0,0,1,6050,6050,504.1666666666667,25,12120,0,120,0,0,1,0,0.9713,4,0,0,0,0,0,0,0,0,0,0,0,0,0,,1.0,0.0
task_0102,family_18,template_18,0.0,0.0,12,B-RAG-EMBED,1,0,0,1,850,850,54.166666666666664,14,1710,150,120,12,1,1,0,0.9713,4,0,0,0,0,0,0,0,0,0,0,1,1,0,,1.0,0.0
task_0102,family_18,template_18,0.0,0.0,12,B-STAGEHAND-CACHE,1,0,0,1,650,650,54.166666666666664,13,1560,0,120,12,1,1,0,0.9713,4,0,0,0,0,0,0,0,0,0,0,1,1,0,,1.0,0.0
task_0102,family_18,template_18,0.0,0.0,12,B-TERX-REPLAY,1,0,0,1,650,650,54.166666666666664,13,1560,0,120,12,1,1,0,0.9713,4,0,0,0,0,0,0,0,0,0,0,1,1,0,,1.0,0.0
task_0102,family_18,template_18,0.0,0.0,12,P-SPIDER-MEA-BATCHED,1,0,1,0,6510,6510,512.5,28,12390,150,120,0,0,1,0,0.01,0,0,0,0,1,0,1,1,0,0,1,1,0,0,8bb677f77c1f9ea8,1.0,1.0
task_0102,family_18,template_18,0.0,0.0,12,NC1-SHUFFLED,1,0,0,1,6050,6050,500.0,25,12120,0,120,0,0,1,0,0.99,4,0,0,0,0,0,0,0,0,0,0,0,0,0,,0.0,0.0
task_0102,family_18,template_18,0.0,0.0,12,NC2-RANDOM,1,0,0,1,6050,6050,500.0,25,12120,0,120,0,0,1,0,0.99,4,0,0,0,0,0,0,0,0,0,0,0,0,0,,0.0,0.0
task_0102,family_18,template_18,0.0,0.0,12,NC3-LENGTH,1,0,0,1,6050,6050,500.0,25,12120,0,120,0,0,1,0,0.55,2,0,0,0,0,0,0,0,0,0,0,0,0,0,,0.0,0.0
task_0102,family_18,template_18,0.0,0.0,12,NC4-ABLATION,1,0,0,1,6650,6650,550.0,25,1560,0,120,12,1,1,0,0.9625,4,0,0,0,0,0,0,0,0,0,0,0,0,0,,0.0,0.0
task_0103,family_18,template_18,0.75,0.6667,12,B-COLD,1,0,0,1,6050,6050,504.1666666666667,25,12120,0,120,0,0,1,0,0.99,4,0,0,0,0,0,0,0,0,0,0,0,0,0,,0.9111111111111111,0.0
task_0103,family_18,template_18,0.75,0.6667,12,B-RAG-EMBED,1,0,0,1,4450,4450,354.1666666666667,22,8750,150,120,4,1,1,0,0.99,4,0,0,0,0,0,0,0,0,0,0,1,1,0,,0.9111111111111111,0.0
task_0103,family_18,template_18,0.75,0.6667,12,B-STAGEHAND-CACHE,1,0,0,1,6050,6050,504.1666666666667,25,12120,0,120,0,0,1,0,0.99,4,0,0,0,0,0,0,0,0,0,0,1,0,0,,0.9111111111111111,0.0
task_0103,family_18,template_18,0.75,0.6667,12,B-TERX-REPLAY,1,0,0,1,6050,6050,504.1666666666667,25,12120,0,120,0,0,1,0,0.99,4,0,0,0,0,0,0,0,0,0,0,1,0,0,,0.9111111111111111,0.0
task_0103,family_18,template_18,0.75,0.6667,12,P-SPIDER-MEA-BATCHED,1,0,1,0,6380,6380,501.6666666666667,28,12235,150,30,0,0,1,0,0.0372,0,0,1,1,1,0,1,1,0,1,0,1,0,0,cef3886f63657faf,0.9111111111111111,1.0
task_0103,family_18,template_18,0.75,0.6667,12,NC1-SHUFFLED,0,0,1,1,6050,6050,500.0,25,12120,0,120,0,0,1,0,0.01,0,0,0,0,0,1,0,0,0,0,0,0,0,0,,0.0,0.0
task_0103,family_18,template_18,0.75,0.6667,12,NC2-RANDOM,1,0,0,1,6050,6050,500.0,25,12120,0,120,0,0,1,0,0.99,4,0,0,0,0,0,0,0,0,0,0,0,0,0,,0.0,0.0
task_0103,family_18,template_18,0.75,0.6667,12,NC3-LENGTH,1,0,0,1,6050,6050,500.0,25,12120,0,120,0,0,1,0,0.55,2,0,0,0,0,0,0,0,0,0,0,0,0,0,,0.0,0.0
task_0103,family_18,template_18,0.75,0.6667,12,NC4-ABLATION,0,1,0,0,6650,6650,550.0,25,1560,0,120,12,1,0,0,0.01,0,1,0,0,0,0,0,0,0,0,0,0,0,0,,0.0,0.0
task_0104,family_18,template_18,1.0,1.0,12,B-COLD,1,0,0,1,6050,6050,504.1666666666667,25,12120,0,120,0,0,1,0,0.9645,4,0,0,0,0,0,0,0,0,0,0,0,0,0,,0.8444444444444444,0.0
task_0104,family_18,template_18,1.0,1.0,12,B-RAG-EMBED,1,0,0,1,6250,6250,504.1666666666667,26,12270,150,120,0,0,1,0,0.9645,4,0,0,0,0,0,0,0,0,0,0,1,0,0,,0.8444444444444444,0.0
task_0104,family_18,template_18,1.0,1.0,12,B-STAGEHAND-CACHE,1,0,0,1,6050,6050,504.1666666666667,25,12120,0,120,0,0,1,0,0.9645,4,0,0,0,0,0,0,0,0,0,0,1,0,0,,0.8444444444444444,0.0
task_0104,family_18,template_18,1.0,1.0,12,B-TERX-REPLAY,1,0,0,1,6050,6050,504.1666666666667,25,12120,0,120,0,0,1,0,0.9645,4,0,0,0,0,0,0,0,0,0,0,1,0,0,,0.8444444444444444,0.0
task_0104,family_18,template_18,1.0,1.0,12,P-SPIDER-MEA-BATCHED,1,0,1,0,6380,6380,501.6666666666667,28,12235,150,30,0,0,1,0,0.01,0,0,1,1,1,0,1,1,0,1,0,1,0,0,7547ca25d1e99b01,0.8444444444444444,0.8666666666666667
task_0104,family_18,template_18,1.0,1.0,12,NC1-SHUFFLED,0,0,1,0,6050,6050,500.0,25,12120,0,120,0,0,0,0,0.0339,0,1,0,0,0,1,0,0,0,0,0,0,0,0,,0.0,0.0
task_0104,family_18,template_18,1.0,1.0,12,NC2-RANDOM,0,1,0,0,6050,6050,500.0,25,12120,0,120,0,0,0,0,0.01,0,1,0,0,0,0,0,0,0,0,0,0,0,0,,0.0,0.0
task_0104,family_18,template_18,1.0,1.0,12,NC3-LENGTH,1,0,0,1,6050,6050,500.0,25,12120,0,120,0,0,1,0,0.55,2,0,0,0,0,0,0,0,0,0,0,0,0,0,,0.0,0.0
task_0104,family_18,template_18,1.0,1.0,12,NC4-ABLATION,1,0,0,1,6650,6650,550.0,25,1560,0,120,12,1,1,0,0.99,4,0,0,0,0,0,0,0,0,0,0,0,0,0,,0.0,0.0
task_0105,family_18,template_18,0.25,0.3333,12,B-COLD,1,0,0,1,6050,6050,504.1666666666667,25,12120,0,120,0,0,1,0,0.99,4,0,0,0,0,0,0,0,0,0,0,0,0,0,,0.9333333333333333,0.0
task_0105,family_18,template_18,0.25,0.3333,12,B-RAG-EMBED,1,0,0,1,2650,2650,204.16666666666666,18,5230,150,120,8,1,1,0,0.99,4,0,0,0,0,0,0,0,0,0,0,1,1,0,,0.9333333333333333,0.0
task_0105,family_18,template_18,0.25,0.3333,12,B-STAGEHAND-CACHE,1,0,0,1,6050,6050,504.1666666666667,25,12120,0,120,0,0,1,0,0.99,4,0,0,0,0,0,0,0,0,0,0,1,0,0,,0.9333333333333333,0.0
task_0105,family_18,template_18,0.25,0.3333,12,B-TERX-REPLAY,1,0,0,1,6050,6050,504.1666666666667,25,12120,0,120,0,0,1,0,0.99,4,0,0,0,0,0,0,0,0,0,0,1,0,0,,0.9333333333333333,0.0
task_0105,family_18,template_18,0.25,0.3333,12,P-SPIDER-MEA-BATCHED,1,0,1,1,6420,6420,505.0,28,12325,150,120,0,0,0,0,0.01,0,1,0,0,0,1,1,1,0,1,0,1,0,0,3263725d2ccd6435,0.9333333333333333,1.0
task_0105,family_18,template_18,0.25,0.3333,12,NC1-SHUFFLED,0,0,1,1,6050,6050,500.0,25,12120,0,120,0,0,1,0,0.0162,0,0,0,0,0,1,0,0,0,0,0,0,0,0,,0.0,0.0
task_0105,family_18,template_18,0.25,0.3333,12,NC2-RANDOM,1,0,0,1,6050,6050,500.0,25,12120,0,120,0,0,1,0,0.99,4,0,0,0,0,0,0,0,0,0,0,0,0,0,,0.0,0.0
task_0105,family_18,template_18,0.25,0.3333,12,NC3-LENGTH,1,0,0,1,6050,6050,500.0,25,12120,0,120,0,0,1,0,0.55,2,0,0,0,0,0,0,0,0,0,0,0,0,0,,0.0,0.0
task_0105,family_18,template_18,0.25,0.3333,12,NC4-ABLATION,1,0,0,1,6650,6650,550.0,25,1560,0,120,12,1,1,0,0.9848,4,0,0,0,0,0,0,0,0,0,0,0,0,0,,0.0,0.0
task_0106,family_18,template_18,0.5,0.6667,12,B-COLD,1,0,0,1,6050,6050,504.1666666666667,25,12120,0,120,0,0,1,0,0.9617,4,0,0,0,0,0,0,0,0,0,0,0,0,0,,0.8666666666666667,0.0
task_0106,family_18,template_18,0.5,0.6667,12,B-RAG-EMBED,1,0,0,1,4450,4450,354.1666666666667,22,8750,150,120,4,1,1,0,0.9617,4,0,0,0,0,0,0,0,0,0,0,1,1,0,,0.8666666666666667,0.0
task_0106,family_18,template_18,0.5,0.6667,12,B-STAGEHAND-CACHE,1,0,0,1,6050,6050,504.1666666666667,25,12120,0,120,0,0,1,0,0.9617,4,0,0,0,0,0,0,0,0,0,0,1,0,0,,0.8666666666666667,0.0
task_0106,family_18,template_18,0.5,0.6667,12,B-TERX-REPLAY,1,0,0,1,6050,6050,504.1666666666667,25,12120,0,120,0,0,1,0,0.9617,4,0,0,0,0,0,0,0,0,0,0,1,0,0,,0.8666666666666667,0.0
task_0106,family_18,template_18,0.5,0.6667,12,P-SPIDER-MEA-BATCHED,1,0,1,1,6380,6380,501.6666666666667,28,12235,150,30,0,0,0,0,0.049,0,1,1,1,1,1,1,1,0,1,0,1,0,0,b9dc178f463c4ad3,0.8666666666666667,1.0
task_0106,family_18,template_18,0.5,0.6667,12,NC1-SHUFFLED,0,0,1,1,6050,6050,500.0,25,12120,0,120,0,0,1,0,0.01,0,0,0,0,0,1,0,0,0,0,0,0,0,0,,0.0,0.0
task_0106,family_18,template_18,0.5,0.6667,12,NC2-RANDOM,1,0,0,1,6050,6050,500.0,25,12120,0,120,0,0,1,0,0.99,4,0,0,0,0,0,0,0,0,0,0,0,0,0,,0.0,0.0
task_0106,family_18,template_18,0.5,0.6667,12,NC3-LENGTH,1,0,0,1,6050,6050,500.0,25,12120,0,120,0,0,1,0,0.55,2,0,0,0,0,0,0,0,0,0,0,0,0,0,,0.0,0.0
task_0106,family_18,template_18,0.5,0.6667,12,NC4-ABLATION,1,0,0,1,6650,6650,550.0,25,1560,0,120,12,1,1,0,0.99,4,0,0,0,0,0,0,0,0,0,0,0,0,0,,0.0,0.0
task_0107,family_19,template_19,0.0,0.0,13,B-COLD,1,0,0,1,6550,6550,503.84615384615387,27,13120,0,120,0,0,1,0,0.99,4,0,0,0,0,0,0,0,0,0,0,0,0,0,,1.0,0.0
task_0107,family_19,template_19,0.0,0.0,13,B-RAG-EMBED,1,0,0,1,900,900,53.84615384615385,15,1830,150,120,13,1,1,0,0.99,4,0,0,0,0,0,0,0,0,0,0,1,1,0,,1.0,0.0
task_0107,family_19,template_19,0.0,0.0,13,B-STAGEHAND-CACHE,1,0,0,1,700,700,53.84615384615385,14,1680,0,120,13,1,1,0,0.99,4,0,0,0,0,0,0,0,0,0,0,1,1,0,,1.0,0.0
task_0107,family_19,template_19,0.0,0.0,13,B-TERX-REPLAY,1,0,0,1,700,700,53.84615384615385,14,1680,0,120,13,1,1,0,0.99,4,0,0,0,0,0,0,0,0,0,0,1,1,0,,1.0,0.0
task_0107,family_19,template_19,0.0,0.0,13,P-SPIDER-MEA-BATCHED,1,0,1,0,6970,6970,508.46153846153845,30,13300,150,30,0,0,1,0,0.01,0,0,1,1,1,0,1,1,0,0,1,1,0,0,943f5cf450ad861e,1.0,1.0
task_0107,family_19,template_19,0.0,0.0,13,NC1-SHUFFLED,0,0,1,1,6550,6550,500.0,27,13120,0,120,0,0,1,0,0.0232,0,0,0,0,0,1,0,0,0,0,0,0,0,0,,0.0,0.0
task_0107,family_19,template_19,0.0,0.0,13,NC2-RANDOM,1,0,0,1,6550,6550,500.0,27,13120,0,120,0,0,1,0,0.9824,4,0,0,0,0,0,0,0,0,0,0,0,0,0,,0.0,0.0
task_0107,family_19,template_19,0.0,0.0,13,NC3-LENGTH,1,0,0,1,6550,6550,500.0,27,13120,0,120,0,0,1,0,0.55,2,0,0,0,0,0,0,0,0,0,0,0,0,0,,0.0,0.0
task_0107,family_19,template_19,0.0,0.0,13,NC4-ABLATION,1,0,0,1,7200,7200,550.0,27,1680,0,120,13,1,1,0,0.99,4,0,0,0,0,0,0,0,0,0,0,0,0,0,,0.0,0.0
task_0108,family_19,template_19,1.0,1.0,13,B-COLD,1,0,0,1,6550,6550,503.84615384615387,27,13120,0,120,0,0,1,0,0.99,4,0,0,0,0,0,0,0,0,0,0,0,0,0,,0.7777777777777778,0.0
task_0108,family_19,template_19,1.0,1.0,13,B-RAG-EMBED,1,0,0,1,6750,6750,503.84615384615387,28,13270,150,120,0,0,1,0,0.99,4,0,0,0,0,0,0,0,0,0,0,1,0,0,,0.7777777777777778,0.0
task_0108,family_19,template_19,1.0,1.0,13,B-STAGEHAND-CACHE,1,0,0,1,6550,6550,503.84615384615387,27,13120,0,120,0,0,1,0,0.99,4,0,0,0,0,0,0,0,0,0,0,1,0,0,,0.7777777777777778,0.0
task_0108,family_19,template_19,1.0,1.0,13,B-TERX-REPLAY,1,0,0,1,6550,6550,503.84615384615387,27,13120,0,120,0,0,1,0,0.99,4,0,0,0,0,0,0,0,0,0,0,1,0,0,,0.7777777777777778,0.0
task_0108,family_19,template_19,1.0,1.0,13,P-SPIDER-MEA-BATCHED,1,0,1,1,6880,6880,501.53846153846155,30,13235,150,30,0,0,0,0,0.01,0,1,1,1,1,1,1,1,0,1,0,1,0,0,19b1006f41c4834b,0.7777777777777778,0.7777777777777778
task_0108,family_19,template_19,1.0,1.0,13,NC1-SHUFFLED,0,0,1,0,6550,6550,500.0,27,13120,0,120,0,0,0,0,0.01,0,1,0,0,0,1,0,0,0,0,0,0,0,0,,0.0,0.0
task_0108,family_19,template_19,1.0,1.0,13,NC2-RANDOM,0,1,0,0,6550,6550,500.0,27,13120,0,120,0,0,0,0,0.0121,0,1,0,0,0,0,0,0,0,0,0,0,0,0,,0.0,0.0
task_0108,family_19,template_19,1.0,1.0,13,NC3-LENGTH,1,0,0,1,6550,6550,500.0,27,13120,0,120,0,0,1,0,0.55,2,0,0,0,0,0,0,0,0,0,0,0,0,0,,0.0,0.0
task_0108,family_19,template_19,1.0,1.0,13,NC4-ABLATION,1,0,0,1,7200,7200,550.0,27,1680,0,120,13,1,1,0,0.9731,4,0,0,0,0,0,0,0,0,0,0,0,0,0,,0.0,0.0
task_0109,family_19,template_19,0.25,0.0,13,B-COLD,1,0,0,1,6550,6550,503.84615384615387,27,13120,0,120,0,0,1,0,0.99,4,0,0,0,0,0,0,0,0,0,0,0,0,0,,1.0,0.0
task_0109,family_19,template_19,0.25,0.0,13,B-RAG-EMBED,1,0,0,1,900,900,53.84615384615385,15,1830,150,120,13,1,1,0,0.99,4,0,0,0,0,0,0,0,0,0,0,1,1,0,,1.0,0.0
task_0109,family_19,template_19,0.25,0.0,13,B-STAGEHAND-CACHE,1,0,0,1,6550,6550,503.84615384615387,27,13120,0,120,0,0,1,0,0.99,4,0,0,0,0,0,0,0,0,0,0,1,0,0,,1.0,0.0
task_0109,family_19,template_19,0.25,0.0,13,B-TERX-REPLAY,1,0,0,1,6550,6550,503.84615384615387,27,13120,0,120,0,0,1,0,0.99,4,0,0,0,0,0,0,0,0,0,0,1,0,0,,1.0,0.0
task_0109,family_19,template_19,0.25,0.0,13,P-SPIDER-MEA-BATCHED,1,0,1,0,6920,6920,504.61538461538464,30,13325,150,120,0,0,1,0,0.01,0,0,0,0,0,0,1,1,0,1,0,1,0,0,adda4bfd760e9c2f,1.0,1.0
task_0109,family_19,template_19,0.25,0.0,13,NC1-SHUFFLED,0,0,1,1,6550,6550,500.0,27,13120,0,120,0,0,1,0,0.01,0,0,0,0,0,1,0,0,0,0,0,0,0,0,,0.0,0.0
task_0109,family_19,template_19,0.25,0.0,13,NC2-RANDOM,1,0,0,1,6550,6550,500.0,27,13120,0,120,0,0,1,0,0.99,4,0,0,0,0,0,0,0,0,0,0,0,0,0,,0.0,0.0
task_0109,family_19,template_19,0.25,0.0,13,NC3-LENGTH,1,0,0,1,6550,6550,500.0,27,13120,0,120,0,0,1,0,0.55,2,0,0,0,0,0,0,0,0,0,0,0,0,0,,0.0,0.0
task_0109,family_19,template_19,0.25,0.0,13,NC4-ABLATION,1,0,0,1,7200,7200,550.0,27,1680,0,120,13,1,1,0,0.9747,4,0,0,0,0,0,0,0,0,0,0,0,0,0,,0.0,0.0
task_0110,family_19,template_19,0.5,1.0,13,B-COLD,1,0,0,1,6550,6550,503.84615384615387,27,13120,0,120,0,0,1,0,0.99,4,0,0,0,0,0,0,0,0,0,0,0,0,0,,0.8,0.0
task_0110,family_19,template_19,0.5,1.0,13,B-RAG-EMBED,1,0,0,1,6750,6750,503.84615384615387,28,13270,150,120,0,0,1,0,0.99,4,0,0,0,0,0,0,0,0,0,0,1,0,0,,0.8,0.0
task_0110,family_19,template_19,0.5,1.0,13,B-STAGEHAND-CACHE,1,0,0,1,6550,6550,503.84615384615387,27,13120,0,120,0,0,1,0,0.99,4,0,0,0,0,0,0,0,0,0,0,1,0,0,,0.8,0.0
task_0110,family_19,template_19,0.5,1.0,13,B-TERX-REPLAY,1,0,0,1,6550,6550,503.84615384615387,27,13120,0,120,0,0,1,0,0.99,4,0,0,0,0,0,0,0,0,0,0,1,0,0,,0.8,0.0
task_0110,family_19,template_19,0.5,1.0,13,P-SPIDER-MEA-BATCHED,1,0,1,0,6920,6920,504.61538461538464,30,13325,150,120,0,0,1,0,0.0343,0,0,0,0,0,0,1,1,0,1,0,1,0,0,80d46871b879ebb3,0.8,0.8
task_0110,family_19,template_19,0.5,1.0,13,NC1-SHUFFLED,0,0,1,1,6550,6550,500.0,27,13120,0,120,0,0,1,0,0.011,0,0,0,0,0,1,0,0,0,0,0,0,0,0,,0.0,0.0
task_0110,family_19,template_19,0.5,1.0,13,NC2-RANDOM,1,0,0,1,6550,6550,500.0,27,13120,0,120,0,0,1,0,0.99,4,0,0,0,0,0,0,0,0,0,0,0,0,0,,0.0,0.0
task_0110,family_19,template_19,0.5,1.0,13,NC3-LENGTH,1,0,0,1,6550,6550,500.0,27,13120,0,120,0,0,1,0,0.55,2,0,0,0,0,0,0,0,0,0,0,0,0,0,,0.0,0.0
task_0110,family_19,template_19,0.5,1.0,13,NC4-ABLATION,1,0,0,1,7200,7200,550.0,27,1680,0,120,13,1,1,0,0.99,4,0,0,0,0,0,0,0,0,0,0,0,0,0,,0.0,0.0
task_0111,family_19,template_19,0.75,1.0,13,B-COLD,1,0,0,1,6550,6550,503.84615384615387,27,13120,0,120,0,0,1,0,0.9841,4,0,0,0,0,0,0,0,0,0,0,0,0,0,,0.8,0.0
task_0111,family_19,template_19,0.75,1.0,13,B-RAG-EMBED,1,0,0,1,6750,6750,503.84615384615387,28,13270,150,120,0,0,1,0,0.9841,4,0,0,0,0,0,0,0,0,0,0,1,0,0,,0.8,0.0
task_0111,family_19,template_19,0.75,1.0,13,B-STAGEHAND-CACHE,1,0,0,1,6550,6550,503.84615384615387,27,13120,0,120,0,0,1,0,0.9841,4,0,0,0,0,0,0,0,0,0,0,1,0,0,,0.8,0.0
task_0111,family_19,template_19,0.75,1.0,13,B-TERX-REPLAY,1,0,0,1,6550,6550,503.84615384615387,27,13120,0,120,0,0,1,0,0.9841,4,0,0,0,0,0,0,0,0,0,0,1,0,0,,0.8,0.0
task_0111,family_19,template_19,0.75,1.0,13,P-SPIDER-MEA-BATCHED,1,0,1,1,6880,6880,501.53846153846155,30,13235,150,30,0,0,0,0,0.0341,0,1,1,1,1,1,1,1,0,1,0,1,0,0,41246eb03ecd7ba7,0.8,0.8
task_0111,family_19,template_19,0.75,1.0,13,NC1-SHUFFLED,0,0,1,1,6550,6550,500.0,27,13120,0,120,0,0,1,0,0.0306,0,0,0,0,0,1,0,0,0,0,0,0,0,0,,0.0,0.0
task_0111,family_19,template_19,0.75,1.0,13,NC2-RANDOM,1,0,0,1,6550,6550,500.0,27,13120,0,120,0,0,1,0,0.9734,4,0,0,0,0,0,0,0,0,0,0,0,0,0,,0.0,0.0
task_0111,family_19,template_19,0.75,1.0,13,NC3-LENGTH,1,0,0,1,6550,6550,500.0,27,13120,0,120,0,0,1,0,0.55,2,0,0,0,0,0,0,0,0,0,0,0,0,0,,0.0,0.0
task_0111,family_19,template_19,0.75,1.0,13,NC4-ABLATION,0,1,0,0,7200,7200,550.0,27,1680,0,120,13,1,0,0,0.01,0,1,0,0,0,0,0,0,0,0,0,0,0,0,,0.0,0.0
task_0112,family_20,template_20,0.0,0.0,14,B-COLD,1,0,0,1,7050,7050,503.57142857142856,29,14120,0,120,0,0,1,0,0.9771,4,0,0,0,0,0,0,0,0,0,0,0,0,0,,1.0,0.0
task_0112,family_20,template_20,0.0,0.0,14,B-RAG-EMBED,1,0,0,1,950,950,53.57142857142857,16,1950,150,120,14,1,1,0,0.9771,4,0,0,0,0,0,0,0,0,0,0,1,1,0,,1.0,0.0
task_0112,family_20,template_20,0.0,0.0,14,B-STAGEHAND-CACHE,1,0,0,1,750,750,53.57142857142857,15,1800,0,120,14,1,1,0,0.9771,4,0,0,0,0,0,0,0,0,0,0,1,1,0,,1.0,0.0
task_0112,family_20,template_20,0.0,0.0,14,B-TERX-REPLAY,1,0,0,1,750,750,53.57142857142857,15,1800,0,120,14,1,1,0,0.9771,4,0,0,0,0,0,0,0,0,0,0,1,1,0,,1.0,0.0
task_0112,family_20,template_20,0.0,0.0,14,P-SPIDER-MEA-BATCHED,1,0,1,0,7470,7470,507.85714285714283,32,14300,150,30,0,0,1,0,0.01,0,0,1,1,1,0,1,1,0,0,1,1,0,0,e4d5fd4aa4f589c3,1.0,1.0
task_0112,family_20,template_20,0.0,0.0,14,NC1-SHUFFLED,0,0,1,1,7050,7050,500.0,29,14120,0,120,0,0,1,0,0.0398,0,0,0,0,0,1,0,0,0,0,0,0,0,0,,0.0,0.0
task_0112,family_20,template_20,0.0,0.0,14,NC2-RANDOM,1,0,0,1,7050,7050,500.0,29,14120,0,120,0,0,1,0,0.99,4,0,0,0,0,0,0,0,0,0,0,0,0,0,,0.0,0.0
task_0112,family_20,template_20,0.0,0.0,14,NC3-LENGTH,1,0,0,1,7050,7050,500.0,29,14120,0,120,0,0,1,0,0.55,2,0,0,0,0,0,0,0,0,0,0,0,0,0,,0.0,0.0
task_0112,family_20,template_20,0.0,0.0,14,NC4-ABLATION,1,0,0,1,7750,7750,550.0,29,1800,0,120,14,1,1,0,0.9899,4,0,0,0,0,0,0,0,0,0,0,0,0,0,,0.0,0.0
task_0113,family_20,template_20,0.25,0.5,14,B-COLD,1,0,0,1,7050,7050,503.57142857142856,29,14120,0,120,0,0,1,0,0.99,4,0,0,0,0,0,0,0,0,0,0,0,0,0,,0.9285714285714286,0.0
task_0113,family_20,template_20,0.25,0.5,14,B-RAG-EMBED,1,0,0,1,4100,4100,278.57142857142856,23,8110,150,120,7,1,1,0,0.99,4,0,0,0,0,0,0,0,0,0,0,1,1,0,,0.9285714285714286,0.0
task_0113,family_20,template_20,0.25,0.5,14,B-STAGEHAND-CACHE,1,0,0,1,7050,7050,503.57142857142856,29,14120,0,120,0,0,1,0,0.99,4,0,0,0,0,0,0,0,0,0,0,1,0,0,,0.9285714285714286,0.0
task_0113,family_20,template_20,0.25,0.5,14,B-TERX-REPLAY,1,0,0,1,7050,7050,503.57142857142856,29,14120,0,120,0,0,1,0,0.99,4,0,0,0,0,0,0,0,0,0,0,1,0,0,,0.9285714285714286,0.0
task_0113,family_20,template_20,0.25,0.5,14,P-SPIDER-MEA-BATCHED,1,0,1,0,7380,7380,501.42857142857144,32,14235,150,30,0,0,1,0,0.0143,0,0,1,1,1,0,1,1,0,1,0,1,0,0,aafe200d1c1d7ce0,0.9285714285714286,1.0
task_0113,family_20,template_20,0.25,0.5,14,NC1-SHUFFLED,0,0,1,1,7050,7050,500.0,29,14120,0,120,0,0,1,0,0.01,0,0,0,0,0,1,0,0,0,0,0,0,0,0,,0.0,0.0
task_0113,family_20,template_20,0.25,0.5,14,NC2-RANDOM,1,0,0,1,7050,7050,500.0,29,14120,0,120,0,0,1,0,0.99,4,0,0,0,0,0,0,0,0,0,0,0,0,0,,0.0,0.0
task_0113,family_20,template_20,0.25,0.5,14,NC3-LENGTH,1,0,0,1,7050,7050,500.0,29,14120,0,120,0,0,1,0,0.55,2,0,0,0,0,0,0,0,0,0,0,0,0,0,,0.0,0.0
task_0113,family_20,template_20,0.25,0.5,14,NC4-ABLATION,0,1,0,0,7750,7750,550.0,29,1800,0,120,14,1,0,0,0.049,0,1,0,0,0,0,0,0,0,0,0,0,0,0,,0.0,0.0
task_0114,family_20,template_20,0.5,0.5,14,B-COLD,1,0,0,1,7050,7050,503.57142857142856,29,14120,0,120,0,0,1,0,0.99,4,0,0,0,0,0,0,0,0,0,0,0,0,0,,0.8888888888888888,0.0
task_0114,family_20,template_20,0.5,0.5,14,B-RAG-EMBED,1,0,0,1,4100,4100,278.57142857142856,23,8110,150,120,7,1,1,0,0.99,4,0,0,0,0,0,0,0,0,0,0,1,1,0,,0.8888888888888888,0.0
task_0114,family_20,template_20,0.5,0.5,14,B-STAGEHAND-CACHE,1,0,0,1,7050,7050,503.57142857142856,29,14120,0,120,0,0,1,0,0.99,4,0,0,0,0,0,0,0,0,0,0,1,0,0,,0.8888888888888888,0.0
task_0114,family_20,template_20,0.5,0.5,14,B-TERX-REPLAY,1,0,0,1,7050,7050,503.57142857142856,29,14120,0,120,0,0,1,0,0.99,4,0,0,0,0,0,0,0,0,0,0,1,0,0,,0.8888888888888888,0.0
task_0114,family_20,template_20,0.5,0.5,14,P-SPIDER-MEA-BATCHED,1,0,1,1,7420,7420,504.2857142857143,32,14325,150,120,0,0,0,0,0.01,0,1,0,0,0,1,1,1,0,1,0,1,0,0,55241a75eb52a4d5,0.8888888888888888,1.0
task_0114,family_20,template_20,0.5,0.5,14,NC1-SHUFFLED,0,0,1,1,7050,7050,500.0,29,14120,0,120,0,0,1,0,0.01,0,0,0,0,0,1,0,0,0,0,0,0,0,0,,0.0,0.0
task_0114,family_20,template_20,0.5,0.5,14,NC2-RANDOM,1,0,0,1,7050,7050,500.0,29,14120,0,120,0,0,1,0,0.9875,4,0,0,0,0,0,0,0,0,0,0,0,0,0,,0.0,0.0
task_0114,family_20,template_20,0.5,0.5,14,NC3-LENGTH,1,0,0,1,7050,7050,500.0,29,14120,0,120,0,0,1,0,0.55,2,0,0,0,0,0,0,0,0,0,0,0,0,0,,0.0,0.0
task_0114,family_20,template_20,0.5,0.5,14,NC4-ABLATION,1,0,0,1,7750,7750,550.0,29,1800,0,120,14,1,1,0,0.99,4,0,0,0,0,0,0,0,0,0,0,0,0,0,,0.0,0.0
task_0115,family_20,template_20,0.75,1.0,14,B-COLD,1,0,0,1,7050,7050,503.57142857142856,29,14120,0,120,0,0,1,0,0.99,4,0,0,0,0,0,0,0,0,0,0,0,0,0,,0.8333333333333334,0.0
task_0115,family_20,template_20,0.75,1.0,14,B-RAG-EMBED,1,0,0,1,7250,7250,503.57142857142856,30,14270,150,120,0,0,1,0,0.99,4,0,0,0,0,0,0,0,0,0,0,1,0,0,,0.8333333333333334,0.0
task_0115,family_20,template_20,0.75,1.0,14,B-STAGEHAND-CACHE,1,0,0,1,7050,7050,503.57142857142856,29,14120,0,120,0,0,1,0,0.99,4,0,0,0,0,0,0,0,0,0,0,1,0,0,,0.8333333333333334,0.0
task_0115,family_20,template_20,0.75,1.0,14,B-TERX-REPLAY,1,0,0,1,7050,7050,503.57142857142856,29,14120,0,120,0,0,1,0,0.99,4,0,0,0,0,0,0,0,0,0,0,1,0,0,,0.8333333333333334,0.0
task_0115,family_20,template_20,0.75,1.0,14,P-SPIDER-MEA-BATCHED,1,0,1,0,7420,7420,504.2857142857143,32,14325,150,120,0,0,1,0,0.0108,0,0,0,0,0,0,1,1,0,1,0,1,0,0,68a24ef2b9771b85,0.8333333333333334,0.8666666666666667
task_0115,family_20,template_20,0.75,1.0,14,NC1-SHUFFLED,1,0,0,1,7050,7050,500.0,29,14120,0,120,0,0,1,0,0.9722,4,0,0,0,0,0,0,0,0,0,0,0,0,0,,0.0,0.0
task_0115,family_20,template_20,0.75,1.0,14,NC2-RANDOM,1,0,0,1,7050,7050,500.0,29,14120,0,120,0,0,1,0,0.9696,4,0,0,0,0,0,0,0,0,0,0,0,0,0,,0.0,0.0
task_0115,family_20,template_20,0.75,1.0,14,NC3-LENGTH,1,0,0,1,7050,7050,500.0,29,14120,0,120,0,0,1,0,0.55,2,0,0,0,0,0,0,0,0,0,0,0,0,0,,0.0,0.0
task_0115,family_20,template_20,0.75,1.0,14,NC4-ABLATION,1,0,0,1,7750,7750,550.0,29,1800,0,120,14,1,1,0,0.9827,4,0,0,0,0,0,0,0,0,0,0,0,0,0,,0.0,0.0
task_0116,family_20,template_20,1.0,1.0,14,B-COLD,1,0,0,1,7050,7050,503.57142857142856,29,14120,0,120,0,0,1,0,0.99,4,0,0,0,0,0,0,0,0,0,0,0,0,0,,0.8,0.0
task_0116,family_20,template_20,1.0,1.0,14,B-RAG-EMBED,1,0,0,1,7250,7250,503.57142857142856,30,14270,150,120,0,0,1,0,0.99,4,0,0,0,0,0,0,0,0,0,0,1,0,0,,0.8,0.0
task_0116,family_20,template_20,1.0,1.0,14,B-STAGEHAND-CACHE,1,0,0,1,7050,7050,503.57142857142856,29,14120,0,120,0,0,1,0,0.99,4,0,0,0,0,0,0,0,0,0,0,1,0,0,,0.8,0.0
task_0116,family_20,template_20,1.0,1.0,14,B-TERX-REPLAY,1,0,0,1,7050,7050,503.57142857142856,29,14120,0,120,0,0,1,0,0.99,4,0,0,0,0,0,0,0,0,0,0,1,0,0,,0.8,0.0
task_0116,family_20,template_20,1.0,1.0,14,P-SPIDER-MEA-BATCHED,1,0,1,0,7380,7380,501.42857142857144,32,14235,150,30,0,0,1,0,0.01,0,0,1,1,1,0,1,1,0,1,0,1,0,0,7c4949c3ea49feee,0.8,0.8
task_0116,family_20,template_20,1.0,1.0,14,NC1-SHUFFLED,0,0,1,1,7050,7050,500.0,29,14120,0,120,0,0,1,0,0.0386,0,0,0,0,0,1,0,0,0,0,0,0,0,0,,0.0,0.0
task_0116,family_20,template_20,1.0,1.0,14,NC2-RANDOM,1,0,0,1,7050,7050,500.0,29,14120,0,120,0,0,1,0,0.99,4,0,0,0,0,0,0,0,0,0,0,0,0,0,,0.0,0.0
task_0116,family_20,template_20,1.0,1.0,14,NC3-LENGTH,1,0,0,1,7050,7050,500.0,29,14120,0,120,0,0,1,0,0.55,2,0,0,0,0,0,0,0,0,0,0,0,0,0,,0.0,0.0
task_0116,family_20,template_20,1.0,1.0,14,NC4-ABLATION,1,0,0,1,7750,7750,550.0,29,1800,0,120,14,1,1,0,0.99,4,0,0,0,0,0,0,0,0,0,0,0,0,0,,0.0,0.0
task_0117,family_21,template_21,0.0,0.0,8,B-COLD,1,0,0,1,4050,4050,506.25,17,8120,0,120,0,0,1,0,0.99,4,0,0,0,0,0,0,0,0,0,0,0,0,0,,1.0,0.0
task_0117,family_21,template_21,0.0,0.0,8,B-RAG-EMBED,1,0,0,1,650,650,56.25,10,1230,150,120,8,1,1,0,0.99,4,0,0,0,0,0,0,0,0,0,0,1,1,0,,1.0,0.0
task_0117,family_21,template_21,0.0,0.0,8,B-STAGEHAND-CACHE,1,0,0,1,450,450,56.25,9,1080,0,120,8,1,1,0,0.99,4,0,0,0,0,0,0,0,0,0,0,1,1,0,,1.0,0.0
task_0117,family_21,template_21,0.0,0.0,8,B-TERX-REPLAY,1,0,0,1,450,450,56.25,9,1080,0,120,8,1,1,0,0.99,4,0,0,0,0,0,0,0,0,0,0,1,1,0,,1.0,0.0
task_0117,family_21,template_21,0.0,0.0,8,P-SPIDER-MEA-BATCHED,1,0,1,0,4510,4510,518.75,20,8390,150,120,0,0,1,0,0.01,0,0,0,0,0,0,1,1,0,0,1,1,0,0,dcc8e9e3bbaa38be,1.0,1.0
task_0117,family_21,template_21,0.0,0.0,8,NC1-SHUFFLED,0,0,1,1,4050,4050,500.0,17,8120,0,120,0,0,1,0,0.0336,0,0,0,0,0,1,0,0,0,0,0,0,0,0,,0.0,0.0
task_0117,family_21,template_21,0.0,0.0,8,NC2-RANDOM,1,0,0,1,4050,4050,500.0,17,8120,0,120,0,0,1,0,0.9736,4,0,0,0,0,0,0,0,0,0,0,0,0,0,,0.0,0.0
task_0117,family_21,template_21,0.0,0.0,8,NC3-LENGTH,1,0,0,1,4050,4050,500.0,17,8120,0,120,0,0,1,0,0.55,2,0,0,0,0,0,0,0,0,0,0,0,0,0,,0.0,0.0
task_0117,family_21,template_21,0.0,0.0,8,NC4-ABLATION,1,0,0,1,4450,4450,550.0,17,1080,0,120,8,1,1,0,0.9884,4,0,0,0,0,0,0,0,0,0,0,0,0,0,,0.0,0.0
task_0118,family_21,template_21,0.5,0.5,8,B-COLD,1,0,0,1,4050,4050,506.25,17,8120,0,120,0,0,1,0,0.99,4,0,0,0,0,0,0,0,0,0,0,0,0,0,,0.9,0.0
task_0118,family_21,template_21,0.5,0.5,8,B-RAG-EMBED,1,0,0,1,2450,2450,281.25,14,4750,150,120,4,1,1,0,0.99,4,0,0,0,0,0,0,0,0,0,0,1,1,0,,0.9,0.0
task_0118,family_21,template_21,0.5,0.5,8,B-STAGEHAND-CACHE,1,0,0,1,4050,4050,506.25,17,8120,0,120,0,0,1,0,0.99,4,0,0,0,0,0,0,0,0,0,0,1,0,0,,0.9,0.0
task_0118,family_21,template_21,0.5,0.5,8,B-TERX-REPLAY,1,0,0,1,4050,4050,506.25,17,8120,0,120,0,0,1,0,0.99,4,0,0,0,0,0,0,0,0,0,0,1,0,0,,0.9,0.0
task_0118,family_21,template_21,0.5,0.5,8,P-SPIDER-MEA-BATCHED,1,0,1,0,4420,4420,507.5,20,8325,150,120,0,0,1,0,0.0205,0,0,0,0,0,0,1,1,0,1,0,1,0,0,2abcacc91c7a6743,0.9,1.0
task_0118,family_21,template_21,0.5,0.5,8,NC1-SHUFFLED,0,0,1,1,4050,4050,500.0,17,8120,0,120,0,0,1,0,0.01,0,0,0,0,0,1,0,0,0,0,0,0,0,0,,0.0,0.0
task_0118,family_21,template_21,0.5,0.5,8,NC2-RANDOM,1,0,0,1,4050,4050,500.0,17,8120,0,120,0,0,1,0,0.99,4,0,0,0,0,0,0,0,0,0,0,0,0,0,,0.0,0.0
task_0118,family_21,template_21,0.5,0.5,8,NC3-LENGTH,1,0,0,1,4050,4050,500.0,17,8120,0,120,0,0,1,0,0.55,2,0,0,0,0,0,0,0,0,0,0,0,0,0,,0.0,0.0
task_0118,family_21,template_21,0.5,0.5,8,NC4-ABLATION,1,0,0,1,4450,4450,550.0,17,1080,0,120,8,1,1,0,0.9525,4,0,0,0,0,0,0,0,0,0,0,0,0,0,,0.0,0.0
task_0119,family_21,template_21,0.75,1.0,8,B-COLD,1,0,0,1,4050,4050,506.25,17,8120,0,120,0,0,1,0,0.99,4,0,0,0,0,0,0,0,0,0,0,0,0,0,,0.8174603174603174,0.0
task_0119,family_21,template_21,0.75,1.0,8,B-RAG-EMBED,1,0,0,1,4250,4250,506.25,18,8270,150,120,0,0,1,0,0.99,4,0,0,0,0,0,0,0,0,0,0,1,0,0,,0.8174603174603174,0.0
task_0119,family_21,template_21,0.75,1.0,8,B-STAGEHAND-CACHE,1,0,0,1,4050,4050,506.25,17,8120,0,120,0,0,1,0,0.99,4,0,0,0,0,0,0,0,0,0,0,1,0,0,,0.8174603174603174,0.0
task_0119,family_21,template_21,0.75,1.0,8,B-TERX-REPLAY,1,0,0,1,4050,4050,506.25,17,8120,0,120,0,0,1,0,0.99,4,0,0,0,0,0,0,0,0,0,0,1,0,0,,0.8174603174603174,0.0
task_0119,family_21,template_21,0.75,1.0,8,P-SPIDER-MEA-BATCHED,1,0,1,0,4420,4420,507.5,20,8325,150,120,0,0,1,0,0.01,0,0,0,0,0,0,1,1,0,1,0,1,0,0,a91bc2ab0909d741,0.8174603174603174,0.8571428571428571
task_0119,family_21,template_21,0.75,1.0,8,NC1-SHUFFLED,1,0,0,1,4050,4050,500.0,17,8120,0,120,0,0,1,0,0.99,4,0,0,0,0,0,0,0,0,0,0,0,0,0,,0.0,0.0
task_0119,family_21,template_21,0.75,1.0,8,NC2-RANDOM,1,0,0,1,4050,4050,500.0,17,8120,0,120,0,0,1,0,0.9745,4,0,0,0,0,0,0,0,0,0,0,0,0,0,,0.0,0.0
task_0119,family_21,template_21,0.75,1.0,8,NC3-LENGTH,1,0,0,1,4050,4050,500.0,17,8120,0,120,0,0,1,0,0.55,2,0,0,0,0,0,0,0,0,0,0,0,0,0,,0.0,0.0
task_0119,family_21,template_21,0.75,1.0,8,NC4-ABLATION,1,0,0,1,4450,4450,550.0,17,1080,0,120,8,1,1,0,0.99,4,0,0,0,0,0,0,0,0,0,0,0,0,0,,0.0,0.0
task_0120,family_21,template_21,1.0,1.0,8,B-COLD,1,0,0,1,4050,4050,506.25,17,8120,0,120,0,0,1,0,0.99,4,0,0,0,0,0,0,0,0,0,0,0,0,0,,0.8285714285714285,0.0
task_0120,family_21,template_21,1.0,1.0,8,B-RAG-EMBED,1,0,0,1,4250,4250,506.25,18,8270,150,120,0,0,1,0,0.99,4,0,0,0,0,0,0,0,0,0,0,1,0,0,,0.8285714285714285,0.0
task_0120,family_21,template_21,1.0,1.0,8,B-STAGEHAND-CACHE,1,0,0,1,4050,4050,506.25,17,8120,0,120,0,0,1,0,0.99,4,0,0,0,0,0,0,0,0,0,0,1,0,0,,0.8285714285714285,0.0
task_0120,family_21,template_21,1.0,1.0,8,B-TERX-REPLAY,1,0,0,1,4050,4050,506.25,17,8120,0,120,0,0,1,0,0.99,4,0,0,0,0,0,0,0,0,0,0,1,0,0,,0.8285714285714285,0.0
task_0120,family_21,template_21,1.0,1.0,8,P-SPIDER-MEA-BATCHED,1,0,1,0,4420,4420,507.5,20,8325,150,120,0,0,1,0,0.01,0,0,0,0,0,0,1,1,0,1,0,1,0,0,b79df787a68c6b8d,0.8285714285714285,0.8571428571428571
task_0120,family_21,template_21,1.0,1.0,8,NC1-SHUFFLED,0,0,1,1,4050,4050,500.0,17,8120,0,120,0,0,1,0,0.0283,0,0,0,0,0,1,0,0,0,0,0,0,0,0,,0.0,0.0
task_0120,family_21,template_21,1.0,1.0,8,NC2-RANDOM,1,0,0,1,4050,4050,500.0,17,8120,0,120,0,0,1,0,0.9847,4,0,0,0,0,0,0,0,0,0,0,0,0,0,,0.0,0.0
task_0120,family_21,template_21,1.0,1.0,8,NC3-LENGTH,1,0,0,1,4050,4050,500.0,17,8120,0,120,0,0,1,0,0.55,2,0,0,0,0,0,0,0,0,0,0,0,0,0,,0.0,0.0
task_0120,family_21,template_21,1.0,1.0,8,NC4-ABLATION,1,0,0,1,4450,4450,550.0,17,1080,0,120,8,1,1,0,0.99,4,0,0,0,0,0,0,0,0,0,0,0,0,0,,0.0,0.0
task_0121,family_21,template_21,0.25,0.5,8,B-COLD,1,0,0,1,4050,4050,506.25,17,8120,0,120,0,0,1,0,0.99,4,0,0,0,0,0,0,0,0,0,0,0,0,0,,0.8928571428571428,0.0
task_0121,family_21,template_21,0.25,0.5,8,B-RAG-EMBED,1,0,0,1,2450,2450,281.25,14,4750,150,120,4,1,1,0,0.99,4,0,0,0,0,0,0,0,0,0,0,1,1,0,,0.8928571428571428,0.0
task_0121,family_21,template_21,0.25,0.5,8,B-STAGEHAND-CACHE,1,0,0,1,4050,4050,506.25,17,8120,0,120,0,0,1,0,0.99,4,0,0,0,0,0,0,0,0,0,0,1,0,0,,0.8928571428571428,0.0
task_0121,family_21,template_21,0.25,0.5,8,B-TERX-REPLAY,1,0,0,1,4050,4050,506.25,17,8120,0,120,0,0,1,0,0.99,4,0,0,0,0,0,0,0,0,0,0,1,0,0,,0.8928571428571428,0.0
task_0121,family_21,template_21,0.25,0.5,8,P-SPIDER-MEA-BATCHED,1,0,1,0,4380,4380,502.5,20,8235,150,30,0,0,1,0,0.01,0,0,1,1,1,0,1,1,0,1,0,1,0,0,829276d254b0c48c,0.8928571428571428,1.0
task_0121,family_21,template_21,0.25,0.5,8,NC1-SHUFFLED,0,0,1,1,4050,4050,500.0,17,8120,0,120,0,0,1,0,0.01,0,0,0,0,0,1,0,0,0,0,0,0,0,0,,0.0,0.0
task_0121,family_21,template_21,0.25,0.5,8,NC2-RANDOM,1,0,0,1,4050,4050,500.0,17,8120,0,120,0,0,1,0,0.99,4,0,0,0,0,0,0,0,0,0,0,0,0,0,,0.0,0.0
task_0121,family_21,template_21,0.25,0.5,8,NC3-LENGTH,1,0,0,1,4050,4050,500.0,17,8120,0,120,0,0,1,0,0.55,2,0,0,0,0,0,0,0,0,0,0,0,0,0,,0.0,0.0
task_0121,family_21,template_21,0.25,0.5,8,NC4-ABLATION,1,0,0,1,4450,4450,550.0,17,1080,0,120,8,1,1,0,0.9863,4,0,0,0,0,0,0,0,0,0,0,0,0,0,,0.0,0.0
task_0122,family_22,template_22,0.0,0.0,9,B-COLD,1,0,0,1,4550,4550,505.55555555555554,19,9120,0,120,0,0,1,0,0.99,4,0,0,0,0,0,0,0,0,0,0,0,0,0,,1.0,0.0
task_0122,family_22,template_22,0.0,0.0,9,B-RAG-EMBED,1,0,0,1,700,700,55.55555555555556,11,1350,150,120,9,1,1,0,0.99,4,0,0,0,0,0,0,0,0,0,0,1,1,0,,1.0,0.0
task_0122,family_22,template_22,0.0,0.0,9,B-STAGEHAND-CACHE,1,0,0,1,500,500,55.55555555555556,10,1200,0,120,9,1,1,0,0.99,4,0,0,0,0,0,0,0,0,0,0,1,1,0,,1.0,0.0
task_0122,family_22,template_22,0.0,0.0,9,B-TERX-REPLAY,1,0,0,1,500,500,55.55555555555556,10,1200,0,120,9,1,1,0,0.99,4,0,0,0,0,0,0,0,0,0,0,1,1,0,,1.0,0.0
task_0122,family_22,template_22,0.0,0.0,9,P-SPIDER-MEA-BATCHED,1,0,1,0,5010,5010,516.6666666666666,22,9390,150,120,0,0,1,0,0.01,0,0,0,0,0,0,1,1,0,0,1,1,0,0,16b686b794b062ba,1.0,1.0
task_0122,family_22,template_22,0.0,0.0,9,NC1-SHUFFLED,0,0,1,0,4550,4550,500.0,19,9120,0,120,0,0,0,0,0.0447,0,1,0,0,0,1,0,0,0,0,0,0,0,0,,0.0,0.0
task_0122,family_22,template_22,0.0,0.0,9,NC2-RANDOM,0,1,0,0,4550,4550,500.0,19,9120,0,120,0,0,0,0,0.01,0,1,0,0,0,0,0,0,0,0,0,0,0,0,,0.0,0.0
task_0122,family_22,template_22,0.0,0.0,9,NC3-LENGTH,1,0,0,1,4550,4550,500.0,19,9120,0,120,0,0,1,0,0.55,2,0,0,0,0,0,0,0,0,0,0,0,0,0,,0.0,0.0
task_0122,family_22,template_22,0.0,0.0,9,NC4-ABLATION,1,0,0,1,5000,5000,550.0,19,1200,0,120,9,1,1,0,0.99,4,0,0,0,0,0,0,0,0,0,0,0,0,0,,0.0,0.0
task_0123,family_22,template_22,0.75,0.6667,9,B-COLD,1,0,0,1,4550,4550,505.55555555555554,19,9120,0,120,0,0,1,0,0.9606,4,0,0,0,0,0,0,0,0,0,0,0,0,0,,0.888888888888889,0.0
task_0123,family_22,template_22,0.75,0.6667,9,B-RAG-EMBED,1,0,0,1,3400,3400,355.55555555555554,17,6630,150,120,3,1,1,0,0.9606,4,0,0,0,0,0,0,0,0,0,0,1,1,0,,0.888888888888889,0.0
task_0123,family_22,template_22,0.75,0.6667,9,B-STAGEHAND-CACHE,1,0,0,1,4550,4550,505.55555555555554,19,9120,0,120,0,0,1,0,0.9606,4,0,0,0,0,0,0,0,0,0,0,1,0,0,,0.888888888888889,0.0
task_0123,family_22,template_22,0.75,0.6667,9,B-TERX-REPLAY,1,0,0,1,4550,4550,505.55555555555554,19,9120,0,120,0,0,1,0,0.9606,4,0,0,0,0,0,0,0,0,0,0,1,0,0,,0.888888888888889,0.0
task_0123,family_22,template_22,0.75,0.6667,9,P-SPIDER-MEA-BATCHED,1,0,1,0,4880,4880,502.22222222222223,22,9235,150,30,0,0,1,0,0.01,0,0,1,1,1,0,1,1,0,1,0,1,0,0,1b4471c4ea8f6abe,0.888888888888889,1.0
task_0123,family_22,template_22,0.75,0.6667,9,NC1-SHUFFLED,0,0,1,1,4550,4550,500.0,19,9120,0,120,0,0,1,0,0.0169,0,0,0,0,0,1,0,0,0,0,0,0,0,0,,0.0,0.0
task_0123,family_22,template_22,0.75,0.6667,9,NC2-RANDOM,1,0,0,1,4550,4550,500.0,19,9120,0,120,0,0,1,0,0.99,4,0,0,0,0,0,0,0,0,0,0,0,0,0,,0.0,0.0
task_0123,family_22,template_22,0.75,0.6667,9,NC3-LENGTH,1,0,0,1,4550,4550,500.0,19,9120,0,120,0,0,1,0,0.55,2,0,0,0,0,0,0,0,0,0,0,0,0,0,,0.0,0.0
task_0123,family_22,template_22,0.75,0.6667,9,NC4-ABLATION,1,0,0,1,5000,5000,550.0,19,1200,0,120,9,1,1,0,0.99,4,0,0,0,0,0,0,0,0,0,0,0,0,0,,0.0,0.0
task_0124,family_22,template_22,1.0,1.0,9,B-COLD,1,0,0,1,4550,4550,505.55555555555554,19,9120,0,120,0,0,1,0,0.99,4,0,0,0,0,0,0,0,0,0,0,0,0,0,,0.837037037037037,0.0
task_0124,family_22,template_22,1.0,1.0,9,B-RAG-EMBED,1,0,0,1,4750,4750,505.55555555555554,20,9270,150,120,0,0,1,0,0.99,4,0,0,0,0,0,0,0,0,0,0,1,0,0,,0.837037037037037,0.0
task_0124,family_22,template_22,1.0,1.0,9,B-STAGEHAND-CACHE,1,0,0,1,4550,4550,505.55555555555554,19,9120,0,120,0,0,1,0,0.99,4,0,0,0,0,0,0,0,0,0,0,1,0,0,,0.837037037037037,0.0
task_0124,family_22,template_22,1.0,1.0,9,B-TERX-REPLAY,1,0,0,1,4550,4550,505.55555555555554,19,9120,0,120,0,0,1,0,0.99,4,0,0,0,0,0,0,0,0,0,0,1,0,0,,0.837037037037037,0.0
task_0124,family_22,template_22,1.0,1.0,9,P-SPIDER-MEA-BATCHED,1,0,1,0,4880,4880,502.22222222222223,22,9235,150,30,0,0,1,0,0.0281,0,0,1,1,1,0,1,1,0,1,0,1,0,0,1c19a45304436ae9,0.837037037037037,0.8666666666666667
task_0124,family_22,template_22,1.0,1.0,9,NC1-SHUFFLED,0,0,1,0,4550,4550,500.0,19,9120,0,120,0,0,0,0,0.01,0,1,0,0,0,1,0,0,0,0,0,0,0,0,,0.0,0.0
task_0124,family_22,template_22,1.0,1.0,9,NC2-RANDOM,0,1,0,0,4550,4550,500.0,19,9120,0,120,0,0,0,0,0.01,0,1,0,0,0,0,0,0,0,0,0,0,0,0,,0.0,0.0
task_0124,family_22,template_22,1.0,1.0,9,NC3-LENGTH,1,0,0,1,4550,4550,500.0,19,9120,0,120,0,0,1,0,0.55,2,0,0,0,0,0,0,0,0,0,0,0,0,0,,0.0,0.0
task_0124,family_22,template_22,1.0,1.0,9,NC4-ABLATION,1,0,0,1,5000,5000,550.0,19,1200,0,120,9,1,1,0,0.9574,4,0,0,0,0,0,0,0,0,0,0,0,0,0,,0.0,0.0
task_0125,family_22,template_22,0.25,0.3333,9,B-COLD,1,0,0,1,4550,4550,505.55555555555554,19,9120,0,120,0,0,1,0,0.9806,4,0,0,0,0,0,0,0,0,0,0,0,0,0,,0.9555555555555556,0.0
task_0125,family_22,template_22,0.25,0.3333,9,B-RAG-EMBED,1,0,0,1,2050,2050,205.55555555555554,14,3990,150,120,6,1,1,0,0.9806,4,0,0,0,0,0,0,0,0,0,0,1,1,0,,0.9555555555555556,0.0
task_0125,family_22,template_22,0.25,0.3333,9,B-STAGEHAND-CACHE,1,0,0,1,4550,4550,505.55555555555554,19,9120,0,120,0,0,1,0,0.9806,4,0,0,0,0,0,0,0,0,0,0,1,0,0,,0.9555555555555556,0.0
task_0125,family_22,template_22,0.25,0.3333,9,B-TERX-REPLAY,1,0,0,1,4550,4550,505.55555555555554,19,9120,0,120,0,0,1,0,0.9806,4,0,0,0,0,0,0,0,0,0,0,1,0,0,,0.9555555555555556,0.0
task_0125,family_22,template_22,0.25,0.3333,9,P-SPIDER-MEA-BATCHED,1,0,1,0,4880,4880,502.22222222222223,22,9235,150,30,0,0,1,0,0.01,0,0,1,1,1,0,1,1,0,1,0,1,0,0,23fa0bab59a18f49,0.9555555555555556,1.0
task_0125,family_22,template_22,0.25,0.3333,9,NC1-SHUFFLED,0,0,1,0,4550,4550,500.0,19,9120,0,120,0,0,0,0,0.01,0,1,0,0,0,1,0,0,0,0,0,0,0,0,,0.0,0.0
task_0125,family_22,template_22,0.25,0.3333,9,NC2-RANDOM,0,1,0,0,4550,4550,500.0,19,9120,0,120,0,0,0,0,0.0203,0,1,0,0,0,0,0,0,0,0,0,0,0,0,,0.0,0.0
task_0125,family_22,template_22,0.25,0.3333,9,NC3-LENGTH,1,0,0,1,4550,4550,500.0,19,9120,0,120,0,0,1,0,0.55,2,0,0,0,0,0,0,0,0,0,0,0,0,0,,0.0,0.0
task_0125,family_22,template_22,0.25,0.3333,9,NC4-ABLATION,1,0,0,1,5000,5000,550.0,19,1200,0,120,9,1,1,0,0.99,4,0,0,0,0,0,0,0,0,0,0,0,0,0,,0.0,0.0
task_0126,family_22,template_22,0.5,0.6667,9,B-COLD,1,0,0,1,4550,4550,505.55555555555554,19,9120,0,120,0,0,1,0,0.99,4,0,0,0,0,0,0,0,0,0,0,0,0,0,,0.8666666666666667,0.0
task_0126,family_22,template_22,0.5,0.6667,9,B-RAG-EMBED,1,0,0,1,3400,3400,355.55555555555554,17,6630,150,120,3,1,1,0,0.99,4,0,0,0,0,0,0,0,0,0,0,1,1,0,,0.8666666666666667,0.0
task_0126,family_22,template_22,0.5,0.6667,9,B-STAGEHAND-CACHE,1,0,0,1,4550,4550,505.55555555555554,19,9120,0,120,0,0,1,0,0.99,4,0,0,0,0,0,0,0,0,0,0,1,0,0,,0.8666666666666667,0.0
task_0126,family_22,template_22,0.5,0.6667,9,B-TERX-REPLAY,1,0,0,1,4550,4550,505.55555555555554,19,9120,0,120,0,0,1,0,0.99,4,0,0,0,0,0,0,0,0,0,0,1,0,0,,0.8666666666666667,0.0
task_0126,family_22,template_22,0.5,0.6667,9,P-SPIDER-MEA-BATCHED,1,0,1,0,4920,4920,506.6666666666667,22,9325,150,120,0,0,1,0,0.01,0,0,0,0,0,0,1,1,0,1,0,1,0,0,660e5fe129e9cebd,0.8666666666666667,1.0
task_0126,family_22,template_22,0.5,0.6667,9,NC1-SHUFFLED,0,0,1,1,4550,4550,500.0,19,9120,0,120,0,0,1,0,0.01,0,0,0,0,0,1,0,0,0,0,0,0,0,0,,0.0,0.0
task_0126,family_22,template_22,0.5,0.6667,9,NC2-RANDOM,1,0,0,1,4550,4550,500.0,19,9120,0,120,0,0,1,0,0.9683,4,0,0,0,0,0,0,0,0,0,0,0,0,0,,0.0,0.0
task_0126,family_22,template_22,0.5,0.6667,9,NC3-LENGTH,1,0,0,1,4550,4550,500.0,19,9120,0,120,0,0,1,0,0.55,2,0,0,0,0,0,0,0,0,0,0,0,0,0,,0.0,0.0
task_0126,family_22,template_22,0.5,0.6667,9,NC4-ABLATION,0,1,0,0,5000,5000,550.0,19,1200,0,120,9,1,0,0,0.01,0,1,0,0,0,0,0,0,0,0,0,0,0,0,,0.0,0.0
task_0127,family_23,template_23,0.0,0.0,10,B-COLD,1,0,0,1,5050,5050,505.0,21,10120,0,120,0,0,1,0,0.99,4,0,0,0,0,0,0,0,0,0,0,0,0,0,,1.0,0.0
task_0127,family_23,template_23,0.0,0.0,10,B-RAG-EMBED,1,0,0,1,750,750,55.0,12,1470,150,120,10,1,1,0,0.99,4,0,0,0,0,0,0,0,0,0,0,1,1,0,,1.0,0.0
task_0127,family_23,template_23,0.0,0.0,10,B-STAGEHAND-CACHE,1,0,0,1,550,550,55.0,11,1320,0,120,10,1,1,0,0.99,4,0,0,0,0,0,0,0,0,0,0,1,1,0,,1.0,0.0
task_0127,family_23,template_23,0.0,0.0,10,B-TERX-REPLAY,1,0,0,1,550,550,55.0,11,1320,0,120,10,1,1,0,0.99,4,0,0,0,0,0,0,0,0,0,0,1,1,0,,1.0,0.0
task_0127,family_23,template_23,0.0,0.0,10,P-SPIDER-MEA-BATCHED,1,0,1,0,5470,5470,511.0,24,10300,150,30,0,0,1,0,0.0383,0,0,1,1,1,0,1,1,0,0,1,1,0,0,144dc59dacca0c5d,1.0,1.0
task_0127,family_23,template_23,0.0,0.0,10,NC1-SHUFFLED,0,0,1,1,5050,5050,500.0,21,10120,0,120,0,0,1,0,0.0397,0,0,0,0,0,1,0,0,0,0,0,0,0,0,,0.0,0.0
task_0127,family_23,template_23,0.0,0.0,10,NC2-RANDOM,1,0,0,1,5050,5050,500.0,21,10120,0,120,0,0,1,0,0.99,4,0,0,0,0,0,0,0,0,0,0,0,0,0,,0.0,0.0
task_0127,family_23,template_23,0.0,0.0,10,NC3-LENGTH,1,0,0,1,5050,5050,500.0,21,10120,0,120,0,0,1,0,0.55,2,0,0,0,0,0,0,0,0,0,0,0,0,0,,0.0,0.0
task_0127,family_23,template_23,0.0,0.0,10,NC4-ABLATION,0,1,0,0,5550,5550,550.0,21,1320,0,120,10,1,0,0,0.01,0,1,0,0,0,0,0,0,0,0,0,0,0,0,,0.0,0.0
task_0128,family_23,template_23,1.0,1.0,10,B-COLD,1,0,0,1,5050,5050,505.0,21,10120,0,120,0,0,1,0,0.99,4,0,0,0,0,0,0,0,0,0,0,0,0,0,,0.8,0.0
task_0128,family_23,template_23,1.0,1.0,10,B-RAG-EMBED,1,0,0,1,5250,5250,505.0,22,10270,150,120,0,0,1,0,0.99,4,0,0,0,0,0,0,0,0,0,0,1,0,0,,0.8,0.0
task_0128,family_23,template_23,1.0,1.0,10,B-STAGEHAND-CACHE,1,0,0,1,5050,5050,505.0,21,10120,0,120,0,0,1,0,0.99,4,0,0,0,0,0,0,0,0,0,0,1,0,0,,0.8,0.0
task_0128,family_23,template_23,1.0,1.0,10,B-TERX-REPLAY,1,0,0,1,5050,5050,505.0,21,10120,0,120,0,0,1,0,0.99,4,0,0,0,0,0,0,0,0,0,0,1,0,0,,0.8,0.0
task_0128,family_23,template_23,1.0,1.0,10,P-SPIDER-MEA-BATCHED,1,0,1,1,5380,5380,502.0,24,10235,150,30,0,0,0,0,0.0337,0,1,1,1,1,1,1,1,0,1,0,1,0,0,d361c90c0e60ef9d,0.8,0.8
task_0128,family_23,template_23,1.0,1.0,10,NC1-SHUFFLED,0,0,1,1,5050,5050,500.0,21,10120,0,120,0,0,1,0,0.01,0,0,0,0,0,1,0,0,0,0,0,0,0,0,,0.0,0.0
task_0128,family_23,template_23,1.0,1.0,10,NC2-RANDOM,1,0,0,1,5050,5050,500.0,21,10120,0,120,0,0,1,0,0.951,4,0,0,0,0,0,0,0,0,0,0,0,0,0,,0.0,0.0
task_0128,family_23,template_23,1.0,1.0,10,NC3-LENGTH,1,0,0,1,5050,5050,500.0,21,10120,0,120,0,0,1,0,0.55,2,0,0,0,0,0,0,0,0,0,0,0,0,0,,0.0,0.0
task_0128,family_23,template_23,1.0,1.0,10,NC4-ABLATION,1,0,0,1,5550,5550,550.0,21,1320,0,120,10,1,1,0,0.99,4,0,0,0,0,0,0,0,0,0,0,0,0,0,,0.0,0.0
task_0129,family_23,template_23,0.25,0.0,10,B-COLD,1,0,0,1,5050,5050,505.0,21,10120,0,120,0,0,1,0,0.99,4,0,0,0,0,0,0,0,0,0,0,0,0,0,,1.0,0.0
task_0129,family_23,template_23,0.25,0.0,10,B-RAG-EMBED,1,0,0,1,750,750,55.0,12,1470,150,120,10,1,1,0,0.99,4,0,0,0,0,0,0,0,0,0,0,1,1,0,,1.0,0.0
task_0129,family_23,template_23,0.25,0.0,10,B-STAGEHAND-CACHE,1,0,0,1,5050,5050,505.0,21,10120,0,120,0,0,1,0,0.99,4,0,0,0,0,0,0,0,0,0,0,1,0,0,,1.0,0.0
task_0129,family_23,template_23,0.25,0.0,10,B-TERX-REPLAY,1,0,0,1,5050,5050,505.0,21,10120,0,120,0,0,1,0,0.99,4,0,0,0,0,0,0,0,0,0,0,1,0,0,,1.0,0.0
task_0129,family_23,template_23,0.25,0.0,10,P-SPIDER-MEA-BATCHED,1,0,1,0,5420,5420,506.0,24,10325,150,120,0,0,1,0,0.01,0,0,0,0,0,0,1,1,0,1,0,1,0,0,2f97dc222e7bc907,1.0,1.0
task_0129,family_23,template_23,0.25,0.0,10,NC1-SHUFFLED,0,0,1,0,5050,5050,500.0,21,10120,0,120,0,0,0,0,0.01,0,1,0,0,0,1,0,0,0,0,0,0,0,0,,0.0,0.0
task_0129,family_23,template_23,0.25,0.0,10,NC2-RANDOM,0,1,0,0,5050,5050,500.0,21,10120,0,120,0,0,0,0,0.01,0,1,0,0,0,0,0,0,0,0,0,0,0,0,,0.0,0.0
task_0129,family_23,template_23,0.25,0.0,10,NC3-LENGTH,1,0,0,1,5050,5050,500.0,21,10120,0,120,0,0,1,0,0.55,2,0,0,0,0,0,0,0,0,0,0,0,0,0,,0.0,0.0
task_0129,family_23,template_23,0.25,0.0,10,NC4-ABLATION,1,0,0,1,5550,5550,550.0,21,1320,0,120,10,1,1,0,0.9706,4,0,0,0,0,0,0,0,0,0,0,0,0,0,,0.0,0.0
task_0130,family_23,template_23,0.5,1.0,10,B-COLD,1,0,0,1,5050,5050,505.0,21,10120,0,120,0,0,1,0,0.9873,4,0,0,0,0,0,0,0,0,0,0,0,0,0,,0.8,0.0
task_0130,family_23,template_23,0.5,1.0,10,B-RAG-EMBED,1,0,0,1,5250,5250,505.0,22,10270,150,120,0,0,1,0,0.9873,4,0,0,0,0,0,0,0,0,0,0,1,0,0,,0.8,0.0
task_0130,family_23,template_23,0.5,1.0,10,B-STAGEHAND-CACHE,1,0,0,1,5050,5050,505.0,21,10120,0,120,0,0,1,0,0.9873,4,0,0,0,0,0,0,0,0,0,0,1,0,0,,0.8,0.0
task_0130,family_23,template_23,0.5,1.0,10,B-TERX-REPLAY,1,0,0,1,5050,5050,505.0,21,10120,0,120,0,0,1,0,0.9873,4,0,0,0,0,0,0,0,0,0,0,1,0,0,,0.8,0.0
task_0130,family_23,template_23,0.5,1.0,10,P-SPIDER-MEA-BATCHED,1,0,1,0,5380,5380,502.0,24,10235,150,30,0,0,1,0,0.0314,0,0,1,1,1,0,1,1,0,1,0,1,0,0,fb021e0033bd21d1,0.8,0.8
task_0130,family_23,template_23,0.5,1.0,10,NC1-SHUFFLED,0,0,1,1,5050,5050,500.0,21,10120,0,120,0,0,1,0,0.01,0,0,0,0,0,1,0,0,0,0,0,0,0,0,,0.0,0.0
task_0130,family_23,template_23,0.5,1.0,10,NC2-RANDOM,1,0,0,1,5050,5050,500.0,21,10120,0,120,0,0,1,0,0.99,4,0,0,0,0,0,0,0,0,0,0,0,0,0,,0.0,0.0
task_0130,family_23,template_23,0.5,1.0,10,NC3-LENGTH,1,0,0,1,5050,5050,500.0,21,10120,0,120,0,0,1,0,0.55,2,0,0,0,0,0,0,0,0,0,0,0,0,0,,0.0,0.0
task_0130,family_23,template_23,0.5,1.0,10,NC4-ABLATION,1,0,0,1,5550,5550,550.0,21,1320,0,120,10,1,1,0,0.9662,4,0,0,0,0,0,0,0,0,0,0,0,0,0,,0.0,0.0
task_0131,family_23,template_23,0.75,1.0,10,B-COLD,1,0,0,1,5050,5050,505.0,21,10120,0,120,0,0,1,0,0.99,4,0,0,0,0,0,0,0,0,0,0,0,0,0,,0.8,0.0
task_0131,family_23,template_23,0.75,1.0,10,B-RAG-EMBED,1,0,0,1,5250,5250,505.0,22,10270,150,120,0,0,1,0,0.99,4,0,0,0,0,0,0,0,0,0,0,1,0,0,,0.8,0.0
task_0131,family_23,template_23,0.75,1.0,10,B-STAGEHAND-CACHE,1,0,0,1,5050,5050,505.0,21,10120,0,120,0,0,1,0,0.99,4,0,0,0,0,0,0,0,0,0,0,1,0,0,,0.8,0.0
task_0131,family_23,template_23,0.75,1.0,10,B-TERX-REPLAY,1,0,0,1,5050,5050,505.0,21,10120,0,120,0,0,1,0,0.99,4,0,0,0,0,0,0,0,0,0,0,1,0,0,,0.8,0.0
task_0131,family_23,template_23,0.75,1.0,10,P-SPIDER-MEA-BATCHED,1,0,1,0,5420,5420,506.0,24,10325,150,120,0,0,1,0,0.01,0,0,0,0,0,0,1,1,0,1,0,1,0,0,4e3872a1eea6795d,0.8,0.8
task_0131,family_23,template_23,0.75,1.0,10,NC1-SHUFFLED,1,0,0,1,5050,5050,500.0,21,10120,0,120,0,0,1,0,0.99,4,0,0,0,0,0,0,0,0,0,0,0,0,0,,0.0,0.0
task_0131,family_23,template_23,0.75,1.0,10,NC2-RANDOM,1,0,0,1,5050,5050,500.0,21,10120,0,120,0,0,1,0,0.9822,4,0,0,0,0,0,0,0,0,0,0,0,0,0,,0.0,0.0
task_0131,family_23,template_23,0.75,1.0,10,NC3-LENGTH,1,0,0,1,5050,5050,500.0,21,10120,0,120,0,0,1,0,0.55,2,0,0,0,0,0,0,0,0,0,0,0,0,0,,0.0,0.0
task_0131,family_23,template_23,0.75,1.0,10,NC4-ABLATION,0,1,0,0,5550,5550,550.0,21,1320,0,120,10,1,0,0,0.0269,0,1,0,0,0,0,0,0,0,0,0,0,0,0,,0.0,0.0
task_0132,family_24,template_24,0.0,0.0,11,B-COLD,1,0,0,1,5550,5550,504.54545454545456,23,11120,0,120,0,0,1,0,0.99,4,0,0,0,0,0,0,0,0,0,0,0,0,0,,1.0,0.0
task_0132,family_24,template_24,0.0,0.0,11,B-RAG-EMBED,1,0,0,1,800,800,54.54545454545455,13,1590,150,120,11,1,1,0,0.99,4,0,0,0,0,0,0,0,0,0,0,1,1,0,,1.0,0.0
task_0132,family_24,template_24,0.0,0.0,11,B-STAGEHAND-CACHE,1,0,0,1,600,600,54.54545454545455,12,1440,0,120,11,1,1,0,0.99,4,0,0,0,0,0,0,0,0,0,0,1,1,0,,1.0,0.0
task_0132,family_24,template_24,0.0,0.0,11,B-TERX-REPLAY,1,0,0,1,600,600,54.54545454545455,12,1440,0,120,11,1,1,0,0.99,4,0,0,0,0,0,0,0,0,0,0,1,1,0,,1.0,0.0
task_0132,family_24,template_24,0.0,0.0,11,P-SPIDER-MEA-BATCHED,1,0,1,0,6010,6010,513.6363636363636,26,11390,150,120,0,0,1,0,0.0147,0,0,0,0,0,0,1,1,0,0,1,1,0,0,89c295ffb6e4d8b3,1.0,1.0
task_0132,family_24,template_24,0.0,0.0,11,NC1-SHUFFLED,0,0,1,0,5550,5550,500.0,23,11120,0,120,0,0,0,0,0.01,0,1,0,0,0,1,0,0,0,0,0,0,0,0,,0.0,0.0
task_0132,family_24,template_24,0.0,0.0,11,NC2-RANDOM,0,1,0,0,5550,5550,500.0,23,11120,0,120,0,0,0,0,0.01,0,1,0,0,0,0,0,0,0,0,0,0,0,0,,0.0,0.0
task_0132,family_24,template_24,0.0,0.0,11,NC3-LENGTH,1,0,0,1,5550,5550,500.0,23,11120,0,120,0,0,1,0,0.55,2,0,0,0,0,0,0,0,0,0,0,0,0,0,,0.0,0.0
task_0132,family_24,template_24,0.0,0.0,11,NC4-ABLATION,0,1,0,0,6100,6100,550.0,23,1440,0,120,11,1,0,0,0.0216,0,1,0,0,0,0,0,0,0,0,0,0,0,0,,0.0,0.0
task_0133,family_24,template_24,0.25,0.5,11,B-COLD,1,0,0,1,5550,5550,504.54545454545456,23,11120,0,120,0,0,1,0,0.99,4,0,0,0,0,0,0,0,0,0,0,0,0,0,,0.9285714285714286,0.0
task_0133,family_24,template_24,0.25,0.5,11,B-RAG-EMBED,1,0,0,1,3500,3500,300.0,19,6870,150,120,5,1,1,0,0.99,4,0,0,0,0,0,0,0,0,0,0,1,1,0,,0.9285714285714286,0.0
task_0133,family_24,template_24,0.25,0.5,11,B-STAGEHAND-CACHE,1,0,0,1,5550,5550,504.54545454545456,23,11120,0,120,0,0,1,0,0.99,4,0,0,0,0,0,0,0,0,0,0,1,0,0,,0.9285714285714286,0.0
task_0133,family_24,template_24,0.25,0.5,11,B-TERX-REPLAY,1,0,0,1,5550,5550,504.54545454545456,23,11120,0,120,0,0,1,0,0.99,4,0,0,0,0,0,0,0,0,0,0,1,0,0,,0.9285714285714286,0.0
task_0133,family_24,template_24,0.25,0.5,11,P-SPIDER-MEA-BATCHED,1,0,1,0,5920,5920,505.45454545454544,26,11325,150,120,0,0,1,0,0.01,0,0,0,0,1,0,1,1,0,1,0,1,0,0,ed02fcfc9f996ef2,0.9285714285714286,1.0
task_0133,family_24,template_24,0.25,0.5,11,NC1-SHUFFLED,0,0,1,1,5550,5550,500.0,23,11120,0,120,0,0,1,0,0.01,0,0,0,0,0,1,0,0,0,0,0,0,0,0,,0.0,0.0
task_0133,family_24,template_24,0.25,0.5,11,NC2-RANDOM,1,0,0,1,5550,5550,500.0,23,11120,0,120,0,0,1,0,0.9888,4,0,0,0,0,0,0,0,0,0,0,0,0,0,,0.0,0.0
task_0133,family_24,template_24,0.25,0.5,11,NC3-LENGTH,1,0,0,1,5550,5550,500.0,23,11120,0,120,0,0,1,0,0.55,2,0,0,0,0,0,0,0,0,0,0,0,0,0,,0.0,0.0
task_0133,family_24,template_24,0.25,0.5,11,NC4-ABLATION,1,0,0,1,6100,6100,550.0,23,1440,0,120,11,1,1,0,0.99,4,0,0,0,0,0,0,0,0,0,0,0,0,0,,0.0,0.0
task_0134,family_24,template_24,0.5,0.5,11,B-COLD,1,0,0,1,5550,5550,504.54545454545456,23,11120,0,120,0,0,1,0,0.962,4,0,0,0,0,0,0,0,0,0,0,0,0,0,,0.8888888888888888,0.0
task_0134,family_24,template_24,0.5,0.5,11,B-RAG-EMBED,1,0,0,1,3500,3500,300.0,19,6870,150,120,5,1,1,0,0.962,4,0,0,0,0,0,0,0,0,0,0,1,1,0,,0.8888888888888888,0.0
task_0134,family_24,template_24,0.5,0.5,11,B-STAGEHAND-CACHE,1,0,0,1,5550,5550,504.54545454545456,23,11120,0,120,0,0,1,0,0.962,4,0,0,0,0,0,0,0,0,0,0,1,0,0,,0.8888888888888888,0.0
task_0134,family_24,template_24,0.5,0.5,11,B-TERX-REPLAY,1,0,0,1,5550,5550,504.54545454545456,23,11120,0,120,0,0,1,0,0.962,4,0,0,0,0,0,0,0,0,0,0,1,0,0,,0.8888888888888888,0.0
task_0134,family_24,template_24,0.5,0.5,11,P-SPIDER-MEA-BATCHED,1,0,1,0,5880,5880,501.8181818181818,26,11235,150,30,0,0,1,0,0.01,0,0,1,1,1,0,1,1,0,1,0,1,0,0,013f0b86f5bf9d77,0.8888888888888888,1.0
task_0134,family_24,template_24,0.5,0.5,11,NC1-SHUFFLED,0,0,1,1,5550,5550,500.0,23,11120,0,120,0,0,1,0,0.0203,0,0,0,0,0,1,0,0,0,0,0,0,0,0,,0.0,0.0
task_0134,family_24,template_24,0.5,0.5,11,NC2-RANDOM,1,0,0,1,5550,5550,500.0,23,11120,0,120,0,0,1,0,0.99,4,0,0,0,0,0,0,0,0,0,0,0,0,0,,0.0,0.0
task_0134,family_24,template_24,0.5,0.5,11,NC3-LENGTH,1,0,0,1,5550,5550,500.0,23,11120,0,120,0,0,1,0,0.55,2,0,0,0,0,0,0,0,0,0,0,0,0,0,,0.0,0.0
task_0134,family_24,template_24,0.5,0.5,11,NC4-ABLATION,1,0,0,1,6100,6100,550.0,23,1440,0,120,11,1,1,0,0.99,4,0,0,0,0,0,0,0,0,0,0,0,0,0,,0.0,0.0
task_0135,family_24,template_24,0.75,1.0,11,B-COLD,1,0,0,1,5550,5550,504.54545454545456,23,11120,0,120,0,0,1,0,0.99,4,0,0,0,0,0,0,0,0,0,0,0,0,0,,0.8333333333333334,0.0
task_0135,family_24,template_24,0.75,1.0,11,B-RAG-EMBED,1,0,0,1,5750,5750,504.54545454545456,24,11270,150,120,0,0,1,0,0.99,4,0,0,0,0,0,0,0,0,0,0,1,0,0,,0.8333333333333334,0.0
task_0135,family_24,template_24,0.75,1.0,11,B-STAGEHAND-CACHE,1,0,0,1,5550,5550,504.54545454545456,23,11120,0,120,0,0,1,0,0.99,4,0,0,0,0,0,0,0,0,0,0,1,0,0,,0.8333333333333334,0.0
task_0135,family_24,template_24,0.75,1.0,11,B-TERX-REPLAY,1,0,0,1,5550,5550,504.54545454545456,23,11120,0,120,0,0,1,0,0.99,4,0,0,0,0,0,0,0,0,0,0,1,0,0,,0.8333333333333334,0.0
task_0135,family_24,template_24,0.75,1.0,11,P-SPIDER-MEA-BATCHED,1,0,1,0,5880,5880,501.8181818181818,26,11235,150,30,0,0,1,0,0.0305,0,0,1,1,1,0,1,1,0,1,0,1,0,0,bac7eb47dcfbeae4,0.8333333333333334,0.8666666666666667
task_0135,family_24,template_24,0.75,1.0,11,NC1-SHUFFLED,0,0,1,1,5550,5550,500.0,23,11120,0,120,0,0,1,0,0.01,0,0,0,0,0,1,0,0,0,0,0,0,0,0,,0.0,0.0
task_0135,family_24,template_24,0.75,1.0,11,NC2-RANDOM,1,0,0,1,5550,5550,500.0,23,11120,0,120,0,0,1,0,0.99,4,0,0,0,0,0,0,0,0,0,0,0,0,0,,0.0,0.0
task_0135,family_24,template_24,0.75,1.0,11,NC3-LENGTH,1,0,0,1,5550,5550,500.0,23,11120,0,120,0,0,1,0,0.55,2,0,0,0,0,0,0,0,0,0,0,0,0,0,,0.0,0.0
task_0135,family_24,template_24,0.75,1.0,11,NC4-ABLATION,0,1,0,0,6100,6100,550.0,23,1440,0,120,11,1,0,0,0.0217,0,1,0,0,0,0,0,0,0,0,0,0,0,0,,0.0,0.0
task_0136,family_24,template_24,1.0,1.0,11,B-COLD,1,0,0,1,5550,5550,504.54545454545456,23,11120,0,120,0,0,1,0,0.99,4,0,0,0,0,0,0,0,0,0,0,0,0,0,,0.8,0.0
task_0136,family_24,template_24,1.0,1.0,11,B-RAG-EMBED,1,0,0,1,5750,5750,504.54545454545456,24,11270,150,120,0,0,1,0,0.99,4,0,0,0,0,0,0,0,0,0,0,1,0,0,,0.8,0.0
task_0136,family_24,template_24,1.0,1.0,11,B-STAGEHAND-CACHE,1,0,0,1,5550,5550,504.54545454545456,23,11120,0,120,0,0,1,0,0.99,4,0,0,0,0,0,0,0,0,0,0,1,0,0,,0.8,0.0
task_0136,family_24,template_24,1.0,1.0,11,B-TERX-REPLAY,1,0,0,1,5550,5550,504.54545454545456,23,11120,0,120,0,0,1,0,0.99,4,0,0,0,0,0,0,0,0,0,0,1,0,0,,0.8,0.0
task_0136,family_24,template_24,1.0,1.0,11,P-SPIDER-MEA-BATCHED,1,0,1,0,5920,5920,505.45454545454544,26,11325,150,120,0,0,1,0,0.01,0,0,0,0,0,0,1,1,0,1,0,1,0,0,0e0cbea316ecfd33,0.8,0.8
task_0136,family_24,template_24,1.0,1.0,11,NC1-SHUFFLED,1,0,0,1,5550,5550,500.0,23,11120,0,120,0,0,1,0,0.99,4,0,0,0,0,0,0,0,0,0,0,0,0,0,,0.0,0.0
task_0136,family_24,template_24,1.0,1.0,11,NC2-RANDOM,1,0,0,1,5550,5550,500.0,23,11120,0,120,0,0,1,0,0.9773,4,0,0,0,0,0,0,0,0,0,0,0,0,0,,0.0,0.0
task_0136,family_24,template_24,1.0,1.0,11,NC3-LENGTH,1,0,0,1,5550,5550,500.0,23,11120,0,120,0,0,1,0,0.55,2,0,0,0,0,0,0,0,0,0,0,0,0,0,,0.0,0.0
task_0136,family_24,template_24,1.0,1.0,11,NC4-ABLATION,1,0,0,1,6100,6100,550.0,23,1440,0,120,11,1,1,0,0.962,4,0,0,0,0,0,0,0,0,0,0,0,0,0,,0.0,0.0
task_0137,family_25,template_25,0.0,0.0,12,B-COLD,1,0,0,1,6050,6050,504.1666666666667,25,12120,0,120,0,0,1,0,0.99,4,0,0,0,0,0,0,0,0,0,0,0,0,0,,1.0,0.0
task_0137,family_25,template_25,0.0,0.0,12,B-RAG-EMBED,1,0,0,1,850,850,54.166666666666664,14,1710,150,120,12,1,1,0,0.99,4,0,0,0,0,0,0,0,0,0,0,1,1,0,,1.0,0.0
task_0137,family_25,template_25,0.0,0.0,12,B-STAGEHAND-CACHE,1,0,0,1,650,650,54.166666666666664,13,1560,0,120,12,1,1,0,0.99,4,0,0,0,0,0,0,0,0,0,0,1,1,0,,1.0,0.0
task_0137,family_25,template_25,0.0,0.0,12,B-TERX-REPLAY,1,0,0,1,650,650,54.166666666666664,13,1560,0,120,12,1,1,0,0.99,4,0,0,0,0,0,0,0,0,0,0,1,1,0,,1.0,0.0
task_0137,family_25,template_25,0.0,0.0,12,P-SPIDER-MEA-BATCHED,1,0,1,0,6470,6470,509.1666666666667,28,12300,150,30,0,0,1,0,0.01,0,0,1,1,1,0,1,1,0,0,1,1,0,0,fcc760f7e28c322d,1.0,1.0
task_0137,family_25,template_25,0.0,0.0,12,NC1-SHUFFLED,0,0,1,1,6050,6050,500.0,25,12120,0,120,0,0,1,0,0.01,0,0,0,0,0,1,0,0,0,0,0,0,0,0,,0.0,0.0
task_0137,family_25,template_25,0.0,0.0,12,NC2-RANDOM,1,0,0,1,6050,6050,500.0,25,12120,0,120,0,0,1,0,0.99,4,0,0,0,0,0,0,0,0,0,0,0,0,0,,0.0,0.0
task_0137,family_25,template_25,0.0,0.0,12,NC3-LENGTH,1,0,0,1,6050,6050,500.0,25,12120,0,120,0,0,1,0,0.55,2,0,0,0,0,0,0,0,0,0,0,0,0,0,,0.0,0.0
task_0137,family_25,template_25,0.0,0.0,12,NC4-ABLATION,0,1,0,0,6650,6650,550.0,25,1560,0,120,12,1,0,0,0.0135,0,1,0,0,0,0,0,0,0,0,0,0,0,0,,0.0,0.0
task_0138,family_25,template_25,0.5,0.5,12,B-COLD,1,0,0,1,6050,6050,504.1666666666667,25,12120,0,120,0,0,1,0,0.99,4,0,0,0,0,0,0,0,0,0,0,0,0,0,,0.9,0.0
task_0138,family_25,template_25,0.5,0.5,12,B-RAG-EMBED,1,0,0,1,3550,3550,279.1666666666667,20,6990,150,120,6,1,1,0,0.99,4,0,0,0,0,0,0,0,0,0,0,1,1,0,,0.9,0.0
task_0138,family_25,template_25,0.5,0.5,12,B-STAGEHAND-CACHE,1,0,0,1,6050,6050,504.1666666666667,25,12120,0,120,0,0,1,0,0.99,4,0,0,0,0,0,0,0,0,0,0,1,0,0,,0.9,0.0
task_0138,family_25,template_25,0.5,0.5,12,B-TERX-REPLAY,1,0,0,1,6050,6050,504.1666666666667,25,12120,0,120,0,0,1,0,0.99,4,0,0,0,0,0,0,0,0,0,0,1,0,0,,0.9,0.0
task_0138,family_25,template_25,0.5,0.5,12,P-SPIDER-MEA-BATCHED,1,0,1,0,6420,6420,505.0,28,12325,150,120,0,0,1,0,0.01,0,0,0,0,0,0,1,1,0,1,0,1,0,0,4e0c3581d1a36ab1,0.9,1.0
task_0138,family_25,template_25,0.5,0.5,12,NC1-SHUFFLED,0,0,1,1,6050,6050,500.0,25,12120,0,120,0,0,1,0,0.01,0,0,0,0,0,1,0,0,0,0,0,0,0,0,,0.0,0.0
task_0138,family_25,template_25,0.5,0.5,12,NC2-RANDOM,1,0,0,1,6050,6050,500.0,25,12120,0,120,0,0,1,0,0.99,4,0,0,0,0,0,0,0,0,0,0,0,0,0,,0.0,0.0
task_0138,family_25,template_25,0.5,0.5,12,NC3-LENGTH,1,0,0,1,6050,6050,500.0,25,12120,0,120,0,0,1,0,0.55,2,0,0,0,0,0,0,0,0,0,0,0,0,0,,0.0,0.0
task_0138,family_25,template_25,0.5,0.5,12,NC4-ABLATION,1,0,0,1,6650,6650,550.0,25,1560,0,120,12,1,1,0,0.9883,4,0,0,0,0,0,0,0,0,0,0,0,0,0,,0.0,0.0
task_0139,family_25,template_25,0.75,1.0,12,B-COLD,1,0,0,1,6050,6050,504.1666666666667,25,12120,0,120,0,0,1,0,0.99,4,0,0,0,0,0,0,0,0,0,0,0,0,0,,0.8174603174603174,0.0
task_0139,family_25,template_25,0.75,1.0,12,B-RAG-EMBED,1,0,0,1,6250,6250,504.1666666666667,26,12270,150,120,0,0,1,0,0.99,4,0,0,0,0,0,0,0,0,0,0,1,0,0,,0.8174603174603174,0.0
task_0139,family_25,template_25,0.75,1.0,12,B-STAGEHAND-CACHE,1,0,0,1,6050,6050,504.1666666666667,25,12120,0,120,0,0,1,0,0.99,4,0,0,0,0,0,0,0,0,0,0,1,0,0,,0.8174603174603174,0.0
task_0139,family_25,template_25,0.75,1.0,12,B-TERX-REPLAY,1,0,0,1,6050,6050,504.1666666666667,25,12120,0,120,0,0,1,0,0.99,4,0,0,0,0,0,0,0,0,0,0,1,0,0,,0.8174603174603174,0.0
task_0139,family_25,template_25,0.75,1.0,12,P-SPIDER-MEA-BATCHED,1,0,1,0,6420,6420,505.0,28,12325,150,120,0,0,1,0,0.01,0,0,0,0,1,0,1,1,0,1,0,1,0,0,b32e6583789a6ce4,0.8174603174603174,0.8571428571428571
task_0139,family_25,template_25,0.75,1.0,12,NC1-SHUFFLED,1,0,0,1,6050,6050,500.0,25,12120,0,120,0,0,1,0,0.99,4,0,0,0,0,0,0,0,0,0,0,0,0,0,,0.0,0.0
task_0139,family_25,template_25,0.75,1.0,12,NC2-RANDOM,1,0,0,1,6050,6050,500.0,25,12120,0,120,0,0,1,0,0.958,4,0,0,0,0,0,0,0,0,0,0,0,0,0,,0.0,0.0
task_0139,family_25,template_25,0.75,1.0,12,NC3-LENGTH,1,0,0,1,6050,6050,500.0,25,12120,0,120,0,0,1,0,0.55,2,0,0,0,0,0,0,0,0,0,0,0,0,0,,0.0,0.0
task_0139,family_25,template_25,0.75,1.0,12,NC4-ABLATION,1,0,0,1,6650,6650,550.0,25,1560,0,120,12,1,1,0,0.99,4,0,0,0,0,0,0,0,0,0,0,0,0,0,,0.0,0.0
task_0140,family_25,template_25,1.0,1.0,12,B-COLD,1,0,0,1,6050,6050,504.1666666666667,25,12120,0,120,0,0,1,0,0.99,4,0,0,0,0,0,0,0,0,0,0,0,0,0,,0.8285714285714285,0.0
task_0140,family_25,template_25,1.0,1.0,12,B-RAG-EMBED,1,0,0,1,6250,6250,504.1666666666667,26,12270,150,120,0,0,1,0,0.99,4,0,0,0,0,0,0,0,0,0,0,1,0,0,,0.8285714285714285,0.0
task_0140,family_25,template_25,1.0,1.0,12,B-STAGEHAND-CACHE,1,0,0,1,6050,6050,504.1666666666667,25,12120,0,120,0,0,1,0,0.99,4,0,0,0,0,0,0,0,0,0,0,1,0,0,,0.8285714285714285,0.0
task_0140,family_25,template_25,1.0,1.0,12,B-TERX-REPLAY,1,0,0,1,6050,6050,504.1666666666667,25,12120,0,120,0,0,1,0,0.99,4,0,0,0,0,0,0,0,0,0,0,1,0,0,,0.8285714285714285,0.0
task_0140,family_25,template_25,1.0,1.0,12,P-SPIDER-MEA-BATCHED,1,0,1,1,6420,6420,505.0,28,12325,150,120,0,0,0,0,0.01,0,1,0,0,0,1,1,1,0,1,0,1,0,0,6bc3b2430c48a3e5,0.8285714285714285,0.8571428571428571
task_0140,family_25,template_25,1.0,1.0,12,NC1-SHUFFLED,0,0,1,1,6050,6050,500.0,25,12120,0,120,0,0,1,0,0.0136,0,0,0,0,0,1,0,0,0,0,0,0,0,0,,0.0,0.0
task_0140,family_25,template_25,1.0,1.0,12,NC2-RANDOM,1,0,0,1,6050,6050,500.0,25,12120,0,120,0,0,1,0,0.99,4,0,0,0,0,0,0,0,0,0,0,0,0,0,,0.0,0.0
task_0140,family_25,template_25,1.0,1.0,12,NC3-LENGTH,1,0,0,1,6050,6050,500.0,25,12120,0,120,0,0,1,0,0.55,2,0,0,0,0,0,0,0,0,0,0,0,0,0,,0.0,0.0
task_0140,family_25,template_25,1.0,1.0,12,NC4-ABLATION,1,0,0,1,6650,6650,550.0,25,1560,0,120,12,1,1,0,0.99,4,0,0,0,0,0,0,0,0,0,0,0,0,0,,0.0,0.0
task_0141,family_25,template_25,0.25,0.5,12,B-COLD,1,0,0,1,6050,6050,504.1666666666667,25,12120,0,120,0,0,1,0,0.9692,4,0,0,0,0,0,0,0,0,0,0,0,0,0,,0.8928571428571428,0.0
task_0141,family_25,template_25,0.25,0.5,12,B-RAG-EMBED,1,0,0,1,3550,3550,279.1666666666667,20,6990,150,120,6,1,1,0,0.9692,4,0,0,0,0,0,0,0,0,0,0,1,1,0,,0.8928571428571428,0.0
task_0141,family_25,template_25,0.25,0.5,12,B-STAGEHAND-CACHE,1,0,0,1,6050,6050,504.1666666666667,25,12120,0,120,0,0,1,0,0.9692,4,0,0,0,0,0,0,0,0,0,0,1,0,0,,0.8928571428571428,0.0
task_0141,family_25,template_25,0.25,0.5,12,B-TERX-REPLAY,1,0,0,1,6050,6050,504.1666666666667,25,12120,0,120,0,0,1,0,0.9692,4,0,0,0,0,0,0,0,0,0,0,1,0,0,,0.8928571428571428,0.0
task_0141,family_25,template_25,0.25,0.5,12,P-SPIDER-MEA-BATCHED,1,0,1,0,6420,6420,505.0,28,12325,150,120,0,0,1,0,0.01,0,0,0,0,1,0,1,1,0,1,0,1,0,0,fb95523154d6e2ab,0.8928571428571428,1.0
task_0141,family_25,template_25,0.25,0.5,12,NC1-SHUFFLED,0,0,1,1,6050,6050,500.0,25,12120,0,120,0,0,1,0,0.01,0,0,0,0,0,1,0,0,0,0,0,0,0,0,,0.0,0.0
task_0141,family_25,template_25,0.25,0.5,12,NC2-RANDOM,1,0,0,1,6050,6050,500.0,25,12120,0,120,0,0,1,0,0.99,4,0,0,0,0,0,0,0,0,0,0,0,0,0,,0.0,0.0
task_0141,family_25,template_25,0.25,0.5,12,NC3-LENGTH,1,0,0,1,6050,6050,500.0,25,12120,0,120,0,0,1,0,0.55,2,0,0,0,0,0,0,0,0,0,0,0,0,0,,0.0,0.0
task_0141,family_25,template_25,0.25,0.5,12,NC4-ABLATION,1,0,0,1,6650,6650,550.0,25,1560,0,120,12,1,1,0,0.99,4,0,0,0,0,0,0,0,0,0,0,0,0,0,,0.0,0.0
task_0142,family_26,template_26,0.0,0.0,13,B-COLD,1,0,0,1,6550,6550,503.84615384615387,27,13120,0,120,0,0,1,0,0.99,4,0,0,0,0,0,0,0,0,0,0,0,0,0,,1.0,0.0
task_0142,family_26,template_26,0.0,0.0,13,B-RAG-EMBED,1,0,0,1,900,900,53.84615384615385,15,1830,150,120,13,1,1,0,0.99,4,0,0,0,0,0,0,0,0,0,0,1,1,0,,1.0,0.0
task_0142,family_26,template_26,0.0,0.0,13,B-STAGEHAND-CACHE,1,0,0,1,700,700,53.84615384615385,14,1680,0,120,13,1,1,0,0.99,4,0,0,0,0,0,0,0,0,0,0,1,1,0,,1.0,0.0
task_0142,family_26,template_26,0.0,0.0,13,B-TERX-REPLAY,1,0,0,1,700,700,53.84615384615385,14,1680,0,120,13,1,1,0,0.99,4,0,0,0,0,0,0,0,0,0,0,1,1,0,,1.0,0.0
task_0142,family_26,template_26,0.0,0.0,13,P-SPIDER-MEA-BATCHED,1,0,1,0,7010,7010,511.53846153846155,30,13390,150,120,0,0,1,0,0.01,0,0,0,0,0,0,1,1,0,0,1,1,0,0,4bcfbd3e1a601c6d,1.0,1.0
task_0142,family_26,template_26,0.0,0.0,13,NC1-SHUFFLED,0,0,1,1,6550,6550,500.0,27,13120,0,120,0,0,1,0,0.0339,0,0,0,0,0,1,0,0,0,0,0,0,0,0,,0.0,0.0
task_0142,family_26,template_26,0.0,0.0,13,NC2-RANDOM,1,0,0,1,6550,6550,500.0,27,13120,0,120,0,0,1,0,0.9877,4,0,0,0,0,0,0,0,0,0,0,0,0,0,,0.0,0.0
task_0142,family_26,template_26,0.0,0.0,13,NC3-LENGTH,1,0,0,1,6550,6550,500.0,27,13120,0,120,0,0,1,0,0.55,2,0,0,0,0,0,0,0,0,0,0,0,0,0,,0.0,0.0
task_0142,family_26,template_26,0.0,0.0,13,NC4-ABLATION,1,0,0,1,7200,7200,550.0,27,1680,0,120,13,1,1,0,0.99,4,0,0,0,0,0,0,0,0,0,0,0,0,0,,0.0,0.0
task_0143,family_26,template_26,0.75,0.6667,13,B-COLD,1,0,0,1,6550,6550,503.84615384615387,27,13120,0,120,0,0,1,0,0.99,4,0,0,0,0,0,0,0,0,0,0,0,0,0,,0.8857142857142857,0.0
task_0143,family_26,template_26,0.75,0.6667,13,B-RAG-EMBED,1,0,0,1,4950,4950,365.38461538461536,24,9750,150,120,4,1,1,0,0.99,4,0,0,0,0,0,0,0,0,0,0,1,1,0,,0.8857142857142857,0.0
task_0143,family_26,template_26,0.75,0.6667,13,B-STAGEHAND-CACHE,1,0,0,1,6550,6550,503.84615384615387,27,13120,0,120,0,0,1,0,0.99,4,0,0,0,0,0,0,0,0,0,0,1,0,0,,0.8857142857142857,0.0
task_0143,family_26,template_26,0.75,0.6667,13,B-TERX-REPLAY,1,0,0,1,6550,6550,503.84615384615387,27,13120,0,120,0,0,1,0,0.99,4,0,0,0,0,0,0,0,0,0,0,1,0,0,,0.8857142857142857,0.0
task_0143,family_26,template_26,0.75,0.6667,13,P-SPIDER-MEA-BATCHED,1,0,1,0,6880,6880,501.53846153846155,30,13235,150,30,0,0,1,0,0.01,0,0,1,1,1,0,1,1,0,1,0,1,0,0,47c1a22f4a73a654,0.8857142857142857,1.0
task_0143,family_26,template_26,0.75,0.6667,13,NC1-SHUFFLED,0,0,1,1,6550,6550,500.0,27,13120,0,120,0,0,1,0,0.0487,0,0,0,0,0,1,0,0,0,0,0,0,0,0,,0.0,0.0
task_0143,family_26,template_26,0.75,0.6667,13,NC2-RANDOM,1,0,0,1,6550,6550,500.0,27,13120,0,120,0,0,1,0,0.9781,4,0,0,0,0,0,0,0,0,0,0,0,0,0,,0.0,0.0
task_0143,family_26,template_26,0.75,0.6667,13,NC3-LENGTH,1,0,0,1,6550,6550,500.0,27,13120,0,120,0,0,1,0,0.55,2,0,0,0,0,0,0,0,0,0,0,0,0,0,,0.0,0.0
task_0143,family_26,template_26,0.75,0.6667,13,NC4-ABLATION,0,1,0,0,7200,7200,550.0,27,1680,0,120,13,1,0,0,0.01,0,1,0,0,0,0,0,0,0,0,0,0,0,0,,0.0,0.0
task_0144,family_26,template_26,1.0,1.0,13,B-COLD,1,0,0,1,6550,6550,503.84615384615387,27,13120,0,120,0,0,1,0,0.99,4,0,0,0,0,0,0,0,0,0,0,0,0,0,,0.837037037037037,0.0
task_0144,family_26,template_26,1.0,1.0,13,B-RAG-EMBED,1,0,0,1,6750,6750,503.84615384615387,28,13270,150,120,0,0,1,0,0.99,4,0,0,0,0,0,0,0,0,0,0,1,0,0,,0.837037037037037,0.0
task_0144,family_26,template_26,1.0,1.0,13,B-STAGEHAND-CACHE,1,0,0,1,6550,6550,503.84615384615387,27,13120,0,120,0,0,1,0,0.99,4,0,0,0,0,0,0,0,0,0,0,1,0,0,,0.837037037037037,0.0
task_0144,family_26,template_26,1.0,1.0,13,B-TERX-REPLAY,1,0,0,1,6550,6550,503.84615384615387,27,13120,0,120,0,0,1,0,0.99,4,0,0,0,0,0,0,0,0,0,0,1,0,0,,0.837037037037037,0.0
task_0144,family_26,template_26,1.0,1.0,13,P-SPIDER-MEA-BATCHED,1,0,1,0,6920,6920,504.61538461538464,30,13325,150,120,0,0,1,0,0.0234,0,0,0,0,0,0,1,1,0,1,0,1,0,0,20cac070bc8a0344,0.837037037037037,0.8666666666666667
task_0144,family_26,template_26,1.0,1.0,13,NC1-SHUFFLED,0,0,1,1,6550,6550,500.0,27,13120,0,120,0,0,1,0,0.01,0,0,0,0,0,1,0,0,0,0,0,0,0,0,,0.0,0.0
task_0144,family_26,template_26,1.0,1.0,13,NC2-RANDOM,1,0,0,1,6550,6550,500.0,27,13120,0,120,0,0,1,0,0.99,4,0,0,0,0,0,0,0,0,0,0,0,0,0,,0.0,0.0
task_0144,family_26,template_26,1.0,1.0,13,NC3-LENGTH,1,0,0,1,6550,6550,500.0,27,13120,0,120,0,0,1,0,0.55,2,0,0,0,0,0,0,0,0,0,0,0,0,0,,0.0,0.0
task_0144,family_26,template_26,1.0,1.0,13,NC4-ABLATION,1,0,0,1,7200,7200,550.0,27,1680,0,120,13,1,1,0,0.9809,4,0,0,0,0,0,0,0,0,0,0,0,0,0,,0.0,0.0
task_0145,family_26,template_26,0.25,0.3333,13,B-COLD,1,0,0,1,6550,6550,503.84615384615387,27,13120,0,120,0,0,1,0,0.99,4,0,0,0,0,0,0,0,0,0,0,0,0,0,,0.9333333333333333,0.0
task_0145,family_26,template_26,0.25,0.3333,13,B-RAG-EMBED,1,0,0,1,2700,2700,192.30769230769232,19,5350,150,120,9,1,1,0,0.99,4,0,0,0,0,0,0,0,0,0,0,1,1,0,,0.9333333333333333,0.0
task_0145,family_26,template_26,0.25,0.3333,13,B-STAGEHAND-CACHE,1,0,0,1,6550,6550,503.84615384615387,27,13120,0,120,0,0,1,0,0.99,4,0,0,0,0,0,0,0,0,0,0,1,0,0,,0.9333333333333333,0.0
task_0145,family_26,template_26,0.25,0.3333,13,B-TERX-REPLAY,1,0,0,1,6550,6550,503.84615384615387,27,13120,0,120,0,0,1,0,0.99,4,0,0,0,0,0,0,0,0,0,0,1,0,0,,0.9333333333333333,0.0
task_0145,family_26,template_26,0.25,0.3333,13,P-SPIDER-MEA-BATCHED,1,0,1,0,6920,6920,504.61538461538464,30,13325,150,120,0,0,1,0,0.0345,0,0,0,0,0,0,1,1,0,1,0,1,0,0,31a5bfce7241b335,0.9333333333333333,1.0
task_0145,family_26,template_26,0.25,0.3333,13,NC1-SHUFFLED,0,0,1,0,6550,6550,500.0,27,13120,0,120,0,0,0,0,0.0109,0,1,0,0,0,1,0,0,0,0,0,0,0,0,,0.0,0.0
task_0145,family_26,template_26,0.25,0.3333,13,NC2-RANDOM,0,1,0,0,6550,6550,500.0,27,13120,0,120,0,0,0,0,0.01,0,1,0,0,0,0,0,0,0,0,0,0,0,0,,0.0,0.0
task_0145,family_26,template_26,0.25,0.3333,13,NC3-LENGTH,1,0,0,1,6550,6550,500.0,27,13120,0,120,0,0,1,0,0.55,2,0,0,0,0,0,0,0,0,0,0,0,0,0,,0.0,0.0
task_0145,family_26,template_26,0.25,0.3333,13,NC4-ABLATION,1,0,0,1,7200,7200,550.0,27,1680,0,120,13,1,1,0,0.99,4,0,0,0,0,0,0,0,0,0,0,0,0,0,,0.0,0.0
task_0146,family_26,template_26,0.5,0.6667,13,B-COLD,1,0,0,1,6550,6550,503.84615384615387,27,13120,0,120,0,0,1,0,0.99,4,0,0,0,0,0,0,0,0,0,0,0,0,0,,0.8666666666666667,0.0
task_0146,family_26,template_26,0.5,0.6667,13,B-RAG-EMBED,1,0,0,1,4950,4950,365.38461538461536,24,9750,150,120,4,1,1,0,0.99,4,0,0,0,0,0,0,0,0,0,0,1,1,0,,0.8666666666666667,0.0
task_0146,family_26,template_26,0.5,0.6667,13,B-STAGEHAND-CACHE,1,0,0,1,6550,6550,503.84615384615387,27,13120,0,120,0,0,1,0,0.99,4,0,0,0,0,0,0,0,0,0,0,1,0,0,,0.8666666666666667,0.0
task_0146,family_26,template_26,0.5,0.6667,13,B-TERX-REPLAY,1,0,0,1,6550,6550,503.84615384615387,27,13120,0,120,0,0,1,0,0.99,4,0,0,0,0,0,0,0,0,0,0,1,0,0,,0.8666666666666667,0.0
task_0146,family_26,template_26,0.5,0.6667,13,P-SPIDER-MEA-BATCHED,1,0,1,0,6880,6880,501.53846153846155,30,13235,150,30,0,0,1,0,0.01,0,0,1,1,1,0,1,1,0,1,0,1,0,0,b7c9d3db03ae46cc,0.8666666666666667,1.0
task_0146,family_26,template_26,0.5,0.6667,13,NC1-SHUFFLED,0,0,1,1,6550,6550,500.0,27,13120,0,120,0,0,1,0,0.01,0,0,0,0,0,1,0,0,0,0,0,0,0,0,,0.0,0.0
task_0146,family_26,template_26,0.5,0.6667,13,NC2-RANDOM,1,0,0,1,6550,6550,500.0,27,13120,0,120,0,0,1,0,0.99,4,0,0,0,0,0,0,0,0,0,0,0,0,0,,0.0,0.0
task_0146,family_26,template_26,0.5,0.6667,13,NC3-LENGTH,1,0,0,1,6550,6550,500.0,27,13120,0,120,0,0,1,0,0.55,2,0,0,0,0,0,0,0,0,0,0,0,0,0,,0.0,0.0
task_0146,family_26,template_26,0.5,0.6667,13,NC4-ABLATION,0,1,0,0,7200,7200,550.0,27,1680,0,120,13,1,0,0,0.0496,0,1,0,0,0,0,0,0,0,0,0,0,0,0,,0.0,0.0
task_0147,family_27,template_27,0.0,0.0,14,B-COLD,1,0,0,1,7050,7050,503.57142857142856,29,14120,0,120,0,0,1,0,0.99,4,0,0,0,0,0,0,0,0,0,0,0,0,0,,1.0,0.0
task_0147,family_27,template_27,0.0,0.0,14,B-RAG-EMBED,1,0,0,1,950,950,53.57142857142857,16,1950,150,120,14,1,1,0,0.99,4,0,0,0,0,0,0,0,0,0,0,1,1,0,,1.0,0.0
task_0147,family_27,template_27,0.0,0.0,14,B-STAGEHAND-CACHE,1,0,0,1,750,750,53.57142857142857,15,1800,0,120,14,1,1,0,0.99,4,0,0,0,0,0,0,0,0,0,0,1,1,0,,1.0,0.0
task_0147,family_27,template_27,0.0,0.0,14,B-TERX-REPLAY,1,0,0,1,750,750,53.57142857142857,15,1800,0,120,14,1,1,0,0.99,4,0,0,0,0,0,0,0,0,0,0,1,1,0,,1.0,0.0
task_0147,family_27,template_27,0.0,0.0,14,P-SPIDER-MEA-BATCHED,1,0,1,0,7510,7510,510.7142857142857,32,14390,150,120,0,0,1,0,0.0177,0,0,0,0,0,0,1,1,0,0,1,1,0,0,0fedb422ab0d913b,1.0,1.0
task_0147,family_27,template_27,0.0,0.0,14,NC1-SHUFFLED,0,0,1,1,7050,7050,500.0,29,14120,0,120,0,0,1,0,0.01,0,0,0,0,0,1,0,0,0,0,0,0,0,0,,0.0,0.0
task_0147,family_27,template_27,0.0,0.0,14,NC2-RANDOM,1,0,0,1,7050,7050,500.0,29,14120,0,120,0,0,1,0,0.99,4,0,0,0,0,0,0,0,0,0,0,0,0,0,,0.0,0.0
task_0147,family_27,template_27,0.0,0.0,14,NC3-LENGTH,1,0,0,1,7050,7050,500.0,29,14120,0,120,0,0,1,0,0.55,2,0,0,0,0,0,0,0,0,0,0,0,0,0,,0.0,0.0
task_0147,family_27,template_27,0.0,0.0,14,NC4-ABLATION,1,0,0,1,7750,7750,550.0,29,1800,0,120,14,1,1,0,0.99,4,0,0,0,0,0,0,0,0,0,0,0,0,0,,0.0,0.0
task_0148,family_27,template_27,1.0,1.0,14,B-COLD,1,0,0,1,7050,7050,503.57142857142856,29,14120,0,120,0,0,1,0,0.99,4,0,0,0,0,0,0,0,0,0,0,0,0,0,,0.8,0.0
task_0148,family_27,template_27,1.0,1.0,14,B-RAG-EMBED,1,0,0,1,7250,7250,503.57142857142856,30,14270,150,120,0,0,1,0,0.99,4,0,0,0,0,0,0,0,0,0,0,1,0,0,,0.8,0.0
task_0148,family_27,template_27,1.0,1.0,14,B-STAGEHAND-CACHE,1,0,0,1,7050,7050,503.57142857142856,29,14120,0,120,0,0,1,0,0.99,4,0,0,0,0,0,0,0,0,0,0,1,0,0,,0.8,0.0
task_0148,family_27,template_27,1.0,1.0,14,B-TERX-REPLAY,1,0,0,1,7050,7050,503.57142857142856,29,14120,0,120,0,0,1,0,0.99,4,0,0,0,0,0,0,0,0,0,0,1,0,0,,0.8,0.0
task_0148,family_27,template_27,1.0,1.0,14,P-SPIDER-MEA-BATCHED,1,0,1,0,7380,7380,501.42857142857144,32,14235,150,30,0,0,1,0,0.01,0,0,1,1,1,0,1,1,0,1,0,1,0,0,356ced8d21a6fc58,0.8,0.8
task_0148,family_27,template_27,1.0,1.0,14,NC1-SHUFFLED,1,0,0,1,7050,7050,500.0,29,14120,0,120,0,0,1,0,0.9876,4,0,0,0,0,0,0,0,0,0,0,0,0,0,,0.0,0.0
task_0148,family_27,template_27,1.0,1.0,14,NC2-RANDOM,1,0,0,1,7050,7050,500.0,29,14120,0,120,0,0,1,0,0.99,4,0,0,0,0,0,0,0,0,0,0,0,0,0,,0.0,0.0
task_0148,family_27,template_27,1.0,1.0,14,NC3-LENGTH,1,0,0,1,7050,7050,500.0,29,14120,0,120,0,0,1,0,0.55,2,0,0,0,0,0,0,0,0,0,0,0,0,0,,0.0,0.0
task_0148,family_27,template_27,1.0,1.0,14,NC4-ABLATION,1,0,0,1,7750,7750,550.0,29,1800,0,120,14,1,1,0,0.99,4,0,0,0,0,0,0,0,0,0,0,0,0,0,,0.0,0.0
task_0149,family_27,template_27,0.25,0.0,14,B-COLD,1,0,0,1,7050,7050,503.57142857142856,29,14120,0,120,0,0,1,0,0.99,4,0,0,0,0,0,0,0,0,0,0,0,0,0,,1.0,0.0
task_0149,family_27,template_27,0.25,0.0,14,B-RAG-EMBED,1,0,0,1,950,950,53.57142857142857,16,1950,150,120,14,1,1,0,0.99,4,0,0,0,0,0,0,0,0,0,0,1,1,0,,1.0,0.0
task_0149,family_27,template_27,0.25,0.0,14,B-STAGEHAND-CACHE,1,0,0,1,7050,7050,503.57142857142856,29,14120,0,120,0,0,1,0,0.99,4,0,0,0,0,0,0,0,0,0,0,1,0,0,,1.0,0.0
task_0149,family_27,template_27,0.25,0.0,14,B-TERX-REPLAY,1,0,0,1,7050,7050,503.57142857142856,29,14120,0,120,0,0,1,0,0.99,4,0,0,0,0,0,0,0,0,0,0,1,0,0,,1.0,0.0
task_0149,family_27,template_27,0.25,0.0,14,P-SPIDER-MEA-BATCHED,1,0,1,0,7380,7380,501.42857142857144,32,14235,150,30,0,0,1,0,0.01,0,0,1,1,1,0,1,1,0,1,0,1,0,0,491d45d5a6ed7833,1.0,1.0
task_0149,family_27,template_27,0.25,0.0,14,NC1-SHUFFLED,0,0,1,0,7050,7050,500.0,29,14120,0,120,0,0,0,0,0.01,0,1,0,0,0,1,0,0,0,0,0,0,0,0,,0.0,0.0
task_0149,family_27,template_27,0.25,0.0,14,NC2-RANDOM,0,1,0,0,7050,7050,500.0,29,14120,0,120,0,0,0,0,0.0285,0,1,0,0,0,0,0,0,0,0,0,0,0,0,,0.0,0.0
task_0149,family_27,template_27,0.25,0.0,14,NC3-LENGTH,1,0,0,1,7050,7050,500.0,29,14120,0,120,0,0,1,0,0.55,2,0,0,0,0,0,0,0,0,0,0,0,0,0,,0.0,0.0
task_0149,family_27,template_27,0.25,0.0,14,NC4-ABLATION,1,0,0,1,7750,7750,550.0,29,1800,0,120,14,1,1,0,0.99,4,0,0,0,0,0,0,0,0,0,0,0,0,0,,0.0,0.0
task_0150,family_27,template_27,0.5,1.0,14,B-COLD,1,0,0,1,7050,7050,503.57142857142856,29,14120,0,120,0,0,1,0,0.99,4,0,0,0,0,0,0,0,0,0,0,0,0,0,,0.8,0.0
task_0150,family_27,template_27,0.5,1.0,14,B-RAG-EMBED,1,0,0,1,7250,7250,503.57142857142856,30,14270,150,120,0,0,1,0,0.99,4,0,0,0,0,0,0,0,0,0,0,1,0,0,,0.8,0.0
task_0150,family_27,template_27,0.5,1.0,14,B-STAGEHAND-CACHE,1,0,0,1,7050,7050,503.57142857142856,29,14120,0,120,0,0,1,0,0.99,4,0,0,0,0,0,0,0,0,0,0,1,0,0,,0.8,0.0
task_0150,family_27,template_27,0.5,1.0,14,B-TERX-REPLAY,1,0,0,1,7050,7050,503.57142857142856,29,14120,0,120,0,0,1,0,0.99,4,0,0,0,0,0,0,0,0,0,0,1,0,0,,0.8,0.0
task_0150,family_27,template_27,0.5,1.0,14,P-SPIDER-MEA-BATCHED,1,0,1,0,7420,7420,504.2857142857143,32,14325,150,120,0,0,1,0,0.0146,0,0,0,0,0,0,1,1,0,1,0,1,0,0,6cf4a3c88fd5c886,0.8,0.8
task_0150,family_27,template_27,0.5,1.0,14,NC1-SHUFFLED,0,0,1,0,7050,7050,500.0,29,14120,0,120,0,0,0,0,0.0483,0,1,0,0,0,1,0,0,0,0,0,0,0,0,,0.0,0.0
task_0150,family_27,template_27,0.5,1.0,14,NC2-RANDOM,0,1,0,0,7050,7050,500.0,29,14120,0,120,0,0,0,0,0.0268,0,1,0,0,0,0,0,0,0,0,0,0,0,0,,0.0,0.0
task_0150,family_27,template_27,0.5,1.0,14,NC3-LENGTH,1,0,0,1,7050,7050,500.0,29,14120,0,120,0,0,1,0,0.55,2,0,0,0,0,0,0,0,0,0,0,0,0,0,,0.0,0.0
task_0150,family_27,template_27,0.5,1.0,14,NC4-ABLATION,1,0,0,1,7750,7750,550.0,29,1800,0,120,14,1,1,0,0.9779,4,0,0,0,0,0,0,0,0,0,0,0,0,0,,0.0,0.0
task_0151,family_27,template_27,0.75,1.0,14,B-COLD,1,0,0,1,7050,7050,503.57142857142856,29,14120,0,120,0,0,1,0,0.9683,4,0,0,0,0,0,0,0,0,0,0,0,0,0,,0.8,0.0
task_0151,family_27,template_27,0.75,1.0,14,B-RAG-EMBED,1,0,0,1,7250,7250,503.57142857142856,30,14270,150,120,0,0,1,0,0.9683,4,0,0,0,0,0,0,0,0,0,0,1,0,0,,0.8,0.0
task_0151,family_27,template_27,0.75,1.0,14,B-STAGEHAND-CACHE,1,0,0,1,7050,7050,503.57142857142856,29,14120,0,120,0,0,1,0,0.9683,4,0,0,0,0,0,0,0,0,0,0,1,0,0,,0.8,0.0
task_0151,family_27,template_27,0.75,1.0,14,B-TERX-REPLAY,1,0,0,1,7050,7050,503.57142857142856,29,14120,0,120,0,0,1,0,0.9683,4,0,0,0,0,0,0,0,0,0,0,1,0,0,,0.8,0.0
task_0151,family_27,template_27,0.75,1.0,14,P-SPIDER-MEA-BATCHED,1,0,1,1,7380,7380,501.42857142857144,32,14235,150,30,0,0,0,0,0.029,0,1,1,1,1,1,1,1,0,1,0,1,0,0,f0c85688b6cc0473,0.8,0.8
task_0151,family_27,template_27,0.75,1.0,14,NC1-SHUFFLED,0,0,1,1,7050,7050,500.0,29,14120,0,120,0,0,1,0,0.01,0,0,0,0,0,1,0,0,0,0,0,0,0,0,,0.0,0.0
task_0151,family_27,template_27,0.75,1.0,14,NC2-RANDOM,1,0,0,1,7050,7050,500.0,29,14120,0,120,0,0,1,0,0.99,4,0,0,0,0,0,0,0,0,0,0,0,0,0,,0.0,0.0
task_0151,family_27,template_27,0.75,1.0,14,NC3-LENGTH,1,0,0,1,7050,7050,500.0,29,14120,0,120,0,0,1,0,0.55,2,0,0,0,0,0,0,0,0,0,0,0,0,0,,0.0,0.0
task_0151,family_27,template_27,0.75,1.0,14,NC4-ABLATION,1,0,0,1,7750,7750,550.0,29,1800,0,120,14,1,1,0,0.99,4,0,0,0,0,0,0,0,0,0,0,0,0,0,,0.0,0.0
task_0152,family_28,template_28,0.0,0.0,8,B-COLD,1,0,0,1,4050,4050,506.25,17,8120,0,120,0,0,1,0,0.9867,4,0,0,0,0,0,0,0,0,0,0,0,0,0,,1.0,0.0
task_0152,family_28,template_28,0.0,0.0,8,B-RAG-EMBED,1,0,0,1,650,650,56.25,10,1230,150,120,8,1,1,0,0.9867,4,0,0,0,0,0,0,0,0,0,0,1,1,0,,1.0,0.0
task_0152,family_28,template_28,0.0,0.0,8,B-STAGEHAND-CACHE,1,0,0,1,450,450,56.25,9,1080,0,120,8,1,1,0,0.9867,4,0,0,0,0,0,0,0,0,0,0,1,1,0,,1.0,0.0
task_0152,family_28,template_28,0.0,0.0,8,B-TERX-REPLAY,1,0,0,1,450,450,56.25,9,1080,0,120,8,1,1,0,0.9867,4,0,0,0,0,0,0,0,0,0,0,1,1,0,,1.0,0.0
task_0152,family_28,template_28,0.0,0.0,8,P-SPIDER-MEA-BATCHED,1,0,1,0,4470,4470,513.75,20,8300,150,30,0,0,1,0,0.01,0,0,1,1,1,0,1,1,0,0,1,1,0,0,124e6bfb65451f08,1.0,1.0
task_0152,family_28,template_28,0.0,0.0,8,NC1-SHUFFLED,0,0,1,1,4050,4050,500.0,17,8120,0,120,0,0,1,0,0.01,0,0,0,0,0,1,0,0,0,0,0,0,0,0,,0.0,0.0
task_0152,family_28,template_28,0.0,0.0,8,NC2-RANDOM,1,0,0,1,4050,4050,500.0,17,8120,0,120,0,0,1,0,0.99,4,0,0,0,0,0,0,0,0,0,0,0,0,0,,0.0,0.0
task_0152,family_28,template_28,0.0,0.0,8,NC3-LENGTH,1,0,0,1,4050,4050,500.0,17,8120,0,120,0,0,1,0,0.55,2,0,0,0,0,0,0,0,0,0,0,0,0,0,,0.0,0.0
task_0152,family_28,template_28,0.0,0.0,8,NC4-ABLATION,0,1,0,0,4450,4450,550.0,17,1080,0,120,8,1,0,0,0.01,0,1,0,0,0,0,0,0,0,0,0,0,0,0,,0.0,0.0
task_0153,family_28,template_28,0.25,0.5,8,B-COLD,1,0,0,1,4050,4050,506.25,17,8120,0,120,0,0,1,0,0.9677,4,0,0,0,0,0,0,0,0,0,0,0,0,0,,0.9285714285714286,0.0
task_0153,family_28,template_28,0.25,0.5,8,B-RAG-EMBED,1,0,0,1,2450,2450,281.25,14,4750,150,120,4,1,1,0,0.9677,4,0,0,0,0,0,0,0,0,0,0,1,1,0,,0.9285714285714286,0.0
task_0153,family_28,template_28,0.25,0.5,8,B-STAGEHAND-CACHE,1,0,0,1,4050,4050,506.25,17,8120,0,120,0,0,1,0,0.9677,4,0,0,0,0,0,0,0,0,0,0,1,0,0,,0.9285714285714286,0.0
task_0153,family_28,template_28,0.25,0.5,8,B-TERX-REPLAY,1,0,0,1,4050,4050,506.25,17,8120,0,120,0,0,1,0,0.9677,4,0,0,0,0,0,0,0,0,0,0,1,0,0,,0.9285714285714286,0.0
task_0153,family_28,template_28,0.25,0.5,8,P-SPIDER-MEA-BATCHED,1,0,1,0,4380,4380,502.5,20,8235,150,30,0,0,1,0,0.01,0,0,1,1,1,0,1,1,0,1,0,1,0,0,75476a2dc70c63ec,0.9285714285714286,1.0
task_0153,family_28,template_28,0.25,0.5,8,NC1-SHUFFLED,0,0,1,1,4050,4050,500.0,17,8120,0,120,0,0,1,0,0.0464,0,0,0,0,0,1,0,0,0,0,0,0,0,0,,0.0,0.0
task_0153,family_28,template_28,0.25,0.5,8,NC2-RANDOM,1,0,0,1,4050,4050,500.0,17,8120,0,120,0,0,1,0,0.9511,4,0,0,0,0,0,0,0,0,0,0,0,0,0,,0.0,0.0
task_0153,family_28,template_28,0.25,0.5,8,NC3-LENGTH,1,0,0,1,4050,4050,500.0,17,8120,0,120,0,0,1,0,0.55,2,0,0,0,0,0,0,0,0,0,0,0,0,0,,0.0,0.0
task_0153,family_28,template_28,0.25,0.5,8,NC4-ABLATION,0,1,0,0,4450,4450,550.0,17,1080,0,120,8,1,0,0,0.0216,0,1,0,0,0,0,0,0,0,0,0,0,0,0,,0.0,0.0
task_0154,family_28,template_28,0.5,0.5,8,B-COLD,1,0,0,1,4050,4050,506.25,17,8120,0,120,0,0,1,0,0.99,4,0,0,0,0,0,0,0,0,0,0,0,0,0,,0.8888888888888888,0.0
task_0154,family_28,template_28,0.5,0.5,8,B-RAG-EMBED,1,0,0,1,2450,2450,281.25,14,4750,150,120,4,1,1,0,0.99,4,0,0,0,0,0,0,0,0,0,0,1,1,0,,0.8888888888888888,0.0
task_0154,family_28,template_28,0.5,0.5,8,B-STAGEHAND-CACHE,1,0,0,1,4050,4050,506.25,17,8120,0,120,0,0,1,0,0.99,4,0,0,0,0,0,0,0,0,0,0,1,0,0,,0.8888888888888888,0.0
task_0154,family_28,template_28,0.5,0.5,8,B-TERX-REPLAY,1,0,0,1,4050,4050,506.25,17,8120,0,120,0,0,1,0,0.99,4,0,0,0,0,0,0,0,0,0,0,1,0,0,,0.8888888888888888,0.0
task_0154,family_28,template_28,0.5,0.5,8,P-SPIDER-MEA-BATCHED,1,0,1,0,4420,4420,507.5,20,8325,150,120,0,0,1,0,0.01,0,0,0,0,1,0,1,1,0,1,0,1,0,0,8ae78e95e9e65c89,0.8888888888888888,1.0
task_0154,family_28,template_28,0.5,0.5,8,NC1-SHUFFLED,0,0,1,0,4050,4050,500.0,17,8120,0,120,0,0,0,0,0.0411,0,1,0,0,0,1,0,0,0,0,0,0,0,0,,0.0,0.0
task_0154,family_28,template_28,0.5,0.5,8,NC2-RANDOM,0,1,0,0,4050,4050,500.0,17,8120,0,120,0,0,0,0,0.01,0,1,0,0,0,0,0,0,0,0,0,0,0,0,,0.0,0.0
task_0154,family_28,template_28,0.5,0.5,8,NC3-LENGTH,1,0,0,1,4050,4050,500.0,17,8120,0,120,0,0,1,0,0.55,2,0,0,0,0,0,0,0,0,0,0,0,0,0,,0.0,0.0
task_0154,family_28,template_28,0.5,0.5,8,NC4-ABLATION,1,0,0,1,4450,4450,550.0,17,1080,0,120,8,1,1,0,0.99,4,0,0,0,0,0,0,0,0,0,0,0,0,0,,0.0,0.0
task_0155,family_28,template_28,0.75,1.0,8,B-COLD,1,0,0,1,4050,4050,506.25,17,8120,0,120,0,0,1,0,0.99,4,0,0,0,0,0,0,0,0,0,0,0,0,0,,0.8333333333333334,0.0
task_0155,family_28,template_28,0.75,1.0,8,B-RAG-EMBED,1,0,0,1,4250,4250,506.25,18,8270,150,120,0,0,1,0,0.99,4,0,0,0,0,0,0,0,0,0,0,1,0,0,,0.8333333333333334,0.0
task_0155,family_28,template_28,0.75,1.0,8,B-STAGEHAND-CACHE,1,0,0,1,4050,4050,506.25,17,8120,0,120,0,0,1,0,0.99,4,0,0,0,0,0,0,0,0,0,0,1,0,0,,0.8333333333333334,0.0
task_0155,family_28,template_28,0.75,1.0,8,B-TERX-REPLAY,1,0,0,1,4050,4050,506.25,17,8120,0,120,0,0,1,0,0.99,4,0,0,0,0,0,0,0,0,0,0,1,0,0,,0.8333333333333334,0.0
task_0155,family_28,template_28,0.75,1.0,8,P-SPIDER-MEA-BATCHED,1,0,1,0,4420,4420,507.5,20,8325,150,120,0,0,1,0,0.01,0,0,0,0,0,0,1,1,0,1,0,1,0,0,900513dab7b3e118,0.8333333333333334,0.8666666666666667
task_0155,family_28,template_28,0.75,1.0,8,NC1-SHUFFLED,0,0,1,1,4050,4050,500.0,17,8120,0,120,0,0,1,0,0.01,0,0,0,0,0,1,0,0,0,0,0,0,0,0,,0.0,0.0
task_0155,family_28,template_28,0.75,1.0,8,NC2-RANDOM,1,0,0,1,4050,4050,500.0,17,8120,0,120,0,0,1,0,0.99,4,0,0,0,0,0,0,0,0,0,0,0,0,0,,0.0,0.0
task_0155,family_28,template_28,0.75,1.0,8,NC3-LENGTH,1,0,0,1,4050,4050,500.0,17,8120,0,120,0,0,1,0,0.55,2,0,0,0,0,0,0,0,0,0,0,0,0,0,,0.0,0.0
task_0155,family_28,template_28,0.75,1.0,8,NC4-ABLATION,1,0,0,1,4450,4450,550.0,17,1080,0,120,8,1,1,0,0.99,4,0,0,0,0,0,0,0,0,0,0,0,0,0,,0.0,0.0
task_0156,family_28,template_28,1.0,1.0,8,B-COLD,1,0,0,1,4050,4050,506.25,17,8120,0,120,0,0,1,0,0.9752,4,0,0,0,0,0,0,0,0,0,0,0,0,0,,0.8,0.0
task_0156,family_28,template_28,1.0,1.0,8,B-RAG-EMBED,1,0,0,1,4250,4250,506.25,18,8270,150,120,0,0,1,0,0.9752,4,0,0,0,0,0,0,0,0,0,0,1,0,0,,0.8,0.0
task_0156,family_28,template_28,1.0,1.0,8,B-STAGEHAND-CACHE,1,0,0,1,4050,4050,506.25,17,8120,0,120,0,0,1,0,0.9752,4,0,0,0,0,0,0,0,0,0,0,1,0,0,,0.8,0.0
task_0156,family_28,template_28,1.0,1.0,8,B-TERX-REPLAY,1,0,0,1,4050,4050,506.25,17,8120,0,120,0,0,1,0,0.9752,4,0,0,0,0,0,0,0,0,0,0,1,0,0,,0.8,0.0
task_0156,family_28,template_28,1.0,1.0,8,P-SPIDER-MEA-BATCHED,1,0,1,1,4420,4420,507.5,20,8325,150,120,0,0,0,0,0.01,0,1,0,0,1,1,1,1,0,1,0,1,0,0,9f602a85a517564d,0.8,0.8
task_0156,family_28,template_28,1.0,1.0,8,NC1-SHUFFLED,0,0,1,1,4050,4050,500.0,17,8120,0,120,0,0,1,0,0.0471,0,0,0,0,0,1,0,0,0,0,0,0,0,0,,0.0,0.0
task_0156,family_28,template_28,1.0,1.0,8,NC2-RANDOM,1,0,0,1,4050,4050,500.0,17,8120,0,120,0,0,1,0,0.99,4,0,0,0,0,0,0,0,0,0,0,0,0,0,,0.0,0.0
task_0156,family_28,template_28,1.0,1.0,8,NC3-LENGTH,1,0,0,1,4050,4050,500.0,17,8120,0,120,0,0,1,0,0.55,2,0,0,0,0,0,0,0,0,0,0,0,0,0,,0.0,0.0
task_0156,family_28,template_28,1.0,1.0,8,NC4-ABLATION,1,0,0,1,4450,4450,550.0,17,1080,0,120,8,1,1,0,0.9762,4,0,0,0,0,0,0,0,0,0,0,0,0,0,,0.0,0.0
task_0157,family_29,template_29,0.0,0.0,9,B-COLD,1,0,0,1,4550,4550,505.55555555555554,19,9120,0,120,0,0,1,0,0.9523,4,0,0,0,0,0,0,0,0,0,0,0,0,0,,1.0,0.0
task_0157,family_29,template_29,0.0,0.0,9,B-RAG-EMBED,1,0,0,1,700,700,55.55555555555556,11,1350,150,120,9,1,1,0,0.9523,4,0,0,0,0,0,0,0,0,0,0,1,1,0,,1.0,0.0
task_0157,family_29,template_29,0.0,0.0,9,B-STAGEHAND-CACHE,1,0,0,1,500,500,55.55555555555556,10,1200,0,120,9,1,1,0,0.9523,4,0,0,0,0,0,0,0,0,0,0,1,1,0,,1.0,0.0
task_0157,family_29,template_29,0.0,0.0,9,B-TERX-REPLAY,1,0,0,1,500,500,55.55555555555556,10,1200,0,120,9,1,1,0,0.9523,4,0,0,0,0,0,0,0,0,0,0,1,1,0,,1.0,0.0
task_0157,family_29,template_29,0.0,0.0,9,P-SPIDER-MEA-BATCHED,1,0,1,0,4970,4970,512.2222222222222,22,9300,150,30,0,0,1,0,0.01,0,0,1,1,1,0,1,1,0,0,1,1,0,0,576cbc009dacca1b,1.0,1.0
task_0157,family_29,template_29,0.0,0.0,9,NC1-SHUFFLED,0,0,1,1,4550,4550,500.0,19,9120,0,120,0,0,1,0,0.01,0,0,0,0,0,1,0,0,0,0,0,0,0,0,,0.0,0.0
task_0157,family_29,template_29,0.0,0.0,9,NC2-RANDOM,1,0,0,1,4550,4550,500.0,19,9120,0,120,0,0,1,0,0.956,4,0,0,0,0,0,0,0,0,0,0,0,0,0,,0.0,0.0
task_0157,family_29,template_29,0.0,0.0,9,NC3-LENGTH,1,0,0,1,4550,4550,500.0,19,9120,0,120,0,0,1,0,0.55,2,0,0,0,0,0,0,0,0,0,0,0,0,0,,0.0,0.0
task_0157,family_29,template_29,0.0,0.0,9,NC4-ABLATION,1,0,0,1,5000,5000,550.0,19,1200,0,120,9,1,1,0,0.99,4,0,0,0,0,0,0,0,0,0,0,0,0,0,,0.0,0.0
task_0158,family_29,template_29,0.5,0.5,9,B-COLD,1,0,0,1,4550,4550,505.55555555555554,19,9120,0,120,0,0,1,0,0.9833,4,0,0,0,0,0,0,0,0,0,0,0,0,0,,0.9,0.0
task_0158,family_29,template_29,0.5,0.5,9,B-RAG-EMBED,1,0,0,1,2500,2500,255.55555555555554,15,4870,150,120,5,1,1,0,0.9833,4,0,0,0,0,0,0,0,0,0,0,1,1,0,,0.9,0.0
task_0158,family_29,template_29,0.5,0.5,9,B-STAGEHAND-CACHE,1,0,0,1,4550,4550,505.55555555555554,19,9120,0,120,0,0,1,0,0.9833,4,0,0,0,0,0,0,0,0,0,0,1,0,0,,0.9,0.0
task_0158,family_29,template_29,0.5,0.5,9,B-TERX-REPLAY,1,0,0,1,4550,4550,505.55555555555554,19,9120,0,120,0,0,1,0,0.9833,4,0,0,0,0,0,0,0,0,0,0,1,0,0,,0.9,0.0
task_0158,family_29,template_29,0.5,0.5,9,P-SPIDER-MEA-BATCHED,1,0,1,0,4920,4920,506.6666666666667,22,9325,150,120,0,0,1,0,0.0427,0,0,0,0,0,0,1,1,0,1,0,1,0,0,76252f59c03d1a27,0.9,1.0
task_0158,family_29,template_29,0.5,0.5,9,NC1-SHUFFLED,0,0,1,1,4550,4550,500.0,19,9120,0,120,0,0,1,0,0.01,0,0,0,0,0,1,0,0,0,0,0,0,0,0,,0.0,0.0
task_0158,family_29,template_29,0.5,0.5,9,NC2-RANDOM,1,0,0,1,4550,4550,500.0,19,9120,0,120,0,0,1,0,0.9562,4,0,0,0,0,0,0,0,0,0,0,0,0,0,,0.0,0.0
task_0158,family_29,template_29,0.5,0.5,9,NC3-LENGTH,1,0,0,1,4550,4550,500.0,19,9120,0,120,0,0,1,0,0.55,2,0,0,0,0,0,0,0,0,0,0,0,0,0,,0.0,0.0
task_0158,family_29,template_29,0.5,0.5,9,NC4-ABLATION,1,0,0,1,5000,5000,550.0,19,1200,0,120,9,1,1,0,0.9656,4,0,0,0,0,0,0,0,0,0,0,0,0,0,,0.0,0.0
task_0159,family_29,template_29,0.75,1.0,9,B-COLD,1,0,0,1,4550,4550,505.55555555555554,19,9120,0,120,0,0,1,0,0.9878,4,0,0,0,0,0,0,0,0,0,0,0,0,0,,0.8174603174603174,0.0
task_0159,family_29,template_29,0.75,1.0,9,B-RAG-EMBED,1,0,0,1,4750,4750,505.55555555555554,20,9270,150,120,0,0,1,0,0.9878,4,0,0,0,0,0,0,0,0,0,0,1,0,0,,0.8174603174603174,0.0
task_0159,family_29,template_29,0.75,1.0,9,B-STAGEHAND-CACHE,1,0,0,1,4550,4550,505.55555555555554,19,9120,0,120,0,0,1,0,0.9878,4,0,0,0,0,0,0,0,0,0,0,1,0,0,,0.8174603174603174,0.0
task_0159,family_29,template_29,0.75,1.0,9,B-TERX-REPLAY,1,0,0,1,4550,4550,505.55555555555554,19,9120,0,120,0,0,1,0,0.9878,4,0,0,0,0,0,0,0,0,0,0,1,0,0,,0.8174603174603174,0.0
task_0159,family_29,template_29,0.75,1.0,9,P-SPIDER-MEA-BATCHED,1,0,1,1,4880,4880,502.22222222222223,22,9235,150,30,0,0,0,0,0.01,0,1,1,1,1,1,1,1,0,1,0,1,0,0,eebebbd588a33219,0.8174603174603174,0.8571428571428571
task_0159,family_29,template_29,0.75,1.0,9,NC1-SHUFFLED,1,0,0,1,4550,4550,500.0,19,9120,0,120,0,0,1,0,0.9839,4,0,0,0,0,0,0,0,0,0,0,0,0,0,,0.0,0.0
task_0159,family_29,template_29,0.75,1.0,9,NC2-RANDOM,1,0,0,1,4550,4550,500.0,19,9120,0,120,0,0,1,0,0.9509,4,0,0,0,0,0,0,0,0,0,0,0,0,0,,0.0,0.0
task_0159,family_29,template_29,0.75,1.0,9,NC3-LENGTH,1,0,0,1,4550,4550,500.0,19,9120,0,120,0,0,1,0,0.55,2,0,0,0,0,0,0,0,0,0,0,0,0,0,,0.0,0.0
task_0159,family_29,template_29,0.75,1.0,9,NC4-ABLATION,1,0,0,1,5000,5000,550.0,19,1200,0,120,9,1,1,0,0.9604,4,0,0,0,0,0,0,0,0,0,0,0,0,0,,0.0,0.0
task_0160,family_29,template_29,1.0,1.0,9,B-COLD,1,0,0,1,4550,4550,505.55555555555554,19,9120,0,120,0,0,1,0,0.9865,4,0,0,0,0,0,0,0,0,0,0,0,0,0,,0.8285714285714285,0.0
task_0160,family_29,template_29,1.0,1.0,9,B-RAG-EMBED,1,0,0,1,4750,4750,505.55555555555554,20,9270,150,120,0,0,1,0,0.9865,4,0,0,0,0,0,0,0,0,0,0,1,0,0,,0.8285714285714285,0.0
task_0160,family_29,template_29,1.0,1.0,9,B-STAGEHAND-CACHE,1,0,0,1,4550,4550,505.55555555555554,19,9120,0,120,0,0,1,0,0.9865,4,0,0,0,0,0,0,0,0,0,0,1,0,0,,0.8285714285714285,0.0
task_0160,family_29,template_29,1.0,1.0,9,B-TERX-REPLAY,1,0,0,1,4550,4550,505.55555555555554,19,9120,0,120,0,0,1,0,0.9865,4,0,0,0,0,0,0,0,0,0,0,1,0,0,,0.8285714285714285,0.0
task_0160,family_29,template_29,1.0,1.0,9,P-SPIDER-MEA-BATCHED,1,0,1,0,4880,4880,502.22222222222223,22,9235,150,30,0,0,1,0,0.01,0,0,1,1,1,0,1,1,0,1,0,1,0,0,62e0cb896990696c,0.8285714285714285,0.8571428571428571
task_0160,family_29,template_29,1.0,1.0,9,NC1-SHUFFLED,0,0,1,1,4550,4550,500.0,19,9120,0,120,0,0,1,0,0.01,0,0,0,0,0,1,0,0,0,0,0,0,0,0,,0.0,0.0
task_0160,family_29,template_29,1.0,1.0,9,NC2-RANDOM,1,0,0,1,4550,4550,500.0,19,9120,0,120,0,0,1,0,0.99,4,0,0,0,0,0,0,0,0,0,0,0,0,0,,0.0,0.0
task_0160,family_29,template_29,1.0,1.0,9,NC3-LENGTH,1,0,0,1,4550,4550,500.0,19,9120,0,120,0,0,1,0,0.55,2,0,0,0,0,0,0,0,0,0,0,0,0,0,,0.0,0.0
task_0160,family_29,template_29,1.0,1.0,9,NC4-ABLATION,1,0,0,1,5000,5000,550.0,19,1200,0,120,9,1,1,0,0.99,4,0,0,0,0,0,0,0,0,0,0,0,0,0,,0.0,0.0
task_0161,family_29,template_29,0.25,0.5,9,B-COLD,1,0,0,1,4550,4550,505.55555555555554,19,9120,0,120,0,0,1,0,0.9716,4,0,0,0,0,0,0,0,0,0,0,0,0,0,,0.8928571428571428,0.0
task_0161,family_29,template_29,0.25,0.5,9,B-RAG-EMBED,1,0,0,1,2500,2500,255.55555555555554,15,4870,150,120,5,1,1,0,0.9716,4,0,0,0,0,0,0,0,0,0,0,1,1,0,,0.8928571428571428,0.0
task_0161,family_29,template_29,0.25,0.5,9,B-STAGEHAND-CACHE,1,0,0,1,4550,4550,505.55555555555554,19,9120,0,120,0,0,1,0,0.9716,4,0,0,0,0,0,0,0,0,0,0,1,0,0,,0.8928571428571428,0.0
task_0161,family_29,template_29,0.25,0.5,9,B-TERX-REPLAY,1,0,0,1,4550,4550,505.55555555555554,19,9120,0,120,0,0,1,0,0.9716,4,0,0,0,0,0,0,0,0,0,0,1,0,0,,0.8928571428571428,0.0
task_0161,family_29,template_29,0.25,0.5,9,P-SPIDER-MEA-BATCHED,1,0,1,0,4880,4880,502.22222222222223,22,9235,150,30,0,0,1,0,0.01,0,0,1,1,1,0,1,1,0,1,0,1,0,0,5cd39d02d3e49f6a,0.8928571428571428,1.0
task_0161,family_29,template_29,0.25,0.5,9,NC1-SHUFFLED,0,0,1,1,4550,4550,500.0,19,9120,0,120,0,0,1,0,0.0295,0,0,0,0,0,1,0,0,0,0,0,0,0,0,,0.0,0.0
task_0161,family_29,template_29,0.25,0.5,9,NC2-RANDOM,1,0,0,1,4550,4550,500.0,19,9120,0,120,0,0,1,0,0.99,4,0,0,0,0,0,0,0,0,0,0,0,0,0,,0.0,0.0
task_0161,family_29,template_29,0.25,0.5,9,NC3-LENGTH,1,0,0,1,4550,4550,500.0,19,9120,0,120,0,0,1,0,0.55,2,0,0,0,0,0,0,0,0,0,0,0,0,0,,0.0,0.0
task_0161,family_29,template_29,0.25,0.5,9,NC4-ABLATION,1,0,0,1,5000,5000,550.0,19,1200,0,120,9,1,1,0,0.99,4,0,0,0,0,0,0,0,0,0,0,0,0,0,,0.0,0.0
task_0162,family_30,template_30,0.0,0.0,10,B-COLD,1,0,0,1,5050,5050,505.0,21,10120,0,120,0,0,1,0,0.99,4,0,0,0,0,0,0,0,0,0,0,0,0,0,,1.0,0.0
task_0162,family_30,template_30,0.0,0.0,10,B-RAG-EMBED,1,0,0,1,750,750,55.0,12,1470,150,120,10,1,1,0,0.99,4,0,0,0,0,0,0,0,0,0,0,1,1,0,,1.0,0.0
task_0162,family_30,template_30,0.0,0.0,10,B-STAGEHAND-CACHE,1,0,0,1,550,550,55.0,11,1320,0,120,10,1,1,0,0.99,4,0,0,0,0,0,0,0,0,0,0,1,1,0,,1.0,0.0
task_0162,family_30,template_30,0.0,0.0,10,B-TERX-REPLAY,1,0,0,1,550,550,55.0,11,1320,0,120,10,1,1,0,0.99,4,0,0,0,0,0,0,0,0,0,0,1,1,0,,1.0,0.0
task_0162,family_30,template_30,0.0,0.0,10,P-SPIDER-MEA-BATCHED,1,0,1,0,5470,5470,511.0,24,10300,150,30,0,0,1,0,0.01,0,0,1,1,1,0,1,1,0,0,1,1,0,0,c01cfad58c23eaa8,1.0,1.0
task_0162,family_30,template_30,0.0,0.0,10,NC1-SHUFFLED,1,0,0,1,5050,5050,500.0,21,10120,0,120,0,0,1,0,0.99,4,0,0,0,0,0,0,0,0,0,0,0,0,0,,0.0,0.0
task_0162,family_30,template_30,0.0,0.0,10,NC2-RANDOM,1,0,0,1,5050,5050,500.0,21,10120,0,120,0,0,1,0,0.9792,4,0,0,0,0,0,0,0,0,0,0,0,0,0,,0.0,0.0
task_0162,family_30,template_30,0.0,0.0,10,NC3-LENGTH,1,0,0,1,5050,5050,500.0,21,10120,0,120,0,0,1,0,0.55,2,0,0,0,0,0,0,0,0,0,0,0,0,0,,0.0,0.0
task_0162,family_30,template_30,0.0,0.0,10,NC4-ABLATION,1,0,0,1,5550,5550,550.0,21,1320,0,120,10,1,1,0,0.99,4,0,0,0,0,0,0,0,0,0,0,0,0,0,,0.0,0.0
task_0163,family_30,template_30,0.75,0.6667,10,B-COLD,1,0,0,1,5050,5050,505.0,21,10120,0,120,0,0,1,0,0.9691,4,0,0,0,0,0,0,0,0,0,0,0,0,0,,0.9079365079365079,0.0
task_0163,family_30,template_30,0.75,0.6667,10,B-RAG-EMBED,1,0,0,1,3900,3900,370.0,19,7630,150,120,3,1,1,0,0.9691,4,0,0,0,0,0,0,0,0,0,0,1,1,0,,0.9079365079365079,0.0
task_0163,family_30,template_30,0.75,0.6667,10,B-STAGEHAND-CACHE,1,0,0,1,5050,5050,505.0,21,10120,0,120,0,0,1,0,0.9691,4,0,0,0,0,0,0,0,0,0,0,1,0,0,,0.9079365079365079,0.0
task_0163,family_30,template_30,0.75,0.6667,10,B-TERX-REPLAY,1,0,0,1,5050,5050,505.0,21,10120,0,120,0,0,1,0,0.9691,4,0,0,0,0,0,0,0,0,0,0,1,0,0,,0.9079365079365079,0.0
task_0163,family_30,template_30,0.75,0.6667,10,P-SPIDER-MEA-BATCHED,1,0,1,1,5380,5380,502.0,24,10235,150,30,0,0,0,0,0.0387,0,1,1,1,1,1,1,1,0,1,0,1,0,0,6badcddd7e71c6ed,0.9079365079365079,1.0
task_0163,family_30,template_30,0.75,0.6667,10,NC1-SHUFFLED,0,0,1,1,5050,5050,500.0,21,10120,0,120,0,0,1,0,0.01,0,0,0,0,0,1,0,0,0,0,0,0,0,0,,0.0,0.0
task_0163,family_30,template_30,0.75,0.6667,10,NC2-RANDOM,1,0,0,1,5050,5050,500.0,21,10120,0,120,0,0,1,0,0.99,4,0,0,0,0,0,0,0,0,0,0,0,0,0,,0.0,0.0
task_0163,family_30,template_30,0.75,0.6667,10,NC3-LENGTH,1,0,0,1,5050,5050,500.0,21,10120,0,120,0,0,1,0,0.55,2,0,0,0,0,0,0,0,0,0,0,0,0,0,,0.0,0.0
task_0163,family_30,template_30,0.75,0.6667,10,NC4-ABLATION,0,1,0,0,5550,5550,550.0,21,1320,0,120,10,1,0,0,0.0487,0,1,0,0,0,0,0,0,0,0,0,0,0,0,,0.0,0.0
task_0164,family_30,template_30,1.0,1.0,10,B-COLD,1,0,0,1,5050,5050,505.0,21,10120,0,120,0,0,1,0,0.99,4,0,0,0,0,0,0,0,0,0,0,0,0,0,,0.8412698412698413,0.0
task_0164,family_30,template_30,1.0,1.0,10,B-RAG-EMBED,1,0,0,1,5250,5250,505.0,22,10270,150,120,0,0,1,0,0.99,4,0,0,0,0,0,0,0,0,0,0,1,0,0,,0.8412698412698413,0.0
task_0164,family_30,template_30,1.0,1.0,10,B-STAGEHAND-CACHE,1,0,0,1,5050,5050,505.0,21,10120,0,120,0,0,1,0,0.99,4,0,0,0,0,0,0,0,0,0,0,1,0,0,,0.8412698412698413,0.0
task_0164,family_30,template_30,1.0,1.0,10,B-TERX-REPLAY,1,0,0,1,5050,5050,505.0,21,10120,0,120,0,0,1,0,0.99,4,0,0,0,0,0,0,0,0,0,0,1,0,0,,0.8412698412698413,0.0
task_0164,family_30,template_30,1.0,1.0,10,P-SPIDER-MEA-BATCHED,1,0,1,0,5420,5420,506.0,24,10325,150,120,0,0,1,0,0.0217,0,0,0,0,0,0,1,1,0,1,0,1,0,0,3ec01061fa3ea416,0.8412698412698413,0.8666666666666667
task_0164,family_30,template_30,1.0,1.0,10,NC1-SHUFFLED,0,0,1,1,5050,5050,500.0,21,10120,0,120,0,0,1,0,0.01,0,0,0,0,0,1,0,0,0,0,0,0,0,0,,0.0,0.0
task_0164,family_30,template_30,1.0,1.0,10,NC2-RANDOM,1,0,0,1,5050,5050,500.0,21,10120,0,120,0,0,1,0,0.99,4,0,0,0,0,0,0,0,0,0,0,0,0,0,,0.0,0.0
task_0164,family_30,template_30,1.0,1.0,10,NC3-LENGTH,1,0,0,1,5050,5050,500.0,21,10120,0,120,0,0,1,0,0.55,2,0,0,0,0,0,0,0,0,0,0,0,0,0,,0.0,0.0
task_0164,family_30,template_30,1.0,1.0,10,NC4-ABLATION,0,1,0,0,5550,5550,550.0,21,1320,0,120,10,1,0,0,0.0321,0,1,0,0,0,0,0,0,0,0,0,0,0,0,,0.0,0.0
task_0165,family_30,template_30,0.25,0.3333,10,B-COLD,1,0,0,1,5050,5050,505.0,21,10120,0,120,0,0,1,0,0.99,4,0,0,0,0,0,0,0,0,0,0,0,0,0,,0.9259259259259259,0.0
task_0165,family_30,template_30,0.25,0.3333,10,B-RAG-EMBED,1,0,0,1,2100,2100,190.0,15,4110,150,120,7,1,1,0,0.99,4,0,0,0,0,0,0,0,0,0,0,1,1,0,,0.9259259259259259,0.0
task_0165,family_30,template_30,0.25,0.3333,10,B-STAGEHAND-CACHE,1,0,0,1,5050,5050,505.0,21,10120,0,120,0,0,1,0,0.99,4,0,0,0,0,0,0,0,0,0,0,1,0,0,,0.9259259259259259,0.0
task_0165,family_30,template_30,0.25,0.3333,10,B-TERX-REPLAY,1,0,0,1,5050,5050,505.0,21,10120,0,120,0,0,1,0,0.99,4,0,0,0,0,0,0,0,0,0,0,1,0,0,,0.9259259259259259,0.0
task_0165,family_30,template_30,0.25,0.3333,10,P-SPIDER-MEA-BATCHED,1,0,1,1,5420,5420,506.0,24,10325,150,120,0,0,0,0,0.0468,0,1,0,0,0,1,1,1,0,1,0,1,0,0,73a4b28a5b175cbd,0.9259259259259259,1.0
task_0165,family_30,template_30,0.25,0.3333,10,NC1-SHUFFLED,0,0,1,1,5050,5050,500.0,21,10120,0,120,0,0,1,0,0.0443,0,0,0,0,0,1,0,0,0,0,0,0,0,0,,0.0,0.0
task_0165,family_30,template_30,0.25,0.3333,10,NC2-RANDOM,1,0,0,1,5050,5050,500.0,21,10120,0,120,0,0,1,0,0.99,4,0,0,0,0,0,0,0,0,0,0,0,0,0,,0.0,0.0
task_0165,family_30,template_30,0.25,0.3333,10,NC3-LENGTH,1,0,0,1,5050,5050,500.0,21,10120,0,120,0,0,1,0,0.55,2,0,0,0,0,0,0,0,0,0,0,0,0,0,,0.0,0.0
task_0165,family_30,template_30,0.25,0.3333,10,NC4-ABLATION,1,0,0,1,5550,5550,550.0,21,1320,0,120,10,1,1,0,0.99,4,0,0,0,0,0,0,0,0,0,0,0,0,0,,0.0,0.0
task_0166,family_30,template_30,0.5,0.6667,10,B-COLD,1,0,0,1,5050,5050,505.0,21,10120,0,120,0,0,1,0,0.99,4,0,0,0,0,0,0,0,0,0,0,0,0,0,,0.8666666666666667,0.0
task_0166,family_30,template_30,0.5,0.6667,10,B-RAG-EMBED,1,0,0,1,3900,3900,370.0,19,7630,150,120,3,1,1,0,0.99,4,0,0,0,0,0,0,0,0,0,0,1,1,0,,0.8666666666666667,0.0
task_0166,family_30,template_30,0.5,0.6667,10,B-STAGEHAND-CACHE,1,0,0,1,5050,5050,505.0,21,10120,0,120,0,0,1,0,0.99,4,0,0,0,0,0,0,0,0,0,0,1,0,0,,0.8666666666666667,0.0
task_0166,family_30,template_30,0.5,0.6667,10,B-TERX-REPLAY,1,0,0,1,5050,5050,505.0,21,10120,0,120,0,0,1,0,0.99,4,0,0,0,0,0,0,0,0,0,0,1,0,0,,0.8666666666666667,0.0
task_0166,family_30,template_30,0.5,0.6667,10,P-SPIDER-MEA-BATCHED,1,0,1,0,5420,5420,506.0,24,10325,150,120,0,0,1,0,0.01,0,0,0,0,0,0,1,1,0,1,0,1,0,0,4f3e71be55c1a925,0.8666666666666667,1.0
task_0166,family_30,template_30,0.5,0.6667,10,NC1-SHUFFLED,0,0,1,1,5050,5050,500.0,21,10120,0,120,0,0,1,0,0.0317,0,0,0,0,0,1,0,0,0,0,0,0,0,0,,0.0,0.0
task_0166,family_30,template_30,0.5,0.6667,10,NC2-RANDOM,1,0,0,1,5050,5050,500.0,21,10120,0,120,0,0,1,0,0.99,4,0,0,0,0,0,0,0,0,0,0,0,0,0,,0.0,0.0
task_0166,family_30,template_30,0.5,0.6667,10,NC3-LENGTH,1,0,0,1,5050,5050,500.0,21,10120,0,120,0,0,1,0,0.55,2,0,0,0,0,0,0,0,0,0,0,0,0,0,,0.0,0.0
task_0166,family_30,template_30,0.5,0.6667,10,NC4-ABLATION,1,0,0,1,5550,5550,550.0,21,1320,0,120,10,1,1,0,0.9872,4,0,0,0,0,0,0,0,0,0,0,0,0,0,,0.0,0.0
task_0167,family_31,template_31,0.0,0.0,11,B-COLD,1,0,0,1,5550,5550,504.54545454545456,23,11120,0,120,0,0,1,0,0.9559,4,0,0,0,0,0,0,0,0,0,0,0,0,0,,1.0,0.0
task_0167,family_31,template_31,0.0,0.0,11,B-RAG-EMBED,1,0,0,1,800,800,54.54545454545455,13,1590,150,120,11,1,1,0,0.9559,4,0,0,0,0,0,0,0,0,0,0,1,1,0,,1.0,0.0
task_0167,family_31,template_31,0.0,0.0,11,B-STAGEHAND-CACHE,1,0,0,1,600,600,54.54545454545455,12,1440,0,120,11,1,1,0,0.9559,4,0,0,0,0,0,0,0,0,0,0,1,1,0,,1.0,0.0
task_0167,family_31,template_31,0.0,0.0,11,B-TERX-REPLAY,1,0,0,1,600,600,54.54545454545455,12,1440,0,120,11,1,1,0,0.9559,4,0,0,0,0,0,0,0,0,0,0,1,1,0,,1.0,0.0
task_0167,family_31,template_31,0.0,0.0,11,P-SPIDER-MEA-BATCHED,1,0,1,0,5970,5970,510.0,26,11300,150,30,0,0,1,0,0.0416,0,0,1,1,1,0,1,1,0,0,1,1,0,0,9b77398bfbc3a0fe,1.0,1.0
task_0167,family_31,template_31,0.0,0.0,11,NC1-SHUFFLED,1,0,0,1,5550,5550,500.0,23,11120,0,120,0,0,1,0,0.9649,4,0,0,0,0,0,0,0,0,0,0,0,0,0,,0.0,0.0
task_0167,family_31,template_31,0.0,0.0,11,NC2-RANDOM,1,0,0,1,5550,5550,500.0,23,11120,0,120,0,0,1,0,0.972,4,0,0,0,0,0,0,0,0,0,0,0,0,0,,0.0,0.0
task_0167,family_31,template_31,0.0,0.0,11,NC3-LENGTH,1,0,0,1,5550,5550,500.0,23,11120,0,120,0,0,1,0,0.55,2,0,0,0,0,0,0,0,0,0,0,0,0,0,,0.0,0.0
task_0167,family_31,template_31,0.0,0.0,11,NC4-ABLATION,0,1,0,0,6100,6100,550.0,23,1440,0,120,11,1,0,0,0.01,0,1,0,0,0,0,0,0,0,0,0,0,0,0,,0.0,0.0
task_0168,family_31,template_31,1.0,1.0,11,B-COLD,1,0,0,1,5550,5550,504.54545454545456,23,11120,0,120,0,0,1,0,0.99,4,0,0,0,0,0,0,0,0,0,0,0,0,0,,0.8,0.0
task_0168,family_31,template_31,1.0,1.0,11,B-RAG-EMBED,1,0,0,1,5750,5750,504.54545454545456,24,11270,150,120,0,0,1,0,0.99,4,0,0,0,0,0,0,0,0,0,0,1,0,0,,0.8,0.0
task_0168,family_31,template_31,1.0,1.0,11,B-STAGEHAND-CACHE,1,0,0,1,5550,5550,504.54545454545456,23,11120,0,120,0,0,1,0,0.99,4,0,0,0,0,0,0,0,0,0,0,1,0,0,,0.8,0.0
task_0168,family_31,template_31,1.0,1.0,11,B-TERX-REPLAY,1,0,0,1,5550,5550,504.54545454545456,23,11120,0,120,0,0,1,0,0.99,4,0,0,0,0,0,0,0,0,0,0,1,0,0,,0.8,0.0
task_0168,family_31,template_31,1.0,1.0,11,P-SPIDER-MEA-BATCHED,1,0,1,1,5920,5920,505.45454545454544,26,11325,150,120,0,0,0,0,0.01,0,1,0,0,0,1,1,1,0,1,0,1,0,0,3b769e8b7fc4b353,0.8,0.8
task_0168,family_31,template_31,1.0,1.0,11,NC1-SHUFFLED,0,0,1,1,5550,5550,500.0,23,11120,0,120,0,0,1,0,0.01,0,0,0,0,0,1,0,0,0,0,0,0,0,0,,0.0,0.0
task_0168,family_31,template_31,1.0,1.0,11,NC2-RANDOM,1,0,0,1,5550,5550,500.0,23,11120,0,120,0,0,1,0,0.9814,4,0,0,0,0,0,0,0,0,0,0,0,0,0,,0.0,0.0
task_0168,family_31,template_31,1.0,1.0,11,NC3-LENGTH,1,0,0,1,5550,5550,500.0,23,11120,0,120,0,0,1,0,0.55,2,0,0,0,0,0,0,0,0,0,0,0,0,0,,0.0,0.0
task_0168,family_31,template_31,1.0,1.0,11,NC4-ABLATION,0,1,0,0,6100,6100,550.0,23,1440,0,120,11,1,0,0,0.047,0,1,0,0,0,0,0,0,0,0,0,0,0,0,,0.0,0.0
task_0169,family_31,template_31,0.25,0.0,11,B-COLD,1,0,0,1,5550,5550,504.54545454545456,23,11120,0,120,0,0,1,0,0.99,4,0,0,0,0,0,0,0,0,0,0,0,0,0,,1.0,0.0
task_0169,family_31,template_31,0.25,0.0,11,B-RAG-EMBED,1,0,0,1,800,800,54.54545454545455,13,1590,150,120,11,1,1,0,0.99,4,0,0,0,0,0,0,0,0,0,0,1,1,0,,1.0,0.0
task_0169,family_31,template_31,0.25,0.0,11,B-STAGEHAND-CACHE,1,0,0,1,5550,5550,504.54545454545456,23,11120,0,120,0,0,1,0,0.99,4,0,0,0,0,0,0,0,0,0,0,1,0,0,,1.0,0.0
task_0169,family_31,template_31,0.25,0.0,11,B-TERX-REPLAY,1,0,0,1,5550,5550,504.54545454545456,23,11120,0,120,0,0,1,0,0.99,4,0,0,0,0,0,0,0,0,0,0,1,0,0,,1.0,0.0
task_0169,family_31,template_31,0.25,0.0,11,P-SPIDER-MEA-BATCHED,1,0,1,0,5920,5920,505.45454545454544,26,11325,150,120,0,0,1,0,0.01,0,0,0,0,0,0,1,1,0,1,0,1,0,0,e9fb70cc92f4c121,1.0,1.0
task_0169,family_31,template_31,0.25,0.0,11,NC1-SHUFFLED,0,0,1,1,5550,5550,500.0,23,11120,0,120,0,0,1,0,0.0221,0,0,0,0,0,1,0,0,0,0,0,0,0,0,,0.0,0.0
task_0169,family_31,template_31,0.25,0.0,11,NC2-RANDOM,1,0,0,1,5550,5550,500.0,23,11120,0,120,0,0,1,0,0.99,4,0,0,0,0,0,0,0,0,0,0,0,0,0,,0.0,0.0
task_0169,family_31,template_31,0.25,0.0,11,NC3-LENGTH,1,0,0,1,5550,5550,500.0,23,11120,0,120,0,0,1,0,0.55,2,0,0,0,0,0,0,0,0,0,0,0,0,0,,0.0,0.0
task_0169,family_31,template_31,0.25,0.0,11,NC4-ABLATION,1,0,0,1,6100,6100,550.0,23,1440,0,120,11,1,1,0,0.99,4,0,0,0,0,0,0,0,0,0,0,0,0,0,,0.0,0.0
task_0170,family_31,template_31,0.5,1.0,11,B-COLD,1,0,0,1,5550,5550,504.54545454545456,23,11120,0,120,0,0,1,0,0.96,4,0,0,0,0,0,0,0,0,0,0,0,0,0,,0.7777777777777778,0.0
task_0170,family_31,template_31,0.5,1.0,11,B-RAG-EMBED,1,0,0,1,5750,5750,504.54545454545456,24,11270,150,120,0,0,1,0,0.96,4,0,0,0,0,0,0,0,0,0,0,1,0,0,,0.7777777777777778,0.0
task_0170,family_31,template_31,0.5,1.0,11,B-STAGEHAND-CACHE,1,0,0,1,5550,5550,504.54545454545456,23,11120,0,120,0,0,1,0,0.96,4,0,0,0,0,0,0,0,0,0,0,1,0,0,,0.7777777777777778,0.0
task_0170,family_31,template_31,0.5,1.0,11,B-TERX-REPLAY,1,0,0,1,5550,5550,504.54545454545456,23,11120,0,120,0,0,1,0,0.96,4,0,0,0,0,0,0,0,0,0,0,1,0,0,,0.7777777777777778,0.0
task_0170,family_31,template_31,0.5,1.0,11,P-SPIDER-MEA-BATCHED,1,0,1,1,5880,5880,501.8181818181818,26,11235,150,30,0,0,0,0,0.01,0,1,1,1,1,1,1,1,0,1,0,1,0,0,613c9bf285073bb4,0.7777777777777778,0.7777777777777778
task_0170,family_31,template_31,0.5,1.0,11,NC1-SHUFFLED,0,0,1,1,5550,5550,500.0,23,11120,0,120,0,0,1,0,0.01,0,0,0,0,0,1,0,0,0,0,0,0,0,0,,0.0,0.0
task_0170,family_31,template_31,0.5,1.0,11,NC2-RANDOM,1,0,0,1,5550,5550,500.0,23,11120,0,120,0,0,1,0,0.99,4,0,0,0,0,0,0,0,0,0,0,0,0,0,,0.0,0.0
task_0170,family_31,template_31,0.5,1.0,11,NC3-LENGTH,1,0,0,1,5550,5550,500.0,23,11120,0,120,0,0,1,0,0.55,2,0,0,0,0,0,0,0,0,0,0,0,0,0,,0.0,0.0
task_0170,family_31,template_31,0.5,1.0,11,NC4-ABLATION,0,1,0,0,6100,6100,550.0,23,1440,0,120,11,1,0,0,0.01,0,1,0,0,0,0,0,0,0,0,0,0,0,0,,0.0,0.0
task_0171,family_31,template_31,0.75,1.0,11,B-COLD,1,0,0,1,5550,5550,504.54545454545456,23,11120,0,120,0,0,1,0,0.99,4,0,0,0,0,0,0,0,0,0,0,0,0,0,,0.8,0.0
task_0171,family_31,template_31,0.75,1.0,11,B-RAG-EMBED,1,0,0,1,5750,5750,504.54545454545456,24,11270,150,120,0,0,1,0,0.99,4,0,0,0,0,0,0,0,0,0,0,1,0,0,,0.8,0.0
task_0171,family_31,template_31,0.75,1.0,11,B-STAGEHAND-CACHE,1,0,0,1,5550,5550,504.54545454545456,23,11120,0,120,0,0,1,0,0.99,4,0,0,0,0,0,0,0,0,0,0,1,0,0,,0.8,0.0
task_0171,family_31,template_31,0.75,1.0,11,B-TERX-REPLAY,1,0,0,1,5550,5550,504.54545454545456,23,11120,0,120,0,0,1,0,0.99,4,0,0,0,0,0,0,0,0,0,0,1,0,0,,0.8,0.0
task_0171,family_31,template_31,0.75,1.0,11,P-SPIDER-MEA-BATCHED,1,0,1,0,5880,5880,501.8181818181818,26,11235,150,30,0,0,1,0,0.01,0,0,1,1,1,0,1,1,0,1,0,1,0,0,2709b6667fca0bfb,0.8,0.8
task_0171,family_31,template_31,0.75,1.0,11,NC1-SHUFFLED,0,0,1,0,5550,5550,500.0,23,11120,0,120,0,0,0,0,0.01,0,1,0,0,0,1,0,0,0,0,0,0,0,0,,0.0,0.0
task_0171,family_31,template_31,0.75,1.0,11,NC2-RANDOM,0,1,0,0,5550,5550,500.0,23,11120,0,120,0,0,0,0,0.01,0,1,0,0,0,0,0,0,0,0,0,0,0,0,,0.0,0.0
task_0171,family_31,template_31,0.75,1.0,11,NC3-LENGTH,1,0,0,1,5550,5550,500.0,23,11120,0,120,0,0,1,0,0.55,2,0,0,0,0,0,0,0,0,0,0,0,0,0,,0.0,0.0
task_0171,family_31,template_31,0.75,1.0,11,NC4-ABLATION,0,1,0,0,6100,6100,550.0,23,1440,0,120,11,1,0,0,0.0289,0,1,0,0,0,0,0,0,0,0,0,0,0,0,,0.0,0.0
task_0172,family_32,template_32,0.0,0.0,12,B-COLD,1,0,0,1,6050,6050,504.1666666666667,25,12120,0,120,0,0,1,0,0.99,4,0,0,0,0,0,0,0,0,0,0,0,0,0,,1.0,0.0
task_0172,family_32,template_32,0.0,0.0,12,B-RAG-EMBED,1,0,0,1,850,850,54.166666666666664,14,1710,150,120,12,1,1,0,0.99,4,0,0,0,0,0,0,0,0,0,0,1,1,0,,1.0,0.0
task_0172,family_32,template_32,0.0,0.0,12,B-STAGEHAND-CACHE,1,0,0,1,650,650,54.166666666666664,13,1560,0,120,12,1,1,0,0.99,4,0,0,0,0,0,0,0,0,0,0,1,1,0,,1.0,0.0
task_0172,family_32,template_32,0.0,0.0,12,B-TERX-REPLAY,1,0,0,1,650,650,54.166666666666664,13,1560,0,120,12,1,1,0,0.99,4,0,0,0,0,0,0,0,0,0,0,1,1,0,,1.0,0.0
task_0172,family_32,template_32,0.0,0.0,12,P-SPIDER-MEA-BATCHED,1,0,1,0,6470,6470,509.1666666666667,28,12300,150,30,0,0,1,0,0.01,0,0,1,1,1,0,1,1,0,0,1,1,0,0,88ced6db93ff415a,1.0,1.0
task_0172,family_32,template_32,0.0,0.0,12,NC1-SHUFFLED,1,0,0,1,6050,6050,500.0,25,12120,0,120,0,0,1,0,0.9664,4,0,0,0,0,0,0,0,0,0,0,0,0,0,,0.0,0.0
task_0172,family_32,template_32,0.0,0.0,12,NC2-RANDOM,1,0,0,1,6050,6050,500.0,25,12120,0,120,0,0,1,0,0.9651,4,0,0,0,0,0,0,0,0,0,0,0,0,0,,0.0,0.0
task_0172,family_32,template_32,0.0,0.0,12,NC3-LENGTH,1,0,0,1,6050,6050,500.0,25,12120,0,120,0,0,1,0,0.55,2,0,0,0,0,0,0,0,0,0,0,0,0,0,,0.0,0.0
task_0172,family_32,template_32,0.0,0.0,12,NC4-ABLATION,1,0,0,1,6650,6650,550.0,25,1560,0,120,12,1,1,0,0.9839,4,0,0,0,0,0,0,0,0,0,0,0,0,0,,0.0,0.0
task_0173,family_32,template_32,0.25,0.5,12,B-COLD,1,0,0,1,6050,6050,504.1666666666667,25,12120,0,120,0,0,1,0,0.99,4,0,0,0,0,0,0,0,0,0,0,0,0,0,,0.9333333333333333,0.0
task_0173,family_32,template_32,0.25,0.5,12,B-RAG-EMBED,1,0,0,1,3550,3550,279.1666666666667,20,6990,150,120,6,1,1,0,0.99,4,0,0,0,0,0,0,0,0,0,0,1,1,0,,0.9333333333333333,0.0
task_0173,family_32,template_32,0.25,0.5,12,B-STAGEHAND-CACHE,1,0,0,1,6050,6050,504.1666666666667,25,12120,0,120,0,0,1,0,0.99,4,0,0,0,0,0,0,0,0,0,0,1,0,0,,0.9333333333333333,0.0
task_0173,family_32,template_32,0.25,0.5,12,B-TERX-REPLAY,1,0,0,1,6050,6050,504.1666666666667,25,12120,0,120,0,0,1,0,0.99,4,0,0,0,0,0,0,0,0,0,0,1,0,0,,0.9333333333333333,0.0
task_0173,family_32,template_32,0.25,0.5,12,P-SPIDER-MEA-BATCHED,1,0,1,0,6420,6420,505.0,28,12325,150,120,0,0,1,0,0.01,0,0,0,0,0,0,1,1,0,1,0,1,0,0,023a2573c0ea85df,0.9333333333333333,1.0
task_0173,family_32,template_32,0.25,0.5,12,NC1-SHUFFLED,0,0,1,1,6050,6050,500.0,25,12120,0,120,0,0,1,0,0.01,0,0,0,0,0,1,0,0,0,0,0,0,0,0,,0.0,0.0
task_0173,family_32,template_32,0.25,0.5,12,NC2-RANDOM,1,0,0,1,6050,6050,500.0,25,12120,0,120,0,0,1,0,0.9526,4,0,0,0,0,0,0,0,0,0,0,0,0,0,,0.0,0.0
task_0173,family_32,template_32,0.25,0.5,12,NC3-LENGTH,1,0,0,1,6050,6050,500.0,25,12120,0,120,0,0,1,0,0.55,2,0,0,0,0,0,0,0,0,0,0,0,0,0,,0.0,0.0
task_0173,family_32,template_32,0.25,0.5,12,NC4-ABLATION,1,0,0,1,6650,6650,550.0,25,1560,0,120,12,1,1,0,0.9593,4,0,0,0,0,0,0,0,0,0,0,0,0,0,,0.0,0.0
task_0174,family_32,template_32,0.5,0.5,12,B-COLD,1,0,0,1,6050,6050,504.1666666666667,25,12120,0,120,0,0,1,0,0.99,4,0,0,0,0,0,0,0,0,0,0,0,0,0,,0.9,0.0
task_0174,family_32,template_32,0.5,0.5,12,B-RAG-EMBED,1,0,0,1,3550,3550,279.1666666666667,20,6990,150,120,6,1,1,0,0.99,4,0,0,0,0,0,0,0,0,0,0,1,1,0,,0.9,0.0
task_0174,family_32,template_32,0.5,0.5,12,B-STAGEHAND-CACHE,1,0,0,1,6050,6050,504.1666666666667,25,12120,0,120,0,0,1,0,0.99,4,0,0,0,0,0,0,0,0,0,0,1,0,0,,0.9,0.0
task_0174,family_32,template_32,0.5,0.5,12,B-TERX-REPLAY,1,0,0,1,6050,6050,504.1666666666667,25,12120,0,120,0,0,1,0,0.99,4,0,0,0,0,0,0,0,0,0,0,1,0,0,,0.9,0.0
task_0174,family_32,template_32,0.5,0.5,12,P-SPIDER-MEA-BATCHED,1,0,1,0,6420,6420,505.0,28,12325,150,120,0,0,1,0,0.0261,0,0,0,0,0,0,1,1,0,1,0,1,0,0,023e6c8baa2f14b7,0.9,1.0
task_0174,family_32,template_32,0.5,0.5,12,NC1-SHUFFLED,0,0,1,1,6050,6050,500.0,25,12120,0,120,0,0,1,0,0.0446,0,0,0,0,0,1,0,0,0,0,0,0,0,0,,0.0,0.0
task_0174,family_32,template_32,0.5,0.5,12,NC2-RANDOM,1,0,0,1,6050,6050,500.0,25,12120,0,120,0,0,1,0,0.9759,4,0,0,0,0,0,0,0,0,0,0,0,0,0,,0.0,0.0
task_0174,family_32,template_32,0.5,0.5,12,NC3-LENGTH,1,0,0,1,6050,6050,500.0,25,12120,0,120,0,0,1,0,0.55,2,0,0,0,0,0,0,0,0,0,0,0,0,0,,0.0,0.0
task_0174,family_32,template_32,0.5,0.5,12,NC4-ABLATION,1,0,0,1,6650,6650,550.0,25,1560,0,120,12,1,1,0,0.99,4,0,0,0,0,0,0,0,0,0,0,0,0,0,,0.0,0.0
task_0175,family_32,template_32,0.75,1.0,12,B-COLD,1,0,0,1,6050,6050,504.1666666666667,25,12120,0,120,0,0,1,0,0.99,4,0,0,0,0,0,0,0,0,0,0,0,0,0,,0.8222222222222222,0.0
task_0175,family_32,template_32,0.75,1.0,12,B-RAG-EMBED,1,0,0,1,6250,6250,504.1666666666667,26,12270,150,120,0,0,1,0,0.99,4,0,0,0,0,0,0,0,0,0,0,1,0,0,,0.8222222222222222,0.0
task_0175,family_32,template_32,0.75,1.0,12,B-STAGEHAND-CACHE,1,0,0,1,6050,6050,504.1666666666667,25,12120,0,120,0,0,1,0,0.99,4,0,0,0,0,0,0,0,0,0,0,1,0,0,,0.8222222222222222,0.0
task_0175,family_32,template_32,0.75,1.0,12,B-TERX-REPLAY,1,0,0,1,6050,6050,504.1666666666667,25,12120,0,120,0,0,1,0,0.99,4,0,0,0,0,0,0,0,0,0,0,1,0,0,,0.8222222222222222,0.0
task_0175,family_32,template_32,0.75,1.0,12,P-SPIDER-MEA-BATCHED,1,0,1,0,6420,6420,505.0,28,12325,150,120,0,0,1,0,0.0434,0,0,0,0,0,0,1,1,0,1,0,1,0,0,d7d80508932e1bf3,0.8222222222222222,0.8666666666666667
task_0175,family_32,template_32,0.75,1.0,12,NC1-SHUFFLED,0,0,1,0,6050,6050,500.0,25,12120,0,120,0,0,0,0,0.01,0,1,0,0,0,1,0,0,0,0,0,0,0,0,,0.0,0.0
task_0175,family_32,template_32,0.75,1.0,12,NC2-RANDOM,0,1,0,0,6050,6050,500.0,25,12120,0,120,0,0,0,0,0.0202,0,1,0,0,0,0,0,0,0,0,0,0,0,0,,0.0,0.0
task_0175,family_32,template_32,0.75,1.0,12,NC3-LENGTH,1,0,0,1,6050,6050,500.0,25,12120,0,120,0,0,1,0,0.55,2,0,0,0,0,0,0,0,0,0,0,0,0,0,,0.0,0.0
task_0175,family_32,template_32,0.75,1.0,12,NC4-ABLATION,0,1,0,0,6650,6650,550.0,25,1560,0,120,12,1,0,0,0.0131,0,1,0,0,0,0,0,0,0,0,0,0,0,0,,0.0,0.0
task_0176,family_32,template_32,1.0,1.0,12,B-COLD,1,0,0,1,6050,6050,504.1666666666667,25,12120,0,120,0,0,1,0,0.99,4,0,0,0,0,0,0,0,0,0,0,0,0,0,,0.8,0.0
task_0176,family_32,template_32,1.0,1.0,12,B-RAG-EMBED,1,0,0,1,6250,6250,504.1666666666667,26,12270,150,120,0,0,1,0,0.99,4,0,0,0,0,0,0,0,0,0,0,1,0,0,,0.8,0.0
task_0176,family_32,template_32,1.0,1.0,12,B-STAGEHAND-CACHE,1,0,0,1,6050,6050,504.1666666666667,25,12120,0,120,0,0,1,0,0.99,4,0,0,0,0,0,0,0,0,0,0,1,0,0,,0.8,0.0
task_0176,family_32,template_32,1.0,1.0,12,B-TERX-REPLAY,1,0,0,1,6050,6050,504.1666666666667,25,12120,0,120,0,0,1,0,0.99,4,0,0,0,0,0,0,0,0,0,0,1,0,0,,0.8,0.0
task_0176,family_32,template_32,1.0,1.0,12,P-SPIDER-MEA-BATCHED,1,0,1,0,6420,6420,505.0,28,12325,150,120,0,0,1,0,0.0211,0,0,0,0,0,0,1,1,0,1,0,1,0,0,0da14fa6c13645e5,0.8,0.8
task_0176,family_32,template_32,1.0,1.0,12,NC1-SHUFFLED,0,0,1,1,6050,6050,500.0,25,12120,0,120,0,0,1,0,0.0424,0,0,0,0,0,1,0,0,0,0,0,0,0,0,,0.0,0.0
task_0176,family_32,template_32,1.0,1.0,12,NC2-RANDOM,1,0,0,1,6050,6050,500.0,25,12120,0,120,0,0,1,0,0.9634,4,0,0,0,0,0,0,0,0,0,0,0,0,0,,0.0,0.0
task_0176,family_32,template_32,1.0,1.0,12,NC3-LENGTH,1,0,0,1,6050,6050,500.0,25,12120,0,120,0,0,1,0,0.55,2,0,0,0,0,0,0,0,0,0,0,0,0,0,,0.0,0.0
task_0176,family_32,template_32,1.0,1.0,12,NC4-ABLATION,0,1,0,0,6650,6650,550.0,25,1560,0,120,12,1,0,0,0.0332,0,1,0,0,0,0,0,0,0,0,0,0,0,0,,0.0,0.0
task_0177,family_33,template_33,0.0,0.0,13,B-COLD,1,0,0,1,6550,6550,503.84615384615387,27,13120,0,120,0,0,1,0,0.9833,4,0,0,0,0,0,0,0,0,0,0,0,0,0,,1.0,0.0
task_0177,family_33,template_33,0.0,0.0,13,B-RAG-EMBED,1,0,0,1,900,900,53.84615384615385,15,1830,150,120,13,1,1,0,0.9833,4,0,0,0,0,0,0,0,0,0,0,1,1,0,,1.0,0.0
task_0177,family_33,template_33,0.0,0.0,13,B-STAGEHAND-CACHE,1,0,0,1,700,700,53.84615384615385,14,1680,0,120,13,1,1,0,0.9833,4,0,0,0,0,0,0,0,0,0,0,1,1,0,,1.0,0.0
task_0177,family_33,template_33,0.0,0.0,13,B-TERX-REPLAY,1,0,0,1,700,700,53.84615384615385,14,1680,0,120,13,1,1,0,0.9833,4,0,0,0,0,0,0,0,0,0,0,1,1,0,,1.0,0.0
task_0177,family_33,template_33,0.0,0.0,13,P-SPIDER-MEA-BATCHED,1,0,1,0,6970,6970,508.46153846153845,30,13300,150,30,0,0,1,0,0.0485,0,0,1,1,1,0,1,1,0,0,1,1,0,0,552c1c5c4a9da57c,1.0,1.0
task_0177,family_33,template_33,0.0,0.0,13,NC1-SHUFFLED,0,0,1,0,6550,6550,500.0,27,13120,0,120,0,0,0,0,0.01,0,1,0,0,0,1,0,0,0,0,0,0,0,0,,0.0,0.0
task_0177,family_33,template_33,0.0,0.0,13,NC2-RANDOM,0,1,0,0,6550,6550,500.0,27,13120,0,120,0,0,0,0,0.01,0,1,0,0,0,0,0,0,0,0,0,0,0,0,,0.0,0.0
task_0177,family_33,template_33,0.0,0.0,13,NC3-LENGTH,1,0,0,1,6550,6550,500.0,27,13120,0,120,0,0,1,0,0.55,2,0,0,0,0,0,0,0,0,0,0,0,0,0,,0.0,0.0
task_0177,family_33,template_33,0.0,0.0,13,NC4-ABLATION,1,0,0,1,7200,7200,550.0,27,1680,0,120,13,1,1,0,0.9755,4,0,0,0,0,0,0,0,0,0,0,0,0,0,,0.0,0.0
task_0178,family_33,template_33,0.5,0.5,13,B-COLD,1,0,0,1,6550,6550,503.84615384615387,27,13120,0,120,0,0,1,0,0.99,4,0,0,0,0,0,0,0,0,0,0,0,0,0,,0.9,0.0
task_0178,family_33,template_33,0.5,0.5,13,B-RAG-EMBED,1,0,0,1,3600,3600,261.53846153846155,21,7110,150,120,7,1,1,0,0.99,4,0,0,0,0,0,0,0,0,0,0,1,1,0,,0.9,0.0
task_0178,family_33,template_33,0.5,0.5,13,B-STAGEHAND-CACHE,1,0,0,1,6550,6550,503.84615384615387,27,13120,0,120,0,0,1,0,0.99,4,0,0,0,0,0,0,0,0,0,0,1,0,0,,0.9,0.0
task_0178,family_33,template_33,0.5,0.5,13,B-TERX-REPLAY,1,0,0,1,6550,6550,503.84615384615387,27,13120,0,120,0,0,1,0,0.99,4,0,0,0,0,0,0,0,0,0,0,1,0,0,,0.9,0.0
task_0178,family_33,template_33,0.5,0.5,13,P-SPIDER-MEA-BATCHED,1,0,1,0,6920,6920,504.61538461538464,30,13325,150,120,0,0,1,0,0.01,0,0,0,0,0,0,1,1,0,1,0,1,0,0,a5d5609af6117edb,0.9,1.0
task_0178,family_33,template_33,0.5,0.5,13,NC1-SHUFFLED,0,0,1,0,6550,6550,500.0,27,13120,0,120,0,0,0,0,0.01,0,1,0,0,0,1,0,0,0,0,0,0,0,0,,0.0,0.0
task_0178,family_33,template_33,0.5,0.5,13,NC2-RANDOM,0,1,0,0,6550,6550,500.0,27,13120,0,120,0,0,0,0,0.05,0,1,0,0,0,0,0,0,0,0,0,0,0,0,,0.0,0.0
task_0178,family_33,template_33,0.5,0.5,13,NC3-LENGTH,1,0,0,1,6550,6550,500.0,27,13120,0,120,0,0,1,0,0.55,2,0,0,0,0,0,0,0,0,0,0,0,0,0,,0.0,0.0
task_0178,family_33,template_33,0.5,0.5,13,NC4-ABLATION,1,0,0,1,7200,7200,550.0,27,1680,0,120,13,1,1,0,0.99,4,0,0,0,0,0,0,0,0,0,0,0,0,0,,0.0,0.0
task_0179,family_33,template_33,0.75,1.0,13,B-COLD,1,0,0,1,6550,6550,503.84615384615387,27,13120,0,120,0,0,1,0,0.9725,4,0,0,0,0,0,0,0,0,0,0,0,0,0,,0.823076923076923,0.0
task_0179,family_33,template_33,0.75,1.0,13,B-RAG-EMBED,1,0,0,1,6750,6750,503.84615384615387,28,13270,150,120,0,0,1,0,0.9725,4,0,0,0,0,0,0,0,0,0,0,1,0,0,,0.823076923076923,0.0
task_0179,family_33,template_33,0.75,1.0,13,B-STAGEHAND-CACHE,1,0,0,1,6550,6550,503.84615384615387,27,13120,0,120,0,0,1,0,0.9725,4,0,0,0,0,0,0,0,0,0,0,1,0,0,,0.823076923076923,0.0
task_0179,family_33,template_33,0.75,1.0,13,B-TERX-REPLAY,1,0,0,1,6550,6550,503.84615384615387,27,13120,0,120,0,0,1,0,0.9725,4,0,0,0,0,0,0,0,0,0,0,1,0,0,,0.823076923076923,0.0
task_0179,family_33,template_33,0.75,1.0,13,P-SPIDER-MEA-BATCHED,1,0,1,0,6880,6880,501.53846153846155,30,13235,150,30,0,0,1,0,0.01,0,0,1,1,1,0,1,1,0,1,0,1,0,0,eaa49a5bb3f828e0,0.823076923076923,0.8461538461538461
task_0179,family_33,template_33,0.75,1.0,13,NC1-SHUFFLED,0,0,1,1,6550,6550,500.0,27,13120,0,120,0,0,1,0,0.01,0,0,0,0,0,1,0,0,0,0,0,0,0,0,,0.0,0.0
task_0179,family_33,template_33,0.75,1.0,13,NC2-RANDOM,1,0,0,1,6550,6550,500.0,27,13120,0,120,0,0,1,0,0.99,4,0,0,0,0,0,0,0,0,0,0,0,0,0,,0.0,0.0
task_0179,family_33,template_33,0.75,1.0,13,NC3-LENGTH,1,0,0,1,6550,6550,500.0,27,13120,0,120,0,0,1,0,0.55,2,0,0,0,0,0,0,0,0,0,0,0,0,0,,0.0,0.0
task_0179,family_33,template_33,0.75,1.0,13,NC4-ABLATION,1,0,0,1,7200,7200,550.0,27,1680,0,120,13,1,1,0,0.99,4,0,0,0,0,0,0,0,0,0,0,0,0,0,,0.0,0.0
task_0180,family_33,template_33,1.0,1.0,13,B-COLD,1,0,0,1,6550,6550,503.84615384615387,27,13120,0,120,0,0,1,0,0.99,4,0,0,0,0,0,0,0,0,0,0,0,0,0,,0.8174603174603174,0.0
task_0180,family_33,template_33,1.0,1.0,13,B-RAG-EMBED,1,0,0,1,6750,6750,503.84615384615387,28,13270,150,120,0,0,1,0,0.99,4,0,0,0,0,0,0,0,0,0,0,1,0,0,,0.8174603174603174,0.0
task_0180,family_33,template_33,1.0,1.0,13,B-STAGEHAND-CACHE,1,0,0,1,6550,6550,503.84615384615387,27,13120,0,120,0,0,1,0,0.99,4,0,0,0,0,0,0,0,0,0,0,1,0,0,,0.8174603174603174,0.0
task_0180,family_33,template_33,1.0,1.0,13,B-TERX-REPLAY,1,0,0,1,6550,6550,503.84615384615387,27,13120,0,120,0,0,1,0,0.99,4,0,0,0,0,0,0,0,0,0,0,1,0,0,,0.8174603174603174,0.0
task_0180,family_33,template_33,1.0,1.0,13,P-SPIDER-MEA-BATCHED,1,0,1,0,6920,6920,504.61538461538464,30,13325,150,120,0,0,1,0,0.01,0,0,0,0,1,0,1,1,0,1,0,1,0,0,0eb165e12069bae8,0.8174603174603174,0.8571428571428571
task_0180,family_33,template_33,1.0,1.0,13,NC1-SHUFFLED,0,0,1,1,6550,6550,500.0,27,13120,0,120,0,0,1,0,0.0271,0,0,0,0,0,1,0,0,0,0,0,0,0,0,,0.0,0.0
task_0180,family_33,template_33,1.0,1.0,13,NC2-RANDOM,1,0,0,1,6550,6550,500.0,27,13120,0,120,0,0,1,0,0.97,4,0,0,0,0,0,0,0,0,0,0,0,0,0,,0.0,0.0
task_0180,family_33,template_33,1.0,1.0,13,NC3-LENGTH,1,0,0,1,6550,6550,500.0,27,13120,0,120,0,0,1,0,0.55,2,0,0,0,0,0,0,0,0,0,0,0,0,0,,0.0,0.0
task_0180,family_33,template_33,1.0,1.0,13,NC4-ABLATION,1,0,0,1,7200,7200,550.0,27,1680,0,120,13,1,1,0,0.99,4,0,0,0,0,0,0,0,0,0,0,0,0,0,,0.0,0.0
task_0181,family_33,template_33,0.25,0.5,13,B-COLD,1,0,0,1,6550,6550,503.84615384615387,27,13120,0,120,0,0,1,0,0.9519,4,0,0,0,0,0,0,0,0,0,0,0,0,0,,0.8928571428571428,0.0
task_0181,family_33,template_33,0.25,0.5,13,B-RAG-EMBED,1,0,0,1,3600,3600,261.53846153846155,21,7110,150,120,7,1,1,0,0.9519,4,0,0,0,0,0,0,0,0,0,0,1,1,0,,0.8928571428571428,0.0
task_0181,family_33,template_33,0.25,0.5,13,B-STAGEHAND-CACHE,1,0,0,1,6550,6550,503.84615384615387,27,13120,0,120,0,0,1,0,0.9519,4,0,0,0,0,0,0,0,0,0,0,1,0,0,,0.8928571428571428,0.0
task_0181,family_33,template_33,0.25,0.5,13,B-TERX-REPLAY,1,0,0,1,6550,6550,503.84615384615387,27,13120,0,120,0,0,1,0,0.9519,4,0,0,0,0,0,0,0,0,0,0,1,0,0,,0.8928571428571428,0.0
task_0181,family_33,template_33,0.25,0.5,13,P-SPIDER-MEA-BATCHED,1,0,1,0,6880,6880,501.53846153846155,30,13235,150,30,0,0,1,0,0.01,0,0,1,1,1,0,1,1,0,1,0,1,0,0,518cd47e57a12f45,0.8928571428571428,1.0
task_0181,family_33,template_33,0.25,0.5,13,NC1-SHUFFLED,0,0,1,1,6550,6550,500.0,27,13120,0,120,0,0,1,0,0.0378,0,0,0,0,0,1,0,0,0,0,0,0,0,0,,0.0,0.0
task_0181,family_33,template_33,0.25,0.5,13,NC2-RANDOM,1,0,0,1,6550,6550,500.0,27,13120,0,120,0,0,1,0,0.99,4,0,0,0,0,0,0,0,0,0,0,0,0,0,,0.0,0.0
task_0181,family_33,template_33,0.25,0.5,13,NC3-LENGTH,1,0,0,1,6550,6550,500.0,27,13120,0,120,0,0,1,0,0.55,2,0,0,0,0,0,0,0,0,0,0,0,0,0,,0.0,0.0
task_0181,family_33,template_33,0.25,0.5,13,NC4-ABLATION,1,0,0,1,7200,7200,550.0,27,1680,0,120,13,1,1,0,0.9577,4,0,0,0,0,0,0,0,0,0,0,0,0,0,,0.0,0.0
task_0182,family_34,template_34,0.0,0.0,14,B-COLD,1,0,0,1,7050,7050,503.57142857142856,29,14120,0,120,0,0,1,0,0.9657,4,0,0,0,0,0,0,0,0,0,0,0,0,0,,1.0,0.0
task_0182,family_34,template_34,0.0,0.0,14,B-RAG-EMBED,1,0,0,1,950,950,53.57142857142857,16,1950,150,120,14,1,1,0,0.9657,4,0,0,0,0,0,0,0,0,0,0,1,1,0,,1.0,0.0
task_0182,family_34,template_34,0.0,0.0,14,B-STAGEHAND-CACHE,1,0,0,1,750,750,53.57142857142857,15,1800,0,120,14,1,1,0,0.9657,4,0,0,0,0,0,0,0,0,0,0,1,1,0,,1.0,0.0
task_0182,family_34,template_34,0.0,0.0,14,B-TERX-REPLAY,1,0,0,1,750,750,53.57142857142857,15,1800,0,120,14,1,1,0,0.9657,4,0,0,0,0,0,0,0,0,0,0,1,1,0,,1.0,0.0
task_0182,family_34,template_34,0.0,0.0,14,P-SPIDER-MEA-BATCHED,1,0,1,0,7470,7470,507.85714285714283,32,14300,150,30,0,0,1,0,0.0492,0,0,1,1,1,0,1,1,0,0,1,1,0,0,d8a5f48c311b292d,1.0,1.0
task_0182,family_34,template_34,0.0,0.0,14,NC1-SHUFFLED,1,0,0,1,7050,7050,500.0,29,14120,0,120,0,0,1,0,0.9589,4,0,0,0,0,0,0,0,0,0,0,0,0,0,,0.0,0.0
task_0182,family_34,template_34,0.0,0.0,14,NC2-RANDOM,1,0,0,1,7050,7050,500.0,29,14120,0,120,0,0,1,0,0.9766,4,0,0,0,0,0,0,0,0,0,0,0,0,0,,0.0,0.0
task_0182,family_34,template_34,0.0,0.0,14,NC3-LENGTH,1,0,0,1,7050,7050,500.0,29,14120,0,120,0,0,1,0,0.55,2,0,0,0,0,0,0,0,0,0,0,0,0,0,,0.0,0.0
task_0182,family_34,template_34,0.0,0.0,14,NC4-ABLATION,0,1,0,0,7750,7750,550.0,29,1800,0,120,14,1,0,0,0.0206,0,1,0,0,0,0,0,0,0,0,0,0,0,0,,0.0,0.0
task_0183,family_34,template_34,0.75,0.6667,14,B-COLD,1,0,0,1,7050,7050,503.57142857142856,29,14120,0,120,0,0,1,0,0.9789,4,0,0,0,0,0,0,0,0,0,0,0,0,0,,0.8857142857142857,0.0
task_0183,family_34,template_34,0.75,0.6667,14,B-RAG-EMBED,1,0,0,1,5000,5000,342.85714285714283,25,9870,150,120,5,1,1,0,0.9789,4,0,0,0,0,0,0,0,0,0,0,1,1,0,,0.8857142857142857,0.0
task_0183,family_34,template_34,0.75,0.6667,14,B-STAGEHAND-CACHE,1,0,0,1,7050,7050,503.57142857142856,29,14120,0,120,0,0,1,0,0.9789,4,0,0,0,0,0,0,0,0,0,0,1,0,0,,0.8857142857142857,0.0
task_0183,family_34,template_34,0.75,0.6667,14,B-TERX-REPLAY,1,0,0,1,7050,7050,503.57142857142856,29,14120,0,120,0,0,1,0,0.9789,4,0,0,0,0,0,0,0,0,0,0,1,0,0,,0.8857142857142857,0.0
task_0183,family_34,template_34,0.75,0.6667,14,P-SPIDER-MEA-BATCHED,1,0,1,0,7380,7380,501.42857142857144,32,14235,150,30,0,0,1,0,0.01,0,0,1,1,1,0,1,1,0,1,0,1,0,0,d582f49255778f81,0.8857142857142857,1.0
task_0183,family_34,template_34,0.75,0.6667,14,NC1-SHUFFLED,0,0,1,1,7050,7050,500.0,29,14120,0,120,0,0,1,0,0.01,0,0,0,0,0,1,0,0,0,0,0,0,0,0,,0.0,0.0
task_0183,family_34,template_34,0.75,0.6667,14,NC2-RANDOM,1,0,0,1,7050,7050,500.0,29,14120,0,120,0,0,1,0,0.99,4,0,0,0,0,0,0,0,0,0,0,0,0,0,,0.0,0.0
task_0183,family_34,template_34,0.75,0.6667,14,NC3-LENGTH,1,0,0,1,7050,7050,500.0,29,14120,0,120,0,0,1,0,0.55,2,0,0,0,0,0,0,0,0,0,0,0,0,0,,0.0,0.0
task_0183,family_34,template_34,0.75,0.6667,14,NC4-ABLATION,0,1,0,0,7750,7750,550.0,29,1800,0,120,14,1,0,0,0.0257,0,1,0,0,0,0,0,0,0,0,0,0,0,0,,0.0,0.0
task_0184,family_34,template_34,1.0,1.0,14,B-COLD,1,0,0,1,7050,7050,503.57142857142856,29,14120,0,120,0,0,1,0,0.99,4,0,0,0,0,0,0,0,0,0,0,0,0,0,,0.8412698412698413,0.0
task_0184,family_34,template_34,1.0,1.0,14,B-RAG-EMBED,1,0,0,1,7250,7250,503.57142857142856,30,14270,150,120,0,0,1,0,0.99,4,0,0,0,0,0,0,0,0,0,0,1,0,0,,0.8412698412698413,0.0
task_0184,family_34,template_34,1.0,1.0,14,B-STAGEHAND-CACHE,1,0,0,1,7050,7050,503.57142857142856,29,14120,0,120,0,0,1,0,0.99,4,0,0,0,0,0,0,0,0,0,0,1,0,0,,0.8412698412698413,0.0
task_0184,family_34,template_34,1.0,1.0,14,B-TERX-REPLAY,1,0,0,1,7050,7050,503.57142857142856,29,14120,0,120,0,0,1,0,0.99,4,0,0,0,0,0,0,0,0,0,0,1,0,0,,0.8412698412698413,0.0
task_0184,family_34,template_34,1.0,1.0,14,P-SPIDER-MEA-BATCHED,1,0,1,0,7420,7420,504.2857142857143,32,14325,150,120,0,0,1,0,0.01,0,0,0,0,0,0,1,1,0,1,0,1,0,0,44c9056c0d60ba4e,0.8412698412698413,0.8666666666666667
task_0184,family_34,template_34,1.0,1.0,14,NC1-SHUFFLED,0,0,1,0,7050,7050,500.0,29,14120,0,120,0,0,0,0,0.0277,0,1,0,0,0,1,0,0,0,0,0,0,0,0,,0.0,0.0
task_0184,family_34,template_34,1.0,1.0,14,NC2-RANDOM,0,1,0,0,7050,7050,500.0,29,14120,0,120,0,0,0,0,0.01,0,1,0,0,0,0,0,0,0,0,0,0,0,0,,0.0,0.0
task_0184,family_34,template_34,1.0,1.0,14,NC3-LENGTH,1,0,0,1,7050,7050,500.0,29,14120,0,120,0,0,1,0,0.55,2,0,0,0,0,0,0,0,0,0,0,0,0,0,,0.0,0.0
task_0184,family_34,template_34,1.0,1.0,14,NC4-ABLATION,0,1,0,0,7750,7750,550.0,29,1800,0,120,14,1,0,0,0.01,0,1,0,0,0,0,0,0,0,0,0,0,0,0,,0.0,0.0
task_0185,family_34,template_34,0.25,0.3333,14,B-COLD,1,0,0,1,7050,7050,503.57142857142856,29,14120,0,120,0,0,1,0,0.9591,4,0,0,0,0,0,0,0,0,0,0,0,0,0,,0.9555555555555556,0.0
task_0185,family_34,template_34,0.25,0.3333,14,B-RAG-EMBED,1,0,0,1,3200,3200,214.28571428571428,21,6350,150,120,9,1,1,0,0.9591,4,0,0,0,0,0,0,0,0,0,0,1,1,0,,0.9555555555555556,0.0
task_0185,family_34,template_34,0.25,0.3333,14,B-STAGEHAND-CACHE,1,0,0,1,7050,7050,503.57142857142856,29,14120,0,120,0,0,1,0,0.9591,4,0,0,0,0,0,0,0,0,0,0,1,0,0,,0.9555555555555556,0.0
task_0185,family_34,template_34,0.25,0.3333,14,B-TERX-REPLAY,1,0,0,1,7050,7050,503.57142857142856,29,14120,0,120,0,0,1,0,0.9591,4,0,0,0,0,0,0,0,0,0,0,1,0,0,,0.9555555555555556,0.0
task_0185,family_34,template_34,0.25,0.3333,14,P-SPIDER-MEA-BATCHED,1,0,1,0,7380,7380,501.42857142857144,32,14235,150,30,0,0,1,0,0.0403,0,0,1,1,1,0,1,1,0,1,0,1,0,0,91256a8eeac7398a,0.9555555555555556,1.0
task_0185,family_34,template_34,0.25,0.3333,14,NC1-SHUFFLED,0,0,1,1,7050,7050,500.0,29,14120,0,120,0,0,1,0,0.0365,0,0,0,0,0,1,0,0,0,0,0,0,0,0,,0.0,0.0
task_0185,family_34,template_34,0.25,0.3333,14,NC2-RANDOM,1,0,0,1,7050,7050,500.0,29,14120,0,120,0,0,1,0,0.9641,4,0,0,0,0,0,0,0,0,0,0,0,0,0,,0.0,0.0
task_0185,family_34,template_34,0.25,0.3333,14,NC3-LENGTH,1,0,0,1,7050,7050,500.0,29,14120,0,120,0,0,1,0,0.55,2,0,0,0,0,0,0,0,0,0,0,0,0,0,,0.0,0.0
task_0185,family_34,template_34,0.25,0.3333,14,NC4-ABLATION,0,1,0,0,7750,7750,550.0,29,1800,0,120,14,1,0,0,0.01,0,1,0,0,0,0,0,0,0,0,0,0,0,0,,0.0,0.0
task_0186,family_34,template_34,0.5,0.6667,14,B-COLD,1,0,0,1,7050,7050,503.57142857142856,29,14120,0,120,0,0,1,0,0.9522,4,0,0,0,0,0,0,0,0,0,0,0,0,0,,0.8666666666666667,0.0
task_0186,family_34,template_34,0.5,0.6667,14,B-RAG-EMBED,1,0,0,1,5000,5000,342.85714285714283,25,9870,150,120,5,1,1,0,0.9522,4,0,0,0,0,0,0,0,0,0,0,1,1,0,,0.8666666666666667,0.0
task_0186,family_34,template_34,0.5,0.6667,14,B-STAGEHAND-CACHE,1,0,0,1,7050,7050,503.57142857142856,29,14120,0,120,0,0,1,0,0.9522,4,0,0,0,0,0,0,0,0,0,0,1,0,0,,0.8666666666666667,0.0
task_0186,family_34,template_34,0.5,0.6667,14,B-TERX-REPLAY,1,0,0,1,7050,7050,503.57142857142856,29,14120,0,120,0,0,1,0,0.9522,4,0,0,0,0,0,0,0,0,0,0,1,0,0,,0.8666666666666667,0.0
task_0186,family_34,template_34,0.5,0.6667,14,P-SPIDER-MEA-BATCHED,1,0,1,0,7380,7380,501.42857142857144,32,14235,150,30,0,0,1,0,0.01,0,0,1,1,1,0,1,1,0,1,0,1,0,0,3cddb5c52c7b6c10,0.8666666666666667,1.0
task_0186,family_34,template_34,0.5,0.6667,14,NC1-SHUFFLED,0,0,1,1,7050,7050,500.0,29,14120,0,120,0,0,1,0,0.01,0,0,0,0,0,1,0,0,0,0,0,0,0,0,,0.0,0.0
task_0186,family_34,template_34,0.5,0.6667,14,NC2-RANDOM,1,0,0,1,7050,7050,500.0,29,14120,0,120,0,0,1,0,0.99,4,0,0,0,0,0,0,0,0,0,0,0,0,0,,0.0,0.0
task_0186,family_34,template_34,0.5,0.6667,14,NC3-LENGTH,1,0,0,1,7050,7050,500.0,29,14120,0,120,0,0,1,0,0.55,2,0,0,0,0,0,0,0,0,0,0,0,0,0,,0.0,0.0
task_0186,family_34,template_34,0.5,0.6667,14,NC4-ABLATION,1,0,0,1,7750,7750,550.0,29,1800,0,120,14,1,1,0,0.9731,4,0,0,0,0,0,0,0,0,0,0,0,0,0,,0.0,0.0
task_0187,family_35,template_35,0.0,0.0,8,B-COLD,1,0,0,1,4050,4050,506.25,17,8120,0,120,0,0,1,0,0.9618,4,0,0,0,0,0,0,0,0,0,0,0,0,0,,1.0,0.0
task_0187,family_35,template_35,0.0,0.0,8,B-RAG-EMBED,1,0,0,1,650,650,56.25,10,1230,150,120,8,1,1,0,0.9618,4,0,0,0,0,0,0,0,0,0,0,1,1,0,,1.0,0.0
task_0187,family_35,template_35,0.0,0.0,8,B-STAGEHAND-CACHE,1,0,0,1,450,450,56.25,9,1080,0,120,8,1,1,0,0.9618,4,0,0,0,0,0,0,0,0,0,0,1,1,0,,1.0,0.0
task_0187,family_35,template_35,0.0,0.0,8,B-TERX-REPLAY,1,0,0,1,450,450,56.25,9,1080,0,120,8,1,1,0,0.9618,4,0,0,0,0,0,0,0,0,0,0,1,1,0,,1.0,0.0
task_0187,family_35,template_35,0.0,0.0,8,P-SPIDER-MEA-BATCHED,1,0,1,0,4470,4470,513.75,20,8300,150,30,0,0,1,0,0.0429,0,0,1,1,1,0,1,1,0,0,1,1,0,0,183248c8c8eaeec8,1.0,1.0
task_0187,family_35,template_35,0.0,0.0,8,NC1-SHUFFLED,0,0,1,0,4050,4050,500.0,17,8120,0,120,0,0,0,0,0.01,0,1,0,0,0,1,0,0,0,0,0,0,0,0,,0.0,0.0
task_0187,family_35,template_35,0.0,0.0,8,NC2-RANDOM,0,1,0,0,4050,4050,500.0,17,8120,0,120,0,0,0,0,0.01,0,1,0,0,0,0,0,0,0,0,0,0,0,0,,0.0,0.0
task_0187,family_35,template_35,0.0,0.0,8,NC3-LENGTH,1,0,0,1,4050,4050,500.0,17,8120,0,120,0,0,1,0,0.55,2,0,0,0,0,0,0,0,0,0,0,0,0,0,,0.0,0.0
task_0187,family_35,template_35,0.0,0.0,8,NC4-ABLATION,1,0,0,1,4450,4450,550.0,17,1080,0,120,8,1,1,0,0.99,4,0,0,0,0,0,0,0,0,0,0,0,0,0,,0.0,0.0
task_0188,family_35,template_35,1.0,1.0,8,B-COLD,1,0,0,1,4050,4050,506.25,17,8120,0,120,0,0,1,0,0.9768,4,0,0,0,0,0,0,0,0,0,0,0,0,0,,0.8,0.0
task_0188,family_35,template_35,1.0,1.0,8,B-RAG-EMBED,1,0,0,1,4250,4250,506.25,18,8270,150,120,0,0,1,0,0.9768,4,0,0,0,0,0,0,0,0,0,0,1,0,0,,0.8,0.0
task_0188,family_35,template_35,1.0,1.0,8,B-STAGEHAND-CACHE,1,0,0,1,4050,4050,506.25,17,8120,0,120,0,0,1,0,0.9768,4,0,0,0,0,0,0,0,0,0,0,1,0,0,,0.8,0.0
task_0188,family_35,template_35,1.0,1.0,8,B-TERX-REPLAY,1,0,0,1,4050,4050,506.25,17,8120,0,120,0,0,1,0,0.9768,4,0,0,0,0,0,0,0,0,0,0,1,0,0,,0.8,0.0
task_0188,family_35,template_35,1.0,1.0,8,P-SPIDER-MEA-BATCHED,1,0,1,1,4380,4380,502.5,20,8235,150,30,0,0,0,0,0.01,0,1,1,1,1,1,1,1,0,1,0,1,0,0,c629eb927d6d9a9f,0.8,0.8
task_0188,family_35,template_35,1.0,1.0,8,NC1-SHUFFLED,0,0,1,1,4050,4050,500.0,17,8120,0,120,0,0,1,0,0.01,0,0,0,0,0,1,0,0,0,0,0,0,0,0,,0.0,0.0
task_0188,family_35,template_35,1.0,1.0,8,NC2-RANDOM,1,0,0,1,4050,4050,500.0,17,8120,0,120,0,0,1,0,0.99,4,0,0,0,0,0,0,0,0,0,0,0,0,0,,0.0,0.0
task_0188,family_35,template_35,1.0,1.0,8,NC3-LENGTH,1,0,0,1,4050,4050,500.0,17,8120,0,120,0,0,1,0,0.55,2,0,0,0,0,0,0,0,0,0,0,0,0,0,,0.0,0.0
task_0188,family_35,template_35,1.0,1.0,8,NC4-ABLATION,1,0,0,1,4450,4450,550.0,17,1080,0,120,8,1,1,0,0.9899,4,0,0,0,0,0,0,0,0,0,0,0,0,0,,0.0,0.0
task_0189,family_35,template_35,0.25,0.0,8,B-COLD,1,0,0,1,4050,4050,506.25,17,8120,0,120,0,0,1,0,0.99,4,0,0,0,0,0,0,0,0,0,0,0,0,0,,1.0,0.0
task_0189,family_35,template_35,0.25,0.0,8,B-RAG-EMBED,1,0,0,1,650,650,56.25,10,1230,150,120,8,1,1,0,0.99,4,0,0,0,0,0,0,0,0,0,0,1,1,0,,1.0,0.0
task_0189,family_35,template_35,0.25,0.0,8,B-STAGEHAND-CACHE,1,0,0,1,4050,4050,506.25,17,8120,0,120,0,0,1,0,0.99,4,0,0,0,0,0,0,0,0,0,0,1,0,0,,1.0,0.0
task_0189,family_35,template_35,0.25,0.0,8,B-TERX-REPLAY,1,0,0,1,4050,4050,506.25,17,8120,0,120,0,0,1,0,0.99,4,0,0,0,0,0,0,0,0,0,0,1,0,0,,1.0,0.0
task_0189,family_35,template_35,0.25,0.0,8,P-SPIDER-MEA-BATCHED,1,0,1,0,4420,4420,507.5,20,8325,150,120,0,0,1,0,0.0502,0,0,0,0,0,0,1,1,0,1,0,1,0,0,382b653c1ec7e823,1.0,1.0
task_0189,family_35,template_35,0.25,0.0,8,NC1-SHUFFLED,0,0,1,1,4050,4050,500.0,17,8120,0,120,0,0,1,0,0.01,0,0,0,0,0,1,0,0,0,0,0,0,0,0,,0.0,0.0
task_0189,family_35,template_35,0.25,0.0,8,NC2-RANDOM,1,0,0,1,4050,4050,500.0,17,8120,0,120,0,0,1,0,0.99,4,0,0,0,0,0,0,0,0,0,0,0,0,0,,0.0,0.0
task_0189,family_35,template_35,0.25,0.0,8,NC3-LENGTH,1,0,0,1,4050,4050,500.0,17,8120,0,120,0,0,1,0,0.55,2,0,0,0,0,0,0,0,0,0,0,0,0,0,,0.0,0.0
task_0189,family_35,template_35,0.25,0.0,8,NC4-ABLATION,1,0,0,1,4450,4450,550.0,17,1080,0,120,8,1,1,0,0.99,4,0,0,0,0,0,0,0,0,0,0,0,0,0,,0.0,0.0
task_0190,family_35,template_35,0.5,1.0,8,B-COLD,1,0,0,1,4050,4050,506.25,17,8120,0,120,0,0,1,0,0.9635,4,0,0,0,0,0,0,0,0,0,0,0,0,0,,0.7777777777777778,0.0
task_0190,family_35,template_35,0.5,1.0,8,B-RAG-EMBED,1,0,0,1,4250,4250,506.25,18,8270,150,120,0,0,1,0,0.9635,4,0,0,0,0,0,0,0,0,0,0,1,0,0,,0.7777777777777778,0.0
task_0190,family_35,template_35,0.5,1.0,8,B-STAGEHAND-CACHE,1,0,0,1,4050,4050,506.25,17,8120,0,120,0,0,1,0,0.9635,4,0,0,0,0,0,0,0,0,0,0,1,0,0,,0.7777777777777778,0.0
task_0190,family_35,template_35,0.5,1.0,8,B-TERX-REPLAY,1,0,0,1,4050,4050,506.25,17,8120,0,120,0,0,1,0,0.9635,4,0,0,0,0,0,0,0,0,0,0,1,0,0,,0.7777777777777778,0.0
task_0190,family_35,template_35,0.5,1.0,8,P-SPIDER-MEA-BATCHED,1,0,1,0,4380,4380,502.5,20,8235,150,30,0,0,1,0,0.0386,0,0,1,1,1,0,1,1,0,1,0,1,0,0,86c1719f9cbe81bc,0.7777777777777778,0.7777777777777778
task_0190,family_35,template_35,0.5,1.0,8,NC1-SHUFFLED,1,0,0,1,4050,4050,500.0,17,8120,0,120,0,0,1,0,0.9882,4,0,0,0,0,0,0,0,0,0,0,0,0,0,,0.0,0.0
task_0190,family_35,template_35,0.5,1.0,8,NC2-RANDOM,1,0,0,1,4050,4050,500.0,17,8120,0,120,0,0,1,0,0.9521,4,0,0,0,0,0,0,0,0,0,0,0,0,0,,0.0,0.0
task_0190,family_35,template_35,0.5,1.0,8,NC3-LENGTH,1,0,0,1,4050,4050,500.0,17,8120,0,120,0,0,1,0,0.55,2,0,0,0,0,0,0,0,0,0,0,0,0,0,,0.0,0.0
task_0190,family_35,template_35,0.5,1.0,8,NC4-ABLATION,0,1,0,0,4450,4450,550.0,17,1080,0,120,8,1,0,0,0.01,0,1,0,0,0,0,0,0,0,0,0,0,0,0,,0.0,0.0
task_0191,family_35,template_35,0.75,1.0,8,B-COLD,1,0,0,1,4050,4050,506.25,17,8120,0,120,0,0,1,0,0.99,4,0,0,0,0,0,0,0,0,0,0,0,0,0,,0.8,0.0
task_0191,family_35,template_35,0.75,1.0,8,B-RAG-EMBED,1,0,0,1,4250,4250,506.25,18,8270,150,120,0,0,1,0,0.99,4,0,0,0,0,0,0,0,0,0,0,1,0,0,,0.8,0.0
task_0191,family_35,template_35,0.75,1.0,8,B-STAGEHAND-CACHE,1,0,0,1,4050,4050,506.25,17,8120,0,120,0,0,1,0,0.99,4,0,0,0,0,0,0,0,0,0,0,1,0,0,,0.8,0.0
task_0191,family_35,template_35,0.75,1.0,8,B-TERX-REPLAY,1,0,0,1,4050,4050,506.25,17,8120,0,120,0,0,1,0,0.99,4,0,0,0,0,0,0,0,0,0,0,1,0,0,,0.8,0.0
task_0191,family_35,template_35,0.75,1.0,8,P-SPIDER-MEA-BATCHED,1,0,1,0,4420,4420,507.5,20,8325,150,120,0,0,1,0,0.01,0,0,0,0,0,0,1,1,0,1,0,1,0,0,ae301e4e45773617,0.8,0.8
task_0191,family_35,template_35,0.75,1.0,8,NC1-SHUFFLED,0,0,1,1,4050,4050,500.0,17,8120,0,120,0,0,1,0,0.01,0,0,0,0,0,1,0,0,0,0,0,0,0,0,,0.0,0.0
task_0191,family_35,template_35,0.75,1.0,8,NC2-RANDOM,1,0,0,1,4050,4050,500.0,17,8120,0,120,0,0,1,0,0.99,4,0,0,0,0,0,0,0,0,0,0,0,0,0,,0.0,0.0
task_0191,family_35,template_35,0.75,1.0,8,NC3-LENGTH,1,0,0,1,4050,4050,500.0,17,8120,0,120,0,0,1,0,0.55,2,0,0,0,0,0,0,0,0,0,0,0,0,0,,0.0,0.0
task_0191,family_35,template_35,0.75,1.0,8,NC4-ABLATION,0,1,0,0,4450,4450,550.0,17,1080,0,120,8,1,0,0,0.01,0,1,0,0,0,0,0,0,0,0,0,0,0,0,,0.0,0.0
