task_id,family_id,system,novelty_fraction,realized_novelty,length,tokens,tokens_f10,per_hit,browser_calls,latency_ms,success,false_accept,unknown,confidence,probeHit,ttlValid,etagMatched,auditorBlocked,frontierHit,frontierCrossFamilyAdoption,cacheHit,auditorFetchMiss,retrieval_hit,toolHit,qcr_jaccard,frontier_jaccard,provenanceHash,verify_passed,hit
task_0000,family_00,B-COLD,0.0,0.0,8,4050,4050,506.25,17,8120,1,0,0,0.9738,0,0,0,0,0,0,0,0,0,0,1.0,0.0,,1,0
task_0000,family_00,B-RAG-EMBED,0.0,0.0,8,650,650,56.25,10,1230,1,0,0,0.9738,0,0,0,0,0,0,0,0,1,0,1.0,0.0,,1,1
task_0000,family_00,B-STAGEHAND-CACHE,0.0,0.0,8,450,450,56.25,9,1080,1,0,0,0.9738,0,0,0,0,0,0,0,0,1,0,1.0,0.0,,1,1
task_0000,family_00,B-TERX-REPLAY,0.0,0.0,8,450,450,56.25,9,1080,1,0,0,0.9738,0,0,0,0,0,0,0,0,1,0,1.0,0.0,,1,1
task_0000,family_00,P-STAGEHAND-TTL,0.0,0.0,8,460,460,57.5,10,1030,1,0,0,0.967,1,1,1,0,1,0,1,0,0,0,0.0,1.0,6c9e6dcf2ec696e6,1,1
task_0000,family_00,P-WEBMCP-TOOL,0.0,0.0,8,655,655,68.75,11,1170,1,0,0,0.99,0,0,0,0,0,0,0,1,1,1,0.0,0.0,72f4889666a0e90c,1,1
task_0000,family_00,P-SPIDER-MEA-BATCHED,0.0,0.0,8,820,820,63.75,12,1285,1,0,0,0.9549,0,0,0,0,1,0,1,0,1,0,1.0,1.0,72f4889666a0e90c,1,1
task_0000,family_00,NC1-SHUFFLED,0.0,0.0,8,820,820,63.75,12,1285,1,0,0,0.99,0,1,0,0,1,0,1,0,0,0,0.16666666666666666,0.3333333333333333,f28ad1058abe60d7,1,1
task_0000,family_00,NC2-RANDOM,0.0,0.0,8,860,860,68.75,11,1310,1,0,1,0.7818821730473873,0,0,0,0,0,0,0,1,0,0,0.0,0.0,cbc1500a5bb718e3,0,0
task_0000,family_00,NC3-LENGTH,0.0,0.0,8,4050,4050,500.0,17,8120,1,0,0,0.55,0,0,0,0,0,0,0,0,0,0,0.0,0.0,,1,0
task_0000,family_00,NC4-ABLATION,0.0,0.0,8,910,910,75.0,12,1350,1,0,0,0.953,0,1,0,0,1,0,0,1,1,0,1.0,1.0,72f4889666a0e90c,1,1
task_0001,family_00,B-COLD,0.25,0.5,8,4050,4050,506.25,17,8120,1,0,0,0.9515,0,0,0,0,0,0,0,0,0,0,0.6666666666666666,0.0,,1,0
task_0001,family_00,B-RAG-EMBED,0.25,0.5,8,2450,2450,281.25,14,4750,1,0,0,0.9515,0,0,0,0,0,0,0,0,1,0,0.6666666666666666,0.0,,1,1
task_0001,family_00,B-STAGEHAND-CACHE,0.25,0.5,8,4050,4050,506.25,17,8120,1,0,0,0.9515,0,0,0,0,0,0,0,0,1,0,0.6666666666666666,0.0,,1,0
task_0001,family_00,B-TERX-REPLAY,0.25,0.5,8,4050,4050,506.25,17,8120,1,0,0,0.9515,0,0,0,0,0,0,0,0,1,0,0.6666666666666666,0.0,,1,0
task_0001,family_00,P-STAGEHAND-TTL,0.25,0.5,8,460,460,57.5,10,1030,1,0,1,0.8627454794848658,1,1,1,0,1,0,0,0,0,0,0.0,1.0,e97b451cdce02523,0,0
task_0001,family_00,P-WEBMCP-TOOL,0.25,0.5,8,565,565,57.5,11,1105,1,0,0,0.9601,0,1,0,0,0,0,1,0,1,1,0.0,0.0,c6cb024828a9609b,1,1
task_0001,family_00,P-SPIDER-MEA-BATCHED,0.25,0.5,8,820,820,63.75,12,1285,1,0,0,0.9742,0,0,0,0,1,0,1,0,1,0,0.6666666666666666,1.0,c6cb024828a9609b,1,1
task_0001,family_00,NC1-SHUFFLED,0.25,0.5,8,2130,2130,227.5,15,3915,0,1,0,0.8834842259342703,1,1,1,0,0,0,1,0,0,0,0.0,0.0,91fa805edbb045e1,0,1
task_0001,family_00,NC2-RANDOM,0.25,0.5,8,1720,1720,176.25,13,2980,1,0,1,0.8763853606931414,1,1,1,0,0,0,0,1,0,0,0.0,0.0,8ea26ecfded2c4c9,0,0
task_0001,family_00,NC3-LENGTH,0.25,0.5,8,4050,4050,500.0,17,8120,1,0,0,0.55,0,0,0,0,0,0,0,0,0,0,0.0,0.0,,1,0
task_0001,family_00,NC4-ABLATION,0.25,0.5,8,780,780,58.75,12,1195,1,0,0,0.9768,1,1,1,0,1,0,1,0,1,0,0.6666666666666666,1.0,c6cb024828a9609b,1,1
task_0002,family_00,B-COLD,0.5,0.5,8,4050,4050,506.25,17,8120,1,0,0,0.99,0,0,0,0,0,0,0,0,0,0,0.6666666666666666,0.0,,1,0
task_0002,family_00,B-RAG-EMBED,0.5,0.5,8,2450,2450,281.25,14,4750,1,0,0,0.99,0,0,0,0,0,0,0,0,1,0,0.6666666666666666,0.0,,1,1
task_0002,family_00,B-STAGEHAND-CACHE,0.5,0.5,8,4050,4050,506.25,17,8120,1,0,0,0.99,0,0,0,0,0,0,0,0,1,0,0.6666666666666666,0.0,,1,0
task_0002,family_00,B-TERX-REPLAY,0.5,0.5,8,4050,4050,506.25,17,8120,1,0,0,0.99,0,0,0,0,0,0,0,0,1,0,0.6666666666666666,0.0,,1,0
task_0002,family_00,P-STAGEHAND-TTL,0.5,0.5,8,460,460,57.5,10,1030,1,0,0,0.99,1,1,1,0,1,0,0,0,0,0,0.0,1.0,523601d916072230,1,1
task_0002,family_00,P-WEBMCP-TOOL,0.5,0.5,8,565,565,57.5,11,1105,1,0,1,0.0356,0,0,0,1,0,0,1,0,1,1,0.0,0.0,fbb7e4c43d507d69,0,0
task_0002,family_00,P-SPIDER-MEA-BATCHED,0.5,0.5,8,820,820,63.75,12,1285,1,0,1,0.0449,0,0,0,1,1,0,1,0,1,0,0.6666666666666666,1.0,fbb7e4c43d507d69,0,0
task_0002,family_00,NC1-SHUFFLED,0.5,0.5,8,780,780,58.75,12,1195,1,0,1,0.8534007388886251,1,1,1,0,1,0,1,0,1,0,0.5,1.0,2b9a9e9d8581d5a9,0,0
task_0002,family_00,NC2-RANDOM,0.5,0.5,8,1760,1760,181.25,13,3070,1,0,0,0.9657,0,0,0,0,0,0,0,1,0,0,0.0,0.0,cee5ae62ef9be2ca,1,1
task_0002,family_00,NC3-LENGTH,0.5,0.5,8,4050,4050,500.0,17,8120,1,0,0,0.55,0,0,0,0,0,0,0,0,0,0,0.0,0.0,,1,0
task_0002,family_00,NC4-ABLATION,0.5,0.5,8,780,780,58.75,12,1195,1,0,0,0.9897,1,1,1,0,1,0,1,0,1,0,0.6666666666666666,1.0,fbb7e4c43d507d69,1,1
task_0003,family_00,B-COLD,0.75,1.0,8,4050,4050,506.25,17,8120,1,0,0,0.9537,0,0,0,0,0,0,0,0,0,0,0.3333333333333333,0.0,,1,0
task_0003,family_00,B-RAG-EMBED,0.75,1.0,8,4250,4250,506.25,18,8270,1,0,0,0.9537,0,0,0,0,0,0,0,0,1,0,0.3333333333333333,0.0,,1,0
task_0003,family_00,B-STAGEHAND-CACHE,0.75,1.0,8,4050,4050,506.25,17,8120,1,0,0,0.9537,0,0,0,0,0,0,0,0,1,0,0.3333333333333333,0.0,,1,0
task_0003,family_00,B-TERX-REPLAY,0.75,1.0,8,4050,4050,506.25,17,8120,1,0,0,0.9537,0,0,0,0,0,0,0,0,1,0,0.3333333333333333,0.0,,1,0
task_0003,family_00,P-STAGEHAND-TTL,0.75,1.0,8,460,460,57.5,10,1030,1,0,1,0.8784007594954685,1,1,1,0,1,0,0,0,0,0,0.0,0.3333333333333333,9306a11ce52fb74f,0,0
task_0003,family_00,P-WEBMCP-TOOL,0.75,1.0,8,565,565,57.5,11,1105,1,0,1,0.0166,0,0,0,1,0,0,1,0,1,1,0.0,0.0,569ec198b075e933,0,0
task_0003,family_00,P-SPIDER-MEA-BATCHED,0.75,1.0,8,780,780,58.75,12,1195,1,0,0,0.9766,1,1,1,0,1,0,1,0,1,0,0.3333333333333333,0.3333333333333333,569ec198b075e933,1,1
task_0003,family_00,NC1-SHUFFLED,0.75,1.0,8,910,910,75.0,12,1350,1,0,0,0.99,0,0,0,0,1,0,0,1,0,0,0.16666666666666666,0.3333333333333333,5d794e44ae6a0963,1,1
task_0003,family_00,NC2-RANDOM,0.75,1.0,8,1760,1760,181.25,13,3070,1,0,0,0.99,0,0,0,0,0,0,0,1,0,0,0.0,0.0,17ad8a6f56871499,1,1
task_0003,family_00,NC3-LENGTH,0.75,1.0,8,4050,4050,500.0,17,8120,1,0,0,0.55,0,0,0,0,0,0,0,0,0,0,0.0,0.0,,1,0
task_0003,family_00,NC4-ABLATION,0.75,1.0,8,1670,1670,170.0,13,3005,1,0,0,0.99,0,0,0,0,0,0,1,0,1,0,0.3333333333333333,0.3333333333333333,569ec198b075e933,1,1
task_0004,family_00,B-COLD,1.0,1.0,8,4050,4050,506.25,17,8120,1,0,0,0.99,0,0,0,0,0,0,0,0,0,0,0.6666666666666666,0.0,,1,0
task_0004,family_00,B-RAG-EMBED,1.0,1.0,8,4250,4250,506.25,18,8270,1,0,0,0.99,0,0,0,0,0,0,0,0,1,0,0.6666666666666666,0.0,,1,0
task_0004,family_00,B-STAGEHAND-CACHE,1.0,1.0,8,4050,4050,506.25,17,8120,1,0,0,0.99,0,0,0,0,0,0,0,0,1,0,0.6666666666666666,0.0,,1,0
task_0004,family_00,B-TERX-REPLAY,1.0,1.0,8,4050,4050,506.25,17,8120,1,0,0,0.99,0,0,0,0,0,0,0,0,1,0,0.6666666666666666,0.0,,1,0
task_0004,family_00,P-STAGEHAND-TTL,1.0,1.0,8,500,500,62.5,10,1120,1,0,1,0.8502019712873393,0,0,0,0,1,0,0,0,0,0,0.0,1.0,a46a77fe8d076e83,0,0
task_0004,family_00,P-WEBMCP-TOOL,1.0,1.0,8,565,565,57.5,11,1105,1,0,1,0.01,0,1,0,1,0,0,1,0,1,1,0.0,0.0,83c051e0a1b6a041,0,0
task_0004,family_00,P-SPIDER-MEA-BATCHED,1.0,1.0,8,780,780,58.75,12,1195,1,0,1,0.0481,1,1,1,1,1,0,1,0,1,0,0.6666666666666666,1.0,83c051e0a1b6a041,0,0
task_0004,family_00,NC1-SHUFFLED,1.0,1.0,8,820,820,63.75,12,1285,1,0,0,0.9743,0,0,0,0,1,0,1,0,1,0,0.5,1.0,17591101d9f69ff9,1,1
task_0004,family_00,NC2-RANDOM,1.0,1.0,8,1760,1760,181.25,13,3070,1,0,0,0.9797,0,1,0,0,0,0,0,1,0,0,0.0,0.0,7d386e56c1e565a3,1,1
task_0004,family_00,NC3-LENGTH,1.0,1.0,8,4050,4050,500.0,17,8120,1,0,0,0.55,0,0,0,0,0,0,0,0,0,0,0.0,0.0,,1,0
task_0004,family_00,NC4-ABLATION,1.0,1.0,8,780,780,58.75,12,1195,1,0,0,0.9892,1,1,1,0,1,0,1,0,1,0,0.6666666666666666,1.0,83c051e0a1b6a041,1,1
task_0005,family_00,B-COLD,0.25,0.5,8,4050,4050,506.25,17,8120,1,0,0,0.9856,0,0,0,0,0,0,0,0,0,0,0.6666666666666666,0.0,,1,0
task_0005,family_00,B-RAG-EMBED,0.25,0.5,8,2450,2450,281.25,14,4750,1,0,0,0.9856,0,0,0,0,0,0,0,0,1,0,0.6666666666666666,0.0,,1,1
task_0005,family_00,B-STAGEHAND-CACHE,0.25,0.5,8,4050,4050,506.25,17,8120,1,0,0,0.9856,0,0,0,0,0,0,0,0,1,0,0.6666666666666666,0.0,,1,0
task_0005,family_00,B-TERX-REPLAY,0.25,0.5,8,4050,4050,506.25,17,8120,1,0,0,0.9856,0,0,0,0,0,0,0,0,1,0,0.6666666666666666,0.0,,1,0
task_0005,family_00,P-STAGEHAND-TTL,0.25,0.5,8,500,500,62.5,10,1120,1,0,0,0.99,0,1,0,0,1,0,0,0,0,0,0.0,1.0,8128f3f2a0c162b8,1,1
task_0005,family_00,P-WEBMCP-TOOL,0.25,0.5,8,565,565,57.5,11,1105,1,0,0,0.99,0,0,0,0,0,0,1,0,1,1,0.0,0.0,84daac5f9dada62b,1,1
task_0005,family_00,P-SPIDER-MEA-BATCHED,0.25,0.5,8,780,780,58.75,12,1195,1,0,1,0.01,1,1,1,1,1,0,1,0,1,0,0.6666666666666666,1.0,84daac5f9dada62b,0,0
task_0005,family_00,NC1-SHUFFLED,0.25,0.5,8,1670,1670,170.0,13,3005,1,0,1,0.9015179355796454,0,0,0,0,0,0,1,0,0,0,0.0,0.0,c85ff3ef5dd9766b,0,0
task_0005,family_00,NC2-RANDOM,0.25,0.5,8,1720,1720,176.25,13,2980,1,0,1,0.7843296054862435,1,1,1,1,0,0,0,1,0,0,0.0,0.0,b606df368e032d4c,0,0
task_0005,family_00,NC3-LENGTH,0.25,0.5,8,4050,4050,500.0,17,8120,1,0,0,0.55,0,0,0,0,0,0,0,0,0,0,0.0,0.0,,1,0
task_0005,family_00,NC4-ABLATION,0.25,0.5,8,820,820,63.75,12,1285,1,0,0,0.99,0,0,0,0,1,0,1,0,1,0,0.6666666666666666,1.0,84daac5f9dada62b,1,1
task_0006,family_01,B-COLD,0.0,0.0,9,4550,4550,505.55555555555554,19,9120,1,0,0,0.99,0,0,0,0,0,0,0,0,0,0,1.0,0.0,,1,0
task_0006,family_01,B-RAG-EMBED,0.0,0.0,9,700,700,55.55555555555556,11,1350,1,0,0,0.99,0,0,0,0,0,0,0,0,1,0,1.0,0.0,,1,1
task_0006,family_01,B-STAGEHAND-CACHE,0.0,0.0,9,500,500,55.55555555555556,10,1200,1,0,0,0.99,0,0,0,0,0,0,0,0,1,0,1.0,0.0,,1,1
task_0006,family_01,B-TERX-REPLAY,0.0,0.0,9,500,500,55.55555555555556,10,1200,1,0,0,0.99,0,0,0,0,0,0,0,0,1,0,1.0,0.0,,1,1
task_0006,family_01,P-STAGEHAND-TTL,0.0,0.0,9,510,510,56.666666666666664,11,1150,1,0,0,0.99,1,1,1,0,1,0,1,0,0,0,0.0,1.0,dc16a3f4f5f3a846,1,1
task_0006,family_01,P-WEBMCP-TOOL,0.0,0.0,9,575,575,52.22222222222222,12,1135,1,0,0,0.9584,1,1,1,0,0,0,1,0,1,1,0.0,0.0,ca07292f3a103716,1,1
task_0006,family_01,P-SPIDER-MEA-BATCHED,0.0,0.0,9,870,870,62.22222222222222,13,1405,1,0,0,0.99,0,0,0,0,1,0,1,0,1,0,1.0,1.0,ca07292f3a103716,1,1
task_0006,family_01,NC1-SHUFFLED,0.0,0.0,9,780,780,52.22222222222222,12,1275,1,0,1,0.8089393944476869,1,1,1,0,0,0,1,0,0,0,0.0,0.0,ff64d8b15e91a76a,0,0
task_0006,family_01,NC2-RANDOM,0.0,0.0,9,870,870,62.22222222222222,12,1340,1,0,0,0.9641,1,1,1,0,0,0,0,1,0,0,0.0,0.0,1ce5bd94a6cd8a52,1,1
task_0006,family_01,NC3-LENGTH,0.0,0.0,9,4550,4550,500.0,19,9120,1,0,0,0.55,0,0,0,0,0,0,0,0,0,0,0.0,0.0,,1,0
task_0006,family_01,NC4-ABLATION,0.0,0.0,9,960,960,72.22222222222223,13,1470,1,0,0,0.99,0,0,0,0,1,0,0,1,1,0,1.0,1.0,ca07292f3a103716,1,1
task_0007,family_01,B-COLD,0.5,0.5,9,4550,4550,505.55555555555554,19,9120,1,0,0,0.99,0,0,0,0,0,0,0,0,0,0,0.5,0.0,,1,0
task_0007,family_01,B-RAG-EMBED,0.5,0.5,9,2500,2500,255.55555555555554,15,4870,1,0,0,0.99,0,0,0,0,0,0,0,0,1,0,0.5,0.0,,1,1
task_0007,family_01,B-STAGEHAND-CACHE,0.5,0.5,9,4550,4550,505.55555555555554,19,9120,1,0,0,0.99,0,0,0,0,0,0,0,0,1,0,0.5,0.0,,1,0
task_0007,family_01,B-TERX-REPLAY,0.5,0.5,9,4550,4550,505.55555555555554,19,9120,1,0,0,0.99,0,0,0,0,0,0,0,0,1,0,0.5,0.0,,1,0
task_0007,family_01,P-STAGEHAND-TTL,0.5,0.5,9,550,550,61.111111111111114,11,1240,1,0,1,0.8339021217947651,0,0,0,0,1,0,0,0,0,0,0.0,1.0,f07e980bdea03bc1,0,0
task_0007,family_01,P-WEBMCP-TOOL,0.5,0.5,9,1065,1065,106.66666666666667,13,2105,1,0,0,0.9792,0,0,0,0,0,0,1,0,1,1,0.0,0.0,2211075250bdd41d,1,1
task_0007,family_01,P-SPIDER-MEA-BATCHED,0.5,0.5,9,830,830,57.77777777777778,13,1315,1,0,1,0.0445,1,1,1,1,1,0,1,0,1,0,0.5,1.0,2211075250bdd41d,0,0
task_0007,family_01,NC1-SHUFFLED,0.5,0.5,9,1770,1770,162.22222222222223,14,3100,1,0,0,0.9801,1,1,1,0,0,0,0,1,0,0,0.0,0.0,659873a4b397af66,1,1
task_0007,family_01,NC2-RANDOM,0.5,0.5,9,2270,2270,217.77777777777777,16,4100,0,1,0,0.8552427556021683,1,1,1,0,0,0,0,1,0,0,0.0,0.0,7517da8674f7b3ee,0,1
task_0007,family_01,NC3-LENGTH,0.5,0.5,9,4550,4550,500.0,19,9120,1,0,0,0.55,0,0,0,0,0,0,0,0,0,0,0.0,0.0,,1,0
task_0007,family_01,NC4-ABLATION,0.5,0.5,9,830,830,57.77777777777778,13,1315,1,0,0,0.99,1,1,1,0,1,0,1,0,1,0,0.5,1.0,2211075250bdd41d,1,1
task_0008,family_01,B-COLD,0.75,1.0,9,4550,4550,505.55555555555554,19,9120,1,0,0,0.99,0,0,0,0,0,0,0,0,0,0,0.0,0.0,,1,0
task_0008,family_01,B-RAG-EMBED,0.75,1.0,9,4750,4750,505.55555555555554,20,9270,1,0,0,0.99,0,0,0,0,0,0,0,0,0,0,0.0,0.0,,1,0
task_0008,family_01,B-STAGEHAND-CACHE,0.75,1.0,9,4550,4550,505.55555555555554,19,9120,1,0,0,0.99,0,0,0,0,0,0,0,0,0,0,0.0,0.0,,1,0
task_0008,family_01,B-TERX-REPLAY,0.75,1.0,9,4550,4550,505.55555555555554,19,9120,1,0,0,0.99,0,0,0,0,0,0,0,0,0,0,0.0,0.0,,1,0
task_0008,family_01,P-STAGEHAND-TTL,0.75,1.0,9,4550,4550,505.55555555555554,19,9120,1,0,1,0.8119255804672028,0,1,0,0,0,0,0,0,0,0,0.0,0.0,e55b1e1f65952c6f,0,0
task_0008,family_01,P-WEBMCP-TOOL,0.75,1.0,9,1515,1515,156.66666666666666,14,2985,1,0,1,0.01,0,1,0,1,0,0,1,0,1,1,0.0,0.0,f25088aa6fbc7f5c,0,0
task_0008,family_01,P-SPIDER-MEA-BATCHED,0.75,1.0,9,1680,1680,152.22222222222223,14,3035,1,0,0,0.9549,1,1,1,0,0,0,1,0,0,0,0.0,0.0,f25088aa6fbc7f5c,1,1
task_0008,family_01,NC1-SHUFFLED,0.75,1.0,9,1680,1680,152.22222222222223,14,3035,1,0,1,0.8622576623939939,1,1,1,0,0,0,1,0,0,0,0.0,0.0,54a353b49cab44a1,0,0
task_0008,family_01,NC2-RANDOM,0.75,1.0,9,1770,1770,162.22222222222223,14,3100,1,0,1,0.7869633163059628,1,1,1,0,0,0,0,1,0,0,0.0,0.0,68fb778e66c168a6,0,0
task_0008,family_01,NC3-LENGTH,0.75,1.0,9,4550,4550,500.0,19,9120,1,0,0,0.55,0,0,0,0,0,0,0,0,0,0,0.0,0.0,,1,0
task_0008,family_01,NC4-ABLATION,0.75,1.0,9,1680,1680,152.22222222222223,14,3035,1,0,0,0.99,1,1,1,0,0,0,1,0,0,0,0.0,0.0,f25088aa6fbc7f5c,1,1
task_0009,family_01,B-COLD,1.0,1.0,9,4550,4550,505.55555555555554,19,9120,1,0,0,0.99,0,0,0,0,0,0,0,0,0,0,0.0,0.0,,1,0
task_0009,family_01,B-RAG-EMBED,1.0,1.0,9,4750,4750,505.55555555555554,20,9270,1,0,0,0.99,0,0,0,0,0,0,0,0,0,0,0.0,0.0,,1,0
task_0009,family_01,B-STAGEHAND-CACHE,1.0,1.0,9,4550,4550,505.55555555555554,19,9120,1,0,0,0.99,0,0,0,0,0,0,0,0,0,0,0.0,0.0,,1,0
task_0009,family_01,B-TERX-REPLAY,1.0,1.0,9,4550,4550,505.55555555555554,19,9120,1,0,0,0.99,0,0,0,0,0,0,0,0,0,0,0.0,0.0,,1,0
task_0009,family_01,P-STAGEHAND-TTL,1.0,1.0,9,4550,4550,505.55555555555554,19,9120,1,0,0,0.99,0,0,0,0,0,0,0,0,0,0,0.0,0.0,2316a7aeae8398eb,1,0
task_0009,family_01,P-WEBMCP-TOOL,1.0,1.0,9,1515,1515,156.66666666666666,14,2985,1,0,1,0.01,0,0,0,1,0,0,1,0,1,1,0.0,0.0,7b701c8c05d9fff5,0,0
task_0009,family_01,P-SPIDER-MEA-BATCHED,1.0,1.0,9,1680,1680,152.22222222222223,14,3035,1,0,1,0.01,1,1,1,1,0,0,1,0,0,0,0.0,0.0,7b701c8c05d9fff5,0,0
task_0009,family_01,NC1-SHUFFLED,1.0,1.0,9,1720,1720,156.66666666666666,14,3125,1,0,1,0.8933551190120466,0,0,0,1,0,0,1,0,0,0,0.0,0.0,0df97bae975320b4,0,0
task_0009,family_01,NC2-RANDOM,1.0,1.0,9,1810,1810,166.66666666666666,14,3190,1,0,1,0.8518035448042525,0,1,0,0,0,0,0,1,0,0,0.0,0.0,cab79c3db1f1fb5e,0,0
task_0009,family_01,NC3-LENGTH,1.0,1.0,9,4550,4550,500.0,19,9120,1,0,0,0.55,0,0,0,0,0,0,0,0,0,0,0.0,0.0,,1,0
task_0009,family_01,NC4-ABLATION,1.0,1.0,9,1720,1720,156.66666666666666,14,3125,1,0,0,0.99,0,1,0,0,0,0,1,0,0,0,0.0,0.0,7b701c8c05d9fff5,1,1
task_0010,family_01,B-COLD,0.25,0.5,9,4550,4550,505.55555555555554,19,9120,1,0,0,0.9788,0,0,0,0,0,0,0,0,0,0,0.5,0.0,,1,0
task_0010,family_01,B-RAG-EMBED,0.25,0.5,9,2500,2500,255.55555555555554,15,4870,1,0,0,0.9788,0,0,0,0,0,0,0,0,1,0,0.5,0.0,,1,1
task_0010,family_01,B-STAGEHAND-CACHE,0.25,0.5,9,4550,4550,505.55555555555554,19,9120,1,0,0,0.9788,0,0,0,0,0,0,0,0,1,0,0.5,0.0,,1,0
task_0010,family_01,B-TERX-REPLAY,0.25,0.5,9,4550,4550,505.55555555555554,19,9120,1,0,0,0.9788,0,0,0,0,0,0,0,0,1,0,0.5,0.0,,1,0
task_0010,family_01,P-STAGEHAND-TTL,0.25,0.5,9,510,510,56.666666666666664,11,1150,1,0,0,0.9662,1,1,1,0,1,0,0,0,0,0,0.0,1.0,d84db2ce57ca50fe,1,1
task_0010,family_01,P-WEBMCP-TOOL,0.25,0.5,9,1065,1065,106.66666666666667,13,2105,1,0,0,0.99,0,0,0,0,0,0,1,0,1,1,0.0,0.0,1975393fdbabe559,1,1
task_0010,family_01,P-SPIDER-MEA-BATCHED,0.25,0.5,9,870,870,62.22222222222222,13,1405,1,0,0,0.99,0,1,0,0,1,0,1,0,1,0,0.5,1.0,1975393fdbabe559,1,1
task_0010,family_01,NC1-SHUFFLED,0.25,0.5,9,870,870,62.22222222222222,13,1405,1,0,1,0.9410294455337134,0,0,0,0,1,0,1,0,1,0,0.5,1.0,802cd9ce78ccc859,0,0
task_0010,family_01,NC2-RANDOM,0.25,0.5,9,1810,1810,166.66666666666666,14,3190,1,0,1,0.897475219011201,0,0,0,0,0,0,0,1,0,0,0.0,0.0,7343dceb0300b7de,0,0
task_0010,family_01,NC3-LENGTH,0.25,0.5,9,4550,4550,500.0,19,9120,1,0,0,0.55,0,0,0,0,0,0,0,0,0,0,0.0,0.0,,1,0
task_0010,family_01,NC4-ABLATION,0.25,0.5,9,830,830,57.77777777777778,13,1315,1,0,0,0.99,1,1,1,0,1,0,1,0,1,0,0.5,1.0,1975393fdbabe559,1,1
task_0011,family_01,B-COLD,0.5,0.5,9,4550,4550,505.55555555555554,19,9120,1,0,0,0.99,0,0,0,0,0,0,0,0,0,0,0.16666666666666666,0.0,,1,0
task_0011,family_01,B-RAG-EMBED,0.5,0.5,9,4750,4750,505.55555555555554,20,9270,1,0,0,0.99,0,0,0,0,0,0,0,0,0,0,0.16666666666666666,0.0,,1,0
task_0011,family_01,B-STAGEHAND-CACHE,0.5,0.5,9,4550,4550,505.55555555555554,19,9120,1,0,0,0.99,0,0,0,0,0,0,0,0,0,0,0.16666666666666666,0.0,,1,0
task_0011,family_01,B-TERX-REPLAY,0.5,0.5,9,4550,4550,505.55555555555554,19,9120,1,0,0,0.99,0,0,0,0,0,0,0,0,0,0,0.16666666666666666,0.0,,1,0
task_0011,family_01,P-STAGEHAND-TTL,0.5,0.5,9,550,550,61.111111111111114,11,1240,1,0,0,0.99,0,0,0,0,1,0,0,0,0,0,0.0,0.3333333333333333,6aab24415a969504,1,1
task_0011,family_01,P-WEBMCP-TOOL,0.5,0.5,9,1065,1065,106.66666666666667,13,2105,1,0,1,0.0282,0,0,0,1,0,0,1,0,1,1,0.0,0.0,4954f6de0ed6c1e2,0,0
task_0011,family_01,P-SPIDER-MEA-BATCHED,0.5,0.5,9,870,870,62.22222222222222,13,1405,1,0,1,0.01,0,0,0,1,1,0,1,0,0,0,0.16666666666666666,0.3333333333333333,4954f6de0ed6c1e2,0,0
task_0011,family_01,NC1-SHUFFLED,0.5,0.5,9,2180,2180,207.77777777777777,16,4035,0,1,0,0.9394995112299004,1,1,1,0,0,0,1,0,0,0,0.0,0.0,b76a27086bb1530e,0,1
task_0011,family_01,NC2-RANDOM,0.5,0.5,9,1810,1810,166.66666666666666,14,3190,1,0,0,0.99,0,0,0,0,0,0,0,1,0,0,0.0,0.0,a1000ee7a25c3683,1,1
task_0011,family_01,NC3-LENGTH,0.5,0.5,9,4550,4550,500.0,19,9120,1,0,0,0.55,0,0,0,0,0,0,0,0,0,0,0.0,0.0,,1,0
task_0011,family_01,NC4-ABLATION,0.5,0.5,9,1720,1720,156.66666666666666,14,3125,1,0,0,0.99,0,0,0,0,0,0,1,0,0,0,0.16666666666666666,0.3333333333333333,4954f6de0ed6c1e2,1,1
task_0012,family_02,B-COLD,0.0,0.0,10,5050,5050,505.0,21,10120,1,0,0,0.9702,0,0,0,0,0,0,0,0,0,0,1.0,0.0,,1,0
task_0012,family_02,B-RAG-EMBED,0.0,0.0,10,750,750,55.0,12,1470,1,0,0,0.9702,0,0,0,0,0,0,0,0,1,0,1.0,0.0,,1,1
task_0012,family_02,B-STAGEHAND-CACHE,0.0,0.0,10,550,550,55.0,11,1320,1,0,0,0.9702,0,0,0,0,0,0,0,0,1,0,1.0,0.0,,1,1
task_0012,family_02,B-TERX-REPLAY,0.0,0.0,10,550,550,55.0,11,1320,1,0,0,0.9702,0,0,0,0,0,0,0,0,1,0,1.0,0.0,,1,1
task_0012,family_02,P-STAGEHAND-TTL,0.0,0.0,10,600,600,60.0,12,1360,1,0,0,0.9844,0,1,0,0,1,0,1,0,0,0,0.0,1.0,edaa781e3845c63e,1,1
task_0012,family_02,P-WEBMCP-TOOL,0.0,0.0,10,625,625,52.0,13,1255,1,0,0,0.99,1,1,1,0,0,0,1,0,1,1,0.0,0.0,ceb0d0d0b85d0a89,1,1
task_0012,family_02,P-SPIDER-MEA-BATCHED,0.0,0.0,10,970,970,66.0,14,1500,1,0,0,0.99,1,1,1,0,1,0,0,1,1,0,1.0,1.0,ceb0d0d0b85d0a89,1,1
task_0012,family_02,NC1-SHUFFLED,0.0,0.0,10,920,920,61.0,14,1525,1,0,1,0.8551807450256059,0,1,0,0,1,0,1,0,1,0,0.3333333333333333,1.0,1bac9be56c65405e,0,0
task_0012,family_02,NC2-RANDOM,0.0,0.0,10,920,920,61.0,13,1460,1,0,0,0.9783,1,1,1,0,0,0,0,1,0,0,0.0,0.0,cad414faa9a5f2e8,1,1
task_0012,family_02,NC3-LENGTH,0.0,0.0,10,5050,5050,500.0,21,10120,1,0,0,0.55,0,0,0,0,0,0,0,0,0,0,0.0,0.0,,1,0
task_0012,family_02,NC4-ABLATION,0.0,0.0,10,880,880,57.0,14,1435,1,0,0,0.99,1,1,1,0,1,0,1,0,1,0,1.0,1.0,ceb0d0d0b85d0a89,1,1
task_0013,family_02,B-COLD,0.75,0.6667,10,5050,5050,505.0,21,10120,1,0,0,0.9865,0,0,0,0,0,0,0,0,0,0,0.5555555555555556,0.0,,1,0
task_0013,family_02,B-RAG-EMBED,0.75,0.6667,10,3900,3900,370.0,19,7630,1,0,0,0.9865,0,0,0,0,0,0,0,0,1,0,0.5555555555555556,0.0,,1,1
task_0013,family_02,B-STAGEHAND-CACHE,0.75,0.6667,10,5050,5050,505.0,21,10120,1,0,0,0.9865,0,0,0,0,0,0,0,0,1,0,0.5555555555555556,0.0,,1,0
task_0013,family_02,B-TERX-REPLAY,0.75,0.6667,10,5050,5050,505.0,21,10120,1,0,0,0.9865,0,0,0,0,0,0,0,0,1,0,0.5555555555555556,0.0,,1,0
task_0013,family_02,P-STAGEHAND-TTL,0.75,0.6667,10,560,560,56.0,12,1270,1,0,0,0.9731,1,1,1,0,1,0,0,0,0,0,0.0,1.0,b20fb72b8a06c56e,1,1
task_0013,family_02,P-WEBMCP-TOOL,0.75,0.6667,10,755,755,65.0,13,1410,1,0,0,0.99,0,0,0,0,0,0,0,1,1,1,0.0,0.0,c7dea40e324ead0f,1,1
task_0013,family_02,P-SPIDER-MEA-BATCHED,0.75,0.6667,10,880,880,57.0,14,1435,1,0,0,0.9597,1,1,1,0,1,0,1,0,1,0,0.5555555555555556,1.0,c7dea40e324ead0f,1,1
task_0013,family_02,NC1-SHUFFLED,0.75,0.6667,10,1010,1010,70.0,14,1590,1,0,1,0.9388202056898437,0,0,0,1,1,0,0,1,0,0,0.1111111111111111,0.3333333333333333,ba26a459fba74e0b,0,0
task_0013,family_02,NC2-RANDOM,0.75,0.6667,10,2310,2310,200.0,16,4190,1,0,1,0.8350326462128793,0,0,0,0,0,0,0,1,0,0,0.0,0.0,cb70ce86fbb866c0,0,0
task_0013,family_02,NC3-LENGTH,0.75,0.6667,10,5050,5050,500.0,21,10120,1,0,0,0.55,0,0,0,0,0,0,0,0,0,0,0.0,0.0,,1,0
task_0013,family_02,NC4-ABLATION,0.75,0.6667,10,880,880,57.0,14,1435,1,0,1,0.0227,1,1,1,1,1,0,1,0,1,0,0.5555555555555556,1.0,c7dea40e324ead0f,0,0
task_0014,family_02,B-COLD,1.0,1.0,10,5050,5050,505.0,21,10120,1,0,0,0.9812,0,0,0,0,0,0,0,0,0,0,0.3333333333333333,0.0,,1,0
task_0014,family_02,B-RAG-EMBED,1.0,1.0,10,5250,5250,505.0,22,10270,1,0,0,0.9812,0,0,0,0,0,0,0,0,1,0,0.3333333333333333,0.0,,1,0
task_0014,family_02,B-STAGEHAND-CACHE,1.0,1.0,10,5050,5050,505.0,21,10120,1,0,0,0.9812,0,0,0,0,0,0,0,0,1,0,0.3333333333333333,0.0,,1,0
task_0014,family_02,B-TERX-REPLAY,1.0,1.0,10,5050,5050,505.0,21,10120,1,0,0,0.9812,0,0,0,0,0,0,0,0,1,0,0.3333333333333333,0.0,,1,0
task_0014,family_02,P-STAGEHAND-TTL,1.0,1.0,10,560,560,56.0,12,1270,1,0,0,0.9667,1,1,1,0,1,0,0,0,0,0,0.0,0.3333333333333333,7933603d5324af55,1,1
task_0014,family_02,P-WEBMCP-TOOL,1.0,1.0,10,665,665,56.0,13,1345,1,0,0,0.989,0,0,0,0,0,0,1,0,1,1,0.0,0.0,e283a5a8ceb6d7d1,1,1
task_0014,family_02,P-SPIDER-MEA-BATCHED,1.0,1.0,10,920,920,61.0,14,1525,1,0,0,0.9856,0,0,0,0,1,0,1,0,1,0,0.3333333333333333,0.3333333333333333,e283a5a8ceb6d7d1,1,1
task_0014,family_02,NC1-SHUFFLED,1.0,1.0,10,1010,1010,70.0,14,1590,1,0,1,0.8657206007444853,0,0,0,1,1,0,0,1,0,0,0.1111111111111111,0.3333333333333333,989ec5fc354b6245,0,0
task_0014,family_02,NC2-RANDOM,1.0,1.0,10,2310,2310,200.0,16,4190,1,0,1,0.7892019590851307,0,0,0,0,0,0,0,1,0,0,0.0,0.0,97929963f46bcbda,0,0
task_0014,family_02,NC3-LENGTH,1.0,1.0,10,5050,5050,500.0,21,10120,1,0,0,0.55,0,0,0,0,0,0,0,0,0,0,0.0,0.0,,1,0
task_0014,family_02,NC4-ABLATION,1.0,1.0,10,2180,2180,187.0,16,4035,1,0,0,0.99,1,1,1,0,0,0,1,0,1,0,0.3333333333333333,0.3333333333333333,e283a5a8ceb6d7d1,1,1
task_0015,family_02,B-COLD,0.25,0.3333,10,5050,5050,505.0,21,10120,1,0,0,0.9775,0,0,0,0,0,0,0,0,0,0,1.0,0.0,,1,0
task_0015,family_02,B-RAG-EMBED,0.25,0.3333,10,2100,2100,190.0,15,4110,1,0,0,0.9775,0,0,0,0,0,0,0,0,1,0,1.0,0.0,,1,1
task_0015,family_02,B-STAGEHAND-CACHE,0.25,0.3333,10,5050,5050,505.0,21,10120,1,0,0,0.9775,0,0,0,0,0,0,0,0,1,0,1.0,0.0,,1,0
task_0015,family_02,B-TERX-REPLAY,0.25,0.3333,10,5050,5050,505.0,21,10120,1,0,0,0.9775,0,0,0,0,0,0,0,0,1,0,1.0,0.0,,1,0
task_0015,family_02,P-STAGEHAND-TTL,0.25,0.3333,10,560,560,56.0,12,1270,1,0,0,0.99,1,1,1,0,1,0,0,0,0,0,0.0,1.0,fd31b9b324349d3a,1,1
task_0015,family_02,P-WEBMCP-TOOL,0.25,0.3333,10,625,625,52.0,13,1255,1,0,0,0.9682,1,1,1,0,0,0,1,0,1,1,0.0,0.0,cc3ba539f5f3e650,1,1
task_0015,family_02,P-SPIDER-MEA-BATCHED,0.25,0.3333,10,880,880,57.0,14,1435,1,0,0,0.9584,1,1,1,0,1,0,1,0,1,0,1.0,1.0,cc3ba539f5f3e650,1,1
task_0015,family_02,NC1-SHUFFLED,0.25,0.3333,10,970,970,66.0,14,1500,1,0,0,0.9743,1,1,1,0,1,0,0,1,1,0,0.3333333333333333,1.0,49c0ee503f59090f,1,1
task_0015,family_02,NC2-RANDOM,0.25,0.3333,10,2270,2270,196.0,16,4100,1,0,0,0.99,1,1,1,0,0,0,0,1,0,0,0.0,0.0,516ed0a9672555c4,1,1
task_0015,family_02,NC3-LENGTH,0.25,0.3333,10,5050,5050,500.0,21,10120,1,0,0,0.55,0,0,0,0,0,0,0,0,0,0,0.0,0.0,,1,0
task_0015,family_02,NC4-ABLATION,0.25,0.3333,10,880,880,57.0,14,1435,1,0,1,0.01,1,1,1,1,1,0,1,0,1,0,1.0,1.0,cc3ba539f5f3e650,0,0
task_0016,family_02,B-COLD,0.5,0.6667,10,5050,5050,505.0,21,10120,1,0,0,0.9613,0,0,0,0,0,0,0,0,0,0,0.7777777777777778,0.0,,1,0
task_0016,family_02,B-RAG-EMBED,0.5,0.6667,10,3900,3900,370.0,19,7630,1,0,0,0.9613,0,0,0,0,0,0,0,0,1,0,0.7777777777777778,0.0,,1,1
task_0016,family_02,B-STAGEHAND-CACHE,0.5,0.6667,10,5050,5050,505.0,21,10120,1,0,0,0.9613,0,0,0,0,0,0,0,0,1,0,0.7777777777777778,0.0,,1,0
task_0016,family_02,B-TERX-REPLAY,0.5,0.6667,10,5050,5050,505.0,21,10120,1,0,0,0.9613,0,0,0,0,0,0,0,0,1,0,0.7777777777777778,0.0,,1,0
task_0016,family_02,P-STAGEHAND-TTL,0.5,0.6667,10,560,560,56.0,12,1270,1,0,0,0.9659,1,1,1,0,1,0,0,0,0,0,0.0,1.0,d7ac6af66b97272f,1,1
task_0016,family_02,P-WEBMCP-TOOL,0.5,0.6667,10,665,665,56.0,13,1345,1,0,0,0.9818,0,0,0,0,0,0,1,0,1,1,0.0,0.0,3bc40f692971ee73,1,1
task_0016,family_02,P-SPIDER-MEA-BATCHED,0.5,0.6667,10,920,920,61.0,14,1525,1,0,0,0.99,0,0,0,0,1,0,1,0,1,0,0.7777777777777778,1.0,3bc40f692971ee73,1,1
task_0016,family_02,NC1-SHUFFLED,0.5,0.6667,10,1470,1470,116.0,16,2500,0,1,0,0.8097196513454887,1,1,1,0,1,0,0,1,0,0,0.2222222222222222,0.3333333333333333,bb473527cdf21d5c,0,1
task_0016,family_02,NC2-RANDOM,0.5,0.6667,10,2310,2310,200.0,16,4190,1,0,0,0.99,0,0,0,0,0,0,0,1,0,0,0.0,0.0,486e7371555e898e,1,1
task_0016,family_02,NC3-LENGTH,0.5,0.6667,10,5050,5050,500.0,21,10120,1,0,0,0.55,0,0,0,0,0,0,0,0,0,0,0.0,0.0,,1,0
task_0016,family_02,NC4-ABLATION,0.5,0.6667,10,920,920,61.0,14,1525,1,0,0,0.99,0,0,0,0,1,0,1,0,1,0,0.7777777777777778,1.0,3bc40f692971ee73,1,1
task_0017,family_02,B-COLD,0.75,0.6667,10,5050,5050,505.0,21,10120,1,0,0,0.9842,0,0,0,0,0,0,0,0,0,0,0.7777777777777778,0.0,,1,0
task_0017,family_02,B-RAG-EMBED,0.75,0.6667,10,3900,3900,370.0,19,7630,1,0,0,0.9842,0,0,0,0,0,0,0,0,1,0,0.7777777777777778,0.0,,1,1
task_0017,family_02,B-STAGEHAND-CACHE,0.75,0.6667,10,5050,5050,505.0,21,10120,1,0,0,0.9842,0,0,0,0,0,0,0,0,1,0,0.7777777777777778,0.0,,1,0
task_0017,family_02,B-TERX-REPLAY,0.75,0.6667,10,5050,5050,505.0,21,10120,1,0,0,0.9842,0,0,0,0,0,0,0,0,1,0,0.7777777777777778,0.0,,1,0
task_0017,family_02,P-STAGEHAND-TTL,0.75,0.6667,10,560,560,56.0,12,1270,1,0,0,0.99,1,1,1,0,1,0,0,0,0,0,0.0,1.0,54e97ff0c4646cd4,1,1
task_0017,family_02,P-WEBMCP-TOOL,0.75,0.6667,10,665,665,56.0,13,1345,1,0,0,0.99,0,0,0,0,0,0,1,0,1,1,0.0,0.0,3af93e1c0ea6a278,1,1
task_0017,family_02,P-SPIDER-MEA-BATCHED,0.75,0.6667,10,880,880,57.0,14,1435,1,0,0,0.99,1,1,1,0,1,0,1,0,1,0,0.7777777777777778,1.0,3af93e1c0ea6a278,1,1
task_0017,family_02,NC1-SHUFFLED,0.75,0.6667,10,1010,1010,70.0,14,1590,1,0,1,0.8631943180776891,0,0,0,1,1,0,0,1,0,0,0.1111111111111111,0.3333333333333333,dabf07ad137395b6,0,0
task_0017,family_02,NC2-RANDOM,0.75,0.6667,10,2310,2310,200.0,16,4190,1,0,0,0.99,0,0,0,0,0,0,0,1,0,0,0.0,0.0,b0ecaeef2b5e11ea,1,1
task_0017,family_02,NC3-LENGTH,0.75,0.6667,10,5050,5050,500.0,21,10120,1,0,0,0.55,0,0,0,0,0,0,0,0,0,0,0.0,0.0,,1,0
task_0017,family_02,NC4-ABLATION,0.75,0.6667,10,920,920,61.0,14,1525,1,0,0,0.99,0,0,0,0,1,0,1,0,1,0,0.7777777777777778,1.0,3af93e1c0ea6a278,1,1
task_0018,family_03,B-COLD,0.0,0.0,11,5550,5550,504.54545454545456,23,11120,1,0,0,0.99,0,0,0,0,0,0,0,0,0,0,1.0,0.0,,1,0
task_0018,family_03,B-RAG-EMBED,0.0,0.0,11,800,800,54.54545454545455,13,1590,1,0,0,0.99,0,0,0,0,0,0,0,0,1,0,1.0,0.0,,1,1
task_0018,family_03,B-STAGEHAND-CACHE,0.0,0.0,11,600,600,54.54545454545455,12,1440,1,0,0,0.99,0,0,0,0,0,0,0,0,1,0,1.0,0.0,,1,1
task_0018,family_03,B-TERX-REPLAY,0.0,0.0,11,600,600,54.54545454545455,12,1440,1,0,0,0.99,0,0,0,0,0,0,0,0,1,0,1.0,0.0,,1,1
task_0018,family_03,P-STAGEHAND-TTL,0.0,0.0,11,650,650,59.09090909090909,13,1480,1,0,0,0.989,0,0,0,0,1,0,1,0,0,0,0.0,1.0,72586ce468fe9459,1,1
task_0018,family_03,P-WEBMCP-TOOL,0.0,0.0,11,805,805,63.63636363636363,14,1530,1,0,0,0.9703,0,0,0,0,0,0,0,1,1,1,0.0,0.0,695567225aa35386,1,1
task_0018,family_03,P-SPIDER-MEA-BATCHED,0.0,0.0,11,970,970,60.0,15,1645,1,0,0,0.99,0,0,0,0,1,0,1,0,1,0,1.0,1.0,695567225aa35386,1,1
task_0018,family_03,NC1-SHUFFLED,0.0,0.0,11,1010,1010,63.63636363636363,14,1670,1,0,0,0.9621,0,0,0,0,0,0,0,1,0,0,0.0,0.0,25cb9bd2e074d110,1,1
task_0018,family_03,NC2-RANDOM,0.0,0.0,11,1470,1470,105.45454545454545,16,2580,0,1,0,0.832781784736194,1,1,1,0,0,0,0,1,0,0,0.0,0.0,dc5f52ff416e647e,0,1
task_0018,family_03,NC3-LENGTH,0.0,0.0,11,5550,5550,500.0,23,11120,1,0,0,0.55,0,0,0,0,0,0,0,0,0,0,0.0,0.0,,1,0
task_0018,family_03,NC4-ABLATION,0.0,0.0,11,970,970,60.0,15,1645,1,0,0,0.99,0,1,0,0,1,0,1,0,1,0,1.0,1.0,695567225aa35386,1,1
task_0019,family_03,B-COLD,1.0,1.0,11,5550,5550,504.54545454545456,23,11120,1,0,0,0.9713,0,0,0,0,0,0,0,0,0,0,0.0,0.0,,1,0
task_0019,family_03,B-RAG-EMBED,1.0,1.0,11,5750,5750,504.54545454545456,24,11270,1,0,0,0.9713,0,0,0,0,0,0,0,0,0,0,0.0,0.0,,1,0
task_0019,family_03,B-STAGEHAND-CACHE,1.0,1.0,11,5550,5550,504.54545454545456,23,11120,1,0,0,0.9713,0,0,0,0,0,0,0,0,0,0,0.0,0.0,,1,0
task_0019,family_03,B-TERX-REPLAY,1.0,1.0,11,5550,5550,504.54545454545456,23,11120,1,0,0,0.9713,0,0,0,0,0,0,0,0,0,0,0.0,0.0,,1,0
task_0019,family_03,P-STAGEHAND-TTL,1.0,1.0,11,5510,5510,500.90909090909093,23,11030,1,0,1,0.9427689962992298,1,1,1,0,0,0,0,0,0,0,0.0,0.0,0a6d3c1aba28556c,0,0
task_0019,family_03,P-WEBMCP-TOOL,1.0,1.0,11,1165,1165,96.36363636363636,15,2345,1,0,0,0.99,0,1,0,0,0,0,1,0,1,1,0.0,0.0,bf874da9f18b3715,1,1
task_0019,family_03,P-SPIDER-MEA-BATCHED,1.0,1.0,11,1420,1420,100.9090909090909,15,2460,1,0,1,0.0493,1,1,1,1,0,0,0,1,0,0,0.0,0.0,bf874da9f18b3715,0,0
task_0019,family_03,NC1-SHUFFLED,1.0,1.0,11,1330,1330,92.72727272727273,15,2395,1,0,1,0.8233590327865807,1,1,1,0,0,0,1,0,0,0,0.0,0.0,7bef0a5e31320caa,0,0
task_0019,family_03,NC2-RANDOM,1.0,1.0,11,1460,1460,104.54545454545455,15,2550,1,0,1,0.9559223203869799,0,0,0,0,0,0,0,1,0,0,0.14285714285714285,0.14285714285714285,96bce77d8543f136,0,0
task_0019,family_03,NC3-LENGTH,1.0,1.0,11,5550,5550,500.0,23,11120,1,0,0,0.55,0,0,0,0,0,0,0,0,0,0,0.0,0.0,,1,0
task_0019,family_03,NC4-ABLATION,1.0,1.0,11,1330,1330,92.72727272727273,15,2395,1,0,1,0.01,1,1,1,1,0,0,1,0,0,0,0.0,0.0,bf874da9f18b3715,0,0
task_0020,family_03,B-COLD,0.25,0.0,11,5550,5550,504.54545454545456,23,11120,1,0,0,0.99,0,0,0,0,0,0,0,0,0,0,1.0,0.0,,1,0
task_0020,family_03,B-RAG-EMBED,0.25,0.0,11,800,800,54.54545454545455,13,1590,1,0,0,0.99,0,0,0,0,0,0,0,0,1,0,1.0,0.0,,1,1
task_0020,family_03,B-STAGEHAND-CACHE,0.25,0.0,11,5550,5550,504.54545454545456,23,11120,1,0,0,0.99,0,0,0,0,0,0,0,0,1,0,1.0,0.0,,1,0
task_0020,family_03,B-TERX-REPLAY,0.25,0.0,11,5550,5550,504.54545454545456,23,11120,1,0,0,0.99,0,0,0,0,0,0,0,0,1,0,1.0,0.0,,1,0
task_0020,family_03,P-STAGEHAND-TTL,0.25,0.0,11,650,650,59.09090909090909,13,1480,1,0,0,0.9622,0,0,0,0,1,0,0,0,0,0,0.0,1.0,0271a7373521b187,1,1
task_0020,family_03,P-WEBMCP-TOOL,0.25,0.0,11,715,715,55.45454545454545,14,1465,1,0,0,0.99,0,0,0,0,0,0,1,0,1,1,0.0,0.0,aa2bd74584534f30,1,1
task_0020,family_03,P-SPIDER-MEA-BATCHED,0.25,0.0,11,930,930,56.36363636363637,15,1555,1,0,0,0.99,1,1,1,0,1,0,1,0,1,0,1.0,1.0,aa2bd74584534f30,1,1
task_0020,family_03,NC1-SHUFFLED,0.25,0.0,11,920,920,55.45454545454545,14,1605,1,0,1,0.9114984812681441,0,0,0,0,0,0,1,0,0,0,0.0,0.0,832f3340e6c0a019,0,0
task_0020,family_03,NC2-RANDOM,0.25,0.0,11,1470,1470,105.45454545454545,16,2580,0,1,0,0.951740851629588,1,1,1,0,0,0,0,1,0,0,0.14285714285714285,0.14285714285714285,ea6aa553c271718c,0,1
task_0020,family_03,NC3-LENGTH,0.25,0.0,11,5550,5550,500.0,23,11120,1,0,0,0.55,0,0,0,0,0,0,0,0,0,0,0.0,0.0,,1,0
task_0020,family_03,NC4-ABLATION,0.25,0.0,11,970,970,60.0,15,1645,1,0,0,0.99,0,0,0,0,1,0,1,0,1,0,1.0,1.0,aa2bd74584534f30,1,1
task_0021,family_03,B-COLD,0.5,1.0,11,5550,5550,504.54545454545456,23,11120,1,0,0,0.9535,0,0,0,0,0,0,0,0,0,0,0.0,0.0,,1,0
task_0021,family_03,B-RAG-EMBED,0.5,1.0,11,5750,5750,504.54545454545456,24,11270,1,0,0,0.9535,0,0,0,0,0,0,0,0,0,0,0.0,0.0,,1,0
task_0021,family_03,B-STAGEHAND-CACHE,0.5,1.0,11,5550,5550,504.54545454545456,23,11120,1,0,0,0.9535,0,0,0,0,0,0,0,0,0,0,0.0,0.0,,1,0
task_0021,family_03,B-TERX-REPLAY,0.5,1.0,11,5550,5550,504.54545454545456,23,11120,1,0,0,0.9535,0,0,0,0,0,0,0,0,0,0,0.0,0.0,,1,0
task_0021,family_03,P-STAGEHAND-TTL,0.5,1.0,11,5510,5510,500.90909090909093,23,11030,1,0,1,0.878275646472845,1,1,1,0,0,0,0,0,0,0,0.0,0.0,1dc6933a688d1b2a,0,0
task_0021,family_03,P-WEBMCP-TOOL,0.5,1.0,11,1165,1165,96.36363636363636,15,2345,1,0,0,0.9571,0,0,0,0,0,0,1,0,1,1,0.0,0.0,6baff68e56b6dbca,1,1
task_0021,family_03,P-SPIDER-MEA-BATCHED,0.5,1.0,11,1330,1330,92.72727272727273,15,2395,1,0,0,0.988,1,1,1,0,0,0,1,0,0,0,0.0,0.0,6baff68e56b6dbca,1,1
task_0021,family_03,NC1-SHUFFLED,0.5,1.0,11,1370,1370,96.36363636363636,15,2485,1,0,1,0.7901901213897827,0,0,0,0,0,0,1,0,0,0,0.0,0.0,c6b9159cf22a149c,0,0
task_0021,family_03,NC2-RANDOM,0.5,1.0,11,1460,1460,104.54545454545455,15,2550,1,0,1,0.8781907402062924,0,0,0,0,0,0,0,1,0,0,0.0,0.0,ac39130eb4099128,0,0
task_0021,family_03,NC3-LENGTH,0.5,1.0,11,5550,5550,500.0,23,11120,1,0,0,0.55,0,0,0,0,0,0,0,0,0,0,0.0,0.0,,1,0
task_0021,family_03,NC4-ABLATION,0.5,1.0,11,1370,1370,96.36363636363636,15,2485,1,0,0,0.9684,0,0,0,0,0,0,1,0,0,0,0.0,0.0,6baff68e56b6dbca,1,1
task_0022,family_03,B-COLD,0.75,1.0,11,5550,5550,504.54545454545456,23,11120,1,0,0,0.99,0,0,0,0,0,0,0,0,0,0,0.0,0.0,,1,0
task_0022,family_03,B-RAG-EMBED,0.75,1.0,11,5750,5750,504.54545454545456,24,11270,1,0,0,0.99,0,0,0,0,0,0,0,0,0,0,0.0,0.0,,1,0
task_0022,family_03,B-STAGEHAND-CACHE,0.75,1.0,11,5550,5550,504.54545454545456,23,11120,1,0,0,0.99,0,0,0,0,0,0,0,0,0,0,0.0,0.0,,1,0
task_0022,family_03,B-TERX-REPLAY,0.75,1.0,11,5550,5550,504.54545454545456,23,11120,1,0,0,0.99,0,0,0,0,0,0,0,0,0,0,0.0,0.0,,1,0
task_0022,family_03,P-STAGEHAND-TTL,0.75,1.0,11,5550,5550,504.54545454545456,23,11120,1,0,0,0.99,0,0,0,0,0,0,0,0,0,0,0.0,0.0,65f537eb03a8899a,1,0
task_0022,family_03,P-WEBMCP-TOOL,0.75,1.0,11,1125,1125,92.72727272727273,15,2255,1,0,0,0.9839,1,1,1,0,0,0,1,0,1,1,0.0,0.0,fa330763c8cade03,1,1
task_0022,family_03,P-SPIDER-MEA-BATCHED,0.75,1.0,11,1370,1370,96.36363636363636,15,2485,1,0,0,0.99,0,0,0,0,0,0,1,0,0,0,0.0,0.0,fa330763c8cade03,1,1
task_0022,family_03,NC1-SHUFFLED,0.75,1.0,11,1460,1460,104.54545454545455,15,2550,1,0,1,0.8483901101757504,0,0,0,0,0,0,0,1,0,0,0.0,0.0,bef6716e689ecb58,0,0
task_0022,family_03,NC2-RANDOM,0.75,1.0,11,1460,1460,104.54545454545455,15,2550,1,0,1,0.9119217287287953,0,0,0,0,0,0,0,1,0,0,0.0,0.0,c6bd18289b351086,0,0
task_0022,family_03,NC3-LENGTH,0.75,1.0,11,5550,5550,500.0,23,11120,1,0,0,0.55,0,0,0,0,0,0,0,0,0,0,0.0,0.0,,1,0
task_0022,family_03,NC4-ABLATION,0.75,1.0,11,1370,1370,96.36363636363636,15,2485,1,0,0,0.9651,0,0,0,0,0,0,1,0,0,0,0.0,0.0,fa330763c8cade03,1,1
task_0023,family_03,B-COLD,1.0,1.0,11,5550,5550,504.54545454545456,23,11120,1,0,0,0.99,0,0,0,0,0,0,0,0,0,0,0.0,0.0,,1,0
task_0023,family_03,B-RAG-EMBED,1.0,1.0,11,5750,5750,504.54545454545456,24,11270,1,0,0,0.99,0,0,0,0,0,0,0,0,0,0,0.0,0.0,,1,0
task_0023,family_03,B-STAGEHAND-CACHE,1.0,1.0,11,5550,5550,504.54545454545456,23,11120,1,0,0,0.99,0,0,0,0,0,0,0,0,0,0,0.0,0.0,,1,0
task_0023,family_03,B-TERX-REPLAY,1.0,1.0,11,5550,5550,504.54545454545456,23,11120,1,0,0,0.99,0,0,0,0,0,0,0,0,0,0,0.0,0.0,,1,0
task_0023,family_03,P-STAGEHAND-TTL,1.0,1.0,11,5550,5550,504.54545454545456,23,11120,1,0,1,0.9497272955359528,0,0,0,0,0,0,0,0,0,0,0.0,0.0,523cd26bac46ffb6,0,0
task_0023,family_03,P-WEBMCP-TOOL,1.0,1.0,11,1165,1165,96.36363636363636,15,2345,1,0,0,0.99,0,0,0,0,0,0,1,0,1,1,0.0,0.0,167a07dc562c2878,1,1
task_0023,family_03,P-SPIDER-MEA-BATCHED,1.0,1.0,11,1370,1370,96.36363636363636,15,2485,1,0,1,0.01,0,0,0,1,0,0,1,0,0,0,0.0,0.0,167a07dc562c2878,0,0
task_0023,family_03,NC1-SHUFFLED,1.0,1.0,11,1420,1420,100.9090909090909,15,2460,1,0,1,0.9125970833226006,1,1,1,1,0,0,0,1,0,0,0.0,0.0,cf93438df7faabaf,0,0
task_0023,family_03,NC2-RANDOM,1.0,1.0,11,1460,1460,104.54545454545455,15,2550,1,0,1,0.9227623203272278,0,1,0,1,0,0,0,1,0,0,0.14285714285714285,0.14285714285714285,7fc54374e161cc67,0,0
task_0023,family_03,NC3-LENGTH,1.0,1.0,11,5550,5550,500.0,23,11120,1,0,0,0.55,0,0,0,0,0,0,0,0,0,0,0.0,0.0,,1,0
task_0023,family_03,NC4-ABLATION,1.0,1.0,11,1330,1330,92.72727272727273,15,2395,1,0,0,0.99,1,1,1,0,0,0,1,0,0,0,0.0,0.0,167a07dc562c2878,1,1
task_0024,family_04,B-COLD,0.0,0.0,12,6050,6050,504.1666666666667,25,12120,1,0,0,0.99,0,0,0,0,0,0,0,0,0,0,1.0,0.0,,1,0
task_0024,family_04,B-RAG-EMBED,0.0,0.0,12,850,850,54.166666666666664,14,1710,1,0,0,0.99,0,0,0,0,0,0,0,0,1,0,1.0,0.0,,1,1
task_0024,family_04,B-STAGEHAND-CACHE,0.0,0.0,12,650,650,54.166666666666664,13,1560,1,0,0,0.99,0,0,0,0,0,0,0,0,1,0,1.0,0.0,,1,1
task_0024,family_04,B-TERX-REPLAY,0.0,0.0,12,650,650,54.166666666666664,13,1560,1,0,0,0.99,0,0,0,0,0,0,0,0,1,0,1.0,0.0,,1,1
task_0024,family_04,P-STAGEHAND-TTL,0.0,0.0,12,700,700,58.333333333333336,14,1600,1,0,0,0.99,0,0,0,0,1,0,1,0,0,0,0.0,1.0,e79e7439f83c468a,1,1
task_0024,family_04,P-WEBMCP-TOOL,0.0,0.0,12,815,815,59.166666666666664,15,1560,1,0,0,0.99,1,1,1,0,0,0,0,1,1,1,0.0,0.0,092252bfef953a03,1,1
task_0024,family_04,P-SPIDER-MEA-BATCHED,0.0,0.0,12,980,980,55.833333333333336,16,1675,1,0,0,0.9846,1,1,1,0,1,0,1,0,1,0,1.0,1.0,092252bfef953a03,1,1
task_0024,family_04,NC1-SHUFFLED,0.0,0.0,12,1020,1020,59.166666666666664,16,1765,1,0,0,0.99,0,0,0,0,1,0,1,0,1,0,0.5,1.0,5860a073b6640ad3,1,1
task_0024,family_04,NC2-RANDOM,0.0,0.0,12,1060,1060,62.5,15,1790,1,0,1,0.7926930640449236,0,0,0,0,0,0,0,1,0,0,0.0,0.0,25303a4b70315b71,0,0
task_0024,family_04,NC3-LENGTH,0.0,0.0,12,6050,6050,500.0,25,12120,1,0,0,0.55,0,0,0,0,0,0,0,0,0,0,0.0,0.0,,1,0
task_0024,family_04,NC4-ABLATION,0.0,0.0,12,980,980,55.833333333333336,16,1675,1,0,0,0.9763,1,1,1,0,1,0,1,0,1,0,1.0,1.0,092252bfef953a03,1,1
task_0025,family_04,B-COLD,0.25,0.5,12,6050,6050,504.1666666666667,25,12120,1,0,0,0.9848,0,0,0,0,0,0,0,0,0,0,0.6666666666666666,0.0,,1,0
task_0025,family_04,B-RAG-EMBED,0.25,0.5,12,3550,3550,279.1666666666667,20,6990,1,0,0,0.9848,0,0,0,0,0,0,0,0,1,0,0.6666666666666666,0.0,,1,1
task_0025,family_04,B-STAGEHAND-CACHE,0.25,0.5,12,6050,6050,504.1666666666667,25,12120,1,0,0,0.9848,0,0,0,0,0,0,0,0,1,0,0.6666666666666666,0.0,,1,0
task_0025,family_04,B-TERX-REPLAY,0.25,0.5,12,6050,6050,504.1666666666667,25,12120,1,0,0,0.9848,0,0,0,0,0,0,0,0,1,0,0.6666666666666666,0.0,,1,0
task_0025,family_04,P-STAGEHAND-TTL,0.25,0.5,12,700,700,58.333333333333336,14,1600,1,0,0,0.99,0,1,0,0,1,0,0,0,0,0,0.0,1.0,89aafaeb240eb4a5,1,1
task_0025,family_04,P-WEBMCP-TOOL,0.25,0.5,12,765,765,55.0,15,1585,1,0,0,0.9879,0,0,0,0,0,0,1,0,1,1,0.0,0.0,039a52b12ade95e0,1,1
task_0025,family_04,P-SPIDER-MEA-BATCHED,0.25,0.5,12,980,980,55.833333333333336,16,1675,1,0,0,0.99,1,1,1,0,1,0,1,0,1,0,0.6666666666666666,1.0,039a52b12ade95e0,1,1
task_0025,family_04,NC1-SHUFFLED,0.25,0.5,12,980,980,55.833333333333336,16,1675,1,0,0,0.9602,1,1,1,0,1,0,1,0,1,0,0.5,1.0,a38e40a821e3b16d,1,1
task_0025,family_04,NC2-RANDOM,0.25,0.5,12,1920,1920,134.16666666666666,17,3460,1,0,0,0.9788,1,1,1,0,0,0,0,1,0,0,0.0,0.0,84f4491e805512f8,1,1
task_0025,family_04,NC3-LENGTH,0.25,0.5,12,6050,6050,500.0,25,12120,1,0,0,0.55,0,0,0,0,0,0,0,0,0,0,0.0,0.0,,1,0
task_0025,family_04,NC4-ABLATION,0.25,0.5,12,980,980,55.833333333333336,16,1675,1,0,0,0.99,1,1,1,0,1,0,1,0,1,0,0.6666666666666666,1.0,039a52b12ade95e0,1,1
task_0026,family_04,B-COLD,0.5,0.5,12,6050,6050,504.1666666666667,25,12120,1,0,0,0.99,0,0,0,0,0,0,0,0,0,0,0.6666666666666666,0.0,,1,0
task_0026,family_04,B-RAG-EMBED,0.5,0.5,12,3550,3550,279.1666666666667,20,6990,1,0,0,0.99,0,0,0,0,0,0,0,0,1,0,0.6666666666666666,0.0,,1,1
task_0026,family_04,B-STAGEHAND-CACHE,0.5,0.5,12,6050,6050,504.1666666666667,25,12120,1,0,0,0.99,0,0,0,0,0,0,0,0,1,0,0.6666666666666666,0.0,,1,0
task_0026,family_04,B-TERX-REPLAY,0.5,0.5,12,6050,6050,504.1666666666667,25,12120,1,0,0,0.99,0,0,0,0,0,0,0,0,1,0,0.6666666666666666,0.0,,1,0
task_0026,family_04,P-STAGEHAND-TTL,0.5,0.5,12,660,660,55.0,14,1510,1,0,1,0.9470332725561248,1,1,1,0,1,0,0,0,0,0,0.0,1.0,37d0a81ef4e93cf2,0,0
task_0026,family_04,P-WEBMCP-TOOL,0.5,0.5,12,725,725,51.666666666666664,15,1495,1,0,1,0.01,1,1,1,1,0,0,1,0,1,1,0.0,0.0,a7caa5514d6d053e,0,0
task_0026,family_04,P-SPIDER-MEA-BATCHED,0.5,0.5,12,980,980,55.833333333333336,16,1675,1,0,0,0.9753,1,1,1,0,1,0,1,0,1,0,0.6666666666666666,1.0,a7caa5514d6d053e,1,1
task_0026,family_04,NC1-SHUFFLED,0.5,0.5,12,1830,1830,126.66666666666667,17,3395,1,0,1,0.888651375028634,1,1,1,1,0,0,1,0,0,0,0.0,0.0,6139977793fff025,0,0
task_0026,family_04,NC2-RANDOM,0.5,0.5,12,1960,1960,137.5,17,3550,1,0,1,0.867771645118864,0,0,0,0,0,0,0,1,0,0,0.0,0.0,f1af25c5a9e21890,0,0
task_0026,family_04,NC3-LENGTH,0.5,0.5,12,6050,6050,500.0,25,12120,1,0,0,0.55,0,0,0,0,0,0,0,0,0,0,0.0,0.0,,1,0
task_0026,family_04,NC4-ABLATION,0.5,0.5,12,980,980,55.833333333333336,16,1675,1,0,0,0.9581,1,1,1,0,1,0,1,0,1,0,0.6666666666666666,1.0,a7caa5514d6d053e,1,1
task_0027,family_04,B-COLD,0.75,1.0,12,6050,6050,504.1666666666667,25,12120,1,0,0,0.9682,0,0,0,0,0,0,0,0,0,0,0.3333333333333333,0.0,,1,0
task_0027,family_04,B-RAG-EMBED,0.75,1.0,12,6250,6250,504.1666666666667,26,12270,1,0,0,0.9682,0,0,0,0,0,0,0,0,1,0,0.3333333333333333,0.0,,1,0
task_0027,family_04,B-STAGEHAND-CACHE,0.75,1.0,12,6050,6050,504.1666666666667,25,12120,1,0,0,0.9682,0,0,0,0,0,0,0,0,1,0,0.3333333333333333,0.0,,1,0
task_0027,family_04,B-TERX-REPLAY,0.75,1.0,12,6050,6050,504.1666666666667,25,12120,1,0,0,0.9682,0,0,0,0,0,0,0,0,1,0,0.3333333333333333,0.0,,1,0
task_0027,family_04,P-STAGEHAND-TTL,0.75,1.0,12,660,660,55.0,14,1510,1,0,0,0.99,1,1,1,0,1,0,0,0,0,0,0.0,0.3333333333333333,d31ffd7d3c8f0990,1,1
task_0027,family_04,P-WEBMCP-TOOL,0.75,1.0,12,765,765,55.0,15,1585,1,0,0,0.969,0,0,0,0,0,0,1,0,1,1,0.0,0.0,eae5aeb2a90299b8,1,1
task_0027,family_04,P-SPIDER-MEA-BATCHED,0.75,1.0,12,1110,1110,66.66666666666667,16,1830,1,0,1,0.01,0,0,0,1,1,0,0,1,1,0,0.3333333333333333,0.3333333333333333,eae5aeb2a90299b8,0,0
task_0027,family_04,NC1-SHUFFLED,0.75,1.0,12,1020,1020,59.166666666666664,16,1765,1,0,0,0.961,0,1,0,0,1,0,1,0,1,0,0.5,1.0,857ac4cf055e3628,1,1
task_0027,family_04,NC2-RANDOM,0.75,1.0,12,1960,1960,137.5,17,3550,1,0,0,0.99,0,0,0,0,0,0,0,1,0,0,0.0,0.0,6bf48b88aa861498,1,1
task_0027,family_04,NC3-LENGTH,0.75,1.0,12,6050,6050,500.0,25,12120,1,0,0,0.55,0,0,0,0,0,0,0,0,0,0,0.0,0.0,,1,0
task_0027,family_04,NC4-ABLATION,0.75,1.0,12,1870,1870,130.0,17,3485,1,0,0,0.99,0,0,0,0,0,0,1,0,1,0,0.3333333333333333,0.3333333333333333,eae5aeb2a90299b8,1,1
task_0028,family_04,B-COLD,1.0,1.0,12,6050,6050,504.1666666666667,25,12120,1,0,0,0.9744,0,0,0,0,0,0,0,0,0,0,0.6666666666666666,0.0,,1,0
task_0028,family_04,B-RAG-EMBED,1.0,1.0,12,6250,6250,504.1666666666667,26,12270,1,0,0,0.9744,0,0,0,0,0,0,0,0,1,0,0.6666666666666666,0.0,,1,0
task_0028,family_04,B-STAGEHAND-CACHE,1.0,1.0,12,6050,6050,504.1666666666667,25,12120,1,0,0,0.9744,0,0,0,0,0,0,0,0,1,0,0.6666666666666666,0.0,,1,0
task_0028,family_04,B-TERX-REPLAY,1.0,1.0,12,6050,6050,504.1666666666667,25,12120,1,0,0,0.9744,0,0,0,0,0,0,0,0,1,0,0.6666666666666666,0.0,,1,0
task_0028,family_04,P-STAGEHAND-TTL,1.0,1.0,12,700,700,58.333333333333336,14,1600,1,0,1,0.7917356881655722,0,1,0,0,1,0,0,0,0,0,0.0,1.0,2f9765cd30622b7c,0,0
task_0028,family_04,P-WEBMCP-TOOL,1.0,1.0,12,725,725,51.666666666666664,15,1495,1,0,0,0.9537,1,1,1,0,0,0,1,0,1,1,0.0,0.0,cfaf52e60eee6297,1,1
task_0028,family_04,P-SPIDER-MEA-BATCHED,1.0,1.0,12,980,980,55.833333333333336,16,1675,1,0,0,0.9505,1,1,1,0,1,0,1,0,1,0,0.6666666666666666,1.0,cfaf52e60eee6297,1,1
task_0028,family_04,NC1-SHUFFLED,1.0,1.0,12,1870,1870,130.0,17,3485,1,0,1,0.9221907513012269,0,0,0,0,0,0,1,0,0,0,0.0,0.0,8377b7d7717714b2,0,0
task_0028,family_04,NC2-RANDOM,1.0,1.0,12,1960,1960,137.5,17,3550,1,0,1,0.8091715075479198,0,0,0,0,0,0,0,1,0,0,0.0,0.0,234eb350659680b8,0,0
task_0028,family_04,NC3-LENGTH,1.0,1.0,12,6050,6050,500.0,25,12120,1,0,0,0.55,0,0,0,0,0,0,0,0,0,0,0.0,0.0,,1,0
task_0028,family_04,NC4-ABLATION,1.0,1.0,12,1020,1020,59.166666666666664,16,1765,1,0,0,0.99,0,1,0,0,1,0,1,0,1,0,0.6666666666666666,1.0,cfaf52e60eee6297,1,1
task_0029,family_04,B-COLD,0.25,0.5,12,6050,6050,504.1666666666667,25,12120,1,0,0,0.99,0,0,0,0,0,0,0,0,0,0,0.6666666666666666,0.0,,1,0
task_0029,family_04,B-RAG-EMBED,0.25,0.5,12,3550,3550,279.1666666666667,20,6990,1,0,0,0.99,0,0,0,0,0,0,0,0,1,0,0.6666666666666666,0.0,,1,1
task_0029,family_04,B-STAGEHAND-CACHE,0.25,0.5,12,6050,6050,504.1666666666667,25,12120,1,0,0,0.99,0,0,0,0,0,0,0,0,1,0,0.6666666666666666,0.0,,1,0
task_0029,family_04,B-TERX-REPLAY,0.25,0.5,12,6050,6050,504.1666666666667,25,12120,1,0,0,0.99,0,0,0,0,0,0,0,0,1,0,0.6666666666666666,0.0,,1,0
task_0029,family_04,P-STAGEHAND-TTL,0.25,0.5,12,700,700,58.333333333333336,14,1600,1,0,0,0.99,0,0,0,0,1,0,0,0,0,0,0.0,1.0,d14ee6ea01bd7e4f,1,1
task_0029,family_04,P-WEBMCP-TOOL,0.25,0.5,12,765,765,55.0,15,1585,1,0,0,0.9749,0,0,0,0,0,0,1,0,1,1,0.0,0.0,7764ce395c39a2cf,1,1
task_0029,family_04,P-SPIDER-MEA-BATCHED,0.25,0.5,12,1020,1020,59.166666666666664,16,1765,1,0,1,0.022,0,1,0,1,1,0,1,0,1,0,0.6666666666666666,1.0,7764ce395c39a2cf,0,0
task_0029,family_04,NC1-SHUFFLED,0.25,0.5,12,1020,1020,59.166666666666664,16,1765,1,0,1,0.9570470071701276,0,0,0,0,1,0,1,0,0,0,0.16666666666666666,0.3333333333333333,e999f3967b5c3259,0,0
task_0029,family_04,NC2-RANDOM,0.25,0.5,12,1960,1960,137.5,17,3550,1,0,1,0.8713487699718084,0,0,0,0,0,0,0,1,0,0,0.0,0.0,85ebd91078c59b3d,0,0
task_0029,family_04,NC3-LENGTH,0.25,0.5,12,6050,6050,500.0,25,12120,1,0,0,0.55,0,0,0,0,0,0,0,0,0,0,0.0,0.0,,1,0
task_0029,family_04,NC4-ABLATION,0.25,0.5,12,980,980,55.833333333333336,16,1675,1,0,0,0.9737,1,1,1,0,1,0,1,0,1,0,0.6666666666666666,1.0,7764ce395c39a2cf,1,1
task_0030,family_05,B-COLD,0.0,0.0,13,6550,6550,503.84615384615387,27,13120,1,0,0,0.9679,0,0,0,0,0,0,0,0,0,0,1.0,0.0,,1,0
task_0030,family_05,B-RAG-EMBED,0.0,0.0,13,900,900,53.84615384615385,15,1830,1,0,0,0.9679,0,0,0,0,0,0,0,0,1,0,1.0,0.0,,1,1
task_0030,family_05,B-STAGEHAND-CACHE,0.0,0.0,13,700,700,53.84615384615385,14,1680,1,0,0,0.9679,0,0,0,0,0,0,0,0,1,0,1.0,0.0,,1,1
task_0030,family_05,B-TERX-REPLAY,0.0,0.0,13,700,700,53.84615384615385,14,1680,1,0,0,0.9679,0,0,0,0,0,0,0,0,1,0,1.0,0.0,,1,1
task_0030,family_05,P-STAGEHAND-TTL,0.0,0.0,13,750,750,57.69230769230769,15,1720,1,0,0,0.99,0,1,0,0,1,0,1,0,0,0,0.0,1.0,cd5b9d3407901090,1,1
task_0030,family_05,P-WEBMCP-TOOL,0.0,0.0,13,865,865,58.46153846153846,16,1680,1,0,0,0.99,1,1,1,0,0,0,0,1,1,1,0.0,0.0,b52fb20515067d0e,1,1
task_0030,family_05,P-SPIDER-MEA-BATCHED,0.0,0.0,13,1030,1030,55.38461538461539,17,1795,1,0,0,0.9531,1,1,1,0,1,0,1,0,1,0,1.0,1.0,b52fb20515067d0e,1,1
task_0030,family_05,NC1-SHUFFLED,0.0,0.0,13,1020,1020,54.61538461538461,16,1845,1,0,0,0.9718,0,1,0,0,0,0,1,0,0,0,0.0,0.0,ac1c18cadb544089,1,1
task_0030,family_05,NC2-RANDOM,0.0,0.0,13,1070,1070,58.46153846153846,16,1820,1,0,0,0.99,1,1,1,0,0,0,0,1,0,0,0.0,0.0,f7e59ac117dc1e48,1,1
task_0030,family_05,NC3-LENGTH,0.0,0.0,13,6550,6550,500.0,27,13120,1,0,0,0.55,0,0,0,0,0,0,0,0,0,0,0.0,0.0,,1,0
task_0030,family_05,NC4-ABLATION,0.0,0.0,13,1030,1030,55.38461538461539,17,1795,1,0,0,0.9739,1,1,1,0,1,0,1,0,1,0,1.0,1.0,b52fb20515067d0e,1,1
task_0031,family_05,B-COLD,0.5,0.5,13,6550,6550,503.84615384615387,27,13120,1,0,0,0.99,0,0,0,0,0,0,0,0,0,0,0.5,0.0,,1,0
task_0031,family_05,B-RAG-EMBED,0.5,0.5,13,3600,3600,261.53846153846155,21,7110,1,0,0,0.99,0,0,0,0,0,0,0,0,1,0,0.5,0.0,,1,1
task_0031,family_05,B-STAGEHAND-CACHE,0.5,0.5,13,6550,6550,503.84615384615387,27,13120,1,0,0,0.99,0,0,0,0,0,0,0,0,1,0,0.5,0.0,,1,0
task_0031,family_05,B-TERX-REPLAY,0.5,0.5,13,6550,6550,503.84615384615387,27,13120,1,0,0,0.99,0,0,0,0,0,0,0,0,1,0,0.5,0.0,,1,0
task_0031,family_05,P-STAGEHAND-TTL,0.5,0.5,13,750,750,57.69230769230769,15,1720,1,0,0,0.9869,0,0,0,0,1,0,0,0,0,0,0.0,1.0,9b94f0f95cb9ee35,1,1
task_0031,family_05,P-WEBMCP-TOOL,0.5,0.5,13,1265,1265,89.23076923076923,17,2585,1,0,0,0.9609,0,0,0,0,0,0,1,0,1,1,0.0,0.0,dd3aeadc527115b1,1,1
task_0031,family_05,P-SPIDER-MEA-BATCHED,0.5,0.5,13,1070,1070,58.46153846153846,17,1885,1,0,0,0.99,0,0,0,0,1,0,1,0,1,0,0.5,1.0,dd3aeadc527115b1,1,1
task_0031,family_05,NC1-SHUFFLED,0.5,0.5,13,1620,1620,100.76923076923077,19,2860,0,1,0,0.9383696964579443,1,1,1,0,1,0,0,1,0,0,0.16666666666666666,0.3333333333333333,27ff30b84b39d121,0,1
task_0031,family_05,NC2-RANDOM,0.5,0.5,13,2010,2010,130.76923076923077,18,3670,1,0,0,0.9896,0,0,0,0,0,0,0,1,0,0,0.0,0.0,df874704c64efb12,1,1
task_0031,family_05,NC3-LENGTH,0.5,0.5,13,6550,6550,500.0,27,13120,1,0,0,0.55,0,0,0,0,0,0,0,0,0,0,0.0,0.0,,1,0
task_0031,family_05,NC4-ABLATION,0.5,0.5,13,1070,1070,58.46153846153846,17,1885,1,0,0,0.9602,0,0,0,0,1,0,1,0,1,0,0.5,1.0,dd3aeadc527115b1,1,1
task_0032,family_05,B-COLD,0.75,1.0,13,6550,6550,503.84615384615387,27,13120,1,0,0,0.99,0,0,0,0,0,0,0,0,0,0,0.0,0.0,,1,0
task_0032,family_05,B-RAG-EMBED,0.75,1.0,13,6750,6750,503.84615384615387,28,13270,1,0,0,0.99,0,0,0,0,0,0,0,0,0,0,0.0,0.0,,1,0
task_0032,family_05,B-STAGEHAND-CACHE,0.75,1.0,13,6550,6550,503.84615384615387,27,13120,1,0,0,0.99,0,0,0,0,0,0,0,0,0,0,0.0,0.0,,1,0
task_0032,family_05,B-TERX-REPLAY,0.75,1.0,13,6550,6550,503.84615384615387,27,13120,1,0,0,0.99,0,0,0,0,0,0,0,0,0,0,0.0,0.0,,1,0
task_0032,family_05,P-STAGEHAND-TTL,0.75,1.0,13,6550,6550,503.84615384615387,27,13120,1,0,1,0.9372743649217141,0,0,0,0,0,0,0,0,0,0,0.0,0.0,9eea0e1cd6415575,0,0
task_0032,family_05,P-WEBMCP-TOOL,0.75,1.0,13,1715,1715,123.84615384615384,18,3465,1,0,0,0.99,0,0,0,0,0,0,1,0,1,1,0.0,0.0,15dd22ae2f96093b,1,1
task_0032,family_05,P-SPIDER-MEA-BATCHED,0.75,1.0,13,1880,1880,120.76923076923077,18,3515,1,0,0,0.99,1,1,1,0,0,0,1,0,0,0,0.0,0.0,15dd22ae2f96093b,1,1
task_0032,family_05,NC1-SHUFFLED,0.75,1.0,13,2010,2010,130.76923076923077,18,3670,1,0,0,0.99,0,1,0,0,0,0,0,1,0,0,0.0,0.0,ab5a884d65bea3df,1,1
task_0032,family_05,NC2-RANDOM,0.75,1.0,13,2470,2470,166.15384615384616,20,4580,0,1,0,0.8671621629294177,1,1,1,0,0,0,0,1,0,0,0.0,0.0,6f340c422a5a8f06,0,1
task_0032,family_05,NC3-LENGTH,0.75,1.0,13,6550,6550,500.0,27,13120,1,0,0,0.55,0,0,0,0,0,0,0,0,0,0,0.0,0.0,,1,0
task_0032,family_05,NC4-ABLATION,0.75,1.0,13,1880,1880,120.76923076923077,18,3515,1,0,1,0.01,1,1,1,1,0,0,1,0,0,0,0.0,0.0,15dd22ae2f96093b,0,0
task_0033,family_05,B-COLD,1.0,1.0,13,6550,6550,503.84615384615387,27,13120,1,0,0,0.99,0,0,0,0,0,0,0,0,0,0,0.0,0.0,,1,0
task_0033,family_05,B-RAG-EMBED,1.0,1.0,13,6750,6750,503.84615384615387,28,13270,1,0,0,0.99,0,0,0,0,0,0,0,0,0,0,0.0,0.0,,1,0
task_0033,family_05,B-STAGEHAND-CACHE,1.0,1.0,13,6550,6550,503.84615384615387,27,13120,1,0,0,0.99,0,0,0,0,0,0,0,0,0,0,0.0,0.0,,1,0
task_0033,family_05,B-TERX-REPLAY,1.0,1.0,13,6550,6550,503.84615384615387,27,13120,1,0,0,0.99,0,0,0,0,0,0,0,0,0,0,0.0,0.0,,1,0
task_0033,family_05,P-STAGEHAND-TTL,1.0,1.0,13,6550,6550,503.84615384615387,27,13120,1,0,0,0.99,0,0,0,0,0,0,0,0,0,0,0.0,0.0,be6cffcdafbde1e6,1,0
task_0033,family_05,P-WEBMCP-TOOL,1.0,1.0,13,1715,1715,123.84615384615384,18,3465,1,0,0,0.99,0,0,0,0,0,0,1,0,1,1,0.0,0.0,837c9e0e6de8fe91,1,1
task_0033,family_05,P-SPIDER-MEA-BATCHED,1.0,1.0,13,2010,2010,130.76923076923077,18,3670,1,0,1,0.0261,0,0,0,1,0,0,0,1,0,0,0.0,0.0,837c9e0e6de8fe91,0,0
task_0033,family_05,NC1-SHUFFLED,1.0,1.0,13,1160,1160,65.38461538461539,17,1950,1,0,0,0.99,0,0,0,0,1,0,0,1,0,0,0.16666666666666666,0.3333333333333333,24582e268a522dc5,1,1
task_0033,family_05,NC2-RANDOM,1.0,1.0,13,2010,2010,130.76923076923077,18,3670,1,0,1,0.8997866575367871,0,0,0,1,0,0,0,1,0,0,0.0,0.0,b32b37983d48d7a9,0,0
task_0033,family_05,NC3-LENGTH,1.0,1.0,13,6550,6550,500.0,27,13120,1,0,0,0.55,0,0,0,0,0,0,0,0,0,0,0.0,0.0,,1,0
task_0033,family_05,NC4-ABLATION,1.0,1.0,13,1920,1920,123.84615384615384,18,3605,1,0,0,0.99,0,0,0,0,0,0,1,0,0,0,0.0,0.0,837c9e0e6de8fe91,1,1
task_0034,family_05,B-COLD,0.25,0.5,13,6550,6550,503.84615384615387,27,13120,1,0,0,0.99,0,0,0,0,0,0,0,0,0,0,0.5,0.0,,1,0
task_0034,family_05,B-RAG-EMBED,0.25,0.5,13,3600,3600,261.53846153846155,21,7110,1,0,0,0.99,0,0,0,0,0,0,0,0,1,0,0.5,0.0,,1,1
task_0034,family_05,B-STAGEHAND-CACHE,0.25,0.5,13,6550,6550,503.84615384615387,27,13120,1,0,0,0.99,0,0,0,0,0,0,0,0,1,0,0.5,0.0,,1,0
task_0034,family_05,B-TERX-REPLAY,0.25,0.5,13,6550,6550,503.84615384615387,27,13120,1,0,0,0.99,0,0,0,0,0,0,0,0,1,0,0.5,0.0,,1,0
task_0034,family_05,P-STAGEHAND-TTL,0.25,0.5,13,750,750,57.69230769230769,15,1720,1,0,0,0.9582,0,0,0,0,1,0,0,0,0,0,0.0,1.0,449569831677876f,1,1
task_0034,family_05,P-WEBMCP-TOOL,0.25,0.5,13,1265,1265,89.23076923076923,17,2585,1,0,0,0.9822,0,1,0,0,0,0,1,0,1,1,0.0,0.0,2a6ff32330c4cc73,1,1
task_0034,family_05,P-SPIDER-MEA-BATCHED,0.25,0.5,13,1070,1070,58.46153846153846,17,1885,1,0,1,0.0131,0,0,0,1,1,0,1,0,1,0,0.5,1.0,2a6ff32330c4cc73,0,0
task_0034,family_05,NC1-SHUFFLED,0.25,0.5,13,1160,1160,65.38461538461539,17,1950,1,0,1,0.8374841263462284,0,0,0,0,1,0,0,1,1,0,0.5,1.0,593a157a9463f07c,0,0
task_0034,family_05,NC2-RANDOM,0.25,0.5,13,2010,2010,130.76923076923077,18,3670,1,0,0,0.99,0,0,0,0,0,0,0,1,0,0,0.0,0.0,c6b8d1d7ada8eb38,1,1
task_0034,family_05,NC3-LENGTH,0.25,0.5,13,6550,6550,500.0,27,13120,1,0,0,0.55,0,0,0,0,0,0,0,0,0,0,0.0,0.0,,1,0
task_0034,family_05,NC4-ABLATION,0.25,0.5,13,1070,1070,58.46153846153846,17,1885,1,0,0,0.99,0,0,0,0,1,0,1,0,1,0,0.5,1.0,2a6ff32330c4cc73,1,1
task_0035,family_05,B-COLD,0.5,0.5,13,6550,6550,503.84615384615387,27,13120,1,0,0,0.99,0,0,0,0,0,0,0,0,0,0,0.16666666666666666,0.0,,1,0
task_0035,family_05,B-RAG-EMBED,0.5,0.5,13,6750,6750,503.84615384615387,28,13270,1,0,0,0.99,0,0,0,0,0,0,0,0,0,0,0.16666666666666666,0.0,,1,0
task_0035,family_05,B-STAGEHAND-CACHE,0.5,0.5,13,6550,6550,503.84615384615387,27,13120,1,0,0,0.99,0,0,0,0,0,0,0,0,0,0,0.16666666666666666,0.0,,1,0
task_0035,family_05,B-TERX-REPLAY,0.5,0.5,13,6550,6550,503.84615384615387,27,13120,1,0,0,0.99,0,0,0,0,0,0,0,0,0,0,0.16666666666666666,0.0,,1,0
task_0035,family_05,P-STAGEHAND-TTL,0.5,0.5,13,710,710,54.61538461538461,15,1630,1,0,0,0.99,1,1,1,0,1,0,0,0,0,0,0.0,0.3333333333333333,51970341f8600f25,1,1
task_0035,family_05,P-WEBMCP-TOOL,0.5,0.5,13,1225,1225,86.15384615384616,17,2495,1,0,0,0.9758,1,1,1,0,0,0,1,0,1,1,0.0,0.0,0dd95bcb622b6c0a,1,1
task_0035,family_05,P-SPIDER-MEA-BATCHED,0.5,0.5,13,1070,1070,58.46153846153846,17,1885,1,0,1,0.01,0,1,0,1,1,0,1,0,0,0,0.16666666666666666,0.3333333333333333,0dd95bcb622b6c0a,0,0
task_0035,family_05,NC1-SHUFFLED,0.5,0.5,13,1030,1030,55.38461538461539,17,1795,1,0,1,0.7942168760760422,1,1,1,0,1,0,1,0,1,0,0.5,1.0,836919823f385f05,0,0
task_0035,family_05,NC2-RANDOM,0.5,0.5,13,1970,1970,127.6923076923077,18,3580,1,0,0,0.9633,1,1,1,0,0,0,0,1,0,0,0.0,0.0,899efc86ea821692,1,1
task_0035,family_05,NC3-LENGTH,0.5,0.5,13,6550,6550,500.0,27,13120,1,0,0,0.55,0,0,0,0,0,0,0,0,0,0,0.0,0.0,,1,0
task_0035,family_05,NC4-ABLATION,0.5,0.5,13,1920,1920,123.84615384615384,18,3605,1,0,0,0.9819,0,0,0,0,0,0,1,0,0,0,0.16666666666666666,0.3333333333333333,0dd95bcb622b6c0a,1,1
task_0036,family_06,B-COLD,0.0,0.0,14,7050,7050,503.57142857142856,29,14120,1,0,0,0.99,0,0,0,0,0,0,0,0,0,0,1.0,0.0,,1,0
task_0036,family_06,B-RAG-EMBED,0.0,0.0,14,950,950,53.57142857142857,16,1950,1,0,0,0.99,0,0,0,0,0,0,0,0,1,0,1.0,0.0,,1,1
task_0036,family_06,B-STAGEHAND-CACHE,0.0,0.0,14,750,750,53.57142857142857,15,1800,1,0,0,0.99,0,0,0,0,0,0,0,0,1,0,1.0,0.0,,1,1
task_0036,family_06,B-TERX-REPLAY,0.0,0.0,14,750,750,53.57142857142857,15,1800,1,0,0,0.99,0,0,0,0,0,0,0,0,1,0,1.0,0.0,,1,1
task_0036,family_06,P-STAGEHAND-TTL,0.0,0.0,14,760,760,54.285714285714285,16,1750,1,0,0,0.9896,1,1,1,0,1,0,1,0,0,0,0.0,1.0,99452b5e58399351,1,1
task_0036,family_06,P-WEBMCP-TOOL,0.0,0.0,14,955,955,60.714285714285715,17,1890,1,0,0,0.99,0,0,0,0,0,0,0,1,1,1,0.0,0.0,dd86c7f807ddcdde,1,1
task_0036,family_06,P-SPIDER-MEA-BATCHED,0.0,0.0,14,1080,1080,55.0,18,1915,1,0,0,0.973,1,1,1,0,1,0,1,0,1,0,1.0,1.0,dd86c7f807ddcdde,1,1
task_0036,family_06,NC1-SHUFFLED,0.0,0.0,14,1170,1170,61.42857142857143,18,1980,1,0,0,0.99,1,1,1,0,1,0,0,1,1,0,0.3333333333333333,1.0,b0d5ef137dab8603,1,1
task_0036,family_06,NC2-RANDOM,0.0,0.0,14,1620,1620,93.57142857142857,19,2940,0,1,0,0.862027265908494,1,1,1,0,0,0,0,1,0,0,0.0,0.0,30cb75b468cf7921,0,1
task_0036,family_06,NC3-LENGTH,0.0,0.0,14,7050,7050,500.0,29,14120,1,0,0,0.55,0,0,0,0,0,0,0,0,0,0,0.0,0.0,,1,0
task_0036,family_06,NC4-ABLATION,0.0,0.0,14,1080,1080,55.0,18,1915,1,0,0,0.99,1,1,1,0,1,0,1,0,1,0,1.0,1.0,dd86c7f807ddcdde,1,1
task_0037,family_06,B-COLD,0.75,0.6667,14,7050,7050,503.57142857142856,29,14120,1,0,0,0.9636,0,0,0,0,0,0,0,0,0,0,0.5555555555555556,0.0,,1,0
task_0037,family_06,B-RAG-EMBED,0.75,0.6667,14,5000,5000,342.85714285714283,25,9870,1,0,0,0.9636,0,0,0,0,0,0,0,0,1,0,0.5555555555555556,0.0,,1,1
task_0037,family_06,B-STAGEHAND-CACHE,0.75,0.6667,14,7050,7050,503.57142857142856,29,14120,1,0,0,0.9636,0,0,0,0,0,0,0,0,1,0,0.5555555555555556,0.0,,1,0
task_0037,family_06,B-TERX-REPLAY,0.75,0.6667,14,7050,7050,503.57142857142856,29,14120,1,0,0,0.9636,0,0,0,0,0,0,0,0,1,0,0.5555555555555556,0.0,,1,0
task_0037,family_06,P-STAGEHAND-TTL,0.75,0.6667,14,1260,1260,90.0,18,2750,0,1,0,0.8812742566212554,1,1,1,0,1,0,0,0,0,0,0.0,1.0,48325788cdca44f4,0,1
task_0037,family_06,P-WEBMCP-TOOL,0.75,0.6667,14,825,825,51.42857142857143,17,1735,1,0,0,0.9546,1,1,1,0,0,0,1,0,1,1,0.0,0.0,bcb0b4f99a662b70,1,1
task_0037,family_06,P-SPIDER-MEA-BATCHED,0.75,0.6667,14,1080,1080,55.0,18,1915,1,0,0,0.99,1,1,1,0,1,0,1,0,1,0,0.5555555555555556,1.0,bcb0b4f99a662b70,1,1
task_0037,family_06,NC1-SHUFFLED,0.75,0.6667,14,1080,1080,55.0,18,1915,1,0,0,0.9856,1,1,1,0,1,0,1,0,1,0,0.4444444444444444,1.0,420e3dba6b9e3338,1,1
task_0037,family_06,NC2-RANDOM,0.75,0.6667,14,2970,2970,190.0,22,5580,0,1,0,0.8376906054691496,1,1,1,0,0,0,0,1,0,0,0.0,0.0,e43996c315d7b995,0,1
task_0037,family_06,NC3-LENGTH,0.75,0.6667,14,7050,7050,500.0,29,14120,1,0,0,0.55,0,0,0,0,0,0,0,0,0,0,0.0,0.0,,1,0
task_0037,family_06,NC4-ABLATION,0.75,0.6667,14,1170,1170,61.42857142857143,18,1980,1,0,0,0.99,1,1,1,0,1,0,0,1,1,0,0.5555555555555556,1.0,bcb0b4f99a662b70,1,1
task_0038,family_06,B-COLD,1.0,1.0,14,7050,7050,503.57142857142856,29,14120,1,0,0,0.9829,0,0,0,0,0,0,0,0,0,0,0.3333333333333333,0.0,,1,0
task_0038,family_06,B-RAG-EMBED,1.0,1.0,14,7250,7250,503.57142857142856,30,14270,1,0,0,0.9829,0,0,0,0,0,0,0,0,1,0,0.3333333333333333,0.0,,1,0
task_0038,family_06,B-STAGEHAND-CACHE,1.0,1.0,14,7050,7050,503.57142857142856,29,14120,1,0,0,0.9829,0,0,0,0,0,0,0,0,1,0,0.3333333333333333,0.0,,1,0
task_0038,family_06,B-TERX-REPLAY,1.0,1.0,14,7050,7050,503.57142857142856,29,14120,1,0,0,0.9829,0,0,0,0,0,0,0,0,1,0,0.3333333333333333,0.0,,1,0
task_0038,family_06,P-STAGEHAND-TTL,1.0,1.0,14,760,760,54.285714285714285,16,1750,1,0,1,0.7967247122751314,1,1,1,0,1,0,0,0,0,0,0.0,0.3333333333333333,e7066b31f6fddd1a,0,0
task_0038,family_06,P-WEBMCP-TOOL,1.0,1.0,14,865,865,54.285714285714285,17,1825,1,0,1,0.01,0,0,0,1,0,0,1,0,1,1,0.0,0.0,792647aec6593188,0,0
task_0038,family_06,P-SPIDER-MEA-BATCHED,1.0,1.0,14,1120,1120,57.857142857142854,18,2005,1,0,0,0.99,0,0,0,0,1,0,1,0,1,0,0.3333333333333333,0.3333333333333333,792647aec6593188,1,1
task_0038,family_06,NC1-SHUFFLED,1.0,1.0,14,1080,1080,55.0,18,1915,1,0,0,0.99,1,1,1,0,1,0,1,0,1,0,0.6666666666666666,1.0,25d533460c95f0da,1,1
task_0038,family_06,NC2-RANDOM,1.0,1.0,14,2510,2510,157.14285714285714,20,4670,1,0,0,0.99,0,0,0,0,0,0,0,1,0,0,0.0,0.0,0c175b53ded8ef97,1,1
task_0038,family_06,NC3-LENGTH,1.0,1.0,14,7050,7050,500.0,29,14120,1,0,0,0.55,0,0,0,0,0,0,0,0,0,0,0.0,0.0,,1,0
task_0038,family_06,NC4-ABLATION,1.0,1.0,14,2420,2420,150.71428571428572,20,4605,1,0,0,0.99,0,0,0,0,0,0,1,0,1,0,0.3333333333333333,0.3333333333333333,792647aec6593188,1,1
task_0039,family_06,B-COLD,0.25,0.3333,14,7050,7050,503.57142857142856,29,14120,1,0,0,0.99,0,0,0,0,0,0,0,0,0,0,0.7777777777777778,0.0,,1,0
task_0039,family_06,B-RAG-EMBED,0.25,0.3333,14,3200,3200,214.28571428571428,21,6350,1,0,0,0.99,0,0,0,0,0,0,0,0,1,0,0.7777777777777778,0.0,,1,1
task_0039,family_06,B-STAGEHAND-CACHE,0.25,0.3333,14,7050,7050,503.57142857142856,29,14120,1,0,0,0.99,0,0,0,0,0,0,0,0,1,0,0.7777777777777778,0.0,,1,0
task_0039,family_06,B-TERX-REPLAY,0.25,0.3333,14,7050,7050,503.57142857142856,29,14120,1,0,0,0.99,0,0,0,0,0,0,0,0,1,0,0.7777777777777778,0.0,,1,0
task_0039,family_06,P-STAGEHAND-TTL,0.25,0.3333,14,800,800,57.142857142857146,16,1840,1,0,0,0.99,0,0,0,0,1,0,0,0,0,0,0.0,1.0,b21b4b0d4fba0530,1,1
task_0039,family_06,P-WEBMCP-TOOL,0.25,0.3333,14,825,825,51.42857142857143,17,1735,1,0,0,0.9628,1,1,1,0,0,0,1,0,1,1,0.0,0.0,8bfadcdbe16bff21,1,1
task_0039,family_06,P-SPIDER-MEA-BATCHED,0.25,0.3333,14,1120,1120,57.857142857142854,18,2005,1,0,0,0.99,0,0,0,0,1,0,1,0,1,0,0.7777777777777778,1.0,8bfadcdbe16bff21,1,1
task_0039,family_06,NC1-SHUFFLED,0.25,0.3333,14,1170,1170,61.42857142857143,18,1980,1,0,1,0.9590279138629084,1,1,1,1,1,0,0,1,1,0,0.3333333333333333,1.0,a82c4c220f72d0b1,0,0
task_0039,family_06,NC2-RANDOM,0.25,0.3333,14,2470,2470,154.28571428571428,20,4580,1,0,0,0.99,1,1,1,0,0,0,0,1,0,0,0.0,0.0,fc80b5c02757af65,1,1
task_0039,family_06,NC3-LENGTH,0.25,0.3333,14,7050,7050,500.0,29,14120,1,0,0,0.55,0,0,0,0,0,0,0,0,0,0,0.0,0.0,,1,0
task_0039,family_06,NC4-ABLATION,0.25,0.3333,14,1120,1120,57.857142857142854,18,2005,1,0,0,0.99,0,0,0,0,1,0,1,0,1,0,0.7777777777777778,1.0,8bfadcdbe16bff21,1,1
task_0040,family_06,B-COLD,0.5,0.6667,14,7050,7050,503.57142857142856,29,14120,1,0,0,0.99,0,0,0,0,0,0,0,0,0,0,1.0,0.0,,1,0
task_0040,family_06,B-RAG-EMBED,0.5,0.6667,14,5000,5000,342.85714285714283,25,9870,1,0,0,0.99,0,0,0,0,0,0,0,0,1,0,1.0,0.0,,1,1
task_0040,family_06,B-STAGEHAND-CACHE,0.5,0.6667,14,7050,7050,503.57142857142856,29,14120,1,0,0,0.99,0,0,0,0,0,0,0,0,1,0,1.0,0.0,,1,0
task_0040,family_06,B-TERX-REPLAY,0.5,0.6667,14,7050,7050,503.57142857142856,29,14120,1,0,0,0.99,0,0,0,0,0,0,0,0,1,0,1.0,0.0,,1,0
task_0040,family_06,P-STAGEHAND-TTL,0.5,0.6667,14,800,800,57.142857142857146,16,1840,1,0,0,0.99,0,0,0,0,1,0,0,0,0,0,0.0,1.0,3be49baf807e055f,1,1
task_0040,family_06,P-WEBMCP-TOOL,0.5,0.6667,14,865,865,54.285714285714285,17,1825,1,0,0,0.99,0,0,0,0,0,0,1,0,1,1,0.0,0.0,d15186b4e91c1218,1,1
task_0040,family_06,P-SPIDER-MEA-BATCHED,0.5,0.6667,14,1080,1080,55.0,18,1915,1,0,0,0.99,1,1,1,0,1,0,1,0,1,0,1.0,1.0,d15186b4e91c1218,1,1
task_0040,family_06,NC1-SHUFFLED,0.5,0.6667,14,1120,1120,57.857142857142854,18,2005,1,0,0,0.9776,0,0,0,0,1,0,1,0,0,0,0.1111111111111111,0.3333333333333333,a27bced5529247cf,1,1
task_0040,family_06,NC2-RANDOM,0.5,0.6667,14,2470,2470,154.28571428571428,20,4580,1,0,1,0.7997626417648516,1,1,1,0,0,0,0,1,0,0,0.0,0.0,f9e4768f4a7f5ffb,0,0
task_0040,family_06,NC3-LENGTH,0.5,0.6667,14,7050,7050,500.0,29,14120,1,0,0,0.55,0,0,0,0,0,0,0,0,0,0,0.0,0.0,,1,0
task_0040,family_06,NC4-ABLATION,0.5,0.6667,14,1080,1080,55.0,18,1915,1,0,1,0.01,1,1,1,1,1,0,1,0,1,0,1.0,1.0,d15186b4e91c1218,0,0
task_0041,family_06,B-COLD,0.75,0.6667,14,7050,7050,503.57142857142856,29,14120,1,0,0,0.99,0,0,0,0,0,0,0,0,0,0,0.7777777777777778,0.0,,1,0
task_0041,family_06,B-RAG-EMBED,0.75,0.6667,14,5000,5000,342.85714285714283,25,9870,1,0,0,0.99,0,0,0,0,0,0,0,0,1,0,0.7777777777777778,0.0,,1,1
task_0041,family_06,B-STAGEHAND-CACHE,0.75,0.6667,14,7050,7050,503.57142857142856,29,14120,1,0,0,0.99,0,0,0,0,0,0,0,0,1,0,0.7777777777777778,0.0,,1,0
task_0041,family_06,B-TERX-REPLAY,0.75,0.6667,14,7050,7050,503.57142857142856,29,14120,1,0,0,0.99,0,0,0,0,0,0,0,0,1,0,0.7777777777777778,0.0,,1,0
task_0041,family_06,P-STAGEHAND-TTL,0.75,0.6667,14,800,800,57.142857142857146,16,1840,1,0,1,0.8321749874315265,0,0,0,0,1,0,0,0,0,0,0.0,1.0,3b72d973d3249f65,0,0
task_0041,family_06,P-WEBMCP-TOOL,0.75,0.6667,14,865,865,54.285714285714285,17,1825,1,0,1,0.0361,0,0,0,1,0,0,1,0,1,1,0.0,0.0,26520e0391463c0e,0,0
task_0041,family_06,P-SPIDER-MEA-BATCHED,0.75,0.6667,14,1120,1120,57.857142857142854,18,2005,1,0,0,0.99,0,0,0,0,1,0,1,0,1,0,0.7777777777777778,1.0,26520e0391463c0e,1,1
task_0041,family_06,NC1-SHUFFLED,0.75,0.6667,14,1210,1210,64.28571428571429,18,2070,1,0,1,0.9210474878030217,0,0,0,0,1,0,0,1,0,0,0.2222222222222222,0.3333333333333333,2328ebd3bc50e451,0,0
task_0041,family_06,NC2-RANDOM,0.75,0.6667,14,2970,2970,190.0,22,5580,0,1,0,0.9169931352131385,1,1,1,0,0,0,0,1,0,0,0.0,0.0,cbc5e02102b9505b,0,1
task_0041,family_06,NC3-LENGTH,0.75,0.6667,14,7050,7050,500.0,29,14120,1,0,0,0.55,0,0,0,0,0,0,0,0,0,0,0.0,0.0,,1,0
task_0041,family_06,NC4-ABLATION,0.75,0.6667,14,1120,1120,57.857142857142854,18,2005,1,0,1,0.0304,0,0,0,1,1,0,1,0,1,0,0.7777777777777778,1.0,26520e0391463c0e,0,0
task_0042,family_07,B-COLD,0.0,0.0,8,4050,4050,506.25,17,8120,1,0,0,0.9825,0,0,0,0,0,0,0,0,0,0,1.0,0.0,,1,0
task_0042,family_07,B-RAG-EMBED,0.0,0.0,8,650,650,56.25,10,1230,1,0,0,0.9825,0,0,0,0,0,0,0,0,1,0,1.0,0.0,,1,1
task_0042,family_07,B-STAGEHAND-CACHE,0.0,0.0,8,450,450,56.25,9,1080,1,0,0,0.9825,0,0,0,0,0,0,0,0,1,0,1.0,0.0,,1,1
task_0042,family_07,B-TERX-REPLAY,0.0,0.0,8,450,450,56.25,9,1080,1,0,0,0.9825,0,0,0,0,0,0,0,0,1,0,1.0,0.0,,1,1
task_0042,family_07,P-STAGEHAND-TTL,0.0,0.0,8,460,460,57.5,10,1030,1,0,0,0.99,1,1,1,0,1,0,1,0,0,0,0.0,1.0,9bc79ca0c90e9329,1,1
task_0042,family_07,P-WEBMCP-TOOL,0.0,0.0,8,565,565,57.5,11,1105,1,0,0,0.99,0,0,0,0,0,0,1,0,1,1,0.0,0.0,6aec223892a062c0,1,1
task_0042,family_07,P-SPIDER-MEA-BATCHED,0.0,0.0,8,820,820,63.75,12,1285,1,0,0,0.99,0,0,0,0,1,0,1,0,1,0,1.0,1.0,6aec223892a062c0,1,1
task_0042,family_07,NC1-SHUFFLED,0.0,0.0,8,860,860,68.75,11,1310,1,0,0,0.9774,0,1,0,0,0,0,0,1,0,0,0.0,0.0,1f57289ba10869b2,1,1
task_0042,family_07,NC2-RANDOM,0.0,0.0,8,860,860,68.75,11,1310,1,0,1,0.8614217629668711,0,0,0,0,0,0,0,1,0,0,0.0,0.0,f622c10786ada725,0,0
task_0042,family_07,NC3-LENGTH,0.0,0.0,8,4050,4050,500.0,17,8120,1,0,0,0.55,0,0,0,0,0,0,0,0,0,0,0.0,0.0,,1,0
task_0042,family_07,NC4-ABLATION,0.0,0.0,8,910,910,75.0,12,1350,1,0,0,0.99,0,0,0,0,1,0,0,1,1,0,1.0,1.0,6aec223892a062c0,1,1
task_0043,family_07,B-COLD,1.0,1.0,8,4050,4050,506.25,17,8120,1,0,0,0.9801,0,0,0,0,0,0,0,0,0,0,0.0,0.0,,1,0
task_0043,family_07,B-RAG-EMBED,1.0,1.0,8,4250,4250,506.25,18,8270,1,0,0,0.9801,0,0,0,0,0,0,0,0,0,0,0.0,0.0,,1,0
task_0043,family_07,B-STAGEHAND-CACHE,1.0,1.0,8,4050,4050,506.25,17,8120,1,0,0,0.9801,0,0,0,0,0,0,0,0,0,0,0.0,0.0,,1,0
task_0043,family_07,B-TERX-REPLAY,1.0,1.0,8,4050,4050,506.25,17,8120,1,0,0,0.9801,0,0,0,0,0,0,0,0,0,0,0.0,0.0,,1,0
task_0043,family_07,P-STAGEHAND-TTL,1.0,1.0,8,4050,4050,506.25,17,8120,1,0,0,0.99,0,1,0,0,0,0,0,0,0,0,0.0,0.0,51601e4ab776eb7e,1,0
task_0043,family_07,P-WEBMCP-TOOL,1.0,1.0,8,1015,1015,113.75,12,1985,1,0,0,0.99,0,1,0,0,0,0,1,0,1,1,0.0,0.0,328a1d726ac28393,1,1
task_0043,family_07,P-SPIDER-MEA-BATCHED,1.0,1.0,8,1180,1180,108.75,12,2035,1,0,0,0.99,1,1,1,0,0,0,1,0,0,0,0.0,0.0,328a1d726ac28393,1,1
task_0043,family_07,NC1-SHUFFLED,1.0,1.0,8,820,820,63.75,12,1285,1,0,1,0.7984260815774785,0,0,0,0,1,0,1,0,1,0,0.3333333333333333,0.3333333333333333,626e39b9c5934fa5,0,0
task_0043,family_07,NC2-RANDOM,1.0,1.0,8,1310,1310,125.0,12,2190,1,0,1,0.8686117493085589,0,0,0,1,0,0,0,1,0,0,0.0,0.0,9a90521e7fbecee9,0,0
task_0043,family_07,NC3-LENGTH,1.0,1.0,8,4050,4050,500.0,17,8120,1,0,0,0.55,0,0,0,0,0,0,0,0,0,0,0.0,0.0,,1,0
task_0043,family_07,NC4-ABLATION,1.0,1.0,8,1220,1220,113.75,12,2125,1,0,0,0.9577,0,0,0,0,0,0,1,0,0,0,0.0,0.0,328a1d726ac28393,1,1
task_0044,family_07,B-COLD,0.25,0.0,8,4050,4050,506.25,17,8120,1,0,0,0.99,0,0,0,0,0,0,0,0,0,0,1.0,0.0,,1,0
task_0044,family_07,B-RAG-EMBED,0.25,0.0,8,650,650,56.25,10,1230,1,0,0,0.99,0,0,0,0,0,0,0,0,1,0,1.0,0.0,,1,1
task_0044,family_07,B-STAGEHAND-CACHE,0.25,0.0,8,4050,4050,506.25,17,8120,1,0,0,0.99,0,0,0,0,0,0,0,0,1,0,1.0,0.0,,1,0
task_0044,family_07,B-TERX-REPLAY,0.25,0.0,8,4050,4050,506.25,17,8120,1,0,0,0.99,0,0,0,0,0,0,0,0,1,0,1.0,0.0,,1,0
task_0044,family_07,P-STAGEHAND-TTL,0.25,0.0,8,500,500,62.5,10,1120,1,0,0,0.99,0,0,0,0,1,0,0,0,0,0,0.0,1.0,c91a30f2859973bb,1,1
task_0044,family_07,P-WEBMCP-TOOL,0.25,0.0,8,565,565,57.5,11,1105,1,0,0,0.99,0,0,0,0,0,0,1,0,1,1,0.0,0.0,2de1a6e517c920c5,1,1
task_0044,family_07,P-SPIDER-MEA-BATCHED,0.25,0.0,8,820,820,63.75,12,1285,1,0,0,0.9594,0,0,0,0,1,0,1,0,1,0,1.0,1.0,2de1a6e517c920c5,1,1
task_0044,family_07,NC1-SHUFFLED,0.25,0.0,8,770,770,57.5,11,1245,1,0,1,0.9328596004886565,0,0,0,0,0,0,1,0,0,0,0.0,0.0,d2920499a1af2e27,0,0
task_0044,family_07,NC2-RANDOM,0.25,0.0,8,860,860,68.75,11,1310,1,0,0,0.9805,0,0,0,0,0,0,0,1,0,0,0.0,0.0,beb4770175860356,1,1
task_0044,family_07,NC3-LENGTH,0.25,0.0,8,4050,4050,500.0,17,8120,1,0,0,0.55,0,0,0,0,0,0,0,0,0,0,0.0,0.0,,1,0
task_0044,family_07,NC4-ABLATION,0.25,0.0,8,820,820,63.75,12,1285,1,0,0,0.99,0,0,0,0,1,0,1,0,1,0,1.0,1.0,2de1a6e517c920c5,1,1
task_0045,family_07,B-COLD,0.5,1.0,8,4050,4050,506.25,17,8120,1,0,0,0.99,0,0,0,0,0,0,0,0,0,0,0.0,0.0,,1,0
task_0045,family_07,B-RAG-EMBED,0.5,1.0,8,4250,4250,506.25,18,8270,1,0,0,0.99,0,0,0,0,0,0,0,0,0,0,0.0,0.0,,1,0
task_0045,family_07,B-STAGEHAND-CACHE,0.5,1.0,8,4050,4050,506.25,17,8120,1,0,0,0.99,0,0,0,0,0,0,0,0,0,0,0.0,0.0,,1,0
task_0045,family_07,B-TERX-REPLAY,0.5,1.0,8,4050,4050,506.25,17,8120,1,0,0,0.99,0,0,0,0,0,0,0,0,0,0,0.0,0.0,,1,0
task_0045,family_07,P-STAGEHAND-TTL,0.5,1.0,8,4010,4010,501.25,17,8030,1,0,0,0.9514,1,1,1,0,0,0,0,0,0,0,0.0,0.0,246f3d4500dcd62a,1,0
task_0045,family_07,P-WEBMCP-TOOL,0.5,1.0,8,1015,1015,113.75,12,1985,1,0,0,0.9707,0,0,0,0,0,0,1,0,1,1,0.0,0.0,293893f9fa9bfed2,1,1
task_0045,family_07,P-SPIDER-MEA-BATCHED,0.5,1.0,8,1180,1180,108.75,12,2035,1,0,0,0.9723,1,1,1,0,0,0,1,0,0,0,0.0,0.0,293893f9fa9bfed2,1,1
task_0045,family_07,NC1-SHUFFLED,0.5,1.0,8,1680,1680,171.25,14,3035,0,1,0,0.8624015671365552,1,1,1,0,0,0,1,0,0,0,0.0,0.0,09cae8bf29b7ce24,0,1
task_0045,family_07,NC2-RANDOM,0.5,1.0,8,1270,1270,120.0,12,2100,1,0,1,0.9418166118862752,1,1,1,1,0,0,0,1,0,0,0.0,0.0,9f5c4e52824e06fd,0,0
task_0045,family_07,NC3-LENGTH,0.5,1.0,8,4050,4050,500.0,17,8120,1,0,0,0.55,0,0,0,0,0,0,0,0,0,0,0.0,0.0,,1,0
task_0045,family_07,NC4-ABLATION,0.5,1.0,8,1220,1220,113.75,12,2125,1,0,0,0.99,0,0,0,0,0,0,1,0,0,0,0.0,0.0,293893f9fa9bfed2,1,1
task_0046,family_07,B-COLD,0.75,1.0,8,4050,4050,506.25,17,8120,1,0,0,0.99,0,0,0,0,0,0,0,0,0,0,0.0,0.0,,1,0
task_0046,family_07,B-RAG-EMBED,0.75,1.0,8,4250,4250,506.25,18,8270,1,0,0,0.99,0,0,0,0,0,0,0,0,0,0,0.0,0.0,,1,0
task_0046,family_07,B-STAGEHAND-CACHE,0.75,1.0,8,4050,4050,506.25,17,8120,1,0,0,0.99,0,0,0,0,0,0,0,0,0,0,0.0,0.0,,1,0
task_0046,family_07,B-TERX-REPLAY,0.75,1.0,8,4050,4050,506.25,17,8120,1,0,0,0.99,0,0,0,0,0,0,0,0,0,0,0.0,0.0,,1,0
task_0046,family_07,P-STAGEHAND-TTL,0.75,1.0,8,4010,4010,501.25,17,8030,1,0,1,0.8088991330091878,1,1,1,0,0,0,0,0,0,0,0.0,0.0,91b352e077902149,0,0
task_0046,family_07,P-WEBMCP-TOOL,0.75,1.0,8,975,975,108.75,12,1895,1,0,0,0.99,1,1,1,0,0,0,1,0,1,1,0.0,0.0,f80eac38ede0745a,1,1
task_0046,family_07,P-SPIDER-MEA-BATCHED,0.75,1.0,8,1180,1180,108.75,12,2035,1,0,0,0.99,1,1,1,0,0,0,1,0,0,0,0.0,0.0,f80eac38ede0745a,1,1
task_0046,family_07,NC1-SHUFFLED,0.75,1.0,8,1680,1680,171.25,14,3035,0,1,0,0.8497341836079317,1,1,1,0,0,0,1,0,0,0,0.0,0.0,fcb12c4ef15f43bf,0,1
task_0046,family_07,NC2-RANDOM,0.75,1.0,8,1770,1770,182.5,14,3100,0,1,0,0.9252730003283338,1,1,1,0,0,0,0,1,0,0,0.0,0.0,82bb24da4342c2ef,0,1
task_0046,family_07,NC3-LENGTH,0.75,1.0,8,4050,4050,500.0,17,8120,1,0,0,0.55,0,0,0,0,0,0,0,0,0,0,0.0,0.0,,1,0
task_0046,family_07,NC4-ABLATION,0.75,1.0,8,1180,1180,108.75,12,2035,1,0,1,0.01,1,1,1,1,0,0,1,0,0,0,0.0,0.0,f80eac38ede0745a,0,0
task_0047,family_07,B-COLD,1.0,1.0,8,4050,4050,506.25,17,8120,1,0,0,0.99,0,0,0,0,0,0,0,0,0,0,0.0,0.0,,1,0
task_0047,family_07,B-RAG-EMBED,1.0,1.0,8,4250,4250,506.25,18,8270,1,0,0,0.99,0,0,0,0,0,0,0,0,0,0,0.0,0.0,,1,0
task_0047,family_07,B-STAGEHAND-CACHE,1.0,1.0,8,4050,4050,506.25,17,8120,1,0,0,0.99,0,0,0,0,0,0,0,0,0,0,0.0,0.0,,1,0
task_0047,family_07,B-TERX-REPLAY,1.0,1.0,8,4050,4050,506.25,17,8120,1,0,0,0.99,0,0,0,0,0,0,0,0,0,0,0.0,0.0,,1,0
task_0047,family_07,P-STAGEHAND-TTL,1.0,1.0,8,4050,4050,506.25,17,8120,1,0,1,0.8588628852859026,0,0,0,0,0,0,0,0,0,0,0.0,0.0,98d5f856df6ae525,0,0
task_0047,family_07,P-WEBMCP-TOOL,1.0,1.0,8,1015,1015,113.75,12,1985,1,0,0,0.99,0,0,0,0,0,0,1,0,1,1,0.0,0.0,10b90c18576f0e80,1,1
task_0047,family_07,P-SPIDER-MEA-BATCHED,1.0,1.0,8,1220,1220,113.75,12,2125,1,0,0,0.99,0,1,0,0,0,0,1,0,0,0,0.0,0.0,10b90c18576f0e80,1,1
task_0047,family_07,NC1-SHUFFLED,1.0,1.0,8,1220,1220,113.75,12,2125,1,0,0,0.99,0,0,0,0,0,0,1,0,0,0,0.0,0.0,7528fa65102d4345,1,1
task_0047,family_07,NC2-RANDOM,1.0,1.0,8,1310,1310,125.0,12,2190,1,0,0,0.99,0,0,0,0,0,0,0,1,0,0,0.0,0.0,565faff468fe2e47,1,1
task_0047,family_07,NC3-LENGTH,1.0,1.0,8,4050,4050,500.0,17,8120,1,0,0,0.55,0,0,0,0,0,0,0,0,0,0,0.0,0.0,,1,0
task_0047,family_07,NC4-ABLATION,1.0,1.0,8,1220,1220,113.75,12,2125,1,0,1,0.01,0,0,0,1,0,0,1,0,0,0,0.0,0.0,10b90c18576f0e80,0,0
task_0048,family_08,B-COLD,0.0,0.0,9,4550,4550,505.55555555555554,19,9120,1,0,0,0.99,0,0,0,0,0,0,0,0,0,0,1.0,0.0,,1,0
task_0048,family_08,B-RAG-EMBED,0.0,0.0,9,700,700,55.55555555555556,11,1350,1,0,0,0.99,0,0,0,0,0,0,0,0,1,0,1.0,0.0,,1,1
task_0048,family_08,B-STAGEHAND-CACHE,0.0,0.0,9,500,500,55.55555555555556,10,1200,1,0,0,0.99,0,0,0,0,0,0,0,0,1,0,1.0,0.0,,1,1
task_0048,family_08,B-TERX-REPLAY,0.0,0.0,9,500,500,55.55555555555556,10,1200,1,0,0,0.99,0,0,0,0,0,0,0,0,1,0,1.0,0.0,,1,1
task_0048,family_08,P-STAGEHAND-TTL,0.0,0.0,9,510,510,56.666666666666664,11,1150,1,0,0,0.9646,1,1,1,0,1,0,1,0,0,0,0.0,1.0,298aa4eb4932e178,1,1
task_0048,family_08,P-WEBMCP-TOOL,0.0,0.0,9,615,615,56.666666666666664,12,1225,1,0,0,0.9744,0,0,0,0,0,0,1,0,1,1,0.0,0.0,a04ab9cf39d091af,1,1
task_0048,family_08,P-SPIDER-MEA-BATCHED,0.0,0.0,9,870,870,62.22222222222222,13,1405,1,0,0,0.99,0,0,0,0,1,0,1,0,1,0,1.0,1.0,a04ab9cf39d091af,1,1
task_0048,family_08,NC1-SHUFFLED,0.0,0.0,9,780,780,52.22222222222222,12,1275,1,0,0,0.956,1,1,1,0,0,0,1,0,0,0,0.0,0.0,078c0b07b727fcd5,1,1
task_0048,family_08,NC2-RANDOM,0.0,0.0,9,870,870,62.22222222222222,12,1340,1,0,0,0.9767,1,1,1,0,0,0,0,1,0,0,0.0,0.0,11aae28f1a2add52,1,1
task_0048,family_08,NC3-LENGTH,0.0,0.0,9,4550,4550,500.0,19,9120,1,0,0,0.55,0,0,0,0,0,0,0,0,0,0,0.0,0.0,,1,0
task_0048,family_08,NC4-ABLATION,0.0,0.0,9,830,830,57.77777777777778,13,1315,1,0,0,0.99,1,1,1,0,1,0,1,0,1,0,1.0,1.0,a04ab9cf39d091af,1,1
task_0049,family_08,B-COLD,0.25,0.5,9,4550,4550,505.55555555555554,19,9120,1,0,0,0.9706,0,0,0,0,0,0,0,0,0,0,0.6666666666666666,0.0,,1,0
task_0049,family_08,B-RAG-EMBED,0.25,0.5,9,2500,2500,255.55555555555554,15,4870,1,0,0,0.9706,0,0,0,0,0,0,0,0,1,0,0.6666666666666666,0.0,,1,1
task_0049,family_08,B-STAGEHAND-CACHE,0.25,0.5,9,4550,4550,505.55555555555554,19,9120,1,0,0,0.9706,0,0,0,0,0,0,0,0,1,0,0.6666666666666666,0.0,,1,0
task_0049,family_08,B-TERX-REPLAY,0.25,0.5,9,4550,4550,505.55555555555554,19,9120,1,0,0,0.9706,0,0,0,0,0,0,0,0,1,0,0.6666666666666666,0.0,,1,0
task_0049,family_08,P-STAGEHAND-TTL,0.25,0.5,9,510,510,56.666666666666664,11,1150,1,0,0,0.99,1,1,1,0,1,0,0,0,0,0,0.0,1.0,54e0194ae5fdf737,1,1
task_0049,family_08,P-WEBMCP-TOOL,0.25,0.5,9,615,615,56.666666666666664,12,1225,1,0,0,0.99,0,0,0,0,0,0,1,0,1,1,0.0,0.0,8966fac5f529a5d7,1,1
task_0049,family_08,P-SPIDER-MEA-BATCHED,0.25,0.5,9,870,870,62.22222222222222,13,1405,1,0,0,0.99,0,1,0,0,1,0,1,0,1,0,0.6666666666666666,1.0,8966fac5f529a5d7,1,1
task_0049,family_08,NC1-SHUFFLED,0.25,0.5,9,1770,1770,162.22222222222223,14,3100,1,0,1,0.933680300397846,1,1,1,1,0,0,0,1,0,0,0.0,0.0,94666198f33e39f2,0,0
task_0049,family_08,NC2-RANDOM,0.25,0.5,9,1770,1770,162.22222222222223,14,3100,1,0,1,0.9131241992643051,1,1,1,1,0,0,0,1,0,0,0.0,0.0,d71a05d8b0fb05a7,0,0
task_0049,family_08,NC3-LENGTH,0.25,0.5,9,4550,4550,500.0,19,9120,1,0,0,0.55,0,0,0,0,0,0,0,0,0,0,0.0,0.0,,1,0
task_0049,family_08,NC4-ABLATION,0.25,0.5,9,960,960,72.22222222222223,13,1470,1,0,0,0.99,0,0,0,0,1,0,0,1,1,0,0.6666666666666666,1.0,8966fac5f529a5d7,1,1
task_0050,family_08,B-COLD,0.5,0.5,9,4550,4550,505.55555555555554,19,9120,1,0,0,0.99,0,0,0,0,0,0,0,0,0,0,0.6666666666666666,0.0,,1,0
task_0050,family_08,B-RAG-EMBED,0.5,0.5,9,2500,2500,255.55555555555554,15,4870,1,0,0,0.99,0,0,0,0,0,0,0,0,1,0,0.6666666666666666,0.0,,1,1
task_0050,family_08,B-STAGEHAND-CACHE,0.5,0.5,9,4550,4550,505.55555555555554,19,9120,1,0,0,0.99,0,0,0,0,0,0,0,0,1,0,0.6666666666666666,0.0,,1,0
task_0050,family_08,B-TERX-REPLAY,0.5,0.5,9,4550,4550,505.55555555555554,19,9120,1,0,0,0.99,0,0,0,0,0,0,0,0,1,0,0.6666666666666666,0.0,,1,0
task_0050,family_08,P-STAGEHAND-TTL,0.5,0.5,9,510,510,56.666666666666664,11,1150,1,0,0,0.973,1,1,1,0,1,0,0,0,0,0,0.0,1.0,94fa42d8667cde91,1,1
task_0050,family_08,P-WEBMCP-TOOL,0.5,0.5,9,575,575,52.22222222222222,12,1135,1,0,0,0.9742,1,1,1,0,0,0,1,0,1,1,0.0,0.0,f1e4559dd080da9a,1,1
task_0050,family_08,P-SPIDER-MEA-BATCHED,0.5,0.5,9,870,870,62.22222222222222,13,1405,1,0,0,0.99,0,0,0,0,1,0,1,0,1,0,0.6666666666666666,1.0,f1e4559dd080da9a,1,1
task_0050,family_08,NC1-SHUFFLED,0.5,0.5,9,830,830,57.77777777777778,13,1315,1,0,1,0.8643789264278203,1,1,1,1,1,0,1,0,0,0,0.16666666666666666,0.3333333333333333,73668b88877eead2,0,0
task_0050,family_08,NC2-RANDOM,0.5,0.5,9,2270,2270,217.77777777777777,16,4100,0,1,0,0.8640611188599217,1,1,1,0,0,0,0,1,0,0,0.0,0.0,6636c0bb7da09d3b,0,1
task_0050,family_08,NC3-LENGTH,0.5,0.5,9,4550,4550,500.0,19,9120,1,0,0,0.55,0,0,0,0,0,0,0,0,0,0,0.0,0.0,,1,0
task_0050,family_08,NC4-ABLATION,0.5,0.5,9,830,830,57.77777777777778,13,1315,1,0,0,0.9617,1,1,1,0,1,0,1,0,1,0,0.6666666666666666,1.0,f1e4559dd080da9a,1,1
task_0051,family_08,B-COLD,0.75,1.0,9,4550,4550,505.55555555555554,19,9120,1,0,0,0.99,0,0,0,0,0,0,0,0,0,0,0.3333333333333333,0.0,,1,0
task_0051,family_08,B-RAG-EMBED,0.75,1.0,9,4750,4750,505.55555555555554,20,9270,1,0,0,0.99,0,0,0,0,0,0,0,0,1,0,0.3333333333333333,0.0,,1,0
task_0051,family_08,B-STAGEHAND-CACHE,0.75,1.0,9,4550,4550,505.55555555555554,19,9120,1,0,0,0.99,0,0,0,0,0,0,0,0,1,0,0.3333333333333333,0.0,,1,0
task_0051,family_08,B-TERX-REPLAY,0.75,1.0,9,4550,4550,505.55555555555554,19,9120,1,0,0,0.99,0,0,0,0,0,0,0,0,1,0,0.3333333333333333,0.0,,1,0
task_0051,family_08,P-STAGEHAND-TTL,0.75,1.0,9,550,550,61.111111111111114,11,1240,1,0,0,0.99,0,0,0,0,1,0,0,0,0,0,0.0,0.3333333333333333,80125adeffe073aa,1,1
task_0051,family_08,P-WEBMCP-TOOL,0.75,1.0,9,665,665,62.22222222222222,12,1200,1,0,0,0.99,1,1,1,0,0,0,0,1,1,1,0.0,0.0,12882b90191b2d76,1,1
task_0051,family_08,P-SPIDER-MEA-BATCHED,0.75,1.0,9,870,870,62.22222222222222,13,1405,1,0,0,0.9878,0,0,0,0,1,0,1,0,1,0,0.3333333333333333,0.3333333333333333,12882b90191b2d76,1,1
task_0051,family_08,NC1-SHUFFLED,0.75,1.0,9,1720,1720,156.66666666666666,14,3125,1,0,0,0.99,0,0,0,0,0,0,1,0,0,0,0.0,0.0,be832c1f794c7411,1,1
task_0051,family_08,NC2-RANDOM,0.75,1.0,9,1770,1770,162.22222222222223,14,3100,1,0,0,0.99,1,1,1,0,0,0,0,1,0,0,0.0,0.0,3af3b2cea17fed98,1,1
task_0051,family_08,NC3-LENGTH,0.75,1.0,9,4550,4550,500.0,19,9120,1,0,0,0.55,0,0,0,0,0,0,0,0,0,0,0.0,0.0,,1,0
task_0051,family_08,NC4-ABLATION,0.75,1.0,9,1680,1680,152.22222222222223,14,3035,1,0,0,0.99,1,1,1,0,0,0,1,0,1,0,0.3333333333333333,0.3333333333333333,12882b90191b2d76,1,1
task_0052,family_08,B-COLD,1.0,1.0,9,4550,4550,505.55555555555554,19,9120,1,0,0,0.99,0,0,0,0,0,0,0,0,0,0,0.6666666666666666,0.0,,1,0
task_0052,family_08,B-RAG-EMBED,1.0,1.0,9,4750,4750,505.55555555555554,20,9270,1,0,0,0.99,0,0,0,0,0,0,0,0,1,0,0.6666666666666666,0.0,,1,0
task_0052,family_08,B-STAGEHAND-CACHE,1.0,1.0,9,4550,4550,505.55555555555554,19,9120,1,0,0,0.99,0,0,0,0,0,0,0,0,1,0,0.6666666666666666,0.0,,1,0
task_0052,family_08,B-TERX-REPLAY,1.0,1.0,9,4550,4550,505.55555555555554,19,9120,1,0,0,0.99,0,0,0,0,0,0,0,0,1,0,0.6666666666666666,0.0,,1,0
task_0052,family_08,P-STAGEHAND-TTL,1.0,1.0,9,510,510,56.666666666666664,11,1150,1,0,1,0.8220726467655661,1,1,1,0,1,0,0,0,0,0,0.0,1.0,114301f2f5d5baaf,0,0
task_0052,family_08,P-WEBMCP-TOOL,1.0,1.0,9,615,615,56.666666666666664,12,1225,1,0,0,0.972,0,0,0,0,0,0,1,0,1,1,0.0,0.0,45f9e7c80de71062,1,1
task_0052,family_08,P-SPIDER-MEA-BATCHED,1.0,1.0,9,830,830,57.77777777777778,13,1315,1,0,0,0.9785,1,1,1,0,1,0,1,0,1,0,0.6666666666666666,1.0,45f9e7c80de71062,1,1
task_0052,family_08,NC1-SHUFFLED,1.0,1.0,9,1680,1680,152.22222222222223,14,3035,1,0,1,0.9315623156647138,1,1,1,1,0,0,1,0,0,0,0.0,0.0,ba5572e1fccafb9f,0,0
task_0052,family_08,NC2-RANDOM,1.0,1.0,9,2270,2270,217.77777777777777,16,4100,0,1,0,0.8988915173979708,1,1,1,0,0,0,0,1,0,0,0.0,0.0,c11b1757e3df31b0,0,1
task_0052,family_08,NC3-LENGTH,1.0,1.0,9,4550,4550,500.0,19,9120,1,0,0,0.55,0,0,0,0,0,0,0,0,0,0,0.0,0.0,,1,0
task_0052,family_08,NC4-ABLATION,1.0,1.0,9,870,870,62.22222222222222,13,1405,1,0,0,0.9761,0,0,0,0,1,0,1,0,1,0,0.6666666666666666,1.0,45f9e7c80de71062,1,1
task_0053,family_08,B-COLD,0.25,0.5,9,4550,4550,505.55555555555554,19,9120,1,0,0,0.9595,0,0,0,0,0,0,0,0,0,0,0.6666666666666666,0.0,,1,0
task_0053,family_08,B-RAG-EMBED,0.25,0.5,9,2500,2500,255.55555555555554,15,4870,1,0,0,0.9595,0,0,0,0,0,0,0,0,1,0,0.6666666666666666,0.0,,1,1
task_0053,family_08,B-STAGEHAND-CACHE,0.25,0.5,9,4550,4550,505.55555555555554,19,9120,1,0,0,0.9595,0,0,0,0,0,0,0,0,1,0,0.6666666666666666,0.0,,1,0
task_0053,family_08,B-TERX-REPLAY,0.25,0.5,9,4550,4550,505.55555555555554,19,9120,1,0,0,0.9595,0,0,0,0,0,0,0,0,1,0,0.6666666666666666,0.0,,1,0
task_0053,family_08,P-STAGEHAND-TTL,0.25,0.5,9,550,550,61.111111111111114,11,1240,1,0,1,0.8525198366640434,0,1,0,0,1,0,0,0,0,0,0.0,1.0,83534bfb7a4918ff,0,0
task_0053,family_08,P-WEBMCP-TOOL,0.25,0.5,9,615,615,56.666666666666664,12,1225,1,0,0,0.99,0,0,0,0,0,0,1,0,1,1,0.0,0.0,f5d6bd5b13b5c835,1,1
task_0053,family_08,P-SPIDER-MEA-BATCHED,0.25,0.5,9,830,830,57.77777777777778,13,1315,1,0,0,0.99,1,1,1,0,1,0,1,0,1,0,0.6666666666666666,1.0,f5d6bd5b13b5c835,1,1
task_0053,family_08,NC1-SHUFFLED,0.25,0.5,9,1810,1810,166.66666666666666,14,3190,1,0,1,0.8141743735330507,0,0,0,1,0,0,0,1,0,0,0.0,0.0,240596185300de58,0,0
task_0053,family_08,NC2-RANDOM,0.25,0.5,9,1810,1810,166.66666666666666,14,3190,1,0,1,0.9411404295905635,0,0,0,0,0,0,0,1,0,0,0.0,0.0,20769c458b2ab2a1,0,0
task_0053,family_08,NC3-LENGTH,0.25,0.5,9,4550,4550,500.0,19,9120,1,0,0,0.55,0,0,0,0,0,0,0,0,0,0,0.0,0.0,,1,0
task_0053,family_08,NC4-ABLATION,0.25,0.5,9,870,870,62.22222222222222,13,1405,1,0,0,0.99,0,1,0,0,1,0,1,0,1,0,0.6666666666666666,1.0,f5d6bd5b13b5c835,1,1
task_0054,family_09,B-COLD,0.0,0.0,10,5050,5050,505.0,21,10120,1,0,0,0.9731,0,0,0,0,0,0,0,0,0,0,1.0,0.0,,1,0
task_0054,family_09,B-RAG-EMBED,0.0,0.0,10,750,750,55.0,12,1470,1,0,0,0.9731,0,0,0,0,0,0,0,0,1,0,1.0,0.0,,1,1
task_0054,family_09,B-STAGEHAND-CACHE,0.0,0.0,10,550,550,55.0,11,1320,1,0,0,0.9731,0,0,0,0,0,0,0,0,1,0,1.0,0.0,,1,1
task_0054,family_09,B-TERX-REPLAY,0.0,0.0,10,550,550,55.0,11,1320,1,0,0,0.9731,0,0,0,0,0,0,0,0,1,0,1.0,0.0,,1,1
task_0054,family_09,P-STAGEHAND-TTL,0.0,0.0,10,560,560,56.0,12,1270,1,0,0,0.99,1,1,1,0,1,0,1,0,0,0,0.0,1.0,dc060add1340252c,1,1
task_0054,family_09,P-WEBMCP-TOOL,0.0,0.0,10,665,665,56.0,13,1345,1,0,0,0.99,0,0,0,0,0,0,1,0,1,1,0.0,0.0,e80153d82da1f884,1,1
task_0054,family_09,P-SPIDER-MEA-BATCHED,0.0,0.0,10,920,920,61.0,14,1525,1,0,0,0.99,0,0,0,0,1,0,1,0,1,0,1.0,1.0,e80153d82da1f884,1,1
task_0054,family_09,NC1-SHUFFLED,0.0,0.0,10,920,920,61.0,14,1525,1,0,1,0.9194599256438118,0,1,0,0,1,0,1,0,1,0,0.5,1.0,8932d02078bdb6bb,0,0
task_0054,family_09,NC2-RANDOM,0.0,0.0,10,960,960,65.0,13,1550,1,0,0,0.99,0,1,0,0,0,0,0,1,0,0,0.0,0.0,ed97a3d33633ab4e,1,1
task_0054,family_09,NC3-LENGTH,0.0,0.0,10,5050,5050,500.0,21,10120,1,0,0,0.55,0,0,0,0,0,0,0,0,0,0,0.0,0.0,,1,0
task_0054,family_09,NC4-ABLATION,0.0,0.0,10,970,970,66.0,14,1500,1,0,0,0.99,1,1,1,0,1,0,0,1,1,0,1.0,1.0,e80153d82da1f884,1,1
task_0055,family_09,B-COLD,0.5,0.5,10,5050,5050,505.0,21,10120,1,0,0,0.99,0,0,0,0,0,0,0,0,0,0,0.5,0.0,,1,0
task_0055,family_09,B-RAG-EMBED,0.5,0.5,10,3000,3000,280.0,17,5870,1,0,0,0.99,0,0,0,0,0,0,0,0,1,0,0.5,0.0,,1,1
task_0055,family_09,B-STAGEHAND-CACHE,0.5,0.5,10,5050,5050,505.0,21,10120,1,0,0,0.99,0,0,0,0,0,0,0,0,1,0,0.5,0.0,,1,0
task_0055,family_09,B-TERX-REPLAY,0.5,0.5,10,5050,5050,505.0,21,10120,1,0,0,0.99,0,0,0,0,0,0,0,0,1,0,0.5,0.0,,1,0
task_0055,family_09,P-STAGEHAND-TTL,0.5,0.5,10,600,600,60.0,12,1360,1,0,1,0.9208542866446199,0,0,0,0,1,0,0,0,0,0,0.0,1.0,d53aa16383b8d3c4,0,0
task_0055,family_09,P-WEBMCP-TOOL,0.5,0.5,10,1075,1075,97.0,14,2135,1,0,1,0.01,1,1,1,1,0,0,1,0,1,1,0.0,0.0,c9798761452c9832,0,0
task_0055,family_09,P-SPIDER-MEA-BATCHED,0.5,0.5,10,880,880,57.0,14,1435,1,0,0,0.9545,1,1,1,0,1,0,1,0,1,0,0.5,1.0,c9798761452c9832,1,1
task_0055,family_09,NC1-SHUFFLED,0.5,0.5,10,1770,1770,146.0,15,3245,1,0,1,0.8506153809739033,0,0,0,1,0,0,1,0,0,0,0.0,0.0,b15803882e30b48d,0,0
task_0055,family_09,NC2-RANDOM,0.5,0.5,10,1860,1860,155.0,15,3310,1,0,1,0.8573479314151387,0,1,0,0,0,0,0,1,0,0,0.0,0.0,dfad3bd10563685b,0,0
task_0055,family_09,NC3-LENGTH,0.5,0.5,10,5050,5050,500.0,21,10120,1,0,0,0.55,0,0,0,0,0,0,0,0,0,0,0.0,0.0,,1,0
task_0055,family_09,NC4-ABLATION,0.5,0.5,10,920,920,61.0,14,1525,1,0,0,0.99,0,0,0,0,1,0,1,0,1,0,0.5,1.0,c9798761452c9832,1,1
task_0056,family_09,B-COLD,0.75,1.0,10,5050,5050,505.0,21,10120,1,0,0,0.9543,0,0,0,0,0,0,0,0,0,0,0.0,0.0,,1,0
task_0056,family_09,B-RAG-EMBED,0.75,1.0,10,5250,5250,505.0,22,10270,1,0,0,0.9543,0,0,0,0,0,0,0,0,0,0,0.0,0.0,,1,0
task_0056,family_09,B-STAGEHAND-CACHE,0.75,1.0,10,5050,5050,505.0,21,10120,1,0,0,0.9543,0,0,0,0,0,0,0,0,0,0,0.0,0.0,,1,0
task_0056,family_09,B-TERX-REPLAY,0.75,1.0,10,5050,5050,505.0,21,10120,1,0,0,0.9543,0,0,0,0,0,0,0,0,0,0,0.0,0.0,,1,0
task_0056,family_09,P-STAGEHAND-TTL,0.75,1.0,10,5010,5010,501.0,21,10030,1,0,0,0.99,1,1,1,0,0,0,0,0,0,0,0.0,0.0,5b10877f60b49b4d,1,0
task_0056,family_09,P-WEBMCP-TOOL,0.75,1.0,10,1525,1525,142.0,15,3015,1,0,1,0.0242,1,1,1,1,0,0,1,0,1,1,0.0,0.0,4789a651211234d0,0,0
task_0056,family_09,P-SPIDER-MEA-BATCHED,0.75,1.0,10,1770,1770,146.0,15,3245,1,0,0,0.99,0,1,0,0,0,0,1,0,0,0,0.0,0.0,4789a651211234d0,1,1
task_0056,family_09,NC1-SHUFFLED,0.75,1.0,10,1770,1770,146.0,15,3245,1,0,1,0.9360308921021093,0,0,0,0,0,0,1,0,0,0,0.0,0.0,7d555f9a933f3ea2,0,0
task_0056,family_09,NC2-RANDOM,0.75,1.0,10,1860,1860,155.0,15,3310,1,0,1,0.9315779649854247,0,0,0,0,0,0,0,1,0,0,0.0,0.0,0dc3d9a4e9f38170,0,0
task_0056,family_09,NC3-LENGTH,0.75,1.0,10,5050,5050,500.0,21,10120,1,0,0,0.55,0,0,0,0,0,0,0,0,0,0,0.0,0.0,,1,0
task_0056,family_09,NC4-ABLATION,0.75,1.0,10,1770,1770,146.0,15,3245,1,0,1,0.01,0,0,0,1,0,0,1,0,0,0,0.0,0.0,4789a651211234d0,0,0
task_0057,family_09,B-COLD,1.0,1.0,10,5050,5050,505.0,21,10120,1,0,0,0.99,0,0,0,0,0,0,0,0,0,0,0.0,0.0,,1,0
task_0057,family_09,B-RAG-EMBED,1.0,1.0,10,5250,5250,505.0,22,10270,1,0,0,0.99,0,0,0,0,0,0,0,0,0,0,0.0,0.0,,1,0
task_0057,family_09,B-STAGEHAND-CACHE,1.0,1.0,10,5050,5050,505.0,21,10120,1,0,0,0.99,0,0,0,0,0,0,0,0,0,0,0.0,0.0,,1,0
task_0057,family_09,B-TERX-REPLAY,1.0,1.0,10,5050,5050,505.0,21,10120,1,0,0,0.99,0,0,0,0,0,0,0,0,0,0,0.0,0.0,,1,0
task_0057,family_09,P-STAGEHAND-TTL,1.0,1.0,10,5050,5050,505.0,21,10120,1,0,0,0.99,0,1,0,0,0,0,0,0,0,0,0.0,0.0,1fa5e2037366bd3d,1,0
task_0057,family_09,P-WEBMCP-TOOL,1.0,1.0,10,1565,1565,146.0,15,3105,1,0,0,0.9512,0,1,0,0,0,0,1,0,1,1,0.0,0.0,7ffcfd0f28f21a8d,1,1
task_0057,family_09,P-SPIDER-MEA-BATCHED,1.0,1.0,10,1770,1770,146.0,15,3245,1,0,1,0.01,0,0,0,1,0,0,1,0,0,0,0.0,0.0,7ffcfd0f28f21a8d,0,0
task_0057,family_09,NC1-SHUFFLED,1.0,1.0,10,880,880,57.0,14,1435,1,0,1,0.8662315313447628,1,1,1,1,1,0,1,0,0,0,0.16666666666666666,0.3333333333333333,e13d81826c9099bf,0,0
task_0057,family_09,NC2-RANDOM,1.0,1.0,10,1820,1820,151.0,15,3220,1,0,1,0.826280671288232,1,1,1,1,0,0,0,1,0,0,0.0,0.0,f575bde6c4fb9aa6,0,0
task_0057,family_09,NC3-LENGTH,1.0,1.0,10,5050,5050,500.0,21,10120,1,0,0,0.55,0,0,0,0,0,0,0,0,0,0,0.0,0.0,,1,0
task_0057,family_09,NC4-ABLATION,1.0,1.0,10,1770,1770,146.0,15,3245,1,0,1,0.036,0,1,0,1,0,0,1,0,0,0,0.0,0.0,7ffcfd0f28f21a8d,0,0
task_0058,family_09,B-COLD,0.25,0.5,10,5050,5050,505.0,21,10120,1,0,0,0.99,0,0,0,0,0,0,0,0,0,0,0.5,0.0,,1,0
task_0058,family_09,B-RAG-EMBED,0.25,0.5,10,3000,3000,280.0,17,5870,1,0,0,0.99,0,0,0,0,0,0,0,0,1,0,0.5,0.0,,1,1
task_0058,family_09,B-STAGEHAND-CACHE,0.25,0.5,10,5050,5050,505.0,21,10120,1,0,0,0.99,0,0,0,0,0,0,0,0,1,0,0.5,0.0,,1,0
task_0058,family_09,B-TERX-REPLAY,0.25,0.5,10,5050,5050,505.0,21,10120,1,0,0,0.99,0,0,0,0,0,0,0,0,1,0,0.5,0.0,,1,0
task_0058,family_09,P-STAGEHAND-TTL,0.25,0.5,10,600,600,60.0,12,1360,1,0,0,0.9659,0,0,0,0,1,0,0,0,0,0,0.0,1.0,278b5aa1afcba546,1,1
task_0058,family_09,P-WEBMCP-TOOL,0.25,0.5,10,1075,1075,97.0,14,2135,1,0,0,0.99,1,1,1,0,0,0,1,0,1,1,0.0,0.0,61cca73023b6e157,1,1
task_0058,family_09,P-SPIDER-MEA-BATCHED,0.25,0.5,10,920,920,61.0,14,1525,1,0,0,0.99,0,0,0,0,1,0,1,0,1,0,0.5,1.0,61cca73023b6e157,1,1
task_0058,family_09,NC1-SHUFFLED,0.25,0.5,10,1470,1470,116.0,16,2500,0,1,0,0.823037856708308,1,1,1,0,1,0,0,1,1,0,0.5,1.0,0672735f3ee9d5af,0,1
task_0058,family_09,NC2-RANDOM,0.25,0.5,10,2320,2320,201.0,17,4220,0,1,0,0.8825999284565346,1,1,1,0,0,0,0,1,0,0,0.0,0.0,56ad0aa20cb27fb9,0,1
task_0058,family_09,NC3-LENGTH,0.25,0.5,10,5050,5050,500.0,21,10120,1,0,0,0.55,0,0,0,0,0,0,0,0,0,0,0.0,0.0,,1,0
task_0058,family_09,NC4-ABLATION,0.25,0.5,10,880,880,57.0,14,1435,1,0,0,0.99,1,1,1,0,1,0,1,0,1,0,0.5,1.0,61cca73023b6e157,1,1
task_0059,family_09,B-COLD,0.5,0.5,10,5050,5050,505.0,21,10120,1,0,0,0.9789,0,0,0,0,0,0,0,0,0,0,0.16666666666666666,0.0,,1,0
task_0059,family_09,B-RAG-EMBED,0.5,0.5,10,5250,5250,505.0,22,10270,1,0,0,0.9789,0,0,0,0,0,0,0,0,0,0,0.16666666666666666,0.0,,1,0
task_0059,family_09,B-STAGEHAND-CACHE,0.5,0.5,10,5050,5050,505.0,21,10120,1,0,0,0.9789,0,0,0,0,0,0,0,0,0,0,0.16666666666666666,0.0,,1,0
task_0059,family_09,B-TERX-REPLAY,0.5,0.5,10,5050,5050,505.0,21,10120,1,0,0,0.9789,0,0,0,0,0,0,0,0,0,0,0.16666666666666666,0.0,,1,0
task_0059,family_09,P-STAGEHAND-TTL,0.5,0.5,10,560,560,56.0,12,1270,1,0,0,0.99,1,1,1,0,1,0,0,0,0,0,0.0,0.3333333333333333,457bf258f0fc6bf6,1,1
task_0059,family_09,P-WEBMCP-TOOL,0.5,0.5,10,1115,1115,101.0,14,2225,1,0,0,0.99,0,0,0,0,0,0,1,0,1,1,0.0,0.0,fae1771197113e19,1,1
task_0059,family_09,P-SPIDER-MEA-BATCHED,0.5,0.5,10,880,880,57.0,14,1435,1,0,0,0.99,1,1,1,0,1,0,1,0,0,0,0.16666666666666666,0.3333333333333333,fae1771197113e19,1,1
task_0059,family_09,NC1-SHUFFLED,0.5,0.5,10,1010,1010,70.0,14,1590,1,0,1,0.8368697872730857,0,0,0,0,1,0,0,1,1,0,0.5,1.0,0bd80063e8deb1ef,0,0
task_0059,family_09,NC2-RANDOM,0.5,0.5,10,2320,2320,201.0,17,4220,0,1,0,0.8381197955987671,1,1,1,0,0,0,0,1,0,0,0.0,0.0,47791100a4f0ba77,0,1
task_0059,family_09,NC3-LENGTH,0.5,0.5,10,5050,5050,500.0,21,10120,1,0,0,0.55,0,0,0,0,0,0,0,0,0,0,0.0,0.0,,1,0
task_0059,family_09,NC4-ABLATION,0.5,0.5,10,1770,1770,146.0,15,3245,1,0,1,0.01,0,1,0,1,0,0,1,0,0,0,0.16666666666666666,0.3333333333333333,fae1771197113e19,0,0
task_0060,family_10,B-COLD,0.0,0.0,11,5550,5550,504.54545454545456,23,11120,1,0,0,0.99,0,0,0,0,0,0,0,0,0,0,1.0,0.0,,1,0
task_0060,family_10,B-RAG-EMBED,0.0,0.0,11,800,800,54.54545454545455,13,1590,1,0,0,0.99,0,0,0,0,0,0,0,0,1,0,1.0,0.0,,1,1
task_0060,family_10,B-STAGEHAND-CACHE,0.0,0.0,11,600,600,54.54545454545455,12,1440,1,0,0,0.99,0,0,0,0,0,0,0,0,1,0,1.0,0.0,,1,1
task_0060,family_10,B-TERX-REPLAY,0.0,0.0,11,600,600,54.54545454545455,12,1440,1,0,0,0.99,0,0,0,0,0,0,0,0,1,0,1.0,0.0,,1,1
task_0060,family_10,P-STAGEHAND-TTL,0.0,0.0,11,650,650,59.09090909090909,13,1480,1,0,0,0.99,0,0,0,0,1,0,1,0,0,0,0.0,1.0,61254724b771c788,1,1
task_0060,family_10,P-WEBMCP-TOOL,0.0,0.0,11,715,715,55.45454545454545,14,1465,1,0,0,0.99,0,0,0,0,0,0,1,0,1,1,0.0,0.0,9ed7676c0f917881,1,1
task_0060,family_10,P-SPIDER-MEA-BATCHED,0.0,0.0,11,970,970,60.0,15,1645,1,0,0,0.99,0,0,0,0,1,0,1,0,1,0,1.0,1.0,9ed7676c0f917881,1,1
task_0060,family_10,NC1-SHUFFLED,0.0,0.0,11,970,970,60.0,15,1645,1,0,0,0.99,0,0,0,0,1,0,1,0,0,0,0.2222222222222222,0.3333333333333333,037cd45032143a26,1,1
task_0060,family_10,NC2-RANDOM,0.0,0.0,11,1010,1010,63.63636363636363,14,1670,1,0,1,0.7843301655636146,0,1,0,0,0,0,0,1,0,0,0.0,0.0,518b324527e43cb7,0,0
task_0060,family_10,NC3-LENGTH,0.0,0.0,11,5550,5550,500.0,23,11120,1,0,0,0.55,0,0,0,0,0,0,0,0,0,0,0.0,0.0,,1,0
task_0060,family_10,NC4-ABLATION,0.0,0.0,11,930,930,56.36363636363637,15,1555,1,0,0,0.99,1,1,1,0,1,0,1,0,1,0,1.0,1.0,9ed7676c0f917881,1,1
task_0061,family_10,B-COLD,0.75,0.6667,11,5550,5550,504.54545454545456,23,11120,1,0,0,0.9631,0,0,0,0,0,0,0,0,0,0,0.5555555555555556,0.0,,1,0
task_0061,family_10,B-RAG-EMBED,0.75,0.6667,11,3950,3950,340.90909090909093,20,7750,1,0,0,0.9631,0,0,0,0,0,0,0,0,1,0,0.5555555555555556,0.0,,1,1
task_0061,family_10,B-STAGEHAND-CACHE,0.75,0.6667,11,5550,5550,504.54545454545456,23,11120,1,0,0,0.9631,0,0,0,0,0,0,0,0,1,0,0.5555555555555556,0.0,,1,0
task_0061,family_10,B-TERX-REPLAY,0.75,0.6667,11,5550,5550,504.54545454545456,23,11120,1,0,0,0.9631,0,0,0,0,0,0,0,0,1,0,0.5555555555555556,0.0,,1,0
task_0061,family_10,P-STAGEHAND-TTL,0.75,0.6667,11,650,650,59.09090909090909,13,1480,1,0,0,0.9802,0,1,0,0,1,0,0,0,0,0,0.0,1.0,a87a931665dd5715,1,1
task_0061,family_10,P-WEBMCP-TOOL,0.75,0.6667,11,805,805,63.63636363636363,14,1530,1,0,0,0.9764,0,0,0,0,0,0,0,1,1,1,0.0,0.0,985163b0d3147aac,1,1
task_0061,family_10,P-SPIDER-MEA-BATCHED,0.75,0.6667,11,1060,1060,68.18181818181819,15,1710,1,0,0,0.99,0,0,0,0,1,0,0,1,1,0,0.5555555555555556,1.0,985163b0d3147aac,1,1
task_0061,family_10,NC1-SHUFFLED,0.75,0.6667,11,930,930,56.36363636363637,15,1555,1,0,0,0.9816,1,1,1,0,1,0,1,0,0,0,0.2222222222222222,0.3333333333333333,2225e74312883446,1,1
task_0061,family_10,NC2-RANDOM,0.75,0.6667,11,2360,2360,186.36363636363637,17,4310,1,0,1,0.8355906605848562,0,0,0,1,0,0,0,1,0,0,0.0,0.0,757569aedb942698,0,0
task_0061,family_10,NC3-LENGTH,0.75,0.6667,11,5550,5550,500.0,23,11120,1,0,0,0.55,0,0,0,0,0,0,0,0,0,0,0.0,0.0,,1,0
task_0061,family_10,NC4-ABLATION,0.75,0.6667,11,930,930,56.36363636363637,15,1555,1,0,1,0.01,1,1,1,1,1,0,1,0,1,0,0.5555555555555556,1.0,985163b0d3147aac,0,0
task_0062,family_10,B-COLD,1.0,1.0,11,5550,5550,504.54545454545456,23,11120,1,0,0,0.9557,0,0,0,0,0,0,0,0,0,0,0.3333333333333333,0.0,,1,0
task_0062,family_10,B-RAG-EMBED,1.0,1.0,11,5750,5750,504.54545454545456,24,11270,1,0,0,0.9557,0,0,0,0,0,0,0,0,1,0,0.3333333333333333,0.0,,1,0
task_0062,family_10,B-STAGEHAND-CACHE,1.0,1.0,11,5550,5550,504.54545454545456,23,11120,1,0,0,0.9557,0,0,0,0,0,0,0,0,1,0,0.3333333333333333,0.0,,1,0
task_0062,family_10,B-TERX-REPLAY,1.0,1.0,11,5550,5550,504.54545454545456,23,11120,1,0,0,0.9557,0,0,0,0,0,0,0,0,1,0,0.3333333333333333,0.0,,1,0
task_0062,family_10,P-STAGEHAND-TTL,1.0,1.0,11,650,650,59.09090909090909,13,1480,1,0,1,0.7846556303528137,0,1,0,0,1,0,0,0,0,0,0.0,0.3333333333333333,d9d1fb086245f41b,0,0
task_0062,family_10,P-WEBMCP-TOOL,1.0,1.0,11,715,715,55.45454545454545,14,1465,1,0,1,0.0258,0,0,0,1,0,0,1,0,1,1,0.0,0.0,b9b876abe4286f91,0,0
task_0062,family_10,P-SPIDER-MEA-BATCHED,1.0,1.0,11,930,930,56.36363636363637,15,1555,1,0,0,0.9579,1,1,1,0,1,0,1,0,1,0,0.3333333333333333,0.3333333333333333,b9b876abe4286f91,1,1
task_0062,family_10,NC1-SHUFFLED,1.0,1.0,11,1430,1430,101.81818181818181,17,2555,0,1,0,0.8737831462607238,1,1,1,0,1,0,1,0,0,0,0.1111111111111111,0.3333333333333333,475d6e500a989034,0,1
task_0062,family_10,NC2-RANDOM,1.0,1.0,11,2320,2320,182.72727272727272,17,4220,1,0,1,0.8416109582133624,1,1,1,0,0,0,0,1,0,0,0.0,0.0,812f01449e58579d,0,0
task_0062,family_10,NC3-LENGTH,1.0,1.0,11,5550,5550,500.0,23,11120,1,0,0,0.55,0,0,0,0,0,0,0,0,0,0,0.0,0.0,,1,0
task_0062,family_10,NC4-ABLATION,1.0,1.0,11,2270,2270,178.1818181818182,17,4245,1,0,0,0.9649,0,1,0,0,0,0,1,0,1,0,0.3333333333333333,0.3333333333333333,b9b876abe4286f91,1,1
task_0063,family_10,B-COLD,0.25,0.3333,11,5550,5550,504.54545454545456,23,11120,1,0,0,0.99,0,0,0,0,0,0,0,0,0,0,0.7777777777777778,0.0,,1,0
task_0063,family_10,B-RAG-EMBED,0.25,0.3333,11,2600,2600,218.1818181818182,17,5110,1,0,0,0.99,0,0,0,0,0,0,0,0,1,0,0.7777777777777778,0.0,,1,1
task_0063,family_10,B-STAGEHAND-CACHE,0.25,0.3333,11,5550,5550,504.54545454545456,23,11120,1,0,0,0.99,0,0,0,0,0,0,0,0,1,0,0.7777777777777778,0.0,,1,0
task_0063,family_10,B-TERX-REPLAY,0.25,0.3333,11,5550,5550,504.54545454545456,23,11120,1,0,0,0.99,0,0,0,0,0,0,0,0,1,0,0.7777777777777778,0.0,,1,0
task_0063,family_10,P-STAGEHAND-TTL,0.25,0.3333,11,650,650,59.09090909090909,13,1480,1,0,0,0.99,0,0,0,0,1,0,0,0,0,0,0.0,1.0,099cae539366c7b0,1,1
task_0063,family_10,P-WEBMCP-TOOL,0.25,0.3333,11,675,675,51.81818181818182,14,1375,1,0,0,0.9537,1,1,1,0,0,0,1,0,1,1,0.0,0.0,628969ea9d74df41,1,1
task_0063,family_10,P-SPIDER-MEA-BATCHED,0.25,0.3333,11,930,930,56.36363636363637,15,1555,1,0,0,0.9774,1,1,1,0,1,0,1,0,1,0,0.7777777777777778,1.0,628969ea9d74df41,1,1
task_0063,family_10,NC1-SHUFFLED,0.25,0.3333,11,970,970,60.0,15,1645,1,0,1,0.9169335976529795,0,0,0,0,1,0,1,0,1,0,0.4444444444444444,1.0,ce6fbed690d51505,0,0
task_0063,family_10,NC2-RANDOM,0.25,0.3333,11,2320,2320,182.72727272727272,17,4220,1,0,0,0.99,1,1,1,0,0,0,0,1,0,0,0.0,0.0,3ea19885180ac1e0,1,1
task_0063,family_10,NC3-LENGTH,0.25,0.3333,11,5550,5550,500.0,23,11120,1,0,0,0.55,0,0,0,0,0,0,0,0,0,0,0.0,0.0,,1,0
task_0063,family_10,NC4-ABLATION,0.25,0.3333,11,930,930,56.36363636363637,15,1555,1,0,0,0.9829,1,1,1,0,1,0,1,0,1,0,0.7777777777777778,1.0,628969ea9d74df41,1,1
task_0064,family_10,B-COLD,0.5,0.6667,11,5550,5550,504.54545454545456,23,11120,1,0,0,0.99,0,0,0,0,0,0,0,0,0,0,0.7777777777777778,0.0,,1,0
task_0064,family_10,B-RAG-EMBED,0.5,0.6667,11,3950,3950,340.90909090909093,20,7750,1,0,0,0.99,0,0,0,0,0,0,0,0,1,0,0.7777777777777778,0.0,,1,1
task_0064,family_10,B-STAGEHAND-CACHE,0.5,0.6667,11,5550,5550,504.54545454545456,23,11120,1,0,0,0.99,0,0,0,0,0,0,0,0,1,0,0.7777777777777778,0.0,,1,0
task_0064,family_10,B-TERX-REPLAY,0.5,0.6667,11,5550,5550,504.54545454545456,23,11120,1,0,0,0.99,0,0,0,0,0,0,0,0,1,0,0.7777777777777778,0.0,,1,0
task_0064,family_10,P-STAGEHAND-TTL,0.5,0.6667,11,650,650,59.09090909090909,13,1480,1,0,0,0.969,0,0,0,0,1,0,0,0,0,0,0.0,1.0,e2b65b69ffcde605,1,1
task_0064,family_10,P-WEBMCP-TOOL,0.5,0.6667,11,675,675,51.81818181818182,14,1375,1,0,1,0.0335,1,1,1,1,0,0,1,0,1,1,0.0,0.0,51b41f145311f9fe,0,0
task_0064,family_10,P-SPIDER-MEA-BATCHED,0.5,0.6667,11,930,930,56.36363636363637,15,1555,1,0,0,0.9507,1,1,1,0,1,0,1,0,1,0,0.7777777777777778,1.0,51b41f145311f9fe,1,1
task_0064,family_10,NC1-SHUFFLED,0.5,0.6667,11,970,970,60.0,15,1645,1,0,1,0.8394343001702109,0,0,0,0,1,0,1,0,1,0,0.3333333333333333,1.0,8b5cdb2bece15358,0,0
task_0064,family_10,NC2-RANDOM,0.5,0.6667,11,2820,2820,228.1818181818182,19,5220,0,1,0,0.931336657532893,1,1,1,0,0,0,0,1,0,0,0.0,0.0,4b3bd6c666b0d0bd,0,1
task_0064,family_10,NC3-LENGTH,0.5,0.6667,11,5550,5550,500.0,23,11120,1,0,0,0.55,0,0,0,0,0,0,0,0,0,0,0.0,0.0,,1,0
task_0064,family_10,NC4-ABLATION,0.5,0.6667,11,970,970,60.0,15,1645,1,0,0,0.99,0,0,0,0,1,0,1,0,1,0,0.7777777777777778,1.0,51b41f145311f9fe,1,1
task_0065,family_10,B-COLD,0.75,0.6667,11,5550,5550,504.54545454545456,23,11120,1,0,0,0.9732,0,0,0,0,0,0,0,0,0,0,0.7777777777777778,0.0,,1,0
task_0065,family_10,B-RAG-EMBED,0.75,0.6667,11,3950,3950,340.90909090909093,20,7750,1,0,0,0.9732,0,0,0,0,0,0,0,0,1,0,0.7777777777777778,0.0,,1,1
task_0065,family_10,B-STAGEHAND-CACHE,0.75,0.6667,11,5550,5550,504.54545454545456,23,11120,1,0,0,0.9732,0,0,0,0,0,0,0,0,1,0,0.7777777777777778,0.0,,1,0
task_0065,family_10,B-TERX-REPLAY,0.75,0.6667,11,5550,5550,504.54545454545456,23,11120,1,0,0,0.9732,0,0,0,0,0,0,0,0,1,0,0.7777777777777778,0.0,,1,0
task_0065,family_10,P-STAGEHAND-TTL,0.75,0.6667,11,610,610,55.45454545454545,13,1390,1,0,1,0.8897548269338347,1,1,1,0,1,0,0,0,0,0,0.0,1.0,e87fdc35a63c1ef7,0,0
task_0065,family_10,P-WEBMCP-TOOL,0.75,0.6667,11,715,715,55.45454545454545,14,1465,1,0,0,0.99,0,0,0,0,0,0,1,0,1,1,0.0,0.0,2f7f7b0c25302734,1,1
task_0065,family_10,P-SPIDER-MEA-BATCHED,0.75,0.6667,11,970,970,60.0,15,1645,1,0,1,0.0477,0,0,0,1,1,0,1,0,1,0,0.7777777777777778,1.0,2f7f7b0c25302734,0,0
task_0065,family_10,NC1-SHUFFLED,0.75,0.6667,11,970,970,60.0,15,1645,1,0,0,0.99,0,0,0,0,1,0,1,0,0,0,0.1111111111111111,0.3333333333333333,55f5162161a3cc69,1,1
task_0065,family_10,NC2-RANDOM,0.75,0.6667,11,2320,2320,182.72727272727272,17,4220,1,0,1,0.8414484201141897,1,1,1,0,0,0,0,1,0,0,0.0,0.0,9a36e1868b276cde,0,0
task_0065,family_10,NC3-LENGTH,0.75,0.6667,11,5550,5550,500.0,23,11120,1,0,0,0.55,0,0,0,0,0,0,0,0,0,0,0.0,0.0,,1,0
task_0065,family_10,NC4-ABLATION,0.75,0.6667,11,930,930,56.36363636363637,15,1555,1,0,0,0.99,1,1,1,0,1,0,1,0,1,0,0.7777777777777778,1.0,2f7f7b0c25302734,1,1
task_0066,family_11,B-COLD,0.0,0.0,12,6050,6050,504.1666666666667,25,12120,1,0,0,0.99,0,0,0,0,0,0,0,0,0,0,1.0,0.0,,1,0
task_0066,family_11,B-RAG-EMBED,0.0,0.0,12,850,850,54.166666666666664,14,1710,1,0,0,0.99,0,0,0,0,0,0,0,0,1,0,1.0,0.0,,1,1
task_0066,family_11,B-STAGEHAND-CACHE,0.0,0.0,12,650,650,54.166666666666664,13,1560,1,0,0,0.99,0,0,0,0,0,0,0,0,1,0,1.0,0.0,,1,1
task_0066,family_11,B-TERX-REPLAY,0.0,0.0,12,650,650,54.166666666666664,13,1560,1,0,0,0.99,0,0,0,0,0,0,0,0,1,0,1.0,0.0,,1,1
task_0066,family_11,P-STAGEHAND-TTL,0.0,0.0,12,700,700,58.333333333333336,14,1600,1,0,0,0.99,0,0,0,0,1,0,1,0,0,0,0.0,1.0,5aaeac1d62ce255a,1,1
task_0066,family_11,P-WEBMCP-TOOL,0.0,0.0,12,725,725,51.666666666666664,15,1495,1,0,0,0.99,1,1,1,0,0,0,1,0,1,1,0.0,0.0,1c36d425f9e9fb13,1,1
task_0066,family_11,P-SPIDER-MEA-BATCHED,0.0,0.0,12,1110,1110,66.66666666666667,16,1830,1,0,0,0.9897,0,0,0,0,1,0,0,1,1,0,1.0,1.0,1c36d425f9e9fb13,1,1
task_0066,family_11,NC1-SHUFFLED,0.0,0.0,12,930,930,51.666666666666664,15,1635,1,0,0,0.99,1,1,1,0,0,0,1,0,0,0,0.0,0.0,85e4f497d57197dd,1,1
task_0066,family_11,NC2-RANDOM,0.0,0.0,12,1020,1020,59.166666666666664,15,1700,1,0,0,0.99,1,1,1,0,0,0,0,1,0,0,0.0,0.0,02c32d48bca09a14,1,1
task_0066,family_11,NC3-LENGTH,0.0,0.0,12,6050,6050,500.0,25,12120,1,0,0,0.55,0,0,0,0,0,0,0,0,0,0,0.0,0.0,,1,0
task_0066,family_11,NC4-ABLATION,0.0,0.0,12,1020,1020,59.166666666666664,16,1765,1,0,0,0.99,0,0,0,0,1,0,1,0,1,0,1.0,1.0,1c36d425f9e9fb13,1,1
task_0067,family_11,B-COLD,1.0,1.0,12,6050,6050,504.1666666666667,25,12120,1,0,0,0.99,0,0,0,0,0,0,0,0,0,0,0.0,0.0,,1,0
task_0067,family_11,B-RAG-EMBED,1.0,1.0,12,6250,6250,504.1666666666667,26,12270,1,0,0,0.99,0,0,0,0,0,0,0,0,0,0,0.0,0.0,,1,0
task_0067,family_11,B-STAGEHAND-CACHE,1.0,1.0,12,6050,6050,504.1666666666667,25,12120,1,0,0,0.99,0,0,0,0,0,0,0,0,0,0,0.0,0.0,,1,0
task_0067,family_11,B-TERX-REPLAY,1.0,1.0,12,6050,6050,504.1666666666667,25,12120,1,0,0,0.99,0,0,0,0,0,0,0,0,0,0,0.0,0.0,,1,0
task_0067,family_11,P-STAGEHAND-TTL,1.0,1.0,12,6050,6050,504.1666666666667,25,12120,1,0,1,0.7933350765261125,0,0,0,0,0,0,0,0,0,0,0.0,0.0,d23ea2b2f05d630f,0,0
task_0067,family_11,P-WEBMCP-TOOL,1.0,1.0,12,1305,1305,100.0,16,2530,1,0,1,0.0486,0,0,0,1,0,0,0,1,1,1,0.0,0.0,de1ba5a0e746bfe1,0,0
task_0067,family_11,P-SPIDER-MEA-BATCHED,1.0,1.0,12,1380,1380,89.16666666666667,16,2515,1,0,1,0.01,1,1,1,1,0,0,1,0,0,0,0.0,0.0,de1ba5a0e746bfe1,0,0
task_0067,family_11,NC1-SHUFFLED,1.0,1.0,12,1880,1880,130.83333333333334,18,3515,0,1,0,0.8611417884812033,1,1,1,0,0,0,1,0,0,0,0.0,0.0,2e6e4849f3bd48e4,0,1
task_0067,family_11,NC2-RANDOM,1.0,1.0,12,1470,1470,96.66666666666667,16,2580,1,0,1,0.9100293216978418,1,1,1,0,0,0,0,1,0,0,0.0,0.0,f607fec6b614cd10,0,0
task_0067,family_11,NC3-LENGTH,1.0,1.0,12,6050,6050,500.0,25,12120,1,0,0,0.55,0,0,0,0,0,0,0,0,0,0,0.0,0.0,,1,0
task_0067,family_11,NC4-ABLATION,1.0,1.0,12,1380,1380,89.16666666666667,16,2515,1,0,0,0.99,1,1,1,0,0,0,1,0,0,0,0.0,0.0,de1ba5a0e746bfe1,1,1
task_0068,family_11,B-COLD,0.25,0.0,12,6050,6050,504.1666666666667,25,12120,1,0,0,0.968,0,0,0,0,0,0,0,0,0,0,1.0,0.0,,1,0
task_0068,family_11,B-RAG-EMBED,0.25,0.0,12,850,850,54.166666666666664,14,1710,1,0,0,0.968,0,0,0,0,0,0,0,0,1,0,1.0,0.0,,1,1
task_0068,family_11,B-STAGEHAND-CACHE,0.25,0.0,12,6050,6050,504.1666666666667,25,12120,1,0,0,0.968,0,0,0,0,0,0,0,0,1,0,1.0,0.0,,1,0
task_0068,family_11,B-TERX-REPLAY,0.25,0.0,12,6050,6050,504.1666666666667,25,12120,1,0,0,0.968,0,0,0,0,0,0,0,0,1,0,1.0,0.0,,1,0
task_0068,family_11,P-STAGEHAND-TTL,0.25,0.0,12,660,660,55.0,14,1510,1,0,0,0.99,1,1,1,0,1,0,0,0,0,0,0.0,1.0,9cda8d9a3df0fcb0,1,1
task_0068,family_11,P-WEBMCP-TOOL,0.25,0.0,12,725,725,51.666666666666664,15,1495,1,0,0,0.99,1,1,1,0,0,0,1,0,1,1,0.0,0.0,3ef65c9c7e87df39,1,1
task_0068,family_11,P-SPIDER-MEA-BATCHED,0.25,0.0,12,1020,1020,59.166666666666664,16,1765,1,0,0,0.99,0,0,0,0,1,0,1,0,1,0,1.0,1.0,3ef65c9c7e87df39,1,1
task_0068,family_11,NC1-SHUFFLED,0.25,0.0,12,970,970,55.0,15,1725,1,0,0,0.9686,0,1,0,0,0,0,1,0,0,0,0.0,0.0,83f9c42c7d1fc84b,1,1
task_0068,family_11,NC2-RANDOM,0.25,0.0,12,1520,1520,100.83333333333333,17,2700,0,1,0,0.8150961327367376,1,1,1,0,0,0,0,1,0,0,0.0,0.0,fc75de669bd443fb,0,1
task_0068,family_11,NC3-LENGTH,0.25,0.0,12,6050,6050,500.0,25,12120,1,0,0,0.55,0,0,0,0,0,0,0,0,0,0,0.0,0.0,,1,0
task_0068,family_11,NC4-ABLATION,0.25,0.0,12,1020,1020,59.166666666666664,16,1765,1,0,0,0.99,0,0,0,0,1,0,1,0,1,0,1.0,1.0,3ef65c9c7e87df39,1,1
task_0069,family_11,B-COLD,0.5,1.0,12,6050,6050,504.1666666666667,25,12120,1,0,0,0.99,0,0,0,0,0,0,0,0,0,0,0.0,0.0,,1,0
task_0069,family_11,B-RAG-EMBED,0.5,1.0,12,6250,6250,504.1666666666667,26,12270,1,0,0,0.99,0,0,0,0,0,0,0,0,0,0,0.0,0.0,,1,0
task_0069,family_11,B-STAGEHAND-CACHE,0.5,1.0,12,6050,6050,504.1666666666667,25,12120,1,0,0,0.99,0,0,0,0,0,0,0,0,0,0,0.0,0.0,,1,0
task_0069,family_11,B-TERX-REPLAY,0.5,1.0,12,6050,6050,504.1666666666667,25,12120,1,0,0,0.99,0,0,0,0,0,0,0,0,0,0,0.0,0.0,,1,0
task_0069,family_11,P-STAGEHAND-TTL,0.5,1.0,12,6010,6010,500.8333333333333,25,12030,1,0,0,0.99,1,1,1,0,0,0,0,0,0,0,0.0,0.0,ba180aace8b3748b,1,0
task_0069,family_11,P-WEBMCP-TOOL,0.5,1.0,12,1215,1215,92.5,16,2465,1,0,0,0.99,0,0,0,0,0,0,1,0,1,1,0.0,0.0,d9799c1edd32cd22,1,1
task_0069,family_11,P-SPIDER-MEA-BATCHED,0.5,1.0,12,1380,1380,89.16666666666667,16,2515,1,0,0,0.99,1,1,1,0,0,0,1,0,0,0,0.0,0.0,d9799c1edd32cd22,1,1
task_0069,family_11,NC1-SHUFFLED,0.5,1.0,12,1470,1470,96.66666666666667,16,2580,1,0,1,0.7953717615414859,1,1,1,0,0,0,0,1,0,0,0.0,0.0,e5c2c054136894ab,0,0
task_0069,family_11,NC2-RANDOM,0.5,1.0,12,1470,1470,96.66666666666667,16,2580,1,0,1,0.87357276399114,1,1,1,0,0,0,0,1,0,0,0.0,0.0,bd788d7f4d296e4f,0,0
task_0069,family_11,NC3-LENGTH,0.5,1.0,12,6050,6050,500.0,25,12120,1,0,0,0.55,0,0,0,0,0,0,0,0,0,0,0.0,0.0,,1,0
task_0069,family_11,NC4-ABLATION,0.5,1.0,12,1380,1380,89.16666666666667,16,2515,1,0,0,0.99,1,1,1,0,0,0,1,0,0,0,0.0,0.0,d9799c1edd32cd22,1,1
task_0070,family_11,B-COLD,0.75,1.0,12,6050,6050,504.1666666666667,25,12120,1,0,0,0.99,0,0,0,0,0,0,0,0,0,0,0.0,0.0,,1,0
task_0070,family_11,B-RAG-EMBED,0.75,1.0,12,6250,6250,504.1666666666667,26,12270,1,0,0,0.99,0,0,0,0,0,0,0,0,0,0,0.0,0.0,,1,0
task_0070,family_11,B-STAGEHAND-CACHE,0.75,1.0,12,6050,6050,504.1666666666667,25,12120,1,0,0,0.99,0,0,0,0,0,0,0,0,0,0,0.0,0.0,,1,0
task_0070,family_11,B-TERX-REPLAY,0.75,1.0,12,6050,6050,504.1666666666667,25,12120,1,0,0,0.99,0,0,0,0,0,0,0,0,0,0,0.0,0.0,,1,0
task_0070,family_11,P-STAGEHAND-TTL,0.75,1.0,12,6050,6050,504.1666666666667,25,12120,1,0,0,0.99,0,0,0,0,0,0,0,0,0,0,0.0,0.0,f7d654a3d8abe7d9,1,0
task_0070,family_11,P-WEBMCP-TOOL,0.75,1.0,12,1215,1215,92.5,16,2465,1,0,0,0.99,0,0,0,0,0,0,1,0,1,1,0.0,0.0,95f43b5ecfb0754e,1,1
task_0070,family_11,P-SPIDER-MEA-BATCHED,0.75,1.0,12,1420,1420,92.5,16,2605,1,0,1,0.01,0,0,0,1,0,0,1,0,0,0,0.0,0.0,95f43b5ecfb0754e,0,0
task_0070,family_11,NC1-SHUFFLED,0.75,1.0,12,1470,1470,96.66666666666667,16,2580,1,0,0,0.99,1,1,1,0,0,0,0,1,0,0,0.0,0.0,7f2d70b4e32a7583,1,1
task_0070,family_11,NC2-RANDOM,0.75,1.0,12,1510,1510,100.0,16,2670,1,0,1,0.9065737842049275,0,0,0,0,0,0,0,1,0,0,0.0,0.0,e2b2cf61c6a36e15,0,0
task_0070,family_11,NC3-LENGTH,0.75,1.0,12,6050,6050,500.0,25,12120,1,0,0,0.55,0,0,0,0,0,0,0,0,0,0,0.0,0.0,,1,0
task_0070,family_11,NC4-ABLATION,0.75,1.0,12,1420,1420,92.5,16,2605,1,0,1,0.05,0,0,0,1,0,0,1,0,0,0,0.0,0.0,95f43b5ecfb0754e,0,0
task_0071,family_11,B-COLD,1.0,1.0,12,6050,6050,504.1666666666667,25,12120,1,0,0,0.9566,0,0,0,0,0,0,0,0,0,0,0.0,0.0,,1,0
task_0071,family_11,B-RAG-EMBED,1.0,1.0,12,6250,6250,504.1666666666667,26,12270,1,0,0,0.9566,0,0,0,0,0,0,0,0,0,0,0.0,0.0,,1,0
task_0071,family_11,B-STAGEHAND-CACHE,1.0,1.0,12,6050,6050,504.1666666666667,25,12120,1,0,0,0.9566,0,0,0,0,0,0,0,0,0,0,0.0,0.0,,1,0
task_0071,family_11,B-TERX-REPLAY,1.0,1.0,12,6050,6050,504.1666666666667,25,12120,1,0,0,0.9566,0,0,0,0,0,0,0,0,0,0,0.0,0.0,,1,0
task_0071,family_11,P-STAGEHAND-TTL,1.0,1.0,12,6010,6010,500.8333333333333,25,12030,1,0,1,0.9366209406670534,1,1,1,0,0,0,0,0,0,0,0.0,0.0,9df6ce8f4d4018c2,0,0
task_0071,family_11,P-WEBMCP-TOOL,1.0,1.0,12,1215,1215,92.5,16,2465,1,0,1,0.01,0,0,0,1,0,0,1,0,1,1,0.0,0.0,d4f02f8596247ae5,0,0
task_0071,family_11,P-SPIDER-MEA-BATCHED,1.0,1.0,12,1380,1380,89.16666666666667,16,2515,1,0,0,0.99,1,1,1,0,0,0,1,0,0,0,0.0,0.0,d4f02f8596247ae5,1,1
task_0071,family_11,NC1-SHUFFLED,1.0,1.0,12,1510,1510,100.0,16,2670,1,0,1,0.8845529808528322,0,0,0,0,0,0,0,1,0,0,0.0,0.0,b2e63a79d4a67126,0,0
task_0071,family_11,NC2-RANDOM,1.0,1.0,12,1970,1970,138.33333333333334,18,3580,0,1,0,0.8445855615594732,1,1,1,0,0,0,0,1,0,0,0.0,0.0,072f4e3264f53712,0,1
task_0071,family_11,NC3-LENGTH,1.0,1.0,12,6050,6050,500.0,25,12120,1,0,0,0.55,0,0,0,0,0,0,0,0,0,0,0.0,0.0,,1,0
task_0071,family_11,NC4-ABLATION,1.0,1.0,12,1420,1420,92.5,16,2605,1,0,0,0.99,0,0,0,0,0,0,1,0,0,0,0.0,0.0,d4f02f8596247ae5,1,1
task_0072,family_12,B-COLD,0.0,0.0,13,6550,6550,503.84615384615387,27,13120,1,0,0,0.99,0,0,0,0,0,0,0,0,0,0,1.0,0.0,,1,0
task_0072,family_12,B-RAG-EMBED,0.0,0.0,13,900,900,53.84615384615385,15,1830,1,0,0,0.99,0,0,0,0,0,0,0,0,1,0,1.0,0.0,,1,1
task_0072,family_12,B-STAGEHAND-CACHE,0.0,0.0,13,700,700,53.84615384615385,14,1680,1,0,0,0.99,0,0,0,0,0,0,0,0,1,0,1.0,0.0,,1,1
task_0072,family_12,B-TERX-REPLAY,0.0,0.0,13,700,700,53.84615384615385,14,1680,1,0,0,0.99,0,0,0,0,0,0,0,0,1,0,1.0,0.0,,1,1
task_0072,family_12,P-STAGEHAND-TTL,0.0,0.0,13,710,710,54.61538461538461,15,1630,1,0,0,0.9893,1,1,1,0,1,0,1,0,0,0,0.0,1.0,f601490aa5159ff5,1,1
task_0072,family_12,P-WEBMCP-TOOL,0.0,0.0,13,905,905,61.53846153846154,16,1770,1,0,0,0.9615,0,0,0,0,0,0,0,1,1,1,0.0,0.0,1f364f30ef746d2a,1,1
task_0072,family_12,P-SPIDER-MEA-BATCHED,0.0,0.0,13,1160,1160,65.38461538461539,17,1950,1,0,0,0.99,0,1,0,0,1,0,0,1,1,0,1.0,1.0,1f364f30ef746d2a,1,1
task_0072,family_12,NC1-SHUFFLED,0.0,0.0,13,1030,1030,55.38461538461539,17,1795,1,0,0,0.99,1,1,1,0,1,0,1,0,0,0,0.16666666666666666,0.3333333333333333,73d2b93fb60fba60,1,1
task_0072,family_12,NC2-RANDOM,0.0,0.0,13,1110,1110,61.53846153846154,16,1910,1,0,0,0.99,0,0,0,0,0,0,0,1,0,0,0.0,0.0,013007af993b135c,1,1
task_0072,family_12,NC3-LENGTH,0.0,0.0,13,6550,6550,500.0,27,13120,1,0,0,0.55,0,0,0,0,0,0,0,0,0,0,0.0,0.0,,1,0
task_0072,family_12,NC4-ABLATION,0.0,0.0,13,1030,1030,55.38461538461539,17,1795,1,0,0,0.9851,1,1,1,0,1,0,1,0,1,0,1.0,1.0,1f364f30ef746d2a,1,1
task_0073,family_12,B-COLD,0.25,0.5,13,6550,6550,503.84615384615387,27,13120,1,0,0,0.9712,0,0,0,0,0,0,0,0,0,0,0.6666666666666666,0.0,,1,0
task_0073,family_12,B-RAG-EMBED,0.25,0.5,13,3600,3600,261.53846153846155,21,7110,1,0,0,0.9712,0,0,0,0,0,0,0,0,1,0,0.6666666666666666,0.0,,1,1
task_0073,family_12,B-STAGEHAND-CACHE,0.25,0.5,13,6550,6550,503.84615384615387,27,13120,1,0,0,0.9712,0,0,0,0,0,0,0,0,1,0,0.6666666666666666,0.0,,1,0
task_0073,family_12,B-TERX-REPLAY,0.25,0.5,13,6550,6550,503.84615384615387,27,13120,1,0,0,0.9712,0,0,0,0,0,0,0,0,1,0,0.6666666666666666,0.0,,1,0
task_0073,family_12,P-STAGEHAND-TTL,0.25,0.5,13,710,710,54.61538461538461,15,1630,1,0,0,0.99,1,1,1,0,1,0,0,0,0,0,0.0,1.0,4703b77c454d7719,1,1
task_0073,family_12,P-WEBMCP-TOOL,0.25,0.5,13,815,815,54.61538461538461,16,1705,1,0,1,0.01,0,0,0,1,0,0,1,0,1,1,0.0,0.0,e698902b764d9088,0,0
task_0073,family_12,P-SPIDER-MEA-BATCHED,0.25,0.5,13,1070,1070,58.46153846153846,17,1885,1,0,0,0.9535,0,0,0,0,1,0,1,0,1,0,0.6666666666666666,1.0,e698902b764d9088,1,1
task_0073,family_12,NC1-SHUFFLED,0.25,0.5,13,1880,1880,120.76923076923077,18,3515,1,0,1,0.9583932881586069,1,1,1,1,0,0,1,0,0,0,0.0,0.0,d912fb066a18da5d,0,0
task_0073,family_12,NC2-RANDOM,0.25,0.5,13,2010,2010,130.76923076923077,18,3670,1,0,0,0.9831,0,0,0,0,0,0,0,1,0,0,0.0,0.0,d74ccf73730df8c1,1,1
task_0073,family_12,NC3-LENGTH,0.25,0.5,13,6550,6550,500.0,27,13120,1,0,0,0.55,0,0,0,0,0,0,0,0,0,0,0.0,0.0,,1,0
task_0073,family_12,NC4-ABLATION,0.25,0.5,13,1070,1070,58.46153846153846,17,1885,1,0,0,0.99,0,1,0,0,1,0,1,0,1,0,0.6666666666666666,1.0,e698902b764d9088,1,1
task_0074,family_12,B-COLD,0.5,0.5,13,6550,6550,503.84615384615387,27,13120,1,0,0,0.99,0,0,0,0,0,0,0,0,0,0,0.6666666666666666,0.0,,1,0
task_0074,family_12,B-RAG-EMBED,0.5,0.5,13,3600,3600,261.53846153846155,21,7110,1,0,0,0.99,0,0,0,0,0,0,0,0,1,0,0.6666666666666666,0.0,,1,1
task_0074,family_12,B-STAGEHAND-CACHE,0.5,0.5,13,6550,6550,503.84615384615387,27,13120,1,0,0,0.99,0,0,0,0,0,0,0,0,1,0,0.6666666666666666,0.0,,1,0
task_0074,family_12,B-TERX-REPLAY,0.5,0.5,13,6550,6550,503.84615384615387,27,13120,1,0,0,0.99,0,0,0,0,0,0,0,0,1,0,0.6666666666666666,0.0,,1,0
task_0074,family_12,P-STAGEHAND-TTL,0.5,0.5,13,750,750,57.69230769230769,15,1720,1,0,0,0.9743,0,0,0,0,1,0,0,0,0,0,0.0,1.0,0f8dcc7a7d7c3298,1,1
task_0074,family_12,P-WEBMCP-TOOL,0.5,0.5,13,775,775,51.53846153846154,16,1615,1,0,1,0.01,1,1,1,1,0,0,1,0,1,1,0.0,0.0,cb7bea942436d3ba,0,0
task_0074,family_12,P-SPIDER-MEA-BATCHED,0.5,0.5,13,1030,1030,55.38461538461539,17,1795,1,0,0,0.9855,1,1,1,0,1,0,1,0,1,0,0.6666666666666666,1.0,cb7bea942436d3ba,1,1
task_0074,family_12,NC1-SHUFFLED,0.5,0.5,13,2010,2010,130.76923076923077,18,3670,1,0,0,0.9744,0,0,0,0,0,0,0,1,0,0,0.0,0.0,b8be3c52c2f59c75,1,1
task_0074,family_12,NC2-RANDOM,0.5,0.5,13,1970,1970,127.6923076923077,18,3580,1,0,0,0.99,1,1,1,0,0,0,0,1,0,0,0.0,0.0,8808b501c56199ce,1,1
task_0074,family_12,NC3-LENGTH,0.5,0.5,13,6550,6550,500.0,27,13120,1,0,0,0.55,0,0,0,0,0,0,0,0,0,0,0.0,0.0,,1,0
task_0074,family_12,NC4-ABLATION,0.5,0.5,13,1030,1030,55.38461538461539,17,1795,1,0,0,0.99,1,1,1,0,1,0,1,0,1,0,0.6666666666666666,1.0,cb7bea942436d3ba,1,1
task_0075,family_12,B-COLD,0.75,1.0,13,6550,6550,503.84615384615387,27,13120,1,0,0,0.99,0,0,0,0,0,0,0,0,0,0,0.3333333333333333,0.0,,1,0
task_0075,family_12,B-RAG-EMBED,0.75,1.0,13,6750,6750,503.84615384615387,28,13270,1,0,0,0.99,0,0,0,0,0,0,0,0,1,0,0.3333333333333333,0.0,,1,0
task_0075,family_12,B-STAGEHAND-CACHE,0.75,1.0,13,6550,6550,503.84615384615387,27,13120,1,0,0,0.99,0,0,0,0,0,0,0,0,1,0,0.3333333333333333,0.0,,1,0
task_0075,family_12,B-TERX-REPLAY,0.75,1.0,13,6550,6550,503.84615384615387,27,13120,1,0,0,0.99,0,0,0,0,0,0,0,0,1,0,0.3333333333333333,0.0,,1,0
task_0075,family_12,P-STAGEHAND-TTL,0.75,1.0,13,710,710,54.61538461538461,15,1630,1,0,0,0.99,1,1,1,0,1,0,0,0,0,0,0.0,0.3333333333333333,0007f13b18c28bb7,1,1
task_0075,family_12,P-WEBMCP-TOOL,0.75,1.0,13,775,775,51.53846153846154,16,1615,1,0,0,0.9734,1,1,1,0,0,0,1,0,1,1,0.0,0.0,ee1f2bdba787fbd2,1,1
task_0075,family_12,P-SPIDER-MEA-BATCHED,0.75,1.0,13,1030,1030,55.38461538461539,17,1795,1,0,0,0.9833,1,1,1,0,1,0,1,0,1,0,0.3333333333333333,0.3333333333333333,ee1f2bdba787fbd2,1,1
task_0075,family_12,NC1-SHUFFLED,0.75,1.0,13,1620,1620,100.76923076923077,19,2860,0,1,0,0.8579022967424423,1,1,1,0,1,0,0,1,0,0,0.16666666666666666,0.3333333333333333,52495e87f57cebf0,0,1
task_0075,family_12,NC2-RANDOM,0.75,1.0,13,2470,2470,166.15384615384616,20,4580,0,1,0,0.9123462725291547,1,1,1,0,0,0,0,1,0,0,0.0,0.0,8ced44cc894ad1b0,0,1
task_0075,family_12,NC3-LENGTH,0.75,1.0,13,6550,6550,500.0,27,13120,1,0,0,0.55,0,0,0,0,0,0,0,0,0,0,0.0,0.0,,1,0
task_0075,family_12,NC4-ABLATION,0.75,1.0,13,1880,1880,120.76923076923077,18,3515,1,0,1,0.0205,1,1,1,1,0,0,1,0,1,0,0.3333333333333333,0.3333333333333333,ee1f2bdba787fbd2,0,0
task_0076,family_12,B-COLD,1.0,1.0,13,6550,6550,503.84615384615387,27,13120,1,0,0,0.99,0,0,0,0,0,0,0,0,0,0,0.6666666666666666,0.0,,1,0
task_0076,family_12,B-RAG-EMBED,1.0,1.0,13,6750,6750,503.84615384615387,28,13270,1,0,0,0.99,0,0,0,0,0,0,0,0,1,0,0.6666666666666666,0.0,,1,0
task_0076,family_12,B-STAGEHAND-CACHE,1.0,1.0,13,6550,6550,503.84615384615387,27,13120,1,0,0,0.99,0,0,0,0,0,0,0,0,1,0,0.6666666666666666,0.0,,1,0
task_0076,family_12,B-TERX-REPLAY,1.0,1.0,13,6550,6550,503.84615384615387,27,13120,1,0,0,0.99,0,0,0,0,0,0,0,0,1,0,0.6666666666666666,0.0,,1,0
task_0076,family_12,P-STAGEHAND-TTL,1.0,1.0,13,750,750,57.69230769230769,15,1720,1,0,0,0.99,0,0,0,0,1,0,0,0,0,0,0.0,1.0,b60753581307b775,1,1
task_0076,family_12,P-WEBMCP-TOOL,1.0,1.0,13,815,815,54.61538461538461,16,1705,1,0,0,0.9517,0,0,0,0,0,0,1,0,1,1,0.0,0.0,3557ddefd91f3ff5,1,1
task_0076,family_12,P-SPIDER-MEA-BATCHED,1.0,1.0,13,1070,1070,58.46153846153846,17,1885,1,0,0,0.9749,0,0,0,0,1,0,1,0,1,0,0.6666666666666666,1.0,3557ddefd91f3ff5,1,1
task_0076,family_12,NC1-SHUFFLED,1.0,1.0,13,1030,1030,55.38461538461539,17,1795,1,0,1,0.7811962081706548,1,1,1,1,1,0,1,0,1,0,0.5,1.0,d38538b2c9698ee0,0,0
task_0076,family_12,NC2-RANDOM,1.0,1.0,13,1970,1970,127.6923076923077,18,3580,1,0,1,0.9373218698668382,1,1,1,1,0,0,0,1,0,0,0.0,0.0,62ea1896926b3207,0,0
task_0076,family_12,NC3-LENGTH,1.0,1.0,13,6550,6550,500.0,27,13120,1,0,0,0.55,0,0,0,0,0,0,0,0,0,0,0.0,0.0,,1,0
task_0076,family_12,NC4-ABLATION,1.0,1.0,13,1030,1030,55.38461538461539,17,1795,1,0,0,0.99,1,1,1,0,1,0,1,0,1,0,0.6666666666666666,1.0,3557ddefd91f3ff5,1,1
task_0077,family_13,B-COLD,0.0,0.0,14,7050,7050,503.57142857142856,29,14120,1,0,0,0.9859,0,0,0,0,0,0,0,0,0,0,1.0,0.0,,1,0
task_0077,family_13,B-RAG-EMBED,0.0,0.0,14,950,950,53.57142857142857,16,1950,1,0,0,0.9859,0,0,0,0,0,0,0,0,1,0,1.0,0.0,,1,1
task_0077,family_13,B-STAGEHAND-CACHE,0.0,0.0,14,750,750,53.57142857142857,15,1800,1,0,0,0.9859,0,0,0,0,0,0,0,0,1,0,1.0,0.0,,1,1
task_0077,family_13,B-TERX-REPLAY,0.0,0.0,14,750,750,53.57142857142857,15,1800,1,0,0,0.9859,0,0,0,0,0,0,0,0,1,0,1.0,0.0,,1,1
task_0077,family_13,P-STAGEHAND-TTL,0.0,0.0,14,760,760,54.285714285714285,16,1750,1,0,0,0.9556,1,1,1,0,1,0,1,0,0,0,0.0,1.0,24212cd2644eff1c,1,1
task_0077,family_13,P-WEBMCP-TOOL,0.0,0.0,14,955,955,60.714285714285715,17,1890,1,0,0,0.9698,0,0,0,0,0,0,0,1,1,1,0.0,0.0,4765fe35b541f494,1,1
task_0077,family_13,P-SPIDER-MEA-BATCHED,0.0,0.0,14,1120,1120,57.857142857142854,18,2005,1,0,0,0.9754,0,0,0,0,1,0,1,0,1,0,1.0,1.0,4765fe35b541f494,1,1
task_0077,family_13,NC1-SHUFFLED,0.0,0.0,14,1120,1120,57.857142857142854,18,2005,1,0,1,0.7866753019410462,0,1,0,0,1,0,1,0,0,0,0.16666666666666666,0.3333333333333333,d68821df199c8a03,0,0
task_0077,family_13,NC2-RANDOM,0.0,0.0,14,1620,1620,93.57142857142857,19,2940,0,1,0,0.8318141045595694,1,1,1,0,0,0,0,1,0,0,0.0,0.0,88d9d74650103fb8,0,1
task_0077,family_13,NC3-LENGTH,0.0,0.0,14,7050,7050,500.0,29,14120,1,0,0,0.55,0,0,0,0,0,0,0,0,0,0,0.0,0.0,,1,0
task_0077,family_13,NC4-ABLATION,0.0,0.0,14,1080,1080,55.0,18,1915,1,0,0,0.9562,1,1,1,0,1,0,1,0,1,0,1.0,1.0,4765fe35b541f494,1,1
task_0078,family_13,B-COLD,0.5,0.5,14,7050,7050,503.57142857142856,29,14120,1,0,0,0.99,0,0,0,0,0,0,0,0,0,0,0.5,0.0,,1,0
task_0078,family_13,B-RAG-EMBED,0.5,0.5,14,4100,4100,278.57142857142856,23,8110,1,0,0,0.99,0,0,0,0,0,0,0,0,1,0,0.5,0.0,,1,1
task_0078,family_13,B-STAGEHAND-CACHE,0.5,0.5,14,7050,7050,503.57142857142856,29,14120,1,0,0,0.99,0,0,0,0,0,0,0,0,1,0,0.5,0.0,,1,0
task_0078,family_13,B-TERX-REPLAY,0.5,0.5,14,7050,7050,503.57142857142856,29,14120,1,0,0,0.99,0,0,0,0,0,0,0,0,1,0,0.5,0.0,,1,0
task_0078,family_13,P-STAGEHAND-TTL,0.5,0.5,14,800,800,57.142857142857146,16,1840,1,0,1,0.9369539793572795,0,0,0,0,1,0,0,0,0,0,0.0,1.0,81a53a3e3054879f,0,0
task_0078,family_13,P-WEBMCP-TOOL,0.5,0.5,14,1315,1315,86.42857142857143,18,2705,1,0,0,0.99,0,0,0,0,0,0,1,0,1,1,0.0,0.0,fea882a2a96b2643,1,1
task_0078,family_13,P-SPIDER-MEA-BATCHED,0.5,0.5,14,1120,1120,57.857142857142854,18,2005,1,0,0,0.9588,0,0,0,0,1,0,1,0,1,0,0.5,1.0,fea882a2a96b2643,1,1
task_0078,family_13,NC1-SHUFFLED,0.5,0.5,14,2060,2060,125.0,19,3790,1,0,1,0.8744390747840716,0,0,0,0,0,0,0,1,0,0,0.0,0.0,ef6aaa88264572c1,0,0
task_0078,family_13,NC2-RANDOM,0.5,0.5,14,2020,2020,122.14285714285714,19,3700,1,0,1,0.7817664481015466,1,1,1,0,0,0,0,1,0,0,0.0,0.0,bbccce385a29370b,0,0
task_0078,family_13,NC3-LENGTH,0.5,0.5,14,7050,7050,500.0,29,14120,1,0,0,0.55,0,0,0,0,0,0,0,0,0,0,0.0,0.0,,1,0
task_0078,family_13,NC4-ABLATION,0.5,0.5,14,1210,1210,64.28571428571429,18,2070,1,0,0,0.99,0,1,0,0,1,0,0,1,1,0,0.5,1.0,fea882a2a96b2643,1,1
task_0079,family_13,B-COLD,0.75,1.0,14,7050,7050,503.57142857142856,29,14120,1,0,0,0.9596,0,0,0,0,0,0,0,0,0,0,0.0,0.0,,1,0
task_0079,family_13,B-RAG-EMBED,0.75,1.0,14,7250,7250,503.57142857142856,30,14270,1,0,0,0.9596,0,0,0,0,0,0,0,0,0,0,0.0,0.0,,1,0
task_0079,family_13,B-STAGEHAND-CACHE,0.75,1.0,14,7050,7050,503.57142857142856,29,14120,1,0,0,0.9596,0,0,0,0,0,0,0,0,0,0,0.0,0.0,,1,0
task_0079,family_13,B-TERX-REPLAY,0.75,1.0,14,7050,7050,503.57142857142856,29,14120,1,0,0,0.9596,0,0,0,0,0,0,0,0,0,0,0.0,0.0,,1,0
task_0079,family_13,P-STAGEHAND-TTL,0.75,1.0,14,7010,7010,500.7142857142857,29,14030,1,0,0,0.978,1,1,1,0,0,0,0,0,0,0,0.0,0.0,e1de186549a1f0bf,1,0
task_0079,family_13,P-WEBMCP-TOOL,0.75,1.0,14,1725,1725,115.71428571428571,19,3495,1,0,0,0.9661,1,1,1,0,0,0,1,0,1,1,0.0,0.0,b818d99e3e293eda,1,1
task_0079,family_13,P-SPIDER-MEA-BATCHED,0.75,1.0,14,1970,1970,118.57142857142857,19,3725,1,0,1,0.01,0,1,0,1,0,0,1,0,0,0,0.0,0.0,b818d99e3e293eda,0,0
task_0079,family_13,NC1-SHUFFLED,0.75,1.0,14,1170,1170,61.42857142857143,18,1980,1,0,1,0.8381335211324072,1,1,1,1,1,0,0,1,0,0,0.16666666666666666,0.3333333333333333,2fe142f6523c1a9a,0,0
task_0079,family_13,NC2-RANDOM,0.75,1.0,14,2060,2060,125.0,19,3790,1,0,1,0.9100128020970258,0,1,0,0,0,0,0,1,0,0,0.0,0.0,3703c92ad497551f,0,0
task_0079,family_13,NC3-LENGTH,0.75,1.0,14,7050,7050,500.0,29,14120,1,0,0,0.55,0,0,0,0,0,0,0,0,0,0,0.0,0.0,,1,0
task_0079,family_13,NC4-ABLATION,0.75,1.0,14,1930,1930,115.71428571428571,19,3635,1,0,1,0.01,1,1,1,1,0,0,1,0,0,0,0.0,0.0,b818d99e3e293eda,0,0
task_0080,family_13,B-COLD,1.0,1.0,14,7050,7050,503.57142857142856,29,14120,1,0,0,0.9606,0,0,0,0,0,0,0,0,0,0,0.0,0.0,,1,0
task_0080,family_13,B-RAG-EMBED,1.0,1.0,14,7250,7250,503.57142857142856,30,14270,1,0,0,0.9606,0,0,0,0,0,0,0,0,0,0,0.0,0.0,,1,0
task_0080,family_13,B-STAGEHAND-CACHE,1.0,1.0,14,7050,7050,503.57142857142856,29,14120,1,0,0,0.9606,0,0,0,0,0,0,0,0,0,0,0.0,0.0,,1,0
task_0080,family_13,B-TERX-REPLAY,1.0,1.0,14,7050,7050,503.57142857142856,29,14120,1,0,0,0.9606,0,0,0,0,0,0,0,0,0,0,0.0,0.0,,1,0
task_0080,family_13,P-STAGEHAND-TTL,1.0,1.0,14,7010,7010,500.7142857142857,29,14030,1,0,0,0.9518,1,1,1,0,0,0,0,0,0,0,0.0,0.0,711adf97f195ed32,1,0
task_0080,family_13,P-WEBMCP-TOOL,1.0,1.0,14,1725,1725,115.71428571428571,19,3495,1,0,0,0.9512,1,1,1,0,0,0,1,0,1,1,0.0,0.0,020695396dd2a7e6,1,1
task_0080,family_13,P-SPIDER-MEA-BATCHED,1.0,1.0,14,1970,1970,118.57142857142857,19,3725,1,0,0,0.99,0,1,0,0,0,0,1,0,0,0,0.0,0.0,020695396dd2a7e6,1,1
task_0080,family_13,NC1-SHUFFLED,1.0,1.0,14,1080,1080,55.0,18,1915,1,0,1,0.7956190926867006,1,1,1,1,1,0,1,0,0,0,0.16666666666666666,0.3333333333333333,329b57c88c49fe44,0,0
task_0080,family_13,NC2-RANDOM,1.0,1.0,14,2020,2020,122.14285714285714,19,3700,1,0,0,0.99,1,1,1,0,0,0,0,1,0,0,0.0,0.0,b945933ceab5b4d6,1,1
task_0080,family_13,NC3-LENGTH,1.0,1.0,14,7050,7050,500.0,29,14120,1,0,0,0.55,0,0,0,0,0,0,0,0,0,0,0.0,0.0,,1,0
task_0080,family_13,NC4-ABLATION,1.0,1.0,14,1970,1970,118.57142857142857,19,3725,1,0,1,0.01,0,0,0,1,0,0,1,0,0,0,0.0,0.0,020695396dd2a7e6,0,0
task_0081,family_13,B-COLD,0.25,0.5,14,7050,7050,503.57142857142856,29,14120,1,0,0,0.99,0,0,0,0,0,0,0,0,0,0,0.5,0.0,,1,0
task_0081,family_13,B-RAG-EMBED,0.25,0.5,14,4100,4100,278.57142857142856,23,8110,1,0,0,0.99,0,0,0,0,0,0,0,0,1,0,0.5,0.0,,1,1
task_0081,family_13,B-STAGEHAND-CACHE,0.25,0.5,14,7050,7050,503.57142857142856,29,14120,1,0,0,0.99,0,0,0,0,0,0,0,0,1,0,0.5,0.0,,1,0
task_0081,family_13,B-TERX-REPLAY,0.25,0.5,14,7050,7050,503.57142857142856,29,14120,1,0,0,0.99,0,0,0,0,0,0,0,0,1,0,0.5,0.0,,1,0
task_0081,family_13,P-STAGEHAND-TTL,0.25,0.5,14,760,760,54.285714285714285,16,1750,1,0,0,0.99,1,1,1,0,1,0,0,0,0,0,0.0,1.0,60706b9ebf9366a3,1,1
task_0081,family_13,P-WEBMCP-TOOL,0.25,0.5,14,1275,1275,83.57142857142857,18,2615,1,0,0,0.99,1,1,1,0,0,0,1,0,1,1,0.0,0.0,21d886c571636deb,1,1
task_0081,family_13,P-SPIDER-MEA-BATCHED,0.25,0.5,14,1120,1120,57.857142857142854,18,2005,1,0,1,0.0178,0,0,0,1,1,0,1,0,1,0,0.5,1.0,21d886c571636deb,0,0
task_0081,family_13,NC1-SHUFFLED,0.25,0.5,14,1080,1080,55.0,18,1915,1,0,0,0.99,1,1,1,0,1,0,1,0,0,0,0.16666666666666666,0.3333333333333333,827c2c37dc3c40a1,1,1
task_0081,family_13,NC2-RANDOM,0.25,0.5,14,2020,2020,122.14285714285714,19,3700,1,0,1,0.8682044319323504,1,1,1,1,0,0,0,1,0,0,0.0,0.0,18b30e36bd69d966,0,0
task_0081,family_13,NC3-LENGTH,0.25,0.5,14,7050,7050,500.0,29,14120,1,0,0,0.55,0,0,0,0,0,0,0,0,0,0,0.0,0.0,,1,0
task_0081,family_13,NC4-ABLATION,0.25,0.5,14,1080,1080,55.0,18,1915,1,0,0,0.9604,1,1,1,0,1,0,1,0,1,0,0.5,1.0,21d886c571636deb,1,1
task_0082,family_14,B-COLD,0.0,0.0,8,4050,4050,506.25,17,8120,1,0,0,0.9517,0,0,0,0,0,0,0,0,0,0,1.0,0.0,,1,0
task_0082,family_14,B-RAG-EMBED,0.0,0.0,8,650,650,56.25,10,1230,1,0,0,0.9517,0,0,0,0,0,0,0,0,1,0,1.0,0.0,,1,1
task_0082,family_14,B-STAGEHAND-CACHE,0.0,0.0,8,450,450,56.25,9,1080,1,0,0,0.9517,0,0,0,0,0,0,0,0,1,0,1.0,0.0,,1,1
task_0082,family_14,B-TERX-REPLAY,0.0,0.0,8,450,450,56.25,9,1080,1,0,0,0.9517,0,0,0,0,0,0,0,0,1,0,1.0,0.0,,1,1
task_0082,family_14,P-STAGEHAND-TTL,0.0,0.0,8,460,460,57.5,10,1030,1,0,0,0.99,1,1,1,0,1,0,1,0,0,0,0.0,1.0,a0f189f43681eca8,1,1
task_0082,family_14,P-WEBMCP-TOOL,0.0,0.0,8,525,525,52.5,11,1015,1,0,0,0.97,1,1,1,0,0,0,1,0,1,1,0.0,0.0,ef4edc3f43fba913,1,1
task_0082,family_14,P-SPIDER-MEA-BATCHED,0.0,0.0,8,820,820,63.75,12,1285,1,0,0,0.99,0,0,0,0,1,0,1,0,1,0,1.0,1.0,ef4edc3f43fba913,1,1
task_0082,family_14,NC1-SHUFFLED,0.0,0.0,8,770,770,57.5,11,1245,1,0,1,0.9175458356978909,0,0,0,0,0,0,1,0,0,0,0.0,0.0,5f05b99c95a3929e,0,0
task_0082,family_14,NC2-RANDOM,0.0,0.0,8,860,860,68.75,11,1310,1,0,1,0.9426642494142724,0,0,0,0,0,0,0,1,0,0,0.0,0.0,e16fdc48630556b1,0,0
task_0082,family_14,NC3-LENGTH,0.0,0.0,8,4050,4050,500.0,17,8120,1,0,0,0.55,0,0,0,0,0,0,0,0,0,0,0.0,0.0,,1,0
task_0082,family_14,NC4-ABLATION,0.0,0.0,8,780,780,58.75,12,1195,1,0,0,0.99,1,1,1,0,1,0,1,0,1,0,1.0,1.0,ef4edc3f43fba913,1,1
task_0083,family_14,B-COLD,0.75,0.6667,8,4050,4050,506.25,17,8120,1,0,0,0.99,0,0,0,0,0,0,0,0,0,0,0.5555555555555556,0.0,,1,0
task_0083,family_14,B-RAG-EMBED,0.75,0.6667,8,2900,2900,337.5,15,5630,1,0,0,0.99,0,0,0,0,0,0,0,0,1,0,0.5555555555555556,0.0,,1,1
task_0083,family_14,B-STAGEHAND-CACHE,0.75,0.6667,8,4050,4050,506.25,17,8120,1,0,0,0.99,0,0,0,0,0,0,0,0,1,0,0.5555555555555556,0.0,,1,0
task_0083,family_14,B-TERX-REPLAY,0.75,0.6667,8,4050,4050,506.25,17,8120,1,0,0,0.99,0,0,0,0,0,0,0,0,1,0,0.5555555555555556,0.0,,1,0
task_0083,family_14,P-STAGEHAND-TTL,0.75,0.6667,8,500,500,62.5,10,1120,1,0,1,0.7870825348389645,0,0,0,0,1,0,0,0,0,0,0.0,1.0,7b6de26ebfb4a446,0,0
task_0083,family_14,P-WEBMCP-TOOL,0.75,0.6667,8,525,525,52.5,11,1015,1,0,0,0.9575,1,1,1,0,0,0,1,0,1,1,0.0,0.0,ed535d1ab300d636,1,1
task_0083,family_14,P-SPIDER-MEA-BATCHED,0.75,0.6667,8,820,820,63.75,12,1285,1,0,0,0.9578,0,1,0,0,1,0,1,0,1,0,0.5555555555555556,1.0,ed535d1ab300d636,1,1
task_0083,family_14,NC1-SHUFFLED,0.75,0.6667,8,910,910,75.0,12,1350,1,0,1,0.9261429180718953,0,0,0,0,1,0,0,1,0,0,0.1111111111111111,0.3333333333333333,7033184b8a7f2125,0,0
task_0083,family_14,NC2-RANDOM,0.75,0.6667,8,2210,2210,237.5,14,3950,1,0,1,0.9532142328323718,0,0,0,0,0,0,0,1,0,0,0.0,0.0,f87b7da608ac2a87,0,0
task_0083,family_14,NC3-LENGTH,0.75,0.6667,8,4050,4050,500.0,17,8120,1,0,0,0.55,0,0,0,0,0,0,0,0,0,0,0.0,0.0,,1,0
task_0083,family_14,NC4-ABLATION,0.75,0.6667,8,820,820,63.75,12,1285,1,0,0,0.9591,0,0,0,0,1,0,1,0,1,0,0.5555555555555556,1.0,ed535d1ab300d636,1,1
task_0084,family_14,B-COLD,1.0,1.0,8,4050,4050,506.25,17,8120,1,0,0,0.99,0,0,0,0,0,0,0,0,0,0,0.3333333333333333,0.0,,1,0
task_0084,family_14,B-RAG-EMBED,1.0,1.0,8,4250,4250,506.25,18,8270,1,0,0,0.99,0,0,0,0,0,0,0,0,1,0,0.3333333333333333,0.0,,1,0
task_0084,family_14,B-STAGEHAND-CACHE,1.0,1.0,8,4050,4050,506.25,17,8120,1,0,0,0.99,0,0,0,0,0,0,0,0,1,0,0.3333333333333333,0.0,,1,0
task_0084,family_14,B-TERX-REPLAY,1.0,1.0,8,4050,4050,506.25,17,8120,1,0,0,0.99,0,0,0,0,0,0,0,0,1,0,0.3333333333333333,0.0,,1,0
task_0084,family_14,P-STAGEHAND-TTL,1.0,1.0,8,500,500,62.5,10,1120,1,0,0,0.99,0,0,0,0,1,0,0,0,0,0,0.0,0.3333333333333333,22957a1f8e960293,1,1
task_0084,family_14,P-WEBMCP-TOOL,1.0,1.0,8,565,565,57.5,11,1105,1,0,0,0.99,0,0,0,0,0,0,1,0,1,1,0.0,0.0,c8fe43ff09c47d80,1,1
task_0084,family_14,P-SPIDER-MEA-BATCHED,1.0,1.0,8,820,820,63.75,12,1285,1,0,0,0.99,0,0,0,0,1,0,1,0,1,0,0.3333333333333333,0.3333333333333333,c8fe43ff09c47d80,1,1
task_0084,family_14,NC1-SHUFFLED,1.0,1.0,8,1280,1280,121.25,14,2195,0,1,0,0.9165022840614814,1,1,1,0,1,0,1,0,1,0,0.3333333333333333,1.0,43ec6f283210e16d,0,1
task_0084,family_14,NC2-RANDOM,1.0,1.0,8,2210,2210,237.5,14,3950,1,0,1,0.860241040444714,0,0,0,1,0,0,0,1,0,0,0.0,0.0,a96c43e873d0f1cc,0,0
task_0084,family_14,NC3-LENGTH,1.0,1.0,8,4050,4050,500.0,17,8120,1,0,0,0.55,0,0,0,0,0,0,0,0,0,0,0.0,0.0,,1,0
task_0084,family_14,NC4-ABLATION,1.0,1.0,8,2080,2080,221.25,14,3795,1,0,0,0.9682,1,1,1,0,0,0,1,0,1,0,0.3333333333333333,0.3333333333333333,c8fe43ff09c47d80,1,1
task_0085,family_14,B-COLD,0.25,0.3333,8,4050,4050,506.25,17,8120,1,0,0,0.99,0,0,0,0,0,0,0,0,0,0,1.0,0.0,,1,0
task_0085,family_14,B-RAG-EMBED,0.25,0.3333,8,2000,2000,225.0,13,3870,1,0,0,0.99,0,0,0,0,0,0,0,0,1,0,1.0,0.0,,1,1
task_0085,family_14,B-STAGEHAND-CACHE,0.25,0.3333,8,4050,4050,506.25,17,8120,1,0,0,0.99,0,0,0,0,0,0,0,0,1,0,1.0,0.0,,1,0
task_0085,family_14,B-TERX-REPLAY,0.25,0.3333,8,4050,4050,506.25,17,8120,1,0,0,0.99,0,0,0,0,0,0,0,0,1,0,1.0,0.0,,1,0
task_0085,family_14,P-STAGEHAND-TTL,0.25,0.3333,8,500,500,62.5,10,1120,1,0,0,0.9571,0,0,0,0,1,0,0,0,0,0,0.0,1.0,5435308601778715,1,1
task_0085,family_14,P-WEBMCP-TOOL,0.25,0.3333,8,525,525,52.5,11,1015,1,0,0,0.9786,1,1,1,0,0,0,1,0,1,1,0.0,0.0,ad8cda36c5b1ce56,1,1
task_0085,family_14,P-SPIDER-MEA-BATCHED,0.25,0.3333,8,870,870,70.0,12,1260,1,0,0,0.99,1,1,1,0,1,0,0,1,1,0,1.0,1.0,ad8cda36c5b1ce56,1,1
task_0085,family_14,NC1-SHUFFLED,0.25,0.3333,8,780,780,58.75,12,1195,1,0,0,0.99,1,1,1,0,1,0,1,0,1,0,0.4444444444444444,1.0,f16440c37b2ccf9a,1,1
task_0085,family_14,NC2-RANDOM,0.25,0.3333,8,2670,2670,295.0,16,4860,0,1,0,0.8396336108682299,1,1,1,0,0,0,0,1,0,0,0.0,0.0,f8efa9a6b9079ac5,0,1
task_0085,family_14,NC3-LENGTH,0.25,0.3333,8,4050,4050,500.0,17,8120,1,0,0,0.55,0,0,0,0,0,0,0,0,0,0,0.0,0.0,,1,0
task_0085,family_14,NC4-ABLATION,0.25,0.3333,8,780,780,58.75,12,1195,1,0,0,0.99,1,1,1,0,1,0,1,0,1,0,1.0,1.0,ad8cda36c5b1ce56,1,1
task_0086,family_14,B-COLD,0.5,0.6667,8,4050,4050,506.25,17,8120,1,0,0,0.9837,0,0,0,0,0,0,0,0,0,0,0.7777777777777778,0.0,,1,0
task_0086,family_14,B-RAG-EMBED,0.5,0.6667,8,2900,2900,337.5,15,5630,1,0,0,0.9837,0,0,0,0,0,0,0,0,1,0,0.7777777777777778,0.0,,1,1
task_0086,family_14,B-STAGEHAND-CACHE,0.5,0.6667,8,4050,4050,506.25,17,8120,1,0,0,0.9837,0,0,0,0,0,0,0,0,1,0,0.7777777777777778,0.0,,1,0
task_0086,family_14,B-TERX-REPLAY,0.5,0.6667,8,4050,4050,506.25,17,8120,1,0,0,0.9837,0,0,0,0,0,0,0,0,1,0,0.7777777777777778,0.0,,1,0
task_0086,family_14,P-STAGEHAND-TTL,0.5,0.6667,8,460,460,57.5,10,1030,1,0,0,0.99,1,1,1,0,1,0,0,0,0,0,0.0,1.0,55d5c7e85153f4f8,1,1
task_0086,family_14,P-WEBMCP-TOOL,0.5,0.6667,8,565,565,57.5,11,1105,1,0,0,0.99,0,0,0,0,0,0,1,0,1,1,0.0,0.0,a7b4fe3408f790be,1,1
task_0086,family_14,P-SPIDER-MEA-BATCHED,0.5,0.6667,8,820,820,63.75,12,1285,1,0,0,0.9599,0,0,0,0,1,0,1,0,1,0,0.7777777777777778,1.0,a7b4fe3408f790be,1,1
task_0086,family_14,NC1-SHUFFLED,0.5,0.6667,8,780,780,58.75,12,1195,1,0,1,0.8957294158638232,1,1,1,0,1,0,1,0,0,0,0.1111111111111111,0.3333333333333333,4f2e7c9b69ed7c3c,0,0
task_0086,family_14,NC2-RANDOM,0.5,0.6667,8,2210,2210,237.5,14,3950,1,0,1,0.8197997943838029,0,0,0,0,0,0,0,1,0,0,0.0,0.0,e73400d1e00a9818,0,0
task_0086,family_14,NC3-LENGTH,0.5,0.6667,8,4050,4050,500.0,17,8120,1,0,0,0.55,0,0,0,0,0,0,0,0,0,0,0.0,0.0,,1,0
task_0086,family_14,NC4-ABLATION,0.5,0.6667,8,820,820,63.75,12,1285,1,0,0,0.99,0,0,0,0,1,0,1,0,1,0,0.7777777777777778,1.0,a7b4fe3408f790be,1,1
task_0087,family_15,B-COLD,0.0,0.0,9,4550,4550,505.55555555555554,19,9120,1,0,0,0.99,0,0,0,0,0,0,0,0,0,0,1.0,0.0,,1,0
task_0087,family_15,B-RAG-EMBED,0.0,0.0,9,700,700,55.55555555555556,11,1350,1,0,0,0.99,0,0,0,0,0,0,0,0,1,0,1.0,0.0,,1,1
task_0087,family_15,B-STAGEHAND-CACHE,0.0,0.0,9,500,500,55.55555555555556,10,1200,1,0,0,0.99,0,0,0,0,0,0,0,0,1,0,1.0,0.0,,1,1
task_0087,family_15,B-TERX-REPLAY,0.0,0.0,9,500,500,55.55555555555556,10,1200,1,0,0,0.99,0,0,0,0,0,0,0,0,1,0,1.0,0.0,,1,1
task_0087,family_15,P-STAGEHAND-TTL,0.0,0.0,9,550,550,61.111111111111114,11,1240,1,0,0,0.9784,0,0,0,0,1,0,1,0,0,0,0.0,1.0,79c807e84756d067,1,1
task_0087,family_15,P-WEBMCP-TOOL,0.0,0.0,9,575,575,52.22222222222222,12,1135,1,0,0,0.99,1,1,1,0,0,0,1,0,1,1,0.0,0.0,9c8e68c7d17560e5,1,1
task_0087,family_15,P-SPIDER-MEA-BATCHED,0.0,0.0,9,960,960,72.22222222222223,13,1470,1,0,0,0.9655,0,0,0,0,1,0,0,1,1,0,1.0,1.0,9c8e68c7d17560e5,1,1
task_0087,family_15,NC1-SHUFFLED,0.0,0.0,9,820,820,56.666666666666664,12,1365,1,0,0,0.9751,0,0,0,0,0,0,1,0,0,0,0.0,0.0,d444bf27ee5645ab,1,1
task_0087,family_15,NC2-RANDOM,0.0,0.0,9,910,910,66.66666666666667,12,1430,1,0,0,0.99,0,0,0,0,0,0,0,1,0,0,0.0,0.0,c82d460c7c2579c7,1,1
task_0087,family_15,NC3-LENGTH,0.0,0.0,9,4550,4550,500.0,19,9120,1,0,0,0.55,0,0,0,0,0,0,0,0,0,0,0.0,0.0,,1,0
task_0087,family_15,NC4-ABLATION,0.0,0.0,9,870,870,62.22222222222222,13,1405,1,0,0,0.99,0,1,0,0,1,0,1,0,1,0,1.0,1.0,9c8e68c7d17560e5,1,1
task_0088,family_15,B-COLD,1.0,1.0,9,4550,4550,505.55555555555554,19,9120,1,0,0,0.99,0,0,0,0,0,0,0,0,0,0,0.0,0.0,,1,0
task_0088,family_15,B-RAG-EMBED,1.0,1.0,9,4750,4750,505.55555555555554,20,9270,1,0,0,0.99,0,0,0,0,0,0,0,0,0,0,0.0,0.0,,1,0
task_0088,family_15,B-STAGEHAND-CACHE,1.0,1.0,9,4550,4550,505.55555555555554,19,9120,1,0,0,0.99,0,0,0,0,0,0,0,0,0,0,0.0,0.0,,1,0
task_0088,family_15,B-TERX-REPLAY,1.0,1.0,9,4550,4550,505.55555555555554,19,9120,1,0,0,0.99,0,0,0,0,0,0,0,0,0,0,0.0,0.0,,1,0
task_0088,family_15,P-STAGEHAND-TTL,1.0,1.0,9,4550,4550,505.55555555555554,19,9120,1,0,0,0.99,0,0,0,0,0,0,0,0,0,0,0.0,0.0,d4641d5acd3552c9,1,0
task_0088,family_15,P-WEBMCP-TOOL,1.0,1.0,9,1025,1025,102.22222222222223,13,2015,1,0,1,0.0417,1,1,1,1,0,0,1,0,1,1,0.0,0.0,1f7bd2366fe74b74,0,0
task_0088,family_15,P-SPIDER-MEA-BATCHED,1.0,1.0,9,1230,1230,102.22222222222223,13,2155,1,0,0,0.9507,1,1,1,0,0,0,1,0,0,0,0.0,0.0,1f7bd2366fe74b74,1,1
task_0088,family_15,NC1-SHUFFLED,1.0,1.0,9,1270,1270,106.66666666666667,13,2245,1,0,0,0.99,0,1,0,0,0,0,1,0,0,0,0.0,0.0,f4a42ef1b3ca0ca4,1,1
task_0088,family_15,NC2-RANDOM,1.0,1.0,9,1360,1360,116.66666666666667,13,2310,1,0,1,0.8183716072684094,0,0,0,0,0,0,0,1,0,0,0.0,0.0,db22e3bbf6ec074d,0,0
task_0088,family_15,NC3-LENGTH,1.0,1.0,9,4550,4550,500.0,19,9120,1,0,0,0.55,0,0,0,0,0,0,0,0,0,0,0.0,0.0,,1,0
task_0088,family_15,NC4-ABLATION,1.0,1.0,9,1270,1270,106.66666666666667,13,2245,1,0,0,0.9525,0,1,0,0,0,0,1,0,0,0,0.0,0.0,1f7bd2366fe74b74,1,1
task_0089,family_15,B-COLD,0.25,0.0,9,4550,4550,505.55555555555554,19,9120,1,0,0,0.99,0,0,0,0,0,0,0,0,0,0,1.0,0.0,,1,0
task_0089,family_15,B-RAG-EMBED,0.25,0.0,9,700,700,55.55555555555556,11,1350,1,0,0,0.99,0,0,0,0,0,0,0,0,1,0,1.0,0.0,,1,1
task_0089,family_15,B-STAGEHAND-CACHE,0.25,0.0,9,4550,4550,505.55555555555554,19,9120,1,0,0,0.99,0,0,0,0,0,0,0,0,1,0,1.0,0.0,,1,0
task_0089,family_15,B-TERX-REPLAY,0.25,0.0,9,4550,4550,505.55555555555554,19,9120,1,0,0,0.99,0,0,0,0,0,0,0,0,1,0,1.0,0.0,,1,0
task_0089,family_15,P-STAGEHAND-TTL,0.25,0.0,9,550,550,61.111111111111114,11,1240,1,0,0,0.982,0,0,0,0,1,0,0,0,0,0,0.0,1.0,178a913b14368ad3,1,1
task_0089,family_15,P-WEBMCP-TOOL,0.25,0.0,9,575,575,52.22222222222222,12,1135,1,0,0,0.9727,1,1,1,0,0,0,1,0,1,1,0.0,0.0,cc965952852c4450,1,1
task_0089,family_15,P-SPIDER-MEA-BATCHED,0.25,0.0,9,870,870,62.22222222222222,13,1405,1,0,0,0.9639,0,1,0,0,1,0,1,0,1,0,1.0,1.0,cc965952852c4450,1,1
task_0089,family_15,NC1-SHUFFLED,0.25,0.0,9,870,870,62.22222222222222,12,1340,1,0,0,0.99,1,1,1,0,0,0,0,1,0,0,0.0,0.0,fb551d3a328db47e,1,1
task_0089,family_15,NC2-RANDOM,0.25,0.0,9,1370,1370,117.77777777777777,14,2340,0,1,0,0.8217559226154618,1,1,1,0,0,0,0,1,0,0,0.0,0.0,e0d969d04dfdcee2,0,1
task_0089,family_15,NC3-LENGTH,0.25,0.0,9,4550,4550,500.0,19,9120,1,0,0,0.55,0,0,0,0,0,0,0,0,0,0,0.0,0.0,,1,0
task_0089,family_15,NC4-ABLATION,0.25,0.0,9,870,870,62.22222222222222,13,1405,1,0,0,0.99,0,0,0,0,1,0,1,0,1,0,1.0,1.0,cc965952852c4450,1,1
task_0090,family_15,B-COLD,0.5,1.0,9,4550,4550,505.55555555555554,19,9120,1,0,0,0.9871,0,0,0,0,0,0,0,0,0,0,0.0,0.0,,1,0
task_0090,family_15,B-RAG-EMBED,0.5,1.0,9,4750,4750,505.55555555555554,20,9270,1,0,0,0.9871,0,0,0,0,0,0,0,0,0,0,0.0,0.0,,1,0
task_0090,family_15,B-STAGEHAND-CACHE,0.5,1.0,9,4550,4550,505.55555555555554,19,9120,1,0,0,0.9871,0,0,0,0,0,0,0,0,0,0,0.0,0.0,,1,0
task_0090,family_15,B-TERX-REPLAY,0.5,1.0,9,4550,4550,505.55555555555554,19,9120,1,0,0,0.9871,0,0,0,0,0,0,0,0,0,0,0.0,0.0,,1,0
task_0090,family_15,P-STAGEHAND-TTL,0.5,1.0,9,4550,4550,505.55555555555554,19,9120,1,0,1,0.7809903771698068,0,0,0,0,0,0,0,0,0,0,0.0,0.0,be6466cccd791cfa,0,0
task_0090,family_15,P-WEBMCP-TOOL,0.5,1.0,9,1065,1065,106.66666666666667,13,2105,1,0,1,0.0117,0,0,0,1,0,0,1,0,1,1,0.0,0.0,71323681d8deb46d,0,0
task_0090,family_15,P-SPIDER-MEA-BATCHED,0.5,1.0,9,1270,1270,106.66666666666667,13,2245,1,0,0,0.99,0,0,0,0,0,0,1,0,0,0,0.0,0.0,71323681d8deb46d,1,1
task_0090,family_15,NC1-SHUFFLED,0.5,1.0,9,1320,1320,112.22222222222223,13,2220,1,0,1,0.9273981969828691,1,1,1,0,0,0,0,1,0,0,0.0,0.0,ff0c9c6e9ad058cf,0,0
task_0090,family_15,NC2-RANDOM,0.5,1.0,9,1320,1320,112.22222222222223,13,2220,1,0,0,0.99,1,1,1,0,0,0,0,1,0,0,0.0,0.0,8c86cf8018aeeb63,1,1
task_0090,family_15,NC3-LENGTH,0.5,1.0,9,4550,4550,500.0,19,9120,1,0,0,0.55,0,0,0,0,0,0,0,0,0,0,0.0,0.0,,1,0
task_0090,family_15,NC4-ABLATION,0.5,1.0,9,1270,1270,106.66666666666667,13,2245,1,0,0,0.99,0,0,0,0,0,0,1,0,0,0,0.0,0.0,71323681d8deb46d,1,1
task_0091,family_15,B-COLD,0.75,1.0,9,4550,4550,505.55555555555554,19,9120,1,0,0,0.9656,0,0,0,0,0,0,0,0,0,0,0.0,0.0,,1,0
task_0091,family_15,B-RAG-EMBED,0.75,1.0,9,4750,4750,505.55555555555554,20,9270,1,0,0,0.9656,0,0,0,0,0,0,0,0,0,0,0.0,0.0,,1,0
task_0091,family_15,B-STAGEHAND-CACHE,0.75,1.0,9,4550,4550,505.55555555555554,19,9120,1,0,0,0.9656,0,0,0,0,0,0,0,0,0,0,0.0,0.0,,1,0
task_0091,family_15,B-TERX-REPLAY,0.75,1.0,9,4550,4550,505.55555555555554,19,9120,1,0,0,0.9656,0,0,0,0,0,0,0,0,0,0,0.0,0.0,,1,0
task_0091,family_15,P-STAGEHAND-TTL,0.75,1.0,9,4510,4510,501.1111111111111,19,9030,1,0,0,0.99,1,1,1,0,0,0,0,0,0,0,0.0,0.0,57548146db31e71e,1,0
task_0091,family_15,P-WEBMCP-TOOL,0.75,1.0,9,1025,1025,102.22222222222223,13,2015,1,0,0,0.99,1,1,1,0,0,0,1,0,1,1,0.0,0.0,5c1f25f9be6e4452,1,1
task_0091,family_15,P-SPIDER-MEA-BATCHED,0.75,1.0,9,1270,1270,106.66666666666667,13,2245,1,0,0,0.9591,0,0,0,0,0,0,1,0,0,0,0.0,0.0,5c1f25f9be6e4452,1,1
task_0091,family_15,NC1-SHUFFLED,0.75,1.0,9,1730,1730,157.77777777777777,15,3155,0,1,0,0.8075608242111146,1,1,1,0,0,0,1,0,0,0,0.0,0.0,61a6b2aff969c4f5,0,1
task_0091,family_15,NC2-RANDOM,0.75,1.0,9,1360,1360,116.66666666666667,13,2310,1,0,1,0.8342742442230843,0,0,0,1,0,0,0,1,0,0,0.0,0.0,96ff4cde514dff92,0,0
task_0091,family_15,NC3-LENGTH,0.75,1.0,9,4550,4550,500.0,19,9120,1,0,0,0.55,0,0,0,0,0,0,0,0,0,0,0.0,0.0,,1,0
task_0091,family_15,NC4-ABLATION,0.75,1.0,9,1230,1230,102.22222222222223,13,2155,1,0,0,0.9708,1,1,1,0,0,0,1,0,0,0,0.0,0.0,5c1f25f9be6e4452,1,1
task_0092,family_16,B-COLD,0.0,0.0,10,5050,5050,505.0,21,10120,1,0,0,0.99,0,0,0,0,0,0,0,0,0,0,1.0,0.0,,1,0
task_0092,family_16,B-RAG-EMBED,0.0,0.0,10,750,750,55.0,12,1470,1,0,0,0.99,0,0,0,0,0,0,0,0,1,0,1.0,0.0,,1,1
task_0092,family_16,B-STAGEHAND-CACHE,0.0,0.0,10,550,550,55.0,11,1320,1,0,0,0.99,0,0,0,0,0,0,0,0,1,0,1.0,0.0,,1,1
task_0092,family_16,B-TERX-REPLAY,0.0,0.0,10,550,550,55.0,11,1320,1,0,0,0.99,0,0,0,0,0,0,0,0,1,0,1.0,0.0,,1,1
task_0092,family_16,P-STAGEHAND-TTL,0.0,0.0,10,600,600,60.0,12,1360,1,0,0,0.99,0,0,0,0,1,0,1,0,0,0,0.0,1.0,9258e279b54f66f7,1,1
task_0092,family_16,P-WEBMCP-TOOL,0.0,0.0,10,625,625,52.0,13,1255,1,0,0,0.9824,1,1,1,0,0,0,1,0,1,1,0.0,0.0,79df43db4e94f8d3,1,1
task_0092,family_16,P-SPIDER-MEA-BATCHED,0.0,0.0,10,920,920,61.0,14,1525,1,0,0,0.99,0,0,0,0,1,0,1,0,1,0,1.0,1.0,79df43db4e94f8d3,1,1
task_0092,family_16,NC1-SHUFFLED,0.0,0.0,10,870,870,56.0,13,1485,1,0,1,0.8640983136659561,0,0,0,0,0,0,1,0,0,0,0.0,0.0,8eb4bece0a4488bc,0,0
task_0092,family_16,NC2-RANDOM,0.0,0.0,10,960,960,65.0,13,1550,1,0,0,0.9606,0,0,0,0,0,0,0,1,0,0,0.0,0.0,960b044cc85d48bb,1,1
task_0092,family_16,NC3-LENGTH,0.0,0.0,10,5050,5050,500.0,21,10120,1,0,0,0.55,0,0,0,0,0,0,0,0,0,0,0.0,0.0,,1,0
task_0092,family_16,NC4-ABLATION,0.0,0.0,10,1010,1010,70.0,14,1590,1,0,0,0.99,0,0,0,0,1,0,0,1,1,0,1.0,1.0,79df43db4e94f8d3,1,1
task_0093,family_16,B-COLD,0.25,0.5,10,5050,5050,505.0,21,10120,1,0,0,0.9739,0,0,0,0,0,0,0,0,0,0,0.6666666666666666,0.0,,1,0
task_0093,family_16,B-RAG-EMBED,0.25,0.5,10,3000,3000,280.0,17,5870,1,0,0,0.9739,0,0,0,0,0,0,0,0,1,0,0.6666666666666666,0.0,,1,1
task_0093,family_16,B-STAGEHAND-CACHE,0.25,0.5,10,5050,5050,505.0,21,10120,1,0,0,0.9739,0,0,0,0,0,0,0,0,1,0,0.6666666666666666,0.0,,1,0
task_0093,family_16,B-TERX-REPLAY,0.25,0.5,10,5050,5050,505.0,21,10120,1,0,0,0.9739,0,0,0,0,0,0,0,0,1,0,0.6666666666666666,0.0,,1,0
task_0093,family_16,P-STAGEHAND-TTL,0.25,0.5,10,560,560,56.0,12,1270,1,0,0,0.99,1,1,1,0,1,0,0,0,0,0,0.0,1.0,eee043f95ca55bec,1,1
task_0093,family_16,P-WEBMCP-TOOL,0.25,0.5,10,715,715,61.0,13,1320,1,0,0,0.9628,1,1,1,0,0,0,0,1,1,1,0.0,0.0,77a57fef4ee95bd4,1,1
task_0093,family_16,P-SPIDER-MEA-BATCHED,0.25,0.5,10,920,920,61.0,14,1525,1,0,1,0.0254,0,0,0,1,1,0,1,0,1,0,0.6666666666666666,1.0,77a57fef4ee95bd4,0,0
task_0093,family_16,NC1-SHUFFLED,0.25,0.5,10,1770,1770,146.0,15,3245,1,0,0,0.99,0,0,0,0,0,0,1,0,0,0,0.0,0.0,99283479a41b2372,1,1
task_0093,family_16,NC2-RANDOM,0.25,0.5,10,1820,1820,151.0,15,3220,1,0,1,0.9544205528055636,1,1,1,1,0,0,0,1,0,0,0.0,0.0,ee5e3f5f4b90b1f1,0,0
task_0093,family_16,NC3-LENGTH,0.25,0.5,10,5050,5050,500.0,21,10120,1,0,0,0.55,0,0,0,0,0,0,0,0,0,0,0.0,0.0,,1,0
task_0093,family_16,NC4-ABLATION,0.25,0.5,10,920,920,61.0,14,1525,1,0,0,0.9594,0,0,0,0,1,0,1,0,1,0,0.6666666666666666,1.0,77a57fef4ee95bd4,1,1
task_0094,family_16,B-COLD,0.5,0.5,10,5050,5050,505.0,21,10120,1,0,0,0.9583,0,0,0,0,0,0,0,0,0,0,0.6666666666666666,0.0,,1,0
task_0094,family_16,B-RAG-EMBED,0.5,0.5,10,3000,3000,280.0,17,5870,1,0,0,0.9583,0,0,0,0,0,0,0,0,1,0,0.6666666666666666,0.0,,1,1
task_0094,family_16,B-STAGEHAND-CACHE,0.5,0.5,10,5050,5050,505.0,21,10120,1,0,0,0.9583,0,0,0,0,0,0,0,0,1,0,0.6666666666666666,0.0,,1,0
task_0094,family_16,B-TERX-REPLAY,0.5,0.5,10,5050,5050,505.0,21,10120,1,0,0,0.9583,0,0,0,0,0,0,0,0,1,0,0.6666666666666666,0.0,,1,0
task_0094,family_16,P-STAGEHAND-TTL,0.5,0.5,10,560,560,56.0,12,1270,1,0,0,0.99,1,1,1,0,1,0,0,0,0,0,0.0,1.0,6a4b835a08e20c29,1,1
task_0094,family_16,P-WEBMCP-TOOL,0.5,0.5,10,665,665,56.0,13,1345,1,0,1,0.01,0,0,0,1,0,0,1,0,1,1,0.0,0.0,958a38344ae06723,0,0
task_0094,family_16,P-SPIDER-MEA-BATCHED,0.5,0.5,10,920,920,61.0,14,1525,1,0,1,0.01,0,0,0,1,1,0,1,0,1,0,0.6666666666666666,1.0,958a38344ae06723,0,0
task_0094,family_16,NC1-SHUFFLED,0.5,0.5,10,1860,1860,155.0,15,3310,1,0,1,0.8172628652283369,0,0,0,0,0,0,0,1,0,0,0.0,0.0,5c619db6fb5aead6,0,0
task_0094,family_16,NC2-RANDOM,0.5,0.5,10,1820,1820,151.0,15,3220,1,0,0,0.99,1,1,1,0,0,0,0,1,0,0,0.0,0.0,2a95ee331931cae8,1,1
task_0094,family_16,NC3-LENGTH,0.5,0.5,10,5050,5050,500.0,21,10120,1,0,0,0.55,0,0,0,0,0,0,0,0,0,0,0.0,0.0,,1,0
task_0094,family_16,NC4-ABLATION,0.5,0.5,10,880,880,57.0,14,1435,1,0,0,0.9686,1,1,1,0,1,0,1,0,1,0,0.6666666666666666,1.0,958a38344ae06723,1,1
task_0095,family_16,B-COLD,0.75,1.0,10,5050,5050,505.0,21,10120,1,0,0,0.9671,0,0,0,0,0,0,0,0,0,0,0.3333333333333333,0.0,,1,0
task_0095,family_16,B-RAG-EMBED,0.75,1.0,10,5250,5250,505.0,22,10270,1,0,0,0.9671,0,0,0,0,0,0,0,0,1,0,0.3333333333333333,0.0,,1,0
task_0095,family_16,B-STAGEHAND-CACHE,0.75,1.0,10,5050,5050,505.0,21,10120,1,0,0,0.9671,0,0,0,0,0,0,0,0,1,0,0.3333333333333333,0.0,,1,0
task_0095,family_16,B-TERX-REPLAY,0.75,1.0,10,5050,5050,505.0,21,10120,1,0,0,0.9671,0,0,0,0,0,0,0,0,1,0,0.3333333333333333,0.0,,1,0
task_0095,family_16,P-STAGEHAND-TTL,0.75,1.0,10,560,560,56.0,12,1270,1,0,1,0.9091361784532719,1,1,1,0,1,0,0,0,0,0,0.0,0.3333333333333333,1728ccc19c07f562,0,0
task_0095,family_16,P-WEBMCP-TOOL,0.75,1.0,10,625,625,52.0,13,1255,1,0,0,0.9566,1,1,1,0,0,0,1,0,1,1,0.0,0.0,9aba88894240f1df,1,1
task_0095,family_16,P-SPIDER-MEA-BATCHED,0.75,1.0,10,880,880,57.0,14,1435,1,0,1,0.01,1,1,1,1,1,0,1,0,1,0,0.3333333333333333,0.3333333333333333,9aba88894240f1df,0,0
task_0095,family_16,NC1-SHUFFLED,0.75,1.0,10,920,920,61.0,14,1525,1,0,1,0.9364840156957701,0,0,0,0,1,0,1,0,0,0,0.16666666666666666,0.3333333333333333,97eea41d9e0976d0,0,0
task_0095,family_16,NC2-RANDOM,0.75,1.0,10,1860,1860,155.0,15,3310,1,0,1,0.9189092921692494,0,0,0,1,0,0,0,1,0,0,0.0,0.0,80e5869c479e7583,0,0
task_0095,family_16,NC3-LENGTH,0.75,1.0,10,5050,5050,500.0,21,10120,1,0,0,0.55,0,0,0,0,0,0,0,0,0,0,0.0,0.0,,1,0
task_0095,family_16,NC4-ABLATION,0.75,1.0,10,1730,1730,142.0,15,3155,1,0,1,0.0127,1,1,1,1,0,0,1,0,1,0,0.3333333333333333,0.3333333333333333,9aba88894240f1df,0,0
task_0096,family_16,B-COLD,1.0,1.0,10,5050,5050,505.0,21,10120,1,0,0,0.9739,0,0,0,0,0,0,0,0,0,0,0.6666666666666666,0.0,,1,0
task_0096,family_16,B-RAG-EMBED,1.0,1.0,10,5250,5250,505.0,22,10270,1,0,0,0.9739,0,0,0,0,0,0,0,0,1,0,0.6666666666666666,0.0,,1,0
task_0096,family_16,B-STAGEHAND-CACHE,1.0,1.0,10,5050,5050,505.0,21,10120,1,0,0,0.9739,0,0,0,0,0,0,0,0,1,0,0.6666666666666666,0.0,,1,0
task_0096,family_16,B-TERX-REPLAY,1.0,1.0,10,5050,5050,505.0,21,10120,1,0,0,0.9739,0,0,0,0,0,0,0,0,1,0,0.6666666666666666,0.0,,1,0
task_0096,family_16,P-STAGEHAND-TTL,1.0,1.0,10,560,560,56.0,12,1270,1,0,0,0.99,1,1,1,0,1,0,0,0,0,0,0.0,1.0,50754a3c4669593d,1,1
task_0096,family_16,P-WEBMCP-TOOL,1.0,1.0,10,625,625,52.0,13,1255,1,0,1,0.0287,1,1,1,1,0,0,1,0,1,1,0.0,0.0,9f35bb388d714b83,0,0
task_0096,family_16,P-SPIDER-MEA-BATCHED,1.0,1.0,10,880,880,57.0,14,1435,1,0,0,0.9553,1,1,1,0,1,0,1,0,1,0,0.6666666666666666,1.0,9f35bb388d714b83,1,1
task_0096,family_16,NC1-SHUFFLED,1.0,1.0,10,1860,1860,155.0,15,3310,1,0,1,0.9144327573266102,0,1,0,0,0,0,0,1,0,0,0.0,0.0,d206669f5a9383ae,0,0
task_0096,family_16,NC2-RANDOM,1.0,1.0,10,1820,1820,151.0,15,3220,1,0,1,0.9185682129372346,1,1,1,0,0,0,0,1,0,0,0.0,0.0,c74ba7673aab0926,0,0
task_0096,family_16,NC3-LENGTH,1.0,1.0,10,5050,5050,500.0,21,10120,1,0,0,0.55,0,0,0,0,0,0,0,0,0,0,0.0,0.0,,1,0
task_0096,family_16,NC4-ABLATION,1.0,1.0,10,880,880,57.0,14,1435,1,0,1,0.01,1,1,1,1,1,0,1,0,1,0,0.6666666666666666,1.0,9f35bb388d714b83,0,0
task_0097,family_17,B-COLD,0.0,0.0,11,5550,5550,504.54545454545456,23,11120,1,0,0,0.99,0,0,0,0,0,0,0,0,0,0,1.0,0.0,,1,0
task_0097,family_17,B-RAG-EMBED,0.0,0.0,11,800,800,54.54545454545455,13,1590,1,0,0,0.99,0,0,0,0,0,0,0,0,1,0,1.0,0.0,,1,1
task_0097,family_17,B-STAGEHAND-CACHE,0.0,0.0,11,600,600,54.54545454545455,12,1440,1,0,0,0.99,0,0,0,0,0,0,0,0,1,0,1.0,0.0,,1,1
task_0097,family_17,B-TERX-REPLAY,0.0,0.0,11,600,600,54.54545454545455,12,1440,1,0,0,0.99,0,0,0,0,0,0,0,0,1,0,1.0,0.0,,1,1
task_0097,family_17,P-STAGEHAND-TTL,0.0,0.0,11,650,650,59.09090909090909,13,1480,1,0,0,0.99,0,0,0,0,1,0,1,0,0,0,0.0,1.0,4e6db6f752e1d801,1,1
task_0097,family_17,P-WEBMCP-TOOL,0.0,0.0,11,675,675,51.81818181818182,14,1375,1,0,0,0.99,1,1,1,0,0,0,1,0,1,1,0.0,0.0,030a248d553b6d3e,1,1
task_0097,family_17,P-SPIDER-MEA-BATCHED,0.0,0.0,11,1020,1020,64.54545454545455,15,1620,1,0,0,0.9791,1,1,1,0,1,0,0,1,1,0,1.0,1.0,030a248d553b6d3e,1,1
task_0097,family_17,NC1-SHUFFLED,0.0,0.0,11,1430,1430,101.81818181818181,17,2555,0,1,0,0.9320886368201493,1,1,1,0,1,0,1,0,0,0,0.16666666666666666,0.3333333333333333,a2bd691b198b31ba,0,1
task_0097,family_17,NC2-RANDOM,0.0,0.0,11,1010,1010,63.63636363636363,14,1670,1,0,0,0.99,0,0,0,0,0,0,0,1,0,0,0.0,0.0,141f2bd513d40b58,1,1
task_0097,family_17,NC3-LENGTH,0.0,0.0,11,5550,5550,500.0,23,11120,1,0,0,0.55,0,0,0,0,0,0,0,0,0,0,0.0,0.0,,1,0
task_0097,family_17,NC4-ABLATION,0.0,0.0,11,970,970,60.0,15,1645,1,0,0,0.99,0,0,0,0,1,0,1,0,1,0,1.0,1.0,030a248d553b6d3e,1,1
task_0098,family_17,B-COLD,0.5,0.5,11,5550,5550,504.54545454545456,23,11120,1,0,0,0.9882,0,0,0,0,0,0,0,0,0,0,0.5,0.0,,1,0
task_0098,family_17,B-RAG-EMBED,0.5,0.5,11,3500,3500,300.0,19,6870,1,0,0,0.9882,0,0,0,0,0,0,0,0,1,0,0.5,0.0,,1,1
task_0098,family_17,B-STAGEHAND-CACHE,0.5,0.5,11,5550,5550,504.54545454545456,23,11120,1,0,0,0.9882,0,0,0,0,0,0,0,0,1,0,0.5,0.0,,1,0
task_0098,family_17,B-TERX-REPLAY,0.5,0.5,11,5550,5550,504.54545454545456,23,11120,1,0,0,0.9882,0,0,0,0,0,0,0,0,1,0,0.5,0.0,,1,0
task_0098,family_17,P-STAGEHAND-TTL,0.5,0.5,11,610,610,55.45454545454545,13,1390,1,0,0,0.99,1,1,1,0,1,0,0,0,0,0,0.0,1.0,3baad51d6dc31866,1,1
task_0098,family_17,P-WEBMCP-TOOL,0.5,0.5,11,1125,1125,92.72727272727273,15,2255,1,0,1,0.0271,1,1,1,1,0,0,1,0,1,1,0.0,0.0,d6f25418e29e0135,0,0
task_0098,family_17,P-SPIDER-MEA-BATCHED,0.5,0.5,11,930,930,56.36363636363637,15,1555,1,0,0,0.957,1,1,1,0,1,0,1,0,1,0,0.5,1.0,d6f25418e29e0135,1,1
task_0098,family_17,NC1-SHUFFLED,0.5,0.5,11,1520,1520,110.0,17,2620,0,1,0,0.9093458748772363,1,1,1,0,1,0,0,1,0,0,0.16666666666666666,0.3333333333333333,ae79319fd5ae1c4f,0,1
task_0098,family_17,NC2-RANDOM,0.5,0.5,11,1870,1870,141.8181818181818,16,3340,1,0,0,0.9637,1,1,1,0,0,0,0,1,0,0,0.0,0.0,eb8d87639285bd3f,1,1
task_0098,family_17,NC3-LENGTH,0.5,0.5,11,5550,5550,500.0,23,11120,1,0,0,0.55,0,0,0,0,0,0,0,0,0,0,0.0,0.0,,1,0
task_0098,family_17,NC4-ABLATION,0.5,0.5,11,930,930,56.36363636363637,15,1555,1,0,0,0.9621,1,1,1,0,1,0,1,0,1,0,0.5,1.0,d6f25418e29e0135,1,1
task_0099,family_17,B-COLD,0.75,1.0,11,5550,5550,504.54545454545456,23,11120,1,0,0,0.99,0,0,0,0,0,0,0,0,0,0,0.0,0.0,,1,0
task_0099,family_17,B-RAG-EMBED,0.75,1.0,11,5750,5750,504.54545454545456,24,11270,1,0,0,0.99,0,0,0,0,0,0,0,0,0,0,0.0,0.0,,1,0
task_0099,family_17,B-STAGEHAND-CACHE,0.75,1.0,11,5550,5550,504.54545454545456,23,11120,1,0,0,0.99,0,0,0,0,0,0,0,0,0,0,0.0,0.0,,1,0
task_0099,family_17,B-TERX-REPLAY,0.75,1.0,11,5550,5550,504.54545454545456,23,11120,1,0,0,0.99,0,0,0,0,0,0,0,0,0,0,0.0,0.0,,1,0
task_0099,family_17,P-STAGEHAND-TTL,0.75,1.0,11,5550,5550,504.54545454545456,23,11120,1,0,0,0.99,0,0,0,0,0,0,0,0,0,0,0.0,0.0,48ed735dfc553796,1,0
task_0099,family_17,P-WEBMCP-TOOL,0.75,1.0,11,1615,1615,137.27272727272728,16,3225,1,0,0,0.99,0,0,0,0,0,0,1,0,1,1,0.0,0.0,aa3c6236fff7985d,1,1
task_0099,family_17,P-SPIDER-MEA-BATCHED,0.75,1.0,11,1820,1820,137.27272727272728,16,3365,1,0,1,0.0168,0,0,0,1,0,0,1,0,0,0,0.0,0.0,aa3c6236fff7985d,0,0
task_0099,family_17,NC1-SHUFFLED,0.75,1.0,11,1060,1060,68.18181818181819,15,1710,1,0,1,0.7874626714787969,0,0,0,0,1,0,0,1,0,0,0.16666666666666666,0.3333333333333333,11fe202f5cce2560,0,0
task_0099,family_17,NC2-RANDOM,0.75,1.0,11,1910,1910,145.45454545454547,16,3430,1,0,1,0.795039572653208,0,0,0,0,0,0,0,1,0,0,0.0,0.0,0fba2abf268cb73c,0,0
task_0099,family_17,NC3-LENGTH,0.75,1.0,11,5550,5550,500.0,23,11120,1,0,0,0.55,0,0,0,0,0,0,0,0,0,0,0.0,0.0,,1,0
task_0099,family_17,NC4-ABLATION,0.75,1.0,11,1820,1820,137.27272727272728,16,3365,1,0,1,0.01,0,0,0,1,0,0,1,0,0,0,0.0,0.0,aa3c6236fff7985d,0,0
task_0100,family_17,B-COLD,1.0,1.0,11,5550,5550,504.54545454545456,23,11120,1,0,0,0.99,0,0,0,0,0,0,0,0,0,0,0.0,0.0,,1,0
task_0100,family_17,B-RAG-EMBED,1.0,1.0,11,5750,5750,504.54545454545456,24,11270,1,0,0,0.99,0,0,0,0,0,0,0,0,0,0,0.0,0.0,,1,0
task_0100,family_17,B-STAGEHAND-CACHE,1.0,1.0,11,5550,5550,504.54545454545456,23,11120,1,0,0,0.99,0,0,0,0,0,0,0,0,0,0,0.0,0.0,,1,0
task_0100,family_17,B-TERX-REPLAY,1.0,1.0,11,5550,5550,504.54545454545456,23,11120,1,0,0,0.99,0,0,0,0,0,0,0,0,0,0,0.0,0.0,,1,0
task_0100,family_17,P-STAGEHAND-TTL,1.0,1.0,11,5550,5550,504.54545454545456,23,11120,1,0,0,0.9896,0,1,0,0,0,0,0,0,0,0,0.0,0.0,7441632e2ec1eb26,1,0
task_0100,family_17,P-WEBMCP-TOOL,1.0,1.0,11,1615,1615,137.27272727272728,16,3225,1,0,0,0.99,0,0,0,0,0,0,1,0,1,1,0.0,0.0,c20787a3ca9d3ae1,1,1
task_0100,family_17,P-SPIDER-MEA-BATCHED,1.0,1.0,11,1820,1820,137.27272727272728,16,3365,1,0,0,0.99,0,0,0,0,0,0,1,0,0,0,0.0,0.0,c20787a3ca9d3ae1,1,1
task_0100,family_17,NC1-SHUFFLED,1.0,1.0,11,930,930,56.36363636363637,15,1555,1,0,0,0.99,1,1,1,0,1,0,1,0,0,0,0.16666666666666666,0.3333333333333333,e76476c259b21ed4,1,1
task_0100,family_17,NC2-RANDOM,1.0,1.0,11,1870,1870,141.8181818181818,16,3340,1,0,1,0.9356360724761036,1,1,1,1,0,0,0,1,0,0,0.0,0.0,821279db5fe47fa4,0,0
task_0100,family_17,NC3-LENGTH,1.0,1.0,11,5550,5550,500.0,23,11120,1,0,0,0.55,0,0,0,0,0,0,0,0,0,0,0.0,0.0,,1,0
task_0100,family_17,NC4-ABLATION,1.0,1.0,11,1780,1780,133.63636363636363,16,3275,1,0,0,0.99,1,1,1,0,0,0,1,0,0,0,0.0,0.0,c20787a3ca9d3ae1,1,1
task_0101,family_17,B-COLD,0.25,0.5,11,5550,5550,504.54545454545456,23,11120,1,0,0,0.99,0,0,0,0,0,0,0,0,0,0,0.5,0.0,,1,0
task_0101,family_17,B-RAG-EMBED,0.25,0.5,11,3500,3500,300.0,19,6870,1,0,0,0.99,0,0,0,0,0,0,0,0,1,0,0.5,0.0,,1,1
task_0101,family_17,B-STAGEHAND-CACHE,0.25,0.5,11,5550,5550,504.54545454545456,23,11120,1,0,0,0.99,0,0,0,0,0,0,0,0,1,0,0.5,0.0,,1,0
task_0101,family_17,B-TERX-REPLAY,0.25,0.5,11,5550,5550,504.54545454545456,23,11120,1,0,0,0.99,0,0,0,0,0,0,0,0,1,0,0.5,0.0,,1,0
task_0101,family_17,P-STAGEHAND-TTL,0.25,0.5,11,650,650,59.09090909090909,13,1480,1,0,0,0.99,0,0,0,0,1,0,0,0,0,0,0.0,1.0,820362fba3386d0b,1,1
task_0101,family_17,P-WEBMCP-TOOL,0.25,0.5,11,1165,1165,96.36363636363636,15,2345,1,0,0,0.99,0,0,0,0,0,0,1,0,1,1,0.0,0.0,e00f1b352491f522,1,1
task_0101,family_17,P-SPIDER-MEA-BATCHED,0.25,0.5,11,930,930,56.36363636363637,15,1555,1,0,0,0.99,1,1,1,0,1,0,1,0,1,0,0.5,1.0,e00f1b352491f522,1,1
task_0101,family_17,NC1-SHUFFLED,0.25,0.5,11,1820,1820,137.27272727272728,16,3365,1,0,1,0.9106446687260249,0,0,0,0,0,0,1,0,0,0,0.0,0.0,f3c1a10e766a6cf8,0,0
task_0101,family_17,NC2-RANDOM,0.25,0.5,11,1910,1910,145.45454545454547,16,3430,1,0,1,0.7833025232678991,0,0,0,0,0,0,0,1,0,0,0.0,0.0,79b2a9cf3529dd84,0,0
task_0101,family_17,NC3-LENGTH,0.25,0.5,11,5550,5550,500.0,23,11120,1,0,0,0.55,0,0,0,0,0,0,0,0,0,0,0.0,0.0,,1,0
task_0101,family_17,NC4-ABLATION,0.25,0.5,11,930,930,56.36363636363637,15,1555,1,0,0,0.9807,1,1,1,0,1,0,1,0,1,0,0.5,1.0,e00f1b352491f522,1,1
task_0102,family_18,B-COLD,0.0,0.0,12,6050,6050,504.1666666666667,25,12120,1,0,0,0.9636,0,0,0,0,0,0,0,0,0,0,1.0,0.0,,1,0
task_0102,family_18,B-RAG-EMBED,0.0,0.0,12,850,850,54.166666666666664,14,1710,1,0,0,0.9636,0,0,0,0,0,0,0,0,1,0,1.0,0.0,,1,1
task_0102,family_18,B-STAGEHAND-CACHE,0.0,0.0,12,650,650,54.166666666666664,13,1560,1,0,0,0.9636,0,0,0,0,0,0,0,0,1,0,1.0,0.0,,1,1
task_0102,family_18,B-TERX-REPLAY,0.0,0.0,12,650,650,54.166666666666664,13,1560,1,0,0,0.9636,0,0,0,0,0,0,0,0,1,0,1.0,0.0,,1,1
task_0102,family_18,P-STAGEHAND-TTL,0.0,0.0,12,660,660,55.0,14,1510,1,0,0,0.9563,1,1,1,0,1,0,1,0,0,0,0.0,1.0,a8754c80aa713b9b,1,1
task_0102,family_18,P-WEBMCP-TOOL,0.0,0.0,12,815,815,59.166666666666664,15,1560,1,0,0,0.9727,1,1,1,0,0,0,0,1,1,1,0.0,0.0,b61f7464e64496ed,1,1
task_0102,family_18,P-SPIDER-MEA-BATCHED,0.0,0.0,12,1070,1070,63.333333333333336,16,1740,1,0,0,0.975,1,1,1,0,1,0,0,1,1,0,1.0,1.0,b61f7464e64496ed,1,1
task_0102,family_18,NC1-SHUFFLED,0.0,0.0,12,930,930,51.666666666666664,15,1635,1,0,0,0.99,1,1,1,0,0,0,1,0,0,0,0.0,0.0,0bd679d9b5591424,1,1
task_0102,family_18,NC2-RANDOM,0.0,0.0,12,1020,1020,59.166666666666664,15,1700,1,0,1,0.7838927063657025,1,1,1,0,0,0,0,1,0,0,0.0,0.0,8d5776a84388cad2,0,0
task_0102,family_18,NC3-LENGTH,0.0,0.0,12,6050,6050,500.0,25,12120,1,0,0,0.55,0,0,0,0,0,0,0,0,0,0,0.0,0.0,,1,0
task_0102,family_18,NC4-ABLATION,0.0,0.0,12,1020,1020,59.166666666666664,16,1765,1,0,0,0.9622,0,0,0,0,1,0,1,0,1,0,1.0,1.0,b61f7464e64496ed,1,1
task_0103,family_18,B-COLD,0.75,0.6667,12,6050,6050,504.1666666666667,25,12120,1,0,0,0.99,0,0,0,0,0,0,0,0,0,0,0.5555555555555556,0.0,,1,0
task_0103,family_18,B-RAG-EMBED,0.75,0.6667,12,4450,4450,354.1666666666667,22,8750,1,0,0,0.99,0,0,0,0,0,0,0,0,1,0,0.5555555555555556,0.0,,1,1
task_0103,family_18,B-STAGEHAND-CACHE,0.75,0.6667,12,6050,6050,504.1666666666667,25,12120,1,0,0,0.99,0,0,0,0,0,0,0,0,1,0,0.5555555555555556,0.0,,1,0
task_0103,family_18,B-TERX-REPLAY,0.75,0.6667,12,6050,6050,504.1666666666667,25,12120,1,0,0,0.99,0,0,0,0,0,0,0,0,1,0,0.5555555555555556,0.0,,1,0
task_0103,family_18,P-STAGEHAND-TTL,0.75,0.6667,12,660,660,55.0,14,1510,1,0,0,0.9556,1,1,1,0,1,0,0,0,0,0,0.0,1.0,84cb5a2c095d157e,1,1
task_0103,family_18,P-WEBMCP-TOOL,0.75,0.6667,12,725,725,51.666666666666664,15,1495,1,0,0,0.9708,1,1,1,0,0,0,1,0,1,1,0.0,0.0,18dae3ada5be8f95,1,1
task_0103,family_18,P-SPIDER-MEA-BATCHED,0.75,0.6667,12,980,980,55.833333333333336,16,1675,1,0,0,0.99,1,1,1,0,1,0,1,0,1,0,0.5555555555555556,1.0,18dae3ada5be8f95,1,1
task_0103,family_18,NC1-SHUFFLED,0.75,0.6667,12,1020,1020,59.166666666666664,16,1765,1,0,1,0.8671003515016322,0,0,0,1,1,0,1,0,1,0,0.4444444444444444,1.0,c77c74d630526f64,0,0
task_0103,family_18,NC2-RANDOM,0.75,0.6667,12,2410,2410,175.0,18,4430,1,0,1,0.7838370474921199,0,0,0,0,0,0,0,1,0,0,0.0,0.0,12c9646a5d182256,0,0
task_0103,family_18,NC3-LENGTH,0.75,0.6667,12,6050,6050,500.0,25,12120,1,0,0,0.55,0,0,0,0,0,0,0,0,0,0,0.0,0.0,,1,0
task_0103,family_18,NC4-ABLATION,0.75,0.6667,12,980,980,55.833333333333336,16,1675,1,0,1,0.01,1,1,1,1,1,0,1,0,1,0,0.5555555555555556,1.0,18dae3ada5be8f95,0,0
task_0104,family_18,B-COLD,1.0,1.0,12,6050,6050,504.1666666666667,25,12120,1,0,0,0.9798,0,0,0,0,0,0,0,0,0,0,0.3333333333333333,0.0,,1,0
task_0104,family_18,B-RAG-EMBED,1.0,1.0,12,6250,6250,504.1666666666667,26,12270,1,0,0,0.9798,0,0,0,0,0,0,0,0,1,0,0.3333333333333333,0.0,,1,0
task_0104,family_18,B-STAGEHAND-CACHE,1.0,1.0,12,6050,6050,504.1666666666667,25,12120,1,0,0,0.9798,0,0,0,0,0,0,0,0,1,0,0.3333333333333333,0.0,,1,0
task_0104,family_18,B-TERX-REPLAY,1.0,1.0,12,6050,6050,504.1666666666667,25,12120,1,0,0,0.9798,0,0,0,0,0,0,0,0,1,0,0.3333333333333333,0.0,,1,0
task_0104,family_18,P-STAGEHAND-TTL,1.0,1.0,12,660,660,55.0,14,1510,1,0,1,0.8291362594911907,1,1,1,0,1,0,0,0,0,0,0.0,0.3333333333333333,b1d16fafc53afcea,0,0
task_0104,family_18,P-WEBMCP-TOOL,1.0,1.0,12,725,725,51.666666666666664,15,1495,1,0,0,0.9689,1,1,1,0,0,0,1,0,1,1,0.0,0.0,2bd625511d853aba,1,1
task_0104,family_18,P-SPIDER-MEA-BATCHED,1.0,1.0,12,1020,1020,59.166666666666664,16,1765,1,0,1,0.01,0,0,0,1,1,0,1,0,1,0,0.3333333333333333,0.3333333333333333,2bd625511d853aba,0,0
task_0104,family_18,NC1-SHUFFLED,1.0,1.0,12,2780,2780,205.83333333333334,20,5275,0,1,0,0.9298122771585171,1,1,1,0,0,0,1,0,0,0,0.0,0.0,1c91ea894bdb2a82,0,1
task_0104,family_18,NC2-RANDOM,1.0,1.0,12,2870,2870,213.33333333333334,20,5340,0,1,0,0.8087638059895252,1,1,1,0,0,0,0,1,0,0,0.0,0.0,94369c50970ab1f8,0,1
task_0104,family_18,NC3-LENGTH,1.0,1.0,12,6050,6050,500.0,25,12120,1,0,0,0.55,0,0,0,0,0,0,0,0,0,0,0.0,0.0,,1,0
task_0104,family_18,NC4-ABLATION,1.0,1.0,12,2280,2280,164.16666666666666,18,4275,1,0,0,0.99,1,1,1,0,0,0,1,0,1,0,0.3333333333333333,0.3333333333333333,2bd625511d853aba,1,1
task_0105,family_18,B-COLD,0.25,0.3333,12,6050,6050,504.1666666666667,25,12120,1,0,0,0.99,0,0,0,0,0,0,0,0,0,0,0.7777777777777778,0.0,,1,0
task_0105,family_18,B-RAG-EMBED,0.25,0.3333,12,2650,2650,204.16666666666666,18,5230,1,0,0,0.99,0,0,0,0,0,0,0,0,1,0,0.7777777777777778,0.0,,1,1
task_0105,family_18,B-STAGEHAND-CACHE,0.25,0.3333,12,6050,6050,504.1666666666667,25,12120,1,0,0,0.99,0,0,0,0,0,0,0,0,1,0,0.7777777777777778,0.0,,1,0
task_0105,family_18,B-TERX-REPLAY,0.25,0.3333,12,6050,6050,504.1666666666667,25,12120,1,0,0,0.99,0,0,0,0,0,0,0,0,1,0,0.7777777777777778,0.0,,1,0
task_0105,family_18,P-STAGEHAND-TTL,0.25,0.3333,12,660,660,55.0,14,1510,1,0,0,0.9547,1,1,1,0,1,0,0,0,0,0,0.0,1.0,03e0e1285ba16d71,1,1
task_0105,family_18,P-WEBMCP-TOOL,0.25,0.3333,12,725,725,51.666666666666664,15,1495,1,0,0,0.9741,1,1,1,0,0,0,1,0,1,1,0.0,0.0,9cb07b83c2b8bd0b,1,1
task_0105,family_18,P-SPIDER-MEA-BATCHED,0.25,0.3333,12,980,980,55.833333333333336,16,1675,1,0,0,0.9521,1,1,1,0,1,0,1,0,1,0,0.7777777777777778,1.0,9cb07b83c2b8bd0b,1,1
task_0105,family_18,NC1-SHUFFLED,0.25,0.3333,12,1020,1020,59.166666666666664,16,1765,1,0,1,0.8553303973207572,0,0,0,0,1,0,1,0,1,0,0.3333333333333333,1.0,7e2fe79c00e8302c,0,0
task_0105,family_18,NC2-RANDOM,0.25,0.3333,12,2370,2370,171.66666666666666,18,4340,1,0,1,0.8520492682813385,1,1,1,1,0,0,0,1,0,0,0.0,0.0,3c11288b67eaeeab,0,0
task_0105,family_18,NC3-LENGTH,0.25,0.3333,12,6050,6050,500.0,25,12120,1,0,0,0.55,0,0,0,0,0,0,0,0,0,0,0.0,0.0,,1,0
task_0105,family_18,NC4-ABLATION,0.25,0.3333,12,980,980,55.833333333333336,16,1675,1,0,1,0.01,1,1,1,1,1,0,1,0,1,0,0.7777777777777778,1.0,9cb07b83c2b8bd0b,0,0
task_0106,family_18,B-COLD,0.5,0.6667,12,6050,6050,504.1666666666667,25,12120,1,0,0,0.99,0,0,0,0,0,0,0,0,0,0,1.0,0.0,,1,0
task_0106,family_18,B-RAG-EMBED,0.5,0.6667,12,4450,4450,354.1666666666667,22,8750,1,0,0,0.99,0,0,0,0,0,0,0,0,1,0,1.0,0.0,,1,1
task_0106,family_18,B-STAGEHAND-CACHE,0.5,0.6667,12,6050,6050,504.1666666666667,25,12120,1,0,0,0.99,0,0,0,0,0,0,0,0,1,0,1.0,0.0,,1,0
task_0106,family_18,B-TERX-REPLAY,0.5,0.6667,12,6050,6050,504.1666666666667,25,12120,1,0,0,0.99,0,0,0,0,0,0,0,0,1,0,1.0,0.0,,1,0
task_0106,family_18,P-STAGEHAND-TTL,0.5,0.6667,12,660,660,55.0,14,1510,1,0,0,0.9649,1,1,1,0,1,0,0,0,0,0,0.0,1.0,83327eb122eea7c4,1,1
task_0106,family_18,P-WEBMCP-TOOL,0.5,0.6667,12,725,725,51.666666666666664,15,1495,1,0,0,0.9627,1,1,1,0,0,0,1,0,1,1,0.0,0.0,892c03c798c99439,1,1
task_0106,family_18,P-SPIDER-MEA-BATCHED,0.5,0.6667,12,1020,1020,59.166666666666664,16,1765,1,0,1,0.0312,0,0,0,1,1,0,1,0,1,0,1.0,1.0,892c03c798c99439,0,0
task_0106,family_18,NC1-SHUFFLED,0.5,0.6667,12,2280,2280,164.16666666666666,18,4275,1,0,1,0.834806225179131,1,1,1,1,0,0,1,0,0,0,0.0,0.0,7a15e67185e233c5,0,0
task_0106,family_18,NC2-RANDOM,0.5,0.6667,12,2410,2410,175.0,18,4430,1,0,1,0.8806119186357431,0,0,0,0,0,0,0,1,0,0,0.0,0.0,c5c83f72efd20f16,0,0
task_0106,family_18,NC3-LENGTH,0.5,0.6667,12,6050,6050,500.0,25,12120,1,0,0,0.55,0,0,0,0,0,0,0,0,0,0,0.0,0.0,,1,0
task_0106,family_18,NC4-ABLATION,0.5,0.6667,12,1020,1020,59.166666666666664,16,1765,1,0,1,0.0392,0,0,0,1,1,0,1,0,1,0,1.0,1.0,892c03c798c99439,0,0
task_0107,family_19,B-COLD,0.0,0.0,13,6550,6550,503.84615384615387,27,13120,1,0,0,0.99,0,0,0,0,0,0,0,0,0,0,1.0,0.0,,1,0
task_0107,family_19,B-RAG-EMBED,0.0,0.0,13,900,900,53.84615384615385,15,1830,1,0,0,0.99,0,0,0,0,0,0,0,0,1,0,1.0,0.0,,1,1
task_0107,family_19,B-STAGEHAND-CACHE,0.0,0.0,13,700,700,53.84615384615385,14,1680,1,0,0,0.99,0,0,0,0,0,0,0,0,1,0,1.0,0.0,,1,1
task_0107,family_19,B-TERX-REPLAY,0.0,0.0,13,700,700,53.84615384615385,14,1680,1,0,0,0.99,0,0,0,0,0,0,0,0,1,0,1.0,0.0,,1,1
task_0107,family_19,P-STAGEHAND-TTL,0.0,0.0,13,710,710,54.61538461538461,15,1630,1,0,0,0.99,1,1,1,0,1,0,1,0,0,0,0.0,1.0,4531974d3f971e99,1,1
task_0107,family_19,P-WEBMCP-TOOL,0.0,0.0,13,865,865,58.46153846153846,16,1680,1,0,0,0.99,1,1,1,0,0,0,0,1,1,1,0.0,0.0,8fc6512a45c95da2,1,1
task_0107,family_19,P-SPIDER-MEA-BATCHED,0.0,0.0,13,1120,1120,62.30769230769231,17,1860,1,0,0,0.9517,1,1,1,0,1,0,0,1,1,0,1.0,1.0,8fc6512a45c95da2,1,1
task_0107,family_19,NC1-SHUFFLED,0.0,0.0,13,1070,1070,58.46153846153846,16,1820,1,0,1,0.8580816002362386,1,1,1,0,0,0,0,1,0,0,0.0,0.0,6c4f6f255b0a03fe,0,0
task_0107,family_19,NC2-RANDOM,0.0,0.0,13,1070,1070,58.46153846153846,16,1820,1,0,0,0.99,1,1,1,0,0,0,0,1,0,0,0.0,0.0,3d94838420e15b96,1,1
task_0107,family_19,NC3-LENGTH,0.0,0.0,13,6550,6550,500.0,27,13120,1,0,0,0.55,0,0,0,0,0,0,0,0,0,0,0.0,0.0,,1,0
task_0107,family_19,NC4-ABLATION,0.0,0.0,13,1030,1030,55.38461538461539,17,1795,1,0,0,0.9755,1,1,1,0,1,0,1,0,1,0,1.0,1.0,8fc6512a45c95da2,1,1
task_0108,family_19,B-COLD,1.0,1.0,13,6550,6550,503.84615384615387,27,13120,1,0,0,0.99,0,0,0,0,0,0,0,0,0,0,0.0,0.0,,1,0
task_0108,family_19,B-RAG-EMBED,1.0,1.0,13,6750,6750,503.84615384615387,28,13270,1,0,0,0.99,0,0,0,0,0,0,0,0,0,0,0.0,0.0,,1,0
task_0108,family_19,B-STAGEHAND-CACHE,1.0,1.0,13,6550,6550,503.84615384615387,27,13120,1,0,0,0.99,0,0,0,0,0,0,0,0,0,0,0.0,0.0,,1,0
task_0108,family_19,B-TERX-REPLAY,1.0,1.0,13,6550,6550,503.84615384615387,27,13120,1,0,0,0.99,0,0,0,0,0,0,0,0,0,0,0.0,0.0,,1,0
task_0108,family_19,P-STAGEHAND-TTL,1.0,1.0,13,6550,6550,503.84615384615387,27,13120,1,0,0,0.9638,0,0,0,0,0,0,0,0,0,0,0.0,0.0,bbd4f82ab961ffe4,1,0
task_0108,family_19,P-WEBMCP-TOOL,1.0,1.0,13,1265,1265,89.23076923076923,17,2585,1,0,0,0.99,0,0,0,0,0,0,1,0,1,1,0.0,0.0,491b35bb8ce61db3,1,1
task_0108,family_19,P-SPIDER-MEA-BATCHED,1.0,1.0,13,1430,1430,86.15384615384616,17,2635,1,0,0,0.9693,1,1,1,0,0,0,1,0,0,0,0.0,0.0,491b35bb8ce61db3,1,1
task_0108,family_19,NC1-SHUFFLED,1.0,1.0,13,1560,1560,96.15384615384616,17,2790,1,0,1,0.8607426360722938,0,1,0,0,0,0,0,1,0,0,0.0,0.0,7f87964290cdbaf6,0,0
task_0108,family_19,NC2-RANDOM,1.0,1.0,13,1560,1560,96.15384615384616,17,2790,1,0,1,0.8799137473373216,0,0,0,0,0,0,0,1,0,0,0.0,0.0,154a5c2afadc442a,0,0
task_0108,family_19,NC3-LENGTH,1.0,1.0,13,6550,6550,500.0,27,13120,1,0,0,0.55,0,0,0,0,0,0,0,0,0,0,0.0,0.0,,1,0
task_0108,family_19,NC4-ABLATION,1.0,1.0,13,1430,1430,86.15384615384616,17,2635,1,0,1,0.01,1,1,1,1,0,0,1,0,0,0,0.0,0.0,491b35bb8ce61db3,0,0
task_0109,family_19,B-COLD,0.25,0.0,13,6550,6550,503.84615384615387,27,13120,1,0,0,0.99,0,0,0,0,0,0,0,0,0,0,1.0,0.0,,1,0
task_0109,family_19,B-RAG-EMBED,0.25,0.0,13,900,900,53.84615384615385,15,1830,1,0,0,0.99,0,0,0,0,0,0,0,0,1,0,1.0,0.0,,1,1
task_0109,family_19,B-STAGEHAND-CACHE,0.25,0.0,13,6550,6550,503.84615384615387,27,13120,1,0,0,0.99,0,0,0,0,0,0,0,0,1,0,1.0,0.0,,1,0
task_0109,family_19,B-TERX-REPLAY,0.25,0.0,13,6550,6550,503.84615384615387,27,13120,1,0,0,0.99,0,0,0,0,0,0,0,0,1,0,1.0,0.0,,1,0
task_0109,family_19,P-STAGEHAND-TTL,0.25,0.0,13,750,750,57.69230769230769,15,1720,1,0,0,0.9578,0,0,0,0,1,0,0,0,0,0,0.0,1.0,058d48cea643ca8a,1,1
task_0109,family_19,P-WEBMCP-TOOL,0.25,0.0,13,815,815,54.61538461538461,16,1705,1,0,0,0.9518,0,0,0,0,0,0,1,0,1,1,0.0,0.0,6f1b7b7c2b78c85d,1,1
task_0109,family_19,P-SPIDER-MEA-BATCHED,0.25,0.0,13,1030,1030,55.38461538461539,17,1795,1,0,0,0.9828,1,1,1,0,1,0,1,0,1,0,1.0,1.0,6f1b7b7c2b78c85d,1,1
task_0109,family_19,NC1-SHUFFLED,0.25,0.0,13,1020,1020,54.61538461538461,16,1845,1,0,1,0.9426140858061351,0,0,0,0,0,0,1,0,0,0,0.0,0.0,b87912cf312b8f1e,0,0
task_0109,family_19,NC2-RANDOM,0.25,0.0,13,1110,1110,61.53846153846154,16,1910,1,0,1,0.8710415080553399,0,0,0,0,0,0,0,1,0,0,0.0,0.0,8a72bb5f4f3c4837,0,0
task_0109,family_19,NC3-LENGTH,0.25,0.0,13,6550,6550,500.0,27,13120,1,0,0,0.55,0,0,0,0,0,0,0,0,0,0,0.0,0.0,,1,0
task_0109,family_19,NC4-ABLATION,0.25,0.0,13,1030,1030,55.38461538461539,17,1795,1,0,0,0.9791,1,1,1,0,1,0,1,0,1,0,1.0,1.0,6f1b7b7c2b78c85d,1,1
task_0110,family_19,B-COLD,0.5,1.0,13,6550,6550,503.84615384615387,27,13120,1,0,0,0.99,0,0,0,0,0,0,0,0,0,0,0.0,0.0,,1,0
task_0110,family_19,B-RAG-EMBED,0.5,1.0,13,6750,6750,503.84615384615387,28,13270,1,0,0,0.99,0,0,0,0,0,0,0,0,0,0,0.0,0.0,,1,0
task_0110,family_19,B-STAGEHAND-CACHE,0.5,1.0,13,6550,6550,503.84615384615387,27,13120,1,0,0,0.99,0,0,0,0,0,0,0,0,0,0,0.0,0.0,,1,0
task_0110,family_19,B-TERX-REPLAY,0.5,1.0,13,6550,6550,503.84615384615387,27,13120,1,0,0,0.99,0,0,0,0,0,0,0,0,0,0,0.0,0.0,,1,0
task_0110,family_19,P-STAGEHAND-TTL,0.5,1.0,13,6550,6550,503.84615384615387,27,13120,1,0,0,0.9891,0,0,0,0,0,0,0,0,0,0,0.0,0.0,d850fe52f1ee6aaf,1,0
task_0110,family_19,P-WEBMCP-TOOL,0.5,1.0,13,1265,1265,89.23076923076923,17,2585,1,0,1,0.0127,0,0,0,1,0,0,1,0,1,1,0.0,0.0,dae07181687e97e5,0,0
task_0110,family_19,P-SPIDER-MEA-BATCHED,0.5,1.0,13,1430,1430,86.15384615384616,17,2635,1,0,0,0.99,1,1,1,0,0,0,1,0,0,0,0.0,0.0,dae07181687e97e5,1,1
task_0110,family_19,NC1-SHUFFLED,0.5,1.0,13,1470,1470,89.23076923076923,17,2725,1,0,1,0.9268477589247364,0,1,0,0,0,0,1,0,0,0,0.0,0.0,d1c1228407b1f9ea,0,0
task_0110,family_19,NC2-RANDOM,0.5,1.0,13,1560,1560,96.15384615384616,17,2790,1,0,0,0.99,0,0,0,0,0,0,0,1,0,0,0.0,0.0,f6f20c167dbb9ba7,1,1
task_0110,family_19,NC3-LENGTH,0.5,1.0,13,6550,6550,500.0,27,13120,1,0,0,0.55,0,0,0,0,0,0,0,0,0,0,0.0,0.0,,1,0
task_0110,family_19,NC4-ABLATION,0.5,1.0,13,1470,1470,89.23076923076923,17,2725,1,0,0,0.9887,0,0,0,0,0,0,1,0,0,0,0.0,0.0,dae07181687e97e5,1,1
task_0111,family_19,B-COLD,0.75,1.0,13,6550,6550,503.84615384615387,27,13120,1,0,0,0.99,0,0,0,0,0,0,0,0,0,0,0.0,0.0,,1,0
task_0111,family_19,B-RAG-EMBED,0.75,1.0,13,6750,6750,503.84615384615387,28,13270,1,0,0,0.99,0,0,0,0,0,0,0,0,0,0,0.0,0.0,,1,0
task_0111,family_19,B-STAGEHAND-CACHE,0.75,1.0,13,6550,6550,503.84615384615387,27,13120,1,0,0,0.99,0,0,0,0,0,0,0,0,0,0,0.0,0.0,,1,0
task_0111,family_19,B-TERX-REPLAY,0.75,1.0,13,6550,6550,503.84615384615387,27,13120,1,0,0,0.99,0,0,0,0,0,0,0,0,0,0,0.0,0.0,,1,0
task_0111,family_19,P-STAGEHAND-TTL,0.75,1.0,13,6510,6510,500.7692307692308,27,13030,1,0,0,0.99,1,1,1,0,0,0,0,0,0,0,0.0,0.0,8ae01d2d30359c34,1,0
task_0111,family_19,P-WEBMCP-TOOL,0.75,1.0,13,1225,1225,86.15384615384616,17,2495,1,0,0,0.99,1,1,1,0,0,0,1,0,1,1,0.0,0.0,51cd8ff0556b3085,1,1
task_0111,family_19,P-SPIDER-MEA-BATCHED,0.75,1.0,13,1430,1430,86.15384615384616,17,2635,1,0,0,0.99,1,1,1,0,0,0,1,0,0,0,0.0,0.0,51cd8ff0556b3085,1,1
task_0111,family_19,NC1-SHUFFLED,0.75,1.0,13,1560,1560,96.15384615384616,17,2790,1,0,1,0.8353237733281098,0,0,0,1,0,0,0,1,0,0,0.0,0.0,c97130f72f331a43,0,0
task_0111,family_19,NC2-RANDOM,0.75,1.0,13,1520,1520,93.07692307692308,17,2700,1,0,1,0.784106855414222,1,1,1,0,0,0,0,1,0,0,0.0,0.0,7529e46ad0b54b27,0,0
task_0111,family_19,NC3-LENGTH,0.75,1.0,13,6550,6550,500.0,27,13120,1,0,0,0.55,0,0,0,0,0,0,0,0,0,0,0.0,0.0,,1,0
task_0111,family_19,NC4-ABLATION,0.75,1.0,13,1430,1430,86.15384615384616,17,2635,1,0,0,0.9803,1,1,1,0,0,0,1,0,0,0,0.0,0.0,51cd8ff0556b3085,1,1
task_0112,family_20,B-COLD,0.0,0.0,14,7050,7050,503.57142857142856,29,14120,1,0,0,0.99,0,0,0,0,0,0,0,0,0,0,1.0,0.0,,1,0
task_0112,family_20,B-RAG-EMBED,0.0,0.0,14,950,950,53.57142857142857,16,1950,1,0,0,0.99,0,0,0,0,0,0,0,0,1,0,1.0,0.0,,1,1
task_0112,family_20,B-STAGEHAND-CACHE,0.0,0.0,14,750,750,53.57142857142857,15,1800,1,0,0,0.99,0,0,0,0,0,0,0,0,1,0,1.0,0.0,,1,1
task_0112,family_20,B-TERX-REPLAY,0.0,0.0,14,750,750,53.57142857142857,15,1800,1,0,0,0.99,0,0,0,0,0,0,0,0,1,0,1.0,0.0,,1,1
task_0112,family_20,P-STAGEHAND-TTL,0.0,0.0,14,800,800,57.142857142857146,16,1840,1,0,0,0.99,0,0,0,0,1,0,1,0,0,0,0.0,1.0,3db41cb361962ebd,1,1
task_0112,family_20,P-WEBMCP-TOOL,0.0,0.0,14,865,865,54.285714285714285,17,1825,1,0,0,0.99,0,0,0,0,0,0,1,0,1,1,0.0,0.0,fade3be8fa11fb87,1,1
task_0112,family_20,P-SPIDER-MEA-BATCHED,0.0,0.0,14,1120,1120,57.857142857142854,18,2005,1,0,0,0.9548,0,0,0,0,1,0,1,0,1,0,1.0,1.0,fade3be8fa11fb87,1,1
task_0112,family_20,NC1-SHUFFLED,0.0,0.0,14,1120,1120,57.857142857142854,18,2005,1,0,1,0.914873185177741,0,0,0,0,1,0,1,0,0,0,0.16666666666666666,0.3333333333333333,fea1d0869a90d59e,0,0
task_0112,family_20,NC2-RANDOM,0.0,0.0,14,1160,1160,60.714285714285715,17,2030,1,0,0,0.99,0,0,0,0,0,0,0,1,0,0,0.0,0.0,3072185db69a4950,1,1
task_0112,family_20,NC3-LENGTH,0.0,0.0,14,7050,7050,500.0,29,14120,1,0,0,0.55,0,0,0,0,0,0,0,0,0,0,0.0,0.0,,1,0
task_0112,family_20,NC4-ABLATION,0.0,0.0,14,1210,1210,64.28571428571429,18,2070,1,0,0,0.99,0,1,0,0,1,0,0,1,1,0,1.0,1.0,fade3be8fa11fb87,1,1
task_0113,family_20,B-COLD,0.25,0.5,14,7050,7050,503.57142857142856,29,14120,1,0,0,0.99,0,0,0,0,0,0,0,0,0,0,0.6666666666666666,0.0,,1,0
task_0113,family_20,B-RAG-EMBED,0.25,0.5,14,4100,4100,278.57142857142856,23,8110,1,0,0,0.99,0,0,0,0,0,0,0,0,1,0,0.6666666666666666,0.0,,1,1
task_0113,family_20,B-STAGEHAND-CACHE,0.25,0.5,14,7050,7050,503.57142857142856,29,14120,1,0,0,0.99,0,0,0,0,0,0,0,0,1,0,0.6666666666666666,0.0,,1,0
task_0113,family_20,B-TERX-REPLAY,0.25,0.5,14,7050,7050,503.57142857142856,29,14120,1,0,0,0.99,0,0,0,0,0,0,0,0,1,0,0.6666666666666666,0.0,,1,0
task_0113,family_20,P-STAGEHAND-TTL,0.25,0.5,14,800,800,57.142857142857146,16,1840,1,0,0,0.99,0,0,0,0,1,0,0,0,0,0,0.0,1.0,9b60d6e2bb49fec1,1,1
task_0113,family_20,P-WEBMCP-TOOL,0.25,0.5,14,825,825,51.42857142857143,17,1735,1,0,0,0.9665,1,1,1,0,0,0,1,0,1,1,0.0,0.0,f80c49c9af8308a7,1,1
task_0113,family_20,P-SPIDER-MEA-BATCHED,0.25,0.5,14,1080,1080,55.0,18,1915,1,0,0,0.97,1,1,1,0,1,0,1,0,1,0,0.6666666666666666,1.0,f80c49c9af8308a7,1,1
task_0113,family_20,NC1-SHUFFLED,0.25,0.5,14,1080,1080,55.0,18,1915,1,0,0,0.99,1,1,1,0,1,0,1,0,0,0,0.16666666666666666,0.3333333333333333,17e91580ce8904fd,1,1
task_0113,family_20,NC2-RANDOM,0.25,0.5,14,2020,2020,122.14285714285714,19,3700,1,0,0,0.99,1,1,1,0,0,0,0,1,0,0,0.0,0.0,f43f3f4c48a95b28,1,1
task_0113,family_20,NC3-LENGTH,0.25,0.5,14,7050,7050,500.0,29,14120,1,0,0,0.55,0,0,0,0,0,0,0,0,0,0,0.0,0.0,,1,0
task_0113,family_20,NC4-ABLATION,0.25,0.5,14,1120,1120,57.857142857142854,18,2005,1,0,0,0.9797,0,0,0,0,1,0,1,0,1,0,0.6666666666666666,1.0,f80c49c9af8308a7,1,1
task_0114,family_20,B-COLD,0.5,0.5,14,7050,7050,503.57142857142856,29,14120,1,0,0,0.99,0,0,0,0,0,0,0,0,0,0,0.6666666666666666,0.0,,1,0
task_0114,family_20,B-RAG-EMBED,0.5,0.5,14,4100,4100,278.57142857142856,23,8110,1,0,0,0.99,0,0,0,0,0,0,0,0,1,0,0.6666666666666666,0.0,,1,1
task_0114,family_20,B-STAGEHAND-CACHE,0.5,0.5,14,7050,7050,503.57142857142856,29,14120,1,0,0,0.99,0,0,0,0,0,0,0,0,1,0,0.6666666666666666,0.0,,1,0
task_0114,family_20,B-TERX-REPLAY,0.5,0.5,14,7050,7050,503.57142857142856,29,14120,1,0,0,0.99,0,0,0,0,0,0,0,0,1,0,0.6666666666666666,0.0,,1,0
task_0114,family_20,P-STAGEHAND-TTL,0.5,0.5,14,800,800,57.142857142857146,16,1840,1,0,1,0.8448399879832813,0,0,0,0,1,0,0,0,0,0,0.0,1.0,e0ed221e11103125,0,0
task_0114,family_20,P-WEBMCP-TOOL,0.5,0.5,14,865,865,54.285714285714285,17,1825,1,0,1,0.01,0,0,0,1,0,0,1,0,1,1,0.0,0.0,9907201352897adb,0,0
task_0114,family_20,P-SPIDER-MEA-BATCHED,0.5,0.5,14,1120,1120,57.857142857142854,18,2005,1,0,0,0.99,0,0,0,0,1,0,1,0,1,0,0.6666666666666666,1.0,9907201352897adb,1,1
task_0114,family_20,NC1-SHUFFLED,0.5,0.5,14,1970,1970,118.57142857142857,19,3725,1,0,1,0.8104715919675282,0,0,0,0,0,0,1,0,0,0,0.0,0.0,a405c19e8f886688,0,0
task_0114,family_20,NC2-RANDOM,0.5,0.5,14,2060,2060,125.0,19,3790,1,0,0,0.99,0,0,0,0,0,0,0,1,0,0,0.0,0.0,b849619514484a75,1,1
task_0114,family_20,NC3-LENGTH,0.5,0.5,14,7050,7050,500.0,29,14120,1,0,0,0.55,0,0,0,0,0,0,0,0,0,0,0.0,0.0,,1,0
task_0114,family_20,NC4-ABLATION,0.5,0.5,14,1120,1120,57.857142857142854,18,2005,1,0,1,0.01,0,0,0,1,1,0,1,0,1,0,0.6666666666666666,1.0,9907201352897adb,0,0
task_0115,family_20,B-COLD,0.75,1.0,14,7050,7050,503.57142857142856,29,14120,1,0,0,0.99,0,0,0,0,0,0,0,0,0,0,0.3333333333333333,0.0,,1,0
task_0115,family_20,B-RAG-EMBED,0.75,1.0,14,7250,7250,503.57142857142856,30,14270,1,0,0,0.99,0,0,0,0,0,0,0,0,1,0,0.3333333333333333,0.0,,1,0
task_0115,family_20,B-STAGEHAND-CACHE,0.75,1.0,14,7050,7050,503.57142857142856,29,14120,1,0,0,0.99,0,0,0,0,0,0,0,0,1,0,0.3333333333333333,0.0,,1,0
task_0115,family_20,B-TERX-REPLAY,0.75,1.0,14,7050,7050,503.57142857142856,29,14120,1,0,0,0.99,0,0,0,0,0,0,0,0,1,0,0.3333333333333333,0.0,,1,0
task_0115,family_20,P-STAGEHAND-TTL,0.75,1.0,14,800,800,57.142857142857146,16,1840,1,0,0,0.9553,0,0,0,0,1,0,0,0,0,0,0.0,0.3333333333333333,e10c22b8b5d7214e,1,1
task_0115,family_20,P-WEBMCP-TOOL,0.75,1.0,14,865,865,54.285714285714285,17,1825,1,0,1,0.011,0,0,0,1,0,0,1,0,1,1,0.0,0.0,1649b4ca1c5ef612,0,0
task_0115,family_20,P-SPIDER-MEA-BATCHED,0.75,1.0,14,1120,1120,57.857142857142854,18,2005,1,0,0,0.9857,0,0,0,0,1,0,1,0,1,0,0.3333333333333333,0.3333333333333333,1649b4ca1c5ef612,1,1
task_0115,family_20,NC1-SHUFFLED,0.75,1.0,14,1120,1120,57.857142857142854,18,2005,1,0,1,0.8439374329218499,0,0,0,1,1,0,1,0,0,0,0.16666666666666666,0.3333333333333333,daa785f0c77f9fcd,0,0
task_0115,family_20,NC2-RANDOM,0.75,1.0,14,2060,2060,125.0,19,3790,1,0,1,0.8524778597310267,0,0,0,0,0,0,0,1,0,0,0.0,0.0,1c55ed027c5f0a8b,0,0
task_0115,family_20,NC3-LENGTH,0.75,1.0,14,7050,7050,500.0,29,14120,1,0,0,0.55,0,0,0,0,0,0,0,0,0,0,0.0,0.0,,1,0
task_0115,family_20,NC4-ABLATION,0.75,1.0,14,1970,1970,118.57142857142857,19,3725,1,0,0,0.99,0,0,0,0,0,0,1,0,1,0,0.3333333333333333,0.3333333333333333,1649b4ca1c5ef612,1,1
task_0116,family_20,B-COLD,1.0,1.0,14,7050,7050,503.57142857142856,29,14120,1,0,0,0.9502,0,0,0,0,0,0,0,0,0,0,0.6666666666666666,0.0,,1,0
task_0116,family_20,B-RAG-EMBED,1.0,1.0,14,7250,7250,503.57142857142856,30,14270,1,0,0,0.9502,0,0,0,0,0,0,0,0,1,0,0.6666666666666666,0.0,,1,0
task_0116,family_20,B-STAGEHAND-CACHE,1.0,1.0,14,7050,7050,503.57142857142856,29,14120,1,0,0,0.9502,0,0,0,0,0,0,0,0,1,0,0.6666666666666666,0.0,,1,0
task_0116,family_20,B-TERX-REPLAY,1.0,1.0,14,7050,7050,503.57142857142856,29,14120,1,0,0,0.9502,0,0,0,0,0,0,0,0,1,0,0.6666666666666666,0.0,,1,0
task_0116,family_20,P-STAGEHAND-TTL,1.0,1.0,14,800,800,57.142857142857146,16,1840,1,0,0,0.9528,0,1,0,0,1,0,0,0,0,0,0.0,1.0,a6f3fc5099f44023,1,1
task_0116,family_20,P-WEBMCP-TOOL,1.0,1.0,14,865,865,54.285714285714285,17,1825,1,0,1,0.0458,0,1,0,1,0,0,1,0,1,1,0.0,0.0,a06a6c6ff89ca9c0,0,0
task_0116,family_20,P-SPIDER-MEA-BATCHED,1.0,1.0,14,1080,1080,55.0,18,1915,1,0,0,0.99,1,1,1,0,1,0,1,0,1,0,0.6666666666666666,1.0,a06a6c6ff89ca9c0,1,1
task_0116,family_20,NC1-SHUFFLED,1.0,1.0,14,1210,1210,64.28571428571429,18,2070,1,0,1,0.9126323433297389,0,1,0,1,1,0,0,1,0,0,0.16666666666666666,0.3333333333333333,b5f6a7691a4e3417,0,0
task_0116,family_20,NC2-RANDOM,1.0,1.0,14,2020,2020,122.14285714285714,19,3700,1,0,1,0.7819334985597184,1,1,1,1,0,0,0,1,0,0,0.0,0.0,2c41076a919f0aec,0,0
task_0116,family_20,NC3-LENGTH,1.0,1.0,14,7050,7050,500.0,29,14120,1,0,0,0.55,0,0,0,0,0,0,0,0,0,0,0.0,0.0,,1,0
task_0116,family_20,NC4-ABLATION,1.0,1.0,14,1120,1120,57.857142857142854,18,2005,1,0,0,0.99,0,0,0,0,1,0,1,0,1,0,0.6666666666666666,1.0,a06a6c6ff89ca9c0,1,1
task_0117,family_21,B-COLD,0.0,0.0,8,4050,4050,506.25,17,8120,1,0,0,0.9732,0,0,0,0,0,0,0,0,0,0,1.0,0.0,,1,0
task_0117,family_21,B-RAG-EMBED,0.0,0.0,8,650,650,56.25,10,1230,1,0,0,0.9732,0,0,0,0,0,0,0,0,1,0,1.0,0.0,,1,1
task_0117,family_21,B-STAGEHAND-CACHE,0.0,0.0,8,450,450,56.25,9,1080,1,0,0,0.9732,0,0,0,0,0,0,0,0,1,0,1.0,0.0,,1,1
task_0117,family_21,B-TERX-REPLAY,0.0,0.0,8,450,450,56.25,9,1080,1,0,0,0.9732,0,0,0,0,0,0,0,0,1,0,1.0,0.0,,1,1
task_0117,family_21,P-STAGEHAND-TTL,0.0,0.0,8,460,460,57.5,10,1030,1,0,0,0.99,1,1,1,0,1,0,1,0,0,0,0.0,1.0,3aa47cba884ee03b,1,1
task_0117,family_21,P-WEBMCP-TOOL,0.0,0.0,8,525,525,52.5,11,1015,1,0,0,0.9833,1,1,1,0,0,0,1,0,1,1,0.0,0.0,9a7d64e55ec875af,1,1
task_0117,family_21,P-SPIDER-MEA-BATCHED,0.0,0.0,8,780,780,58.75,12,1195,1,0,0,0.9772,1,1,1,0,1,0,1,0,1,0,1.0,1.0,9a7d64e55ec875af,1,1
task_0117,family_21,NC1-SHUFFLED,0.0,0.0,8,730,730,52.5,11,1155,1,0,1,0.8126968871453994,1,1,1,0,0,0,1,0,0,0,0.0,0.0,c633261f8248545e,0,0
task_0117,family_21,NC2-RANDOM,0.0,0.0,8,860,860,68.75,11,1310,1,0,0,0.99,0,0,0,0,0,0,0,1,0,0,0.0,0.0,8714373f4cb98304,1,1
task_0117,family_21,NC3-LENGTH,0.0,0.0,8,4050,4050,500.0,17,8120,1,0,0,0.55,0,0,0,0,0,0,0,0,0,0,0.0,0.0,,1,0
task_0117,family_21,NC4-ABLATION,0.0,0.0,8,820,820,63.75,12,1285,1,0,0,0.99,0,1,0,0,1,0,1,0,1,0,1.0,1.0,9a7d64e55ec875af,1,1
task_0118,family_21,B-COLD,0.5,0.5,8,4050,4050,506.25,17,8120,1,0,0,0.99,0,0,0,0,0,0,0,0,0,0,0.5,0.0,,1,0
task_0118,family_21,B-RAG-EMBED,0.5,0.5,8,2450,2450,281.25,14,4750,1,0,0,0.99,0,0,0,0,0,0,0,0,1,0,0.5,0.0,,1,1
task_0118,family_21,B-STAGEHAND-CACHE,0.5,0.5,8,4050,4050,506.25,17,8120,1,0,0,0.99,0,0,0,0,0,0,0,0,1,0,0.5,0.0,,1,0
task_0118,family_21,B-TERX-REPLAY,0.5,0.5,8,4050,4050,506.25,17,8120,1,0,0,0.99,0,0,0,0,0,0,0,0,1,0,0.5,0.0,,1,0
task_0118,family_21,P-STAGEHAND-TTL,0.5,0.5,8,500,500,62.5,10,1120,1,0,0,0.99,0,0,0,0,1,0,0,0,0,0,0.0,1.0,97de5d661b779977,1,1
task_0118,family_21,P-WEBMCP-TOOL,0.5,0.5,8,1105,1105,125.0,12,2050,1,0,0,0.99,0,0,0,0,0,0,0,1,1,1,0.0,0.0,9722aea70057c5a9,1,1
task_0118,family_21,P-SPIDER-MEA-BATCHED,0.5,0.5,8,820,820,63.75,12,1285,1,0,0,0.99,0,0,0,0,1,0,1,0,1,0,0.5,1.0,9722aea70057c5a9,1,1
task_0118,family_21,NC1-SHUFFLED,0.5,0.5,8,1630,1630,165.0,13,2915,1,0,1,0.7847939175580347,1,1,1,1,0,0,1,0,0,0,0.0,0.0,2df8e850334f8f20,0,0
task_0118,family_21,NC2-RANDOM,0.5,0.5,8,1760,1760,181.25,13,3070,1,0,1,0.9393962763694084,0,0,0,1,0,0,0,1,0,0,0.0,0.0,9836ec6e87013f46,0,0
task_0118,family_21,NC3-LENGTH,0.5,0.5,8,4050,4050,500.0,17,8120,1,0,0,0.55,0,0,0,0,0,0,0,0,0,0,0.0,0.0,,1,0
task_0118,family_21,NC4-ABLATION,0.5,0.5,8,820,820,63.75,12,1285,1,0,0,0.9823,0,0,0,0,1,0,1,0,1,0,0.5,1.0,9722aea70057c5a9,1,1
task_0119,family_21,B-COLD,0.75,1.0,8,4050,4050,506.25,17,8120,1,0,0,0.99,0,0,0,0,0,0,0,0,0,0,0.0,0.0,,1,0
task_0119,family_21,B-RAG-EMBED,0.75,1.0,8,4250,4250,506.25,18,8270,1,0,0,0.99,0,0,0,0,0,0,0,0,0,0,0.0,0.0,,1,0
task_0119,family_21,B-STAGEHAND-CACHE,0.75,1.0,8,4050,4050,506.25,17,8120,1,0,0,0.99,0,0,0,0,0,0,0,0,0,0,0.0,0.0,,1,0
task_0119,family_21,B-TERX-REPLAY,0.75,1.0,8,4050,4050,506.25,17,8120,1,0,0,0.99,0,0,0,0,0,0,0,0,0,0,0.0,0.0,,1,0
task_0119,family_21,P-STAGEHAND-TTL,0.75,1.0,8,4010,4010,501.25,17,8030,1,0,0,0.99,1,1,1,0,0,0,0,0,0,0,0.0,0.0,eafd603def6e7838,1,0
task_0119,family_21,P-WEBMCP-TOOL,0.75,1.0,8,1425,1425,165.0,13,2775,1,0,1,0.0421,1,1,1,1,0,0,1,0,1,1,0.0,0.0,2c053f658df53262,0,0
task_0119,family_21,P-SPIDER-MEA-BATCHED,0.75,1.0,8,1670,1670,170.0,13,3005,1,0,1,0.01,0,0,0,1,0,0,1,0,0,0,0.0,0.0,2c053f658df53262,0,0
task_0119,family_21,NC1-SHUFFLED,0.75,1.0,8,1630,1630,165.0,13,2915,1,0,1,0.8169801604109281,1,1,1,0,0,0,1,0,0,0,0.0,0.0,29df886334f54dc7,0,0
task_0119,family_21,NC2-RANDOM,0.75,1.0,8,2220,2220,238.75,15,3980,0,1,0,0.801381504407778,1,1,1,0,0,0,0,1,0,0,0.0,0.0,56a696b90a792edf,0,1
task_0119,family_21,NC3-LENGTH,0.75,1.0,8,4050,4050,500.0,17,8120,1,0,0,0.55,0,0,0,0,0,0,0,0,0,0,0.0,0.0,,1,0
task_0119,family_21,NC4-ABLATION,0.75,1.0,8,1670,1670,170.0,13,3005,1,0,1,0.01,0,0,0,1,0,0,1,0,0,0,0.0,0.0,2c053f658df53262,0,0
task_0120,family_21,B-COLD,1.0,1.0,8,4050,4050,506.25,17,8120,1,0,0,0.99,0,0,0,0,0,0,0,0,0,0,0.0,0.0,,1,0
task_0120,family_21,B-RAG-EMBED,1.0,1.0,8,4250,4250,506.25,18,8270,1,0,0,0.99,0,0,0,0,0,0,0,0,0,0,0.0,0.0,,1,0
task_0120,family_21,B-STAGEHAND-CACHE,1.0,1.0,8,4050,4050,506.25,17,8120,1,0,0,0.99,0,0,0,0,0,0,0,0,0,0,0.0,0.0,,1,0
task_0120,family_21,B-TERX-REPLAY,1.0,1.0,8,4050,4050,506.25,17,8120,1,0,0,0.99,0,0,0,0,0,0,0,0,0,0,0.0,0.0,,1,0
task_0120,family_21,P-STAGEHAND-TTL,1.0,1.0,8,4050,4050,506.25,17,8120,1,0,0,0.99,0,0,0,0,0,0,0,0,0,0,0.0,0.0,2c5bc43df0f834b5,1,0
task_0120,family_21,P-WEBMCP-TOOL,1.0,1.0,8,1465,1465,170.0,13,2865,1,0,1,0.0405,0,0,0,1,0,0,1,0,1,1,0.0,0.0,fa5c781e3313e7bb,0,0
task_0120,family_21,P-SPIDER-MEA-BATCHED,1.0,1.0,8,1720,1720,176.25,13,2980,1,0,0,0.99,1,1,1,0,0,0,0,1,0,0,0.0,0.0,fa5c781e3313e7bb,1,1
task_0120,family_21,NC1-SHUFFLED,1.0,1.0,8,820,820,63.75,12,1285,1,0,1,0.8413509604098823,0,0,0,0,1,0,1,0,1,0,0.5,1.0,dcfb9b2814c183c4,0,0
task_0120,family_21,NC2-RANDOM,1.0,1.0,8,1760,1760,181.25,13,3070,1,0,1,0.8583092077562124,0,0,0,1,0,0,0,1,0,0,0.0,0.0,010789b36d0ab54d,0,0
task_0120,family_21,NC3-LENGTH,1.0,1.0,8,4050,4050,500.0,17,8120,1,0,0,0.55,0,0,0,0,0,0,0,0,0,0,0.0,0.0,,1,0
task_0120,family_21,NC4-ABLATION,1.0,1.0,8,1670,1670,170.0,13,3005,1,0,0,0.99,0,0,0,0,0,0,1,0,0,0,0.0,0.0,fa5c781e3313e7bb,1,1
task_0121,family_21,B-COLD,0.25,0.5,8,4050,4050,506.25,17,8120,1,0,0,0.99,0,0,0,0,0,0,0,0,0,0,0.5,0.0,,1,0
task_0121,family_21,B-RAG-EMBED,0.25,0.5,8,2450,2450,281.25,14,4750,1,0,0,0.99,0,0,0,0,0,0,0,0,1,0,0.5,0.0,,1,1
task_0121,family_21,B-STAGEHAND-CACHE,0.25,0.5,8,4050,4050,506.25,17,8120,1,0,0,0.99,0,0,0,0,0,0,0,0,1,0,0.5,0.0,,1,0
task_0121,family_21,B-TERX-REPLAY,0.25,0.5,8,4050,4050,506.25,17,8120,1,0,0,0.99,0,0,0,0,0,0,0,0,1,0,0.5,0.0,,1,0
task_0121,family_21,P-STAGEHAND-TTL,0.25,0.5,8,500,500,62.5,10,1120,1,0,0,0.9729,0,0,0,0,1,0,0,0,0,0,0.0,1.0,b245c0c2571a7811,1,1
task_0121,family_21,P-WEBMCP-TOOL,0.25,0.5,8,975,975,108.75,12,1895,1,0,0,0.9602,1,1,1,0,0,0,1,0,1,1,0.0,0.0,a9f536ce7371e436,1,1
task_0121,family_21,P-SPIDER-MEA-BATCHED,0.25,0.5,8,820,820,63.75,12,1285,1,0,0,0.9743,0,0,0,0,1,0,1,0,1,0,0.5,1.0,a9f536ce7371e436,1,1
task_0121,family_21,NC1-SHUFFLED,0.25,0.5,8,780,780,58.75,12,1195,1,0,0,0.99,1,1,1,0,1,0,1,0,0,0,0.16666666666666666,0.3333333333333333,8db1276a767fd54b,1,1
task_0121,family_21,NC2-RANDOM,0.25,0.5,8,2220,2220,238.75,15,3980,0,1,0,0.8467739880438702,1,1,1,0,0,0,0,1,0,0,0.0,0.0,6faddb51a12191fb,0,1
task_0121,family_21,NC3-LENGTH,0.25,0.5,8,4050,4050,500.0,17,8120,1,0,0,0.55,0,0,0,0,0,0,0,0,0,0,0.0,0.0,,1,0
task_0121,family_21,NC4-ABLATION,0.25,0.5,8,780,780,58.75,12,1195,1,0,0,0.99,1,1,1,0,1,0,1,0,1,0,0.5,1.0,a9f536ce7371e436,1,1
task_0122,family_22,B-COLD,0.0,0.0,9,4550,4550,505.55555555555554,19,9120,1,0,0,0.9579,0,0,0,0,0,0,0,0,0,0,1.0,0.0,,1,0
task_0122,family_22,B-RAG-EMBED,0.0,0.0,9,700,700,55.55555555555556,11,1350,1,0,0,0.9579,0,0,0,0,0,0,0,0,1,0,1.0,0.0,,1,1
task_0122,family_22,B-STAGEHAND-CACHE,0.0,0.0,9,500,500,55.55555555555556,10,1200,1,0,0,0.9579,0,0,0,0,0,0,0,0,1,0,1.0,0.0,,1,1
task_0122,family_22,B-TERX-REPLAY,0.0,0.0,9,500,500,55.55555555555556,10,1200,1,0,0,0.9579,0,0,0,0,0,0,0,0,1,0,1.0,0.0,,1,1
task_0122,family_22,P-STAGEHAND-TTL,0.0,0.0,9,510,510,56.666666666666664,11,1150,1,0,0,0.99,1,1,1,0,1,0,1,0,0,0,0.0,1.0,6a28dda162ec02fc,1,1
task_0122,family_22,P-WEBMCP-TOOL,0.0,0.0,9,615,615,56.666666666666664,12,1225,1,0,0,0.99,0,0,0,0,0,0,1,0,1,1,0.0,0.0,3d1e58646b36c734,1,1
task_0122,family_22,P-SPIDER-MEA-BATCHED,0.0,0.0,9,920,920,67.77777777777777,13,1380,1,0,0,0.99,1,1,1,0,1,0,0,1,1,0,1.0,1.0,3d1e58646b36c734,1,1
task_0122,family_22,NC1-SHUFFLED,0.0,0.0,9,910,910,66.66666666666667,12,1430,1,0,1,0.9057830547888086,0,0,0,0,0,0,0,1,0,0,0.0,0.0,64ee44848f4bd8b8,0,0
task_0122,family_22,NC2-RANDOM,0.0,0.0,9,1370,1370,117.77777777777777,14,2340,0,1,0,0.9377925821479064,1,1,1,0,0,0,0,1,0,0,0.0,0.0,eca0c0df64bc48f9,0,1
task_0122,family_22,NC3-LENGTH,0.0,0.0,9,4550,4550,500.0,19,9120,1,0,0,0.55,0,0,0,0,0,0,0,0,0,0,0.0,0.0,,1,0
task_0122,family_22,NC4-ABLATION,0.0,0.0,9,870,870,62.22222222222222,13,1405,1,0,0,0.99,0,1,0,0,1,0,1,0,1,0,1.0,1.0,3d1e58646b36c734,1,1
task_0123,family_22,B-COLD,0.75,0.6667,9,4550,4550,505.55555555555554,19,9120,1,0,0,0.9723,0,0,0,0,0,0,0,0,0,0,0.5555555555555556,0.0,,1,0
task_0123,family_22,B-RAG-EMBED,0.75,0.6667,9,3400,3400,355.55555555555554,17,6630,1,0,0,0.9723,0,0,0,0,0,0,0,0,1,0,0.5555555555555556,0.0,,1,1
task_0123,family_22,B-STAGEHAND-CACHE,0.75,0.6667,9,4550,4550,505.55555555555554,19,9120,1,0,0,0.9723,0,0,0,0,0,0,0,0,1,0,0.5555555555555556,0.0,,1,0
task_0123,family_22,B-TERX-REPLAY,0.75,0.6667,9,4550,4550,505.55555555555554,19,9120,1,0,0,0.9723,0,0,0,0,0,0,0,0,1,0,0.5555555555555556,0.0,,1,0
task_0123,family_22,P-STAGEHAND-TTL,0.75,0.6667,9,550,550,61.111111111111114,11,1240,1,0,1,0.895366974703301,0,1,0,0,1,0,0,0,0,0,0.0,1.0,8be6fbb598fb69e2,0,0
task_0123,family_22,P-WEBMCP-TOOL,0.75,0.6667,9,575,575,52.22222222222222,12,1135,1,0,0,0.9871,1,1,1,0,0,0,1,0,1,1,0.0,0.0,74443eddddb4a9df,1,1
task_0123,family_22,P-SPIDER-MEA-BATCHED,0.75,0.6667,9,830,830,57.77777777777778,13,1315,1,0,0,0.99,1,1,1,0,1,0,1,0,1,0,0.5555555555555556,1.0,74443eddddb4a9df,1,1
task_0123,family_22,NC1-SHUFFLED,0.75,0.6667,9,830,830,57.77777777777778,13,1315,1,0,0,0.9846,1,1,1,0,1,0,1,0,0,0,0.1111111111111111,0.3333333333333333,35a780243a49f43e,1,1
task_0123,family_22,NC2-RANDOM,0.75,0.6667,9,2260,2260,216.66666666666666,15,4070,1,0,1,0.9459759091864751,0,0,0,1,0,0,0,1,0,0,0.0,0.0,ae096b957978d00e,0,0
task_0123,family_22,NC3-LENGTH,0.75,0.6667,9,4550,4550,500.0,19,9120,1,0,0,0.55,0,0,0,0,0,0,0,0,0,0,0.0,0.0,,1,0
task_0123,family_22,NC4-ABLATION,0.75,0.6667,9,870,870,62.22222222222222,13,1405,1,0,0,0.99,0,0,0,0,1,0,1,0,1,0,0.5555555555555556,1.0,74443eddddb4a9df,1,1
task_0124,family_22,B-COLD,1.0,1.0,9,4550,4550,505.55555555555554,19,9120,1,0,0,0.99,0,0,0,0,0,0,0,0,0,0,0.3333333333333333,0.0,,1,0
task_0124,family_22,B-RAG-EMBED,1.0,1.0,9,4750,4750,505.55555555555554,20,9270,1,0,0,0.99,0,0,0,0,0,0,0,0,1,0,0.3333333333333333,0.0,,1,0
task_0124,family_22,B-STAGEHAND-CACHE,1.0,1.0,9,4550,4550,505.55555555555554,19,9120,1,0,0,0.99,0,0,0,0,0,0,0,0,1,0,0.3333333333333333,0.0,,1,0
task_0124,family_22,B-TERX-REPLAY,1.0,1.0,9,4550,4550,505.55555555555554,19,9120,1,0,0,0.99,0,0,0,0,0,0,0,0,1,0,0.3333333333333333,0.0,,1,0
task_0124,family_22,P-STAGEHAND-TTL,1.0,1.0,9,510,510,56.666666666666664,11,1150,1,0,1,0.8943572385993328,1,1,1,0,1,0,0,0,0,0,0.0,0.3333333333333333,6d966981c0b21aa5,0,0
task_0124,family_22,P-WEBMCP-TOOL,1.0,1.0,9,665,665,62.22222222222222,12,1200,1,0,0,0.99,1,1,1,0,0,0,0,1,1,1,0.0,0.0,3af93e1e6e6e2d7b,1,1
task_0124,family_22,P-SPIDER-MEA-BATCHED,1.0,1.0,9,830,830,57.77777777777778,13,1315,1,0,0,0.99,1,1,1,0,1,0,1,0,1,0,0.3333333333333333,0.3333333333333333,3af93e1e6e6e2d7b,1,1
task_0124,family_22,NC1-SHUFFLED,1.0,1.0,9,920,920,67.77777777777777,13,1380,1,0,0,0.99,1,1,1,0,1,0,0,1,1,0,0.6666666666666666,1.0,9b217b87b3b21d05,1,1
task_0124,family_22,NC2-RANDOM,1.0,1.0,9,2720,2720,267.77777777777777,17,4980,0,1,0,0.9422019755159641,1,1,1,0,0,0,0,1,0,0,0.0,0.0,2106c18e50c1c1c9,0,1
task_0124,family_22,NC3-LENGTH,1.0,1.0,9,4550,4550,500.0,19,9120,1,0,0,0.55,0,0,0,0,0,0,0,0,0,0,0.0,0.0,,1,0
task_0124,family_22,NC4-ABLATION,1.0,1.0,9,2170,2170,206.66666666666666,15,4005,1,0,0,0.99,0,0,0,0,0,0,1,0,1,0,0.3333333333333333,0.3333333333333333,3af93e1e6e6e2d7b,1,1
task_0125,family_22,B-COLD,0.25,0.3333,9,4550,4550,505.55555555555554,19,9120,1,0,0,0.99,0,0,0,0,0,0,0,0,0,0,0.7777777777777778,0.0,,1,0
task_0125,family_22,B-RAG-EMBED,0.25,0.3333,9,2050,2050,205.55555555555554,14,3990,1,0,0,0.99,0,0,0,0,0,0,0,0,1,0,0.7777777777777778,0.0,,1,1
task_0125,family_22,B-STAGEHAND-CACHE,0.25,0.3333,9,4550,4550,505.55555555555554,19,9120,1,0,0,0.99,0,0,0,0,0,0,0,0,1,0,0.7777777777777778,0.0,,1,0
task_0125,family_22,B-TERX-REPLAY,0.25,0.3333,9,4550,4550,505.55555555555554,19,9120,1,0,0,0.99,0,0,0,0,0,0,0,0,1,0,0.7777777777777778,0.0,,1,0
task_0125,family_22,P-STAGEHAND-TTL,0.25,0.3333,9,510,510,56.666666666666664,11,1150,1,0,0,0.9744,1,1,1,0,1,0,0,0,0,0,0.0,1.0,f73be7f680d3c5bf,1,1
task_0125,family_22,P-WEBMCP-TOOL,0.25,0.3333,9,615,615,56.666666666666664,12,1225,1,0,0,0.9858,0,0,0,0,0,0,1,0,1,1,0.0,0.0,66052e2194e0ac8e,1,1
task_0125,family_22,P-SPIDER-MEA-BATCHED,0.25,0.3333,9,830,830,57.77777777777778,13,1315,1,0,0,0.99,1,1,1,0,1,0,1,0,1,0,0.7777777777777778,1.0,66052e2194e0ac8e,1,1
task_0125,family_22,NC1-SHUFFLED,0.25,0.3333,9,830,830,57.77777777777778,13,1315,1,0,0,0.99,1,1,1,0,1,0,1,0,1,0,0.6666666666666666,1.0,ac7d8974d6dde162,1,1
task_0125,family_22,NC2-RANDOM,0.25,0.3333,9,2220,2220,212.22222222222223,15,3980,1,0,0,0.99,1,1,1,0,0,0,0,1,0,0,0.0,0.0,44e248c41149f149,1,1
task_0125,family_22,NC3-LENGTH,0.25,0.3333,9,4550,4550,500.0,19,9120,1,0,0,0.55,0,0,0,0,0,0,0,0,0,0,0.0,0.0,,1,0
task_0125,family_22,NC4-ABLATION,0.25,0.3333,9,830,830,57.77777777777778,13,1315,1,0,0,0.99,1,1,1,0,1,0,1,0,1,0,0.7777777777777778,1.0,66052e2194e0ac8e,1,1
task_0126,family_22,B-COLD,0.5,0.6667,9,4550,4550,505.55555555555554,19,9120,1,0,0,0.99,0,0,0,0,0,0,0,0,0,0,0.7777777777777778,0.0,,1,0
task_0126,family_22,B-RAG-EMBED,0.5,0.6667,9,3400,3400,355.55555555555554,17,6630,1,0,0,0.99,0,0,0,0,0,0,0,0,1,0,0.7777777777777778,0.0,,1,1
task_0126,family_22,B-STAGEHAND-CACHE,0.5,0.6667,9,4550,4550,505.55555555555554,19,9120,1,0,0,0.99,0,0,0,0,0,0,0,0,1,0,0.7777777777777778,0.0,,1,0
task_0126,family_22,B-TERX-REPLAY,0.5,0.6667,9,4550,4550,505.55555555555554,19,9120,1,0,0,0.99,0,0,0,0,0,0,0,0,1,0,0.7777777777777778,0.0,,1,0
task_0126,family_22,P-STAGEHAND-TTL,0.5,0.6667,9,550,550,61.111111111111114,11,1240,1,0,0,0.99,0,0,0,0,1,0,0,0,0,0,0.0,1.0,815e53acf481eac6,1,1
task_0126,family_22,P-WEBMCP-TOOL,0.5,0.6667,9,615,615,56.666666666666664,12,1225,1,0,0,0.99,0,0,0,0,0,0,1,0,1,1,0.0,0.0,e53711ea57872f79,1,1
task_0126,family_22,P-SPIDER-MEA-BATCHED,0.5,0.6667,9,870,870,62.22222222222222,13,1405,1,0,1,0.0234,0,1,0,1,1,0,1,0,1,0,0.7777777777777778,1.0,e53711ea57872f79,0,0
task_0126,family_22,NC1-SHUFFLED,0.5,0.6667,9,920,920,67.77777777777777,13,1380,1,0,1,0.8925487832259932,1,1,1,0,1,0,0,1,0,0,0.2222222222222222,0.3333333333333333,d9891a4535769d04,0,0
task_0126,family_22,NC2-RANDOM,0.5,0.6667,9,2260,2260,216.66666666666666,15,4070,1,0,0,0.99,0,0,0,0,0,0,0,1,0,0,0.0,0.0,326cd8900f9b9bbd,1,1
task_0126,family_22,NC3-LENGTH,0.5,0.6667,9,4550,4550,500.0,19,9120,1,0,0,0.55,0,0,0,0,0,0,0,0,0,0,0.0,0.0,,1,0
task_0126,family_22,NC4-ABLATION,0.5,0.6667,9,830,830,57.77777777777778,13,1315,1,0,0,0.99,1,1,1,0,1,0,1,0,1,0,0.7777777777777778,1.0,e53711ea57872f79,1,1
task_0127,family_23,B-COLD,0.0,0.0,10,5050,5050,505.0,21,10120,1,0,0,0.9808,0,0,0,0,0,0,0,0,0,0,1.0,0.0,,1,0
task_0127,family_23,B-RAG-EMBED,0.0,0.0,10,750,750,55.0,12,1470,1,0,0,0.9808,0,0,0,0,0,0,0,0,1,0,1.0,0.0,,1,1
task_0127,family_23,B-STAGEHAND-CACHE,0.0,0.0,10,550,550,55.0,11,1320,1,0,0,0.9808,0,0,0,0,0,0,0,0,1,0,1.0,0.0,,1,1
task_0127,family_23,B-TERX-REPLAY,0.0,0.0,10,550,550,55.0,11,1320,1,0,0,0.9808,0,0,0,0,0,0,0,0,1,0,1.0,0.0,,1,1
task_0127,family_23,P-STAGEHAND-TTL,0.0,0.0,10,600,600,60.0,12,1360,1,0,0,0.99,0,1,0,0,1,0,1,0,0,0,0.0,1.0,ebb8c85c76f41515,1,1
task_0127,family_23,P-WEBMCP-TOOL,0.0,0.0,10,715,715,61.0,13,1320,1,0,0,0.99,1,1,1,0,0,0,0,1,1,1,0.0,0.0,d2aa8326df2cc636,1,1
task_0127,family_23,P-SPIDER-MEA-BATCHED,0.0,0.0,10,880,880,57.0,14,1435,1,0,0,0.99,1,1,1,0,1,0,1,0,1,0,1.0,1.0,d2aa8326df2cc636,1,1
task_0127,family_23,NC1-SHUFFLED,0.0,0.0,10,830,830,52.0,13,1395,1,0,0,0.99,1,1,1,0,0,0,1,0,0,0,0.0,0.0,9062ee833f9e9385,1,1
task_0127,family_23,NC2-RANDOM,0.0,0.0,10,960,960,65.0,13,1550,1,0,1,0.8562190525836333,0,0,0,0,0,0,0,1,0,0,0.0,0.0,2ac2a83c0e96b831,0,0
task_0127,family_23,NC3-LENGTH,0.0,0.0,10,5050,5050,500.0,21,10120,1,0,0,0.55,0,0,0,0,0,0,0,0,0,0,0.0,0.0,,1,0
task_0127,family_23,NC4-ABLATION,0.0,0.0,10,880,880,57.0,14,1435,1,0,0,0.9821,1,1,1,0,1,0,1,0,1,0,1.0,1.0,d2aa8326df2cc636,1,1
task_0128,family_23,B-COLD,1.0,1.0,10,5050,5050,505.0,21,10120,1,0,0,0.99,0,0,0,0,0,0,0,0,0,0,0.0,0.0,,1,0
task_0128,family_23,B-RAG-EMBED,1.0,1.0,10,5250,5250,505.0,22,10270,1,0,0,0.99,0,0,0,0,0,0,0,0,0,0,0.0,0.0,,1,0
task_0128,family_23,B-STAGEHAND-CACHE,1.0,1.0,10,5050,5050,505.0,21,10120,1,0,0,0.99,0,0,0,0,0,0,0,0,0,0,0.0,0.0,,1,0
task_0128,family_23,B-TERX-REPLAY,1.0,1.0,10,5050,5050,505.0,21,10120,1,0,0,0.99,0,0,0,0,0,0,0,0,0,0,0.0,0.0,,1,0
task_0128,family_23,P-STAGEHAND-TTL,1.0,1.0,10,5050,5050,505.0,21,10120,1,0,1,0.8829499997772878,0,0,0,0,0,0,0,0,0,0,0.0,0.0,953c92150de8168e,0,0
task_0128,family_23,P-WEBMCP-TOOL,1.0,1.0,10,1115,1115,101.0,14,2225,1,0,0,0.99,0,0,0,0,0,0,1,0,1,1,0.0,0.0,9de0b586ea5b9991,1,1
task_0128,family_23,P-SPIDER-MEA-BATCHED,1.0,1.0,10,1320,1320,101.0,14,2365,1,0,0,0.99,0,0,0,0,0,0,1,0,0,0,0.0,0.0,9de0b586ea5b9991,1,1
task_0128,family_23,NC1-SHUFFLED,1.0,1.0,10,1320,1320,101.0,14,2365,1,0,1,0.8969911223365672,0,0,0,1,0,0,1,0,0,0,0.0,0.0,fcfc44f909d51280,0,0
task_0128,family_23,NC2-RANDOM,1.0,1.0,10,1410,1410,110.0,14,2430,1,0,1,0.8254573866249213,0,0,0,1,0,0,0,1,0,0,0.0,0.0,08cd419c989bfe71,0,0
task_0128,family_23,NC3-LENGTH,1.0,1.0,10,5050,5050,500.0,21,10120,1,0,0,0.55,0,0,0,0,0,0,0,0,0,0,0.0,0.0,,1,0
task_0128,family_23,NC4-ABLATION,1.0,1.0,10,1280,1280,97.0,14,2275,1,0,0,0.99,1,1,1,0,0,0,1,0,0,0,0.0,0.0,9de0b586ea5b9991,1,1
task_0129,family_23,B-COLD,0.25,0.0,10,5050,5050,505.0,21,10120,1,0,0,0.9807,0,0,0,0,0,0,0,0,0,0,1.0,0.0,,1,0
task_0129,family_23,B-RAG-EMBED,0.25,0.0,10,750,750,55.0,12,1470,1,0,0,0.9807,0,0,0,0,0,0,0,0,1,0,1.0,0.0,,1,1
task_0129,family_23,B-STAGEHAND-CACHE,0.25,0.0,10,5050,5050,505.0,21,10120,1,0,0,0.9807,0,0,0,0,0,0,0,0,1,0,1.0,0.0,,1,0
task_0129,family_23,B-TERX-REPLAY,0.25,0.0,10,5050,5050,505.0,21,10120,1,0,0,0.9807,0,0,0,0,0,0,0,0,1,0,1.0,0.0,,1,0
task_0129,family_23,P-STAGEHAND-TTL,0.25,0.0,10,560,560,56.0,12,1270,1,0,0,0.9692,1,1,1,0,1,0,0,0,0,0,0.0,1.0,d4d0ccf47d6f996d,1,1
task_0129,family_23,P-WEBMCP-TOOL,0.25,0.0,10,625,625,52.0,13,1255,1,0,0,0.99,1,1,1,0,0,0,1,0,1,1,0.0,0.0,485daeb7c6a2f3ea,1,1
task_0129,family_23,P-SPIDER-MEA-BATCHED,0.25,0.0,10,1010,1010,70.0,14,1590,1,0,0,0.9856,0,1,0,0,1,0,0,1,1,0,1.0,1.0,485daeb7c6a2f3ea,1,1
task_0129,family_23,NC1-SHUFFLED,0.25,0.0,10,870,870,56.0,13,1485,1,0,1,0.8970316602016886,0,0,0,0,0,0,1,0,0,0,0.0,0.0,97e28205c2729667,0,0
task_0129,family_23,NC2-RANDOM,0.25,0.0,10,920,920,61.0,13,1460,1,0,1,0.9082062697328153,1,1,1,0,0,0,0,1,0,0,0.0,0.0,240c8520c754e100,0,0
task_0129,family_23,NC3-LENGTH,0.25,0.0,10,5050,5050,500.0,21,10120,1,0,0,0.55,0,0,0,0,0,0,0,0,0,0,0.0,0.0,,1,0
task_0129,family_23,NC4-ABLATION,0.25,0.0,10,880,880,57.0,14,1435,1,0,0,0.99,1,1,1,0,1,0,1,0,1,0,1.0,1.0,485daeb7c6a2f3ea,1,1
task_0130,family_23,B-COLD,0.5,1.0,10,5050,5050,505.0,21,10120,1,0,0,0.99,0,0,0,0,0,0,0,0,0,0,0.0,0.0,,1,0
task_0130,family_23,B-RAG-EMBED,0.5,1.0,10,5250,5250,505.0,22,10270,1,0,0,0.99,0,0,0,0,0,0,0,0,0,0,0.0,0.0,,1,0
task_0130,family_23,B-STAGEHAND-CACHE,0.5,1.0,10,5050,5050,505.0,21,10120,1,0,0,0.99,0,0,0,0,0,0,0,0,0,0,0.0,0.0,,1,0
task_0130,family_23,B-TERX-REPLAY,0.5,1.0,10,5050,5050,505.0,21,10120,1,0,0,0.99,0,0,0,0,0,0,0,0,0,0,0.0,0.0,,1,0
task_0130,family_23,P-STAGEHAND-TTL,0.5,1.0,10,5010,5010,501.0,21,10030,1,0,0,0.99,1,1,1,0,0,0,0,0,0,0,0.0,0.0,098945de0cdcf3df,1,0
task_0130,family_23,P-WEBMCP-TOOL,0.5,1.0,10,1075,1075,97.0,14,2135,1,0,0,0.99,1,1,1,0,0,0,1,0,1,1,0.0,0.0,f85104072099c746,1,1
task_0130,family_23,P-SPIDER-MEA-BATCHED,0.5,1.0,10,1280,1280,97.0,14,2275,1,0,0,0.99,1,1,1,0,0,0,1,0,0,0,0.0,0.0,f85104072099c746,1,1
task_0130,family_23,NC1-SHUFFLED,0.5,1.0,10,1410,1410,110.0,14,2430,1,0,0,0.99,0,1,0,0,0,0,0,1,0,0,0.0,0.0,f6c2a191a1a93f7d,1,1
task_0130,family_23,NC2-RANDOM,0.5,1.0,10,1410,1410,110.0,14,2430,1,0,1,0.8572522204211434,0,0,0,1,0,0,0,1,0,0,0.0,0.0,36a06395acd90a95,0,0
task_0130,family_23,NC3-LENGTH,0.5,1.0,10,5050,5050,500.0,21,10120,1,0,0,0.55,0,0,0,0,0,0,0,0,0,0,0.0,0.0,,1,0
task_0130,family_23,NC4-ABLATION,0.5,1.0,10,1280,1280,97.0,14,2275,1,0,1,0.0355,1,1,1,1,0,0,1,0,0,0,0.0,0.0,f85104072099c746,0,0
task_0131,family_23,B-COLD,0.75,1.0,10,5050,5050,505.0,21,10120,1,0,0,0.9536,0,0,0,0,0,0,0,0,0,0,0.0,0.0,,1,0
task_0131,family_23,B-RAG-EMBED,0.75,1.0,10,5250,5250,505.0,22,10270,1,0,0,0.9536,0,0,0,0,0,0,0,0,0,0,0.0,0.0,,1,0
task_0131,family_23,B-STAGEHAND-CACHE,0.75,1.0,10,5050,5050,505.0,21,10120,1,0,0,0.9536,0,0,0,0,0,0,0,0,0,0,0.0,0.0,,1,0
task_0131,family_23,B-TERX-REPLAY,0.75,1.0,10,5050,5050,505.0,21,10120,1,0,0,0.9536,0,0,0,0,0,0,0,0,0,0,0.0,0.0,,1,0
task_0131,family_23,P-STAGEHAND-TTL,0.75,1.0,10,5010,5010,501.0,21,10030,1,0,0,0.99,1,1,1,0,0,0,0,0,0,0,0.0,0.0,fb63fdbf24969b44,1,0
task_0131,family_23,P-WEBMCP-TOOL,0.75,1.0,10,1115,1115,101.0,14,2225,1,0,1,0.0426,0,0,0,1,0,0,1,0,1,1,0.0,0.0,fe7b76acfe48cc3e,0,0
task_0131,family_23,P-SPIDER-MEA-BATCHED,0.75,1.0,10,1320,1320,101.0,14,2365,1,0,1,0.0301,0,0,0,1,0,0,1,0,0,0,0.0,0.0,fe7b76acfe48cc3e,0,0
task_0131,family_23,NC1-SHUFFLED,0.75,1.0,10,1320,1320,101.0,14,2365,1,0,1,0.9597636819460389,0,0,0,0,0,0,1,0,0,0,0.0,0.0,5bb7a4a9dcef18f9,0,0
task_0131,family_23,NC2-RANDOM,0.75,1.0,10,1410,1410,110.0,14,2430,1,0,1,0.7932884364716012,0,0,0,0,0,0,0,1,0,0,0.0,0.0,7f8b71d2f6076408,0,0
task_0131,family_23,NC3-LENGTH,0.75,1.0,10,5050,5050,500.0,21,10120,1,0,0,0.55,0,0,0,0,0,0,0,0,0,0,0.0,0.0,,1,0
task_0131,family_23,NC4-ABLATION,0.75,1.0,10,1280,1280,97.0,14,2275,1,0,0,0.99,1,1,1,0,0,0,1,0,0,0,0.0,0.0,fe7b76acfe48cc3e,1,1
task_0132,family_24,B-COLD,0.0,0.0,11,5550,5550,504.54545454545456,23,11120,1,0,0,0.9633,0,0,0,0,0,0,0,0,0,0,1.0,0.0,,1,0
task_0132,family_24,B-RAG-EMBED,0.0,0.0,11,800,800,54.54545454545455,13,1590,1,0,0,0.9633,0,0,0,0,0,0,0,0,1,0,1.0,0.0,,1,1
task_0132,family_24,B-STAGEHAND-CACHE,0.0,0.0,11,600,600,54.54545454545455,12,1440,1,0,0,0.9633,0,0,0,0,0,0,0,0,1,0,1.0,0.0,,1,1
task_0132,family_24,B-TERX-REPLAY,0.0,0.0,11,600,600,54.54545454545455,12,1440,1,0,0,0.9633,0,0,0,0,0,0,0,0,1,0,1.0,0.0,,1,1
task_0132,family_24,P-STAGEHAND-TTL,0.0,0.0,11,610,610,55.45454545454545,13,1390,1,0,0,0.9631,1,1,1,0,1,0,1,0,0,0,0.0,1.0,aa20d10593017950,1,1
task_0132,family_24,P-WEBMCP-TOOL,0.0,0.0,11,675,675,51.81818181818182,14,1375,1,0,0,0.9682,1,1,1,0,0,0,1,0,1,1,0.0,0.0,ee0bad0a6b72d9c7,1,1
task_0132,family_24,P-SPIDER-MEA-BATCHED,0.0,0.0,11,1020,1020,64.54545454545455,15,1620,1,0,0,0.99,1,1,1,0,1,0,0,1,1,0,1.0,1.0,ee0bad0a6b72d9c7,1,1
task_0132,family_24,NC1-SHUFFLED,0.0,0.0,11,970,970,60.0,15,1645,1,0,1,0.9259064457134609,0,0,0,0,1,0,1,0,0,0,0.16666666666666666,0.3333333333333333,5e0d6a40ac0b688c,0,0
task_0132,family_24,NC2-RANDOM,0.0,0.0,11,970,970,60.0,14,1580,1,0,1,0.8963938413350389,1,1,1,0,0,0,0,1,0,0,0.0,0.0,14d65655898a6f6e,0,0
task_0132,family_24,NC3-LENGTH,0.0,0.0,11,5550,5550,500.0,23,11120,1,0,0,0.55,0,0,0,0,0,0,0,0,0,0,0.0,0.0,,1,0
task_0132,family_24,NC4-ABLATION,0.0,0.0,11,970,970,60.0,15,1645,1,0,0,0.99,0,1,0,0,1,0,1,0,1,0,1.0,1.0,ee0bad0a6b72d9c7,1,1
task_0133,family_24,B-COLD,0.25,0.5,11,5550,5550,504.54545454545456,23,11120,1,0,0,0.9593,0,0,0,0,0,0,0,0,0,0,0.6666666666666666,0.0,,1,0
task_0133,family_24,B-RAG-EMBED,0.25,0.5,11,3500,3500,300.0,19,6870,1,0,0,0.9593,0,0,0,0,0,0,0,0,1,0,0.6666666666666666,0.0,,1,1
task_0133,family_24,B-STAGEHAND-CACHE,0.25,0.5,11,5550,5550,504.54545454545456,23,11120,1,0,0,0.9593,0,0,0,0,0,0,0,0,1,0,0.6666666666666666,0.0,,1,0
task_0133,family_24,B-TERX-REPLAY,0.25,0.5,11,5550,5550,504.54545454545456,23,11120,1,0,0,0.9593,0,0,0,0,0,0,0,0,1,0,0.6666666666666666,0.0,,1,0
task_0133,family_24,P-STAGEHAND-TTL,0.25,0.5,11,610,610,55.45454545454545,13,1390,1,0,0,0.9551,1,1,1,0,1,0,0,0,0,0,0.0,1.0,848dabe6dafe4e26,1,1
task_0133,family_24,P-WEBMCP-TOOL,0.25,0.5,11,715,715,55.45454545454545,14,1465,1,0,0,0.99,0,0,0,0,0,0,1,0,1,1,0.0,0.0,0adb508d10df085a,1,1
task_0133,family_24,P-SPIDER-MEA-BATCHED,0.25,0.5,11,930,930,56.36363636363637,15,1555,1,0,1,0.01,1,1,1,1,1,0,1,0,1,0,0.6666666666666666,1.0,0adb508d10df085a,0,0
task_0133,family_24,NC1-SHUFFLED,0.25,0.5,11,1020,1020,64.54545454545455,15,1620,1,0,0,0.99,1,1,1,0,1,0,0,1,0,0,0.16666666666666666,0.3333333333333333,73d8aaaab4050d9c,1,1
task_0133,family_24,NC2-RANDOM,0.25,0.5,11,1870,1870,141.8181818181818,16,3340,1,0,1,0.7872904905114327,1,1,1,0,0,0,0,1,0,0,0.0,0.0,b94d1e3559bfdb41,0,0
task_0133,family_24,NC3-LENGTH,0.25,0.5,11,5550,5550,500.0,23,11120,1,0,0,0.55,0,0,0,0,0,0,0,0,0,0,0.0,0.0,,1,0
task_0133,family_24,NC4-ABLATION,0.25,0.5,11,930,930,56.36363636363637,15,1555,1,0,0,0.9667,1,1,1,0,1,0,1,0,1,0,0.6666666666666666,1.0,0adb508d10df085a,1,1
task_0134,family_24,B-COLD,0.5,0.5,11,5550,5550,504.54545454545456,23,11120,1,0,0,0.9561,0,0,0,0,0,0,0,0,0,0,0.6666666666666666,0.0,,1,0
task_0134,family_24,B-RAG-EMBED,0.5,0.5,11,3500,3500,300.0,19,6870,1,0,0,0.9561,0,0,0,0,0,0,0,0,1,0,0.6666666666666666,0.0,,1,1
task_0134,family_24,B-STAGEHAND-CACHE,0.5,0.5,11,5550,5550,504.54545454545456,23,11120,1,0,0,0.9561,0,0,0,0,0,0,0,0,1,0,0.6666666666666666,0.0,,1,0
task_0134,family_24,B-TERX-REPLAY,0.5,0.5,11,5550,5550,504.54545454545456,23,11120,1,0,0,0.9561,0,0,0,0,0,0,0,0,1,0,0.6666666666666666,0.0,,1,0
task_0134,family_24,P-STAGEHAND-TTL,0.5,0.5,11,650,650,59.09090909090909,13,1480,1,0,1,0.8264122423635765,0,1,0,0,1,0,0,0,0,0,0.0,1.0,4fc832f67c515600,0,0
task_0134,family_24,P-WEBMCP-TOOL,0.5,0.5,11,715,715,55.45454545454545,14,1465,1,0,1,0.01,0,0,0,1,0,0,1,0,1,1,0.0,0.0,1b8c4ef692a43736,0,0
task_0134,family_24,P-SPIDER-MEA-BATCHED,0.5,0.5,11,970,970,60.0,15,1645,1,0,0,0.99,0,1,0,0,1,0,1,0,1,0,0.6666666666666666,1.0,1b8c4ef692a43736,1,1
task_0134,family_24,NC1-SHUFFLED,0.5,0.5,11,2280,2280,179.0909090909091,18,4275,0,1,0,0.9394899526694073,1,1,1,0,0,0,1,0,0,0,0.0,0.0,274159be6c79b61b,0,1
task_0134,family_24,NC2-RANDOM,0.5,0.5,11,1870,1870,141.8181818181818,16,3340,1,0,1,0.8350572299695643,1,1,1,1,0,0,0,1,0,0,0.0,0.0,b821374b3c9e1705,0,0
task_0134,family_24,NC3-LENGTH,0.5,0.5,11,5550,5550,500.0,23,11120,1,0,0,0.55,0,0,0,0,0,0,0,0,0,0,0.0,0.0,,1,0
task_0134,family_24,NC4-ABLATION,0.5,0.5,11,970,970,60.0,15,1645,1,0,0,0.99,0,0,0,0,1,0,1,0,1,0,0.6666666666666666,1.0,1b8c4ef692a43736,1,1
task_0135,family_24,B-COLD,0.75,1.0,11,5550,5550,504.54545454545456,23,11120,1,0,0,0.99,0,0,0,0,0,0,0,0,0,0,0.3333333333333333,0.0,,1,0
task_0135,family_24,B-RAG-EMBED,0.75,1.0,11,5750,5750,504.54545454545456,24,11270,1,0,0,0.99,0,0,0,0,0,0,0,0,1,0,0.3333333333333333,0.0,,1,0
task_0135,family_24,B-STAGEHAND-CACHE,0.75,1.0,11,5550,5550,504.54545454545456,23,11120,1,0,0,0.99,0,0,0,0,0,0,0,0,1,0,0.3333333333333333,0.0,,1,0
task_0135,family_24,B-TERX-REPLAY,0.75,1.0,11,5550,5550,504.54545454545456,23,11120,1,0,0,0.99,0,0,0,0,0,0,0,0,1,0,0.3333333333333333,0.0,,1,0
task_0135,family_24,P-STAGEHAND-TTL,0.75,1.0,11,610,610,55.45454545454545,13,1390,1,0,0,0.99,1,1,1,0,1,0,0,0,0,0,0.0,0.3333333333333333,eb3a48c1151fa56f,1,1
task_0135,family_24,P-WEBMCP-TOOL,0.75,1.0,11,675,675,51.81818181818182,14,1375,1,0,0,0.99,1,1,1,0,0,0,1,0,1,1,0.0,0.0,d8d07e96248dfd41,1,1
task_0135,family_24,P-SPIDER-MEA-BATCHED,0.75,1.0,11,930,930,56.36363636363637,15,1555,1,0,1,0.01,1,1,1,1,1,0,1,0,1,0,0.3333333333333333,0.3333333333333333,d8d07e96248dfd41,0,0
task_0135,family_24,NC1-SHUFFLED,0.75,1.0,11,1820,1820,137.27272727272728,16,3365,1,0,1,0.8480473620430797,0,1,0,0,0,0,1,0,0,0,0.0,0.0,2fbf58f852fb975c,0,0
task_0135,family_24,NC2-RANDOM,0.75,1.0,11,1870,1870,141.8181818181818,16,3340,1,0,1,0.8158970724694823,1,1,1,0,0,0,0,1,0,0,0.0,0.0,655f22f5a7836298,0,0
task_0135,family_24,NC3-LENGTH,0.75,1.0,11,5550,5550,500.0,23,11120,1,0,0,0.55,0,0,0,0,0,0,0,0,0,0,0.0,0.0,,1,0
task_0135,family_24,NC4-ABLATION,0.75,1.0,11,1780,1780,133.63636363636363,16,3275,1,0,0,0.9505,1,1,1,0,0,0,1,0,1,0,0.3333333333333333,0.3333333333333333,d8d07e96248dfd41,1,1
task_0136,family_24,B-COLD,1.0,1.0,11,5550,5550,504.54545454545456,23,11120,1,0,0,0.9754,0,0,0,0,0,0,0,0,0,0,0.6666666666666666,0.0,,1,0
task_0136,family_24,B-RAG-EMBED,1.0,1.0,11,5750,5750,504.54545454545456,24,11270,1,0,0,0.9754,0,0,0,0,0,0,0,0,1,0,0.6666666666666666,0.0,,1,0
task_0136,family_24,B-STAGEHAND-CACHE,1.0,1.0,11,5550,5550,504.54545454545456,23,11120,1,0,0,0.9754,0,0,0,0,0,0,0,0,1,0,0.6666666666666666,0.0,,1,0
task_0136,family_24,B-TERX-REPLAY,1.0,1.0,11,5550,5550,504.54545454545456,23,11120,1,0,0,0.9754,0,0,0,0,0,0,0,0,1,0,0.6666666666666666,0.0,,1,0
task_0136,family_24,P-STAGEHAND-TTL,1.0,1.0,11,610,610,55.45454545454545,13,1390,1,0,1,0.8733187148491383,1,1,1,0,1,0,0,0,0,0,0.0,1.0,0dc36e8e2299364d,0,0
task_0136,family_24,P-WEBMCP-TOOL,1.0,1.0,11,715,715,55.45454545454545,14,1465,1,0,0,0.99,0,0,0,0,0,0,1,0,1,1,0.0,0.0,baa6069e3c12d8aa,1,1
task_0136,family_24,P-SPIDER-MEA-BATCHED,1.0,1.0,11,930,930,56.36363636363637,15,1555,1,0,0,0.99,1,1,1,0,1,0,1,0,1,0,0.6666666666666666,1.0,baa6069e3c12d8aa,1,1
task_0136,family_24,NC1-SHUFFLED,1.0,1.0,11,930,930,56.36363636363637,15,1555,1,0,1,0.9324196122592285,1,1,1,1,1,0,1,0,0,0,0.16666666666666666,0.3333333333333333,af79ade636fe57ef,0,0
task_0136,family_24,NC2-RANDOM,1.0,1.0,11,1910,1910,145.45454545454547,16,3430,1,0,1,0.9365622880028566,0,0,0,1,0,0,0,1,0,0,0.0,0.0,78f5aec258383b04,0,0
task_0136,family_24,NC3-LENGTH,1.0,1.0,11,5550,5550,500.0,23,11120,1,0,0,0.55,0,0,0,0,0,0,0,0,0,0,0.0,0.0,,1,0
task_0136,family_24,NC4-ABLATION,1.0,1.0,11,970,970,60.0,15,1645,1,0,0,0.99,0,0,0,0,1,0,1,0,1,0,0.6666666666666666,1.0,baa6069e3c12d8aa,1,1
task_0137,family_25,B-COLD,0.0,0.0,12,6050,6050,504.1666666666667,25,12120,1,0,0,0.99,0,0,0,0,0,0,0,0,0,0,1.0,0.0,,1,0
task_0137,family_25,B-RAG-EMBED,0.0,0.0,12,850,850,54.166666666666664,14,1710,1,0,0,0.99,0,0,0,0,0,0,0,0,1,0,1.0,0.0,,1,1
task_0137,family_25,B-STAGEHAND-CACHE,0.0,0.0,12,650,650,54.166666666666664,13,1560,1,0,0,0.99,0,0,0,0,0,0,0,0,1,0,1.0,0.0,,1,1
task_0137,family_25,B-TERX-REPLAY,0.0,0.0,12,650,650,54.166666666666664,13,1560,1,0,0,0.99,0,0,0,0,0,0,0,0,1,0,1.0,0.0,,1,1
task_0137,family_25,P-STAGEHAND-TTL,0.0,0.0,12,660,660,55.0,14,1510,1,0,0,0.99,1,1,1,0,1,0,1,0,0,0,0.0,1.0,e1a79069e20cb8b5,1,1
task_0137,family_25,P-WEBMCP-TOOL,0.0,0.0,12,725,725,51.666666666666664,15,1495,1,0,0,0.9782,1,1,1,0,0,0,1,0,1,1,0.0,0.0,4e5377aaa0f7a965,1,1
task_0137,family_25,P-SPIDER-MEA-BATCHED,0.0,0.0,12,1020,1020,59.166666666666664,16,1765,1,0,0,0.9597,0,0,0,0,1,0,1,0,1,0,1.0,1.0,4e5377aaa0f7a965,1,1
task_0137,family_25,NC1-SHUFFLED,0.0,0.0,12,1060,1060,62.5,15,1790,1,0,1,0.8346494168290226,0,1,0,0,0,0,0,1,0,0,0.0,0.0,21566becb14ae853,0,0
task_0137,family_25,NC2-RANDOM,0.0,0.0,12,1020,1020,59.166666666666664,15,1700,1,0,1,0.7813548923414354,1,1,1,0,0,0,0,1,0,0,0.0,0.0,94bdb6d6349a838e,0,0
task_0137,family_25,NC3-LENGTH,0.0,0.0,12,6050,6050,500.0,25,12120,1,0,0,0.55,0,0,0,0,0,0,0,0,0,0,0.0,0.0,,1,0
task_0137,family_25,NC4-ABLATION,0.0,0.0,12,980,980,55.833333333333336,16,1675,1,0,0,0.99,1,1,1,0,1,0,1,0,1,0,1.0,1.0,4e5377aaa0f7a965,1,1
task_0138,family_25,B-COLD,0.5,0.5,12,6050,6050,504.1666666666667,25,12120,1,0,0,0.9578,0,0,0,0,0,0,0,0,0,0,0.8333333333333333,0.0,,1,0
task_0138,family_25,B-RAG-EMBED,0.5,0.5,12,3550,3550,279.1666666666667,20,6990,1,0,0,0.9578,0,0,0,0,0,0,0,0,1,0,0.8333333333333333,0.0,,1,1
task_0138,family_25,B-STAGEHAND-CACHE,0.5,0.5,12,6050,6050,504.1666666666667,25,12120,1,0,0,0.9578,0,0,0,0,0,0,0,0,1,0,0.8333333333333333,0.0,,1,0
task_0138,family_25,B-TERX-REPLAY,0.5,0.5,12,6050,6050,504.1666666666667,25,12120,1,0,0,0.9578,0,0,0,0,0,0,0,0,1,0,0.8333333333333333,0.0,,1,0
task_0138,family_25,P-STAGEHAND-TTL,0.5,0.5,12,660,660,55.0,14,1510,1,0,0,0.99,1,1,1,0,1,0,0,0,0,0,0.0,1.0,265cc2096196bec2,1,1
task_0138,family_25,P-WEBMCP-TOOL,0.5,0.5,12,815,815,59.166666666666664,15,1560,1,0,0,0.965,1,1,1,0,0,0,0,1,1,1,0.0,0.0,58ca16ae23374150,1,1
task_0138,family_25,P-SPIDER-MEA-BATCHED,0.5,0.5,12,1020,1020,59.166666666666664,16,1765,1,0,0,0.9626,0,0,0,0,1,0,1,0,1,0,0.8333333333333333,1.0,58ca16ae23374150,1,1
task_0138,family_25,NC1-SHUFFLED,0.5,0.5,12,2330,2330,168.33333333333334,19,4395,0,1,0,0.8063640187957345,1,1,1,0,0,0,1,0,0,0,0.0,0.0,5c5c620c608d8788,0,1
task_0138,family_25,NC2-RANDOM,0.5,0.5,12,1960,1960,137.5,17,3550,1,0,1,0.8302357381917911,0,1,0,0,0,0,0,1,0,0,0.0,0.0,8861317bfbc64d28,0,0
task_0138,family_25,NC3-LENGTH,0.5,0.5,12,6050,6050,500.0,25,12120,1,0,0,0.55,0,0,0,0,0,0,0,0,0,0,0.0,0.0,,1,0
task_0138,family_25,NC4-ABLATION,0.5,0.5,12,1020,1020,59.166666666666664,16,1765,1,0,1,0.01,0,0,0,1,1,0,1,0,1,0,0.8333333333333333,1.0,58ca16ae23374150,0,0
task_0139,family_25,B-COLD,0.75,1.0,12,6050,6050,504.1666666666667,25,12120,1,0,0,0.9776,0,0,0,0,0,0,0,0,0,0,0.6666666666666666,0.0,,1,0
task_0139,family_25,B-RAG-EMBED,0.75,1.0,12,6250,6250,504.1666666666667,26,12270,1,0,0,0.9776,0,0,0,0,0,0,0,0,1,0,0.6666666666666666,0.0,,1,0
task_0139,family_25,B-STAGEHAND-CACHE,0.75,1.0,12,6050,6050,504.1666666666667,25,12120,1,0,0,0.9776,0,0,0,0,0,0,0,0,1,0,0.6666666666666666,0.0,,1,0
task_0139,family_25,B-TERX-REPLAY,0.75,1.0,12,6050,6050,504.1666666666667,25,12120,1,0,0,0.9776,0,0,0,0,0,0,0,0,1,0,0.6666666666666666,0.0,,1,0
task_0139,family_25,P-STAGEHAND-TTL,0.75,1.0,12,1160,1160,96.66666666666667,16,2510,0,1,0,0.949587607206107,1,1,1,0,1,0,0,0,0,0,0.0,0.6666666666666666,5d9eac8dc4fd1c36,0,1
task_0139,family_25,P-WEBMCP-TOOL,0.75,1.0,12,765,765,55.0,15,1585,1,0,0,0.9776,0,0,0,0,0,0,1,0,1,1,0.0,0.0,2b1370e762127f9e,1,1
task_0139,family_25,P-SPIDER-MEA-BATCHED,0.75,1.0,12,1020,1020,59.166666666666664,16,1765,1,0,0,0.9796,0,1,0,0,1,0,1,0,1,0,0.6666666666666666,0.6666666666666666,2b1370e762127f9e,1,1
task_0139,family_25,NC1-SHUFFLED,0.75,1.0,12,980,980,55.833333333333336,16,1675,1,0,1,0.8364328127652835,1,1,1,1,1,0,1,0,0,0,0.29166666666666663,0.3333333333333333,decaeea9ac552a50,0,0
task_0139,family_25,NC2-RANDOM,0.75,1.0,12,1960,1960,137.5,17,3550,1,0,1,0.9568534480782467,0,0,0,0,0,0,0,1,0,0,0.0,0.0,a43494f269463d87,0,0
task_0139,family_25,NC3-LENGTH,0.75,1.0,12,6050,6050,500.0,25,12120,1,0,0,0.55,0,0,0,0,0,0,0,0,0,0,0.0,0.0,,1,0
task_0139,family_25,NC4-ABLATION,0.75,1.0,12,1920,1920,134.16666666666666,17,3460,1,0,1,0.01,1,1,1,1,0,0,0,1,1,0,0.6666666666666666,0.6666666666666666,2b1370e762127f9e,0,0
task_0140,family_25,B-COLD,1.0,1.0,12,6050,6050,504.1666666666667,25,12120,1,0,0,0.99,0,0,0,0,0,0,0,0,0,0,0.6666666666666666,0.0,,1,0
task_0140,family_25,B-RAG-EMBED,1.0,1.0,12,6250,6250,504.1666666666667,26,12270,1,0,0,0.99,0,0,0,0,0,0,0,0,1,0,0.6666666666666666,0.0,,1,0
task_0140,family_25,B-STAGEHAND-CACHE,1.0,1.0,12,6050,6050,504.1666666666667,25,12120,1,0,0,0.99,0,0,0,0,0,0,0,0,1,0,0.6666666666666666,0.0,,1,0
task_0140,family_25,B-TERX-REPLAY,1.0,1.0,12,6050,6050,504.1666666666667,25,12120,1,0,0,0.99,0,0,0,0,0,0,0,0,1,0,0.6666666666666666,0.0,,1,0
task_0140,family_25,P-STAGEHAND-TTL,1.0,1.0,12,700,700,58.333333333333336,14,1600,1,0,0,0.9564,0,0,0,0,1,0,0,0,0,0,0.0,0.6666666666666666,671f54d6f27db5e3,1,1
task_0140,family_25,P-WEBMCP-TOOL,1.0,1.0,12,765,765,55.0,15,1585,1,0,0,0.99,0,0,0,0,0,0,1,0,1,1,0.0,0.0,1581f978fbd45f2a,1,1
task_0140,family_25,P-SPIDER-MEA-BATCHED,1.0,1.0,12,1020,1020,59.166666666666664,16,1765,1,0,0,0.99,0,0,0,0,1,0,1,0,1,0,0.6666666666666666,0.6666666666666666,1581f978fbd45f2a,1,1
task_0140,family_25,NC1-SHUFFLED,1.0,1.0,12,2330,2330,168.33333333333334,19,4395,0,1,0,0.8955316823893791,1,1,1,0,0,0,1,0,0,0,0.0,0.0,02d850e2efc885d1,0,1
task_0140,family_25,NC2-RANDOM,1.0,1.0,12,1920,1920,134.16666666666666,17,3460,1,0,1,0.9259115402530179,1,1,1,0,0,0,0,1,0,0,0.0,0.0,b9dfebc1dd53d313,0,0
task_0140,family_25,NC3-LENGTH,1.0,1.0,12,6050,6050,500.0,25,12120,1,0,0,0.55,0,0,0,0,0,0,0,0,0,0,0.0,0.0,,1,0
task_0140,family_25,NC4-ABLATION,1.0,1.0,12,1870,1870,130.0,17,3485,1,0,0,0.99,0,1,0,0,0,0,1,0,1,0,0.6666666666666666,0.6666666666666666,1581f978fbd45f2a,1,1
task_0141,family_25,B-COLD,0.25,0.5,12,6050,6050,504.1666666666667,25,12120,1,0,0,0.9516,0,0,0,0,0,0,0,0,0,0,0.625,0.0,,1,0
task_0141,family_25,B-RAG-EMBED,0.25,0.5,12,3550,3550,279.1666666666667,20,6990,1,0,0,0.9516,0,0,0,0,0,0,0,0,1,0,0.625,0.0,,1,1
task_0141,family_25,B-STAGEHAND-CACHE,0.25,0.5,12,6050,6050,504.1666666666667,25,12120,1,0,0,0.9516,0,0,0,0,0,0,0,0,1,0,0.625,0.0,,1,0
task_0141,family_25,B-TERX-REPLAY,0.25,0.5,12,6050,6050,504.1666666666667,25,12120,1,0,0,0.9516,0,0,0,0,0,0,0,0,1,0,0.625,0.0,,1,0
task_0141,family_25,P-STAGEHAND-TTL,0.25,0.5,12,660,660,55.0,14,1510,1,0,0,0.99,1,1,1,0,1,0,0,0,0,0,0.0,1.0,5e16045f0b172cd7,1,1
task_0141,family_25,P-WEBMCP-TOOL,0.25,0.5,12,1215,1215,92.5,16,2465,1,0,1,0.01,0,1,0,1,0,0,1,0,1,1,0.0,0.0,b8f296528bc930aa,0,0
task_0141,family_25,P-SPIDER-MEA-BATCHED,0.25,0.5,12,980,980,55.833333333333336,16,1675,1,0,1,0.0392,1,1,1,1,1,0,1,0,1,0,0.625,1.0,b8f296528bc930aa,0,0
task_0141,family_25,NC1-SHUFFLED,0.25,0.5,12,1110,1110,66.66666666666667,16,1830,1,0,1,0.9102567882977003,0,0,0,0,1,0,0,1,1,0,0.3333333333333333,0.6666666666666666,0ebdbccee8abcdba,0,0
task_0141,family_25,NC2-RANDOM,0.25,0.5,12,1960,1960,137.5,17,3550,1,0,1,0.892429495007506,0,0,0,0,0,0,0,1,0,0,0.0,0.0,5edb44d39daa6b5d,0,0
task_0141,family_25,NC3-LENGTH,0.25,0.5,12,6050,6050,500.0,25,12120,1,0,0,0.55,0,0,0,0,0,0,0,0,0,0,0.0,0.0,,1,0
task_0141,family_25,NC4-ABLATION,0.25,0.5,12,980,980,55.833333333333336,16,1675,1,0,0,0.99,1,1,1,0,1,0,1,0,1,0,0.625,1.0,b8f296528bc930aa,1,1
task_0142,family_26,B-COLD,0.0,0.0,13,6550,6550,503.84615384615387,27,13120,1,0,0,0.964,0,0,0,0,0,0,0,0,0,0,1.0,0.0,,1,0
task_0142,family_26,B-RAG-EMBED,0.0,0.0,13,900,900,53.84615384615385,15,1830,1,0,0,0.964,0,0,0,0,0,0,0,0,1,0,1.0,0.0,,1,1
task_0142,family_26,B-STAGEHAND-CACHE,0.0,0.0,13,700,700,53.84615384615385,14,1680,1,0,0,0.964,0,0,0,0,0,0,0,0,1,0,1.0,0.0,,1,1
task_0142,family_26,B-TERX-REPLAY,0.0,0.0,13,700,700,53.84615384615385,14,1680,1,0,0,0.964,0,0,0,0,0,0,0,0,1,0,1.0,0.0,,1,1
task_0142,family_26,P-STAGEHAND-TTL,0.0,0.0,13,710,710,54.61538461538461,15,1630,1,0,0,0.99,1,1,1,0,1,0,1,0,0,0,0.0,1.0,121517b6ae3850d3,1,1
task_0142,family_26,P-WEBMCP-TOOL,0.0,0.0,13,865,865,58.46153846153846,16,1680,1,0,0,0.9735,1,1,1,0,0,0,0,1,1,1,0.0,0.0,cf116d2db98ccfc3,1,1
task_0142,family_26,P-SPIDER-MEA-BATCHED,0.0,0.0,13,1030,1030,55.38461538461539,17,1795,1,0,0,0.9798,1,1,1,0,1,0,1,0,1,0,1.0,1.0,cf116d2db98ccfc3,1,1
task_0142,family_26,NC1-SHUFFLED,0.0,0.0,13,1160,1160,65.38461538461539,17,1950,1,0,1,0.8948106669097871,0,0,0,0,1,0,0,1,1,0,0.3333333333333333,1.0,66187d95d1aa0ab7,0,0
task_0142,family_26,NC2-RANDOM,0.0,0.0,13,1570,1570,96.92307692307692,18,2820,0,1,0,0.9112019386860528,1,1,1,0,0,0,0,1,0,0,0.0,0.0,d7a9de7ddf958b4a,0,1
task_0142,family_26,NC3-LENGTH,0.0,0.0,13,6550,6550,500.0,27,13120,1,0,0,0.55,0,0,0,0,0,0,0,0,0,0,0.0,0.0,,1,0
task_0142,family_26,NC4-ABLATION,0.0,0.0,13,1030,1030,55.38461538461539,17,1795,1,0,0,0.99,1,1,1,0,1,0,1,0,1,0,1.0,1.0,cf116d2db98ccfc3,1,1
task_0143,family_26,B-COLD,0.75,0.6667,13,6550,6550,503.84615384615387,27,13120,1,0,0,0.99,0,0,0,0,0,0,0,0,0,0,0.5555555555555556,0.0,,1,0
task_0143,family_26,B-RAG-EMBED,0.75,0.6667,13,4950,4950,365.38461538461536,24,9750,1,0,0,0.99,0,0,0,0,0,0,0,0,1,0,0.5555555555555556,0.0,,1,1
task_0143,family_26,B-STAGEHAND-CACHE,0.75,0.6667,13,6550,6550,503.84615384615387,27,13120,1,0,0,0.99,0,0,0,0,0,0,0,0,1,0,0.5555555555555556,0.0,,1,0
task_0143,family_26,B-TERX-REPLAY,0.75,0.6667,13,6550,6550,503.84615384615387,27,13120,1,0,0,0.99,0,0,0,0,0,0,0,0,1,0,0.5555555555555556,0.0,,1,0
task_0143,family_26,P-STAGEHAND-TTL,0.75,0.6667,13,750,750,57.69230769230769,15,1720,1,0,0,0.9772,0,0,0,0,1,0,0,0,0,0,0.0,1.0,1322806cacde8621,1,1
task_0143,family_26,P-WEBMCP-TOOL,0.75,0.6667,13,775,775,51.53846153846154,16,1615,1,0,0,0.9506,1,1,1,0,0,0,1,0,1,1,0.0,0.0,4938bfbff4609cfa,1,1
task_0143,family_26,P-SPIDER-MEA-BATCHED,0.75,0.6667,13,1030,1030,55.38461538461539,17,1795,1,0,0,0.9869,1,1,1,0,1,0,1,0,1,0,0.5555555555555556,1.0,4938bfbff4609cfa,1,1
task_0143,family_26,NC1-SHUFFLED,0.75,0.6667,13,1160,1160,65.38461538461539,17,1950,1,0,1,0.8720291521391126,0,1,0,0,1,0,0,1,1,0,0.3333333333333333,1.0,a71d2fb4ca2f0c7a,0,0
task_0143,family_26,NC2-RANDOM,0.75,0.6667,13,2460,2460,165.3846153846154,19,4550,1,0,1,0.8347270404068416,0,0,0,0,0,0,0,1,0,0,0.0,0.0,fdc0c712129ec4a1,0,0
task_0143,family_26,NC3-LENGTH,0.75,0.6667,13,6550,6550,500.0,27,13120,1,0,0,0.55,0,0,0,0,0,0,0,0,0,0,0.0,0.0,,1,0
task_0143,family_26,NC4-ABLATION,0.75,0.6667,13,1070,1070,58.46153846153846,17,1885,1,0,0,0.99,0,1,0,0,1,0,1,0,1,0,0.5555555555555556,1.0,4938bfbff4609cfa,1,1
task_0144,family_26,B-COLD,1.0,1.0,13,6550,6550,503.84615384615387,27,13120,1,0,0,0.99,0,0,0,0,0,0,0,0,0,0,0.3333333333333333,0.0,,1,0
task_0144,family_26,B-RAG-EMBED,1.0,1.0,13,6750,6750,503.84615384615387,28,13270,1,0,0,0.99,0,0,0,0,0,0,0,0,1,0,0.3333333333333333,0.0,,1,0
task_0144,family_26,B-STAGEHAND-CACHE,1.0,1.0,13,6550,6550,503.84615384615387,27,13120,1,0,0,0.99,0,0,0,0,0,0,0,0,1,0,0.3333333333333333,0.0,,1,0
task_0144,family_26,B-TERX-REPLAY,1.0,1.0,13,6550,6550,503.84615384615387,27,13120,1,0,0,0.99,0,0,0,0,0,0,0,0,1,0,0.3333333333333333,0.0,,1,0
task_0144,family_26,P-STAGEHAND-TTL,1.0,1.0,13,750,750,57.69230769230769,15,1720,1,0,1,0.8250687659865484,0,0,0,0,1,0,0,0,0,0,0.0,0.3333333333333333,d83ae58ed9e3e822,0,0
task_0144,family_26,P-WEBMCP-TOOL,1.0,1.0,13,815,815,54.61538461538461,16,1705,1,0,1,0.01,0,0,0,1,0,0,1,0,1,1,0.0,0.0,3bf3d736f02e334a,0,0
task_0144,family_26,P-SPIDER-MEA-BATCHED,1.0,1.0,13,1030,1030,55.38461538461539,17,1795,1,0,0,0.99,1,1,1,0,1,0,1,0,1,0,0.3333333333333333,0.3333333333333333,3bf3d736f02e334a,1,1
task_0144,family_26,NC1-SHUFFLED,1.0,1.0,13,1070,1070,58.46153846153846,17,1885,1,0,1,0.8184007816640372,0,0,0,1,1,0,1,0,0,0,0.1111111111111111,0.3333333333333333,5c2b6c83ec8f80e7,0,0
task_0144,family_26,NC2-RANDOM,1.0,1.0,13,2460,2460,165.3846153846154,19,4550,1,0,0,0.9868,0,0,0,0,0,0,0,1,0,0,0.0,0.0,8a8cd327a7a79579,1,1
task_0144,family_26,NC3-LENGTH,1.0,1.0,13,6550,6550,500.0,27,13120,1,0,0,0.55,0,0,0,0,0,0,0,0,0,0,0.0,0.0,,1,0
task_0144,family_26,NC4-ABLATION,1.0,1.0,13,2420,2420,162.30769230769232,19,4460,1,0,0,0.99,1,1,1,0,0,0,0,1,1,0,0.3333333333333333,0.3333333333333333,3bf3d736f02e334a,1,1
task_0145,family_26,B-COLD,0.25,0.3333,13,6550,6550,503.84615384615387,27,13120,1,0,0,0.99,0,0,0,0,0,0,0,0,0,0,1.0,0.0,,1,0
task_0145,family_26,B-RAG-EMBED,0.25,0.3333,13,2700,2700,192.30769230769232,19,5350,1,0,0,0.99,0,0,0,0,0,0,0,0,1,0,1.0,0.0,,1,1
task_0145,family_26,B-STAGEHAND-CACHE,0.25,0.3333,13,6550,6550,503.84615384615387,27,13120,1,0,0,0.99,0,0,0,0,0,0,0,0,1,0,1.0,0.0,,1,0
task_0145,family_26,B-TERX-REPLAY,0.25,0.3333,13,6550,6550,503.84615384615387,27,13120,1,0,0,0.99,0,0,0,0,0,0,0,0,1,0,1.0,0.0,,1,0
task_0145,family_26,P-STAGEHAND-TTL,0.25,0.3333,13,750,750,57.69230769230769,15,1720,1,0,0,0.99,0,0,0,0,1,0,0,0,0,0,0.0,1.0,124dafe62727f1ad,1,1
task_0145,family_26,P-WEBMCP-TOOL,0.25,0.3333,13,815,815,54.61538461538461,16,1705,1,0,0,0.99,0,0,0,0,0,0,1,0,1,1,0.0,0.0,f9a99accd6ca6eca,1,1
task_0145,family_26,P-SPIDER-MEA-BATCHED,0.25,0.3333,13,1070,1070,58.46153846153846,17,1885,1,0,0,0.99,0,0,0,0,1,0,1,0,1,0,1.0,1.0,f9a99accd6ca6eca,1,1
task_0145,family_26,NC1-SHUFFLED,0.25,0.3333,13,1160,1160,65.38461538461539,17,1950,1,0,1,0.8660160347051081,0,0,0,0,1,0,0,1,1,0,0.3333333333333333,1.0,02cf17dfda071a75,0,0
task_0145,family_26,NC2-RANDOM,0.25,0.3333,13,2460,2460,165.3846153846154,19,4550,1,0,0,0.99,0,0,0,0,0,0,0,1,0,0,0.0,0.0,11d1bcd89161d352,1,1
task_0145,family_26,NC3-LENGTH,0.25,0.3333,13,6550,6550,500.0,27,13120,1,0,0,0.55,0,0,0,0,0,0,0,0,0,0,0.0,0.0,,1,0
task_0145,family_26,NC4-ABLATION,0.25,0.3333,13,1070,1070,58.46153846153846,17,1885,1,0,0,0.99,0,0,0,0,1,0,1,0,1,0,1.0,1.0,f9a99accd6ca6eca,1,1
task_0146,family_26,B-COLD,0.5,0.6667,13,6550,6550,503.84615384615387,27,13120,1,0,0,0.9569,0,0,0,0,0,0,0,0,0,0,0.7777777777777778,0.0,,1,0
task_0146,family_26,B-RAG-EMBED,0.5,0.6667,13,4950,4950,365.38461538461536,24,9750,1,0,0,0.9569,0,0,0,0,0,0,0,0,1,0,0.7777777777777778,0.0,,1,1
task_0146,family_26,B-STAGEHAND-CACHE,0.5,0.6667,13,6550,6550,503.84615384615387,27,13120,1,0,0,0.9569,0,0,0,0,0,0,0,0,1,0,0.7777777777777778,0.0,,1,0
task_0146,family_26,B-TERX-REPLAY,0.5,0.6667,13,6550,6550,503.84615384615387,27,13120,1,0,0,0.9569,0,0,0,0,0,0,0,0,1,0,0.7777777777777778,0.0,,1,0
task_0146,family_26,P-STAGEHAND-TTL,0.5,0.6667,13,710,710,54.61538461538461,15,1630,1,0,0,0.99,1,1,1,0,1,0,0,0,0,0,0.0,1.0,0f9ec0b0bdd1f485,1,1
task_0146,family_26,P-WEBMCP-TOOL,0.5,0.6667,13,815,815,54.61538461538461,16,1705,1,0,0,0.9675,0,0,0,0,0,0,1,0,1,1,0.0,0.0,e9ac1598b0fadfa2,1,1
task_0146,family_26,P-SPIDER-MEA-BATCHED,0.5,0.6667,13,1030,1030,55.38461538461539,17,1795,1,0,0,0.99,1,1,1,0,1,0,1,0,1,0,0.7777777777777778,1.0,e9ac1598b0fadfa2,1,1
task_0146,family_26,NC1-SHUFFLED,0.5,0.6667,13,1120,1120,62.30769230769231,17,1860,1,0,1,0.8198357805630174,1,1,1,0,1,0,0,1,1,0,0.4444444444444444,1.0,d1fd544973d1bc09,0,0
task_0146,family_26,NC2-RANDOM,0.5,0.6667,13,2460,2460,165.3846153846154,19,4550,1,0,1,0.9599321819116742,0,0,0,1,0,0,0,1,0,0,0.0,0.0,3227671ed8ac0416,0,0
task_0146,family_26,NC3-LENGTH,0.5,0.6667,13,6550,6550,500.0,27,13120,1,0,0,0.55,0,0,0,0,0,0,0,0,0,0,0.0,0.0,,1,0
task_0146,family_26,NC4-ABLATION,0.5,0.6667,13,1070,1070,58.46153846153846,17,1885,1,0,1,0.0382,0,0,0,1,1,0,1,0,1,0,0.7777777777777778,1.0,e9ac1598b0fadfa2,0,0
task_0147,family_27,B-COLD,0.0,0.0,14,7050,7050,503.57142857142856,29,14120,1,0,0,0.99,0,0,0,0,0,0,0,0,0,0,1.0,0.0,,1,0
task_0147,family_27,B-RAG-EMBED,0.0,0.0,14,950,950,53.57142857142857,16,1950,1,0,0,0.99,0,0,0,0,0,0,0,0,1,0,1.0,0.0,,1,1
task_0147,family_27,B-STAGEHAND-CACHE,0.0,0.0,14,750,750,53.57142857142857,15,1800,1,0,0,0.99,0,0,0,0,0,0,0,0,1,0,1.0,0.0,,1,1
task_0147,family_27,B-TERX-REPLAY,0.0,0.0,14,750,750,53.57142857142857,15,1800,1,0,0,0.99,0,0,0,0,0,0,0,0,1,0,1.0,0.0,,1,1
task_0147,family_27,P-STAGEHAND-TTL,0.0,0.0,14,800,800,57.142857142857146,16,1840,1,0,0,0.9839,0,0,0,0,1,0,1,0,0,0,0.0,1.0,1ecfa4ec242efff2,1,1
task_0147,family_27,P-WEBMCP-TOOL,0.0,0.0,14,955,955,60.714285714285715,17,1890,1,0,0,0.99,0,0,0,0,0,0,0,1,1,1,0.0,0.0,e549bd2b4bfbe88c,1,1
task_0147,family_27,P-SPIDER-MEA-BATCHED,0.0,0.0,14,1080,1080,55.0,18,1915,1,0,0,0.9668,1,1,1,0,1,0,1,0,1,0,1.0,1.0,e549bd2b4bfbe88c,1,1
task_0147,family_27,NC1-SHUFFLED,0.0,0.0,14,1070,1070,54.285714285714285,17,1965,1,0,0,0.9631,0,0,0,0,0,0,1,0,0,0,0.0,0.0,926eb6c02bc4efa0,1,1
task_0147,family_27,NC2-RANDOM,0.0,0.0,14,1160,1160,60.714285714285715,17,2030,1,0,1,0.8948742998840687,0,0,0,0,0,0,0,1,0,0,0.0,0.0,2c08b3739a39fb2c,0,0
task_0147,family_27,NC3-LENGTH,0.0,0.0,14,7050,7050,500.0,29,14120,1,0,0,0.55,0,0,0,0,0,0,0,0,0,0,0.0,0.0,,1,0
task_0147,family_27,NC4-ABLATION,0.0,0.0,14,1080,1080,55.0,18,1915,1,0,0,0.9606,1,1,1,0,1,0,1,0,1,0,1.0,1.0,e549bd2b4bfbe88c,1,1
task_0148,family_27,B-COLD,1.0,1.0,14,7050,7050,503.57142857142856,29,14120,1,0,0,0.9888,0,0,0,0,0,0,0,0,0,0,0.0,0.0,,1,0
task_0148,family_27,B-RAG-EMBED,1.0,1.0,14,7250,7250,503.57142857142856,30,14270,1,0,0,0.9888,0,0,0,0,0,0,0,0,0,0,0.0,0.0,,1,0
task_0148,family_27,B-STAGEHAND-CACHE,1.0,1.0,14,7050,7050,503.57142857142856,29,14120,1,0,0,0.9888,0,0,0,0,0,0,0,0,0,0,0.0,0.0,,1,0
task_0148,family_27,B-TERX-REPLAY,1.0,1.0,14,7050,7050,503.57142857142856,29,14120,1,0,0,0.9888,0,0,0,0,0,0,0,0,0,0,0.0,0.0,,1,0
task_0148,family_27,P-STAGEHAND-TTL,1.0,1.0,14,7010,7010,500.7142857142857,29,14030,1,0,0,0.99,1,1,1,0,0,0,0,0,0,0,0.0,0.0,c22356aca51d7de4,1,0
task_0148,family_27,P-WEBMCP-TOOL,1.0,1.0,14,1275,1275,83.57142857142857,18,2615,1,0,0,0.99,1,1,1,0,0,0,1,0,1,1,0.0,0.0,66a5e50a55f9765e,1,1
task_0148,family_27,P-SPIDER-MEA-BATCHED,1.0,1.0,14,1480,1480,83.57142857142857,18,2755,1,0,1,0.01,1,1,1,1,0,0,1,0,0,0,0.0,0.0,66a5e50a55f9765e,0,0
task_0148,family_27,NC1-SHUFFLED,1.0,1.0,14,2070,2070,125.71428571428571,20,3820,0,1,0,0.8549747729125304,1,1,1,0,0,0,0,1,0,0,0.0,0.0,16fcd2a3eae659be,0,1
task_0148,family_27,NC2-RANDOM,1.0,1.0,14,1570,1570,90.0,18,2820,1,0,0,0.99,1,1,1,0,0,0,0,1,0,0,0.0,0.0,6d0e8050f8456d28,1,1
task_0148,family_27,NC3-LENGTH,1.0,1.0,14,7050,7050,500.0,29,14120,1,0,0,0.55,0,0,0,0,0,0,0,0,0,0,0.0,0.0,,1,0
task_0148,family_27,NC4-ABLATION,1.0,1.0,14,1480,1480,83.57142857142857,18,2755,1,0,1,0.0363,1,1,1,1,0,0,1,0,0,0,0.0,0.0,66a5e50a55f9765e,0,0
task_0149,family_27,B-COLD,0.25,0.0,14,7050,7050,503.57142857142856,29,14120,1,0,0,0.9587,0,0,0,0,0,0,0,0,0,0,1.0,0.0,,1,0
task_0149,family_27,B-RAG-EMBED,0.25,0.0,14,950,950,53.57142857142857,16,1950,1,0,0,0.9587,0,0,0,0,0,0,0,0,1,0,1.0,0.0,,1,1
task_0149,family_27,B-STAGEHAND-CACHE,0.25,0.0,14,7050,7050,503.57142857142856,29,14120,1,0,0,0.9587,0,0,0,0,0,0,0,0,1,0,1.0,0.0,,1,0
task_0149,family_27,B-TERX-REPLAY,0.25,0.0,14,7050,7050,503.57142857142856,29,14120,1,0,0,0.9587,0,0,0,0,0,0,0,0,1,0,1.0,0.0,,1,0
task_0149,family_27,P-STAGEHAND-TTL,0.25,0.0,14,800,800,57.142857142857146,16,1840,1,0,0,0.99,0,1,0,0,1,0,0,0,0,0,0.0,1.0,55eeca382d09c75c,1,1
task_0149,family_27,P-WEBMCP-TOOL,0.25,0.0,14,865,865,54.285714285714285,17,1825,1,0,0,0.99,0,1,0,0,0,0,1,0,1,1,0.0,0.0,ec43f55d4af89872,1,1
task_0149,family_27,P-SPIDER-MEA-BATCHED,0.25,0.0,14,1080,1080,55.0,18,1915,1,0,0,0.99,1,1,1,0,1,0,1,0,1,0,1.0,1.0,ec43f55d4af89872,1,1
task_0149,family_27,NC1-SHUFFLED,0.25,0.0,14,1620,1620,93.57142857142857,19,2940,0,1,0,0.8573114330088165,1,1,1,0,0,0,0,1,0,0,0.0,0.0,4acd705d62e766fb,0,1
task_0149,family_27,NC2-RANDOM,0.25,0.0,14,1120,1120,57.857142857142854,17,1940,1,0,1,0.8746713206573745,1,1,1,0,0,0,0,1,0,0,0.0,0.0,5b74c50faee0995b,0,0
task_0149,family_27,NC3-LENGTH,0.25,0.0,14,7050,7050,500.0,29,14120,1,0,0,0.55,0,0,0,0,0,0,0,0,0,0,0.0,0.0,,1,0
task_0149,family_27,NC4-ABLATION,0.25,0.0,14,1120,1120,57.857142857142854,18,2005,1,0,0,0.9596,0,0,0,0,1,0,1,0,1,0,1.0,1.0,ec43f55d4af89872,1,1
task_0150,family_27,B-COLD,0.5,1.0,14,7050,7050,503.57142857142856,29,14120,1,0,0,0.99,0,0,0,0,0,0,0,0,0,0,0.0,0.0,,1,0
task_0150,family_27,B-RAG-EMBED,0.5,1.0,14,7250,7250,503.57142857142856,30,14270,1,0,0,0.99,0,0,0,0,0,0,0,0,0,0,0.0,0.0,,1,0
task_0150,family_27,B-STAGEHAND-CACHE,0.5,1.0,14,7050,7050,503.57142857142856,29,14120,1,0,0,0.99,0,0,0,0,0,0,0,0,0,0,0.0,0.0,,1,0
task_0150,family_27,B-TERX-REPLAY,0.5,1.0,14,7050,7050,503.57142857142856,29,14120,1,0,0,0.99,0,0,0,0,0,0,0,0,0,0,0.0,0.0,,1,0
task_0150,family_27,P-STAGEHAND-TTL,0.5,1.0,14,7050,7050,503.57142857142856,29,14120,1,0,1,0.9448348598845182,0,0,0,0,0,0,0,0,0,0,0.0,0.0,877b09c089ddbdef,0,0
task_0150,family_27,P-WEBMCP-TOOL,0.5,1.0,14,1275,1275,83.57142857142857,18,2615,1,0,0,0.99,1,1,1,0,0,0,1,0,1,1,0.0,0.0,7db71c366cd01bbd,1,1
task_0150,family_27,P-SPIDER-MEA-BATCHED,0.5,1.0,14,1480,1480,83.57142857142857,18,2755,1,0,0,0.99,1,1,1,0,0,0,1,0,0,0,0.0,0.0,7db71c366cd01bbd,1,1
task_0150,family_27,NC1-SHUFFLED,0.5,1.0,14,1980,1980,119.28571428571429,20,3755,0,1,0,0.8314132371461292,1,1,1,0,0,0,1,0,0,0,0.0,0.0,cc962aed0876cda9,0,1
task_0150,family_27,NC2-RANDOM,0.5,1.0,14,1570,1570,90.0,18,2820,1,0,1,0.8306802024320612,1,1,1,0,0,0,0,1,0,0,0.0,0.0,9a0d6081cab03071,0,0
task_0150,family_27,NC3-LENGTH,0.5,1.0,14,7050,7050,500.0,29,14120,1,0,0,0.55,0,0,0,0,0,0,0,0,0,0,0.0,0.0,,1,0
task_0150,family_27,NC4-ABLATION,0.5,1.0,14,1480,1480,83.57142857142857,18,2755,1,0,1,0.029,1,1,1,1,0,0,1,0,0,0,0.0,0.0,7db71c366cd01bbd,0,0
task_0151,family_27,B-COLD,0.75,1.0,14,7050,7050,503.57142857142856,29,14120,1,0,0,0.99,0,0,0,0,0,0,0,0,0,0,0.0,0.0,,1,0
task_0151,family_27,B-RAG-EMBED,0.75,1.0,14,7250,7250,503.57142857142856,30,14270,1,0,0,0.99,0,0,0,0,0,0,0,0,0,0,0.0,0.0,,1,0
task_0151,family_27,B-STAGEHAND-CACHE,0.75,1.0,14,7050,7050,503.57142857142856,29,14120,1,0,0,0.99,0,0,0,0,0,0,0,0,0,0,0.0,0.0,,1,0
task_0151,family_27,B-TERX-REPLAY,0.75,1.0,14,7050,7050,503.57142857142856,29,14120,1,0,0,0.99,0,0,0,0,0,0,0,0,0,0,0.0,0.0,,1,0
task_0151,family_27,P-STAGEHAND-TTL,0.75,1.0,14,7050,7050,503.57142857142856,29,14120,1,0,0,0.99,0,0,0,0,0,0,0,0,0,0,0.0,0.0,04a23368b41de3da,1,0
task_0151,family_27,P-WEBMCP-TOOL,0.75,1.0,14,1315,1315,86.42857142857143,18,2705,1,0,0,0.99,0,0,0,0,0,0,1,0,1,1,0.0,0.0,79ba1ffde20a74cf,1,1
task_0151,family_27,P-SPIDER-MEA-BATCHED,0.75,1.0,14,1520,1520,86.42857142857143,18,2845,1,0,0,0.9636,0,0,0,0,0,0,1,0,0,0,0.0,0.0,79ba1ffde20a74cf,1,1
task_0151,family_27,NC1-SHUFFLED,0.75,1.0,14,1520,1520,86.42857142857143,18,2845,1,0,1,0.8542213785003943,0,0,0,0,0,0,1,0,0,0,0.0,0.0,379615bf594c283a,0,0
task_0151,family_27,NC2-RANDOM,0.75,1.0,14,1610,1610,92.85714285714286,18,2910,1,0,0,0.9641,0,0,0,0,0,0,0,1,0,0,0.0,0.0,0c7ef545ed6bc73b,1,1
task_0151,family_27,NC3-LENGTH,0.75,1.0,14,7050,7050,500.0,29,14120,1,0,0,0.55,0,0,0,0,0,0,0,0,0,0,0.0,0.0,,1,0
task_0151,family_27,NC4-ABLATION,0.75,1.0,14,1520,1520,86.42857142857143,18,2845,1,0,0,0.99,0,0,0,0,0,0,1,0,0,0,0.0,0.0,79ba1ffde20a74cf,1,1
task_0152,family_28,B-COLD,0.0,0.0,8,4050,4050,506.25,17,8120,1,0,0,0.99,0,0,0,0,0,0,0,0,0,0,1.0,0.0,,1,0
task_0152,family_28,B-RAG-EMBED,0.0,0.0,8,650,650,56.25,10,1230,1,0,0,0.99,0,0,0,0,0,0,0,0,1,0,1.0,0.0,,1,1
task_0152,family_28,B-STAGEHAND-CACHE,0.0,0.0,8,450,450,56.25,9,1080,1,0,0,0.99,0,0,0,0,0,0,0,0,1,0,1.0,0.0,,1,1
task_0152,family_28,B-TERX-REPLAY,0.0,0.0,8,450,450,56.25,9,1080,1,0,0,0.99,0,0,0,0,0,0,0,0,1,0,1.0,0.0,,1,1
task_0152,family_28,P-STAGEHAND-TTL,0.0,0.0,8,500,500,62.5,10,1120,1,0,0,0.99,0,0,0,0,1,0,1,0,0,0,0.0,1.0,45263aa302382885,1,1
task_0152,family_28,P-WEBMCP-TOOL,0.0,0.0,8,525,525,52.5,11,1015,1,0,0,0.951,1,1,1,0,0,0,1,0,1,1,0.0,0.0,6dbb2b30742da49a,1,1
task_0152,family_28,P-SPIDER-MEA-BATCHED,0.0,0.0,8,910,910,75.0,12,1350,1,0,0,0.9886,0,0,0,0,1,0,0,1,1,0,1.0,1.0,6dbb2b30742da49a,1,1
task_0152,family_28,NC1-SHUFFLED,0.0,0.0,8,820,820,63.75,12,1285,1,0,1,0.9536473610014833,0,0,0,0,1,0,1,0,1,0,0.5,1.0,d49569aa420c0e6a,0,0
task_0152,family_28,NC2-RANDOM,0.0,0.0,8,1320,1320,126.25,13,2220,0,1,0,0.8951565787904213,1,1,1,0,0,0,0,1,0,0,0.0,0.0,84c46ee3204736ac,0,1
task_0152,family_28,NC3-LENGTH,0.0,0.0,8,4050,4050,500.0,17,8120,1,0,0,0.55,0,0,0,0,0,0,0,0,0,0,0.0,0.0,,1,0
task_0152,family_28,NC4-ABLATION,0.0,0.0,8,820,820,63.75,12,1285,1,0,0,0.99,0,1,0,0,1,0,1,0,1,0,1.0,1.0,6dbb2b30742da49a,1,1
task_0153,family_28,B-COLD,0.25,0.5,8,4050,4050,506.25,17,8120,1,0,0,0.9864,0,0,0,0,0,0,0,0,0,0,0.6666666666666666,0.0,,1,0
task_0153,family_28,B-RAG-EMBED,0.25,0.5,8,2450,2450,281.25,14,4750,1,0,0,0.9864,0,0,0,0,0,0,0,0,1,0,0.6666666666666666,0.0,,1,1
task_0153,family_28,B-STAGEHAND-CACHE,0.25,0.5,8,4050,4050,506.25,17,8120,1,0,0,0.9864,0,0,0,0,0,0,0,0,1,0,0.6666666666666666,0.0,,1,0
task_0153,family_28,B-TERX-REPLAY,0.25,0.5,8,4050,4050,506.25,17,8120,1,0,0,0.9864,0,0,0,0,0,0,0,0,1,0,0.6666666666666666,0.0,,1,0
task_0153,family_28,P-STAGEHAND-TTL,0.25,0.5,8,460,460,57.5,10,1030,1,0,0,0.99,1,1,1,0,1,0,0,0,0,0,0.0,1.0,69d3d35a59eaec9b,1,1
task_0153,family_28,P-WEBMCP-TOOL,0.25,0.5,8,525,525,52.5,11,1015,1,0,0,0.9703,1,1,1,0,0,0,1,0,1,1,0.0,0.0,31ae426db8c0d3fd,1,1
task_0153,family_28,P-SPIDER-MEA-BATCHED,0.25,0.5,8,780,780,58.75,12,1195,1,0,0,0.9518,1,1,1,0,1,0,1,0,1,0,0.6666666666666666,1.0,31ae426db8c0d3fd,1,1
task_0153,family_28,NC1-SHUFFLED,0.25,0.5,8,1370,1370,132.5,14,2260,0,1,0,0.8302658540431204,1,1,1,0,1,0,0,1,0,0,0.16666666666666666,0.3333333333333333,f65496a298ac93f0,0,1
task_0153,family_28,NC2-RANDOM,0.25,0.5,8,1720,1720,176.25,13,2980,1,0,1,0.8356302798324611,1,1,1,1,0,0,0,1,0,0,0.0,0.0,a1ab58753c053dde,0,0
task_0153,family_28,NC3-LENGTH,0.25,0.5,8,4050,4050,500.0,17,8120,1,0,0,0.55,0,0,0,0,0,0,0,0,0,0,0.0,0.0,,1,0
task_0153,family_28,NC4-ABLATION,0.25,0.5,8,780,780,58.75,12,1195,1,0,0,0.99,1,1,1,0,1,0,1,0,1,0,0.6666666666666666,1.0,31ae426db8c0d3fd,1,1
task_0154,family_28,B-COLD,0.5,0.5,8,4050,4050,506.25,17,8120,1,0,0,0.9693,0,0,0,0,0,0,0,0,0,0,0.6666666666666666,0.0,,1,0
task_0154,family_28,B-RAG-EMBED,0.5,0.5,8,2450,2450,281.25,14,4750,1,0,0,0.9693,0,0,0,0,0,0,0,0,1,0,0.6666666666666666,0.0,,1,1
task_0154,family_28,B-STAGEHAND-CACHE,0.5,0.5,8,4050,4050,506.25,17,8120,1,0,0,0.9693,0,0,0,0,0,0,0,0,1,0,0.6666666666666666,0.0,,1,0
task_0154,family_28,B-TERX-REPLAY,0.5,0.5,8,4050,4050,506.25,17,8120,1,0,0,0.9693,0,0,0,0,0,0,0,0,1,0,0.6666666666666666,0.0,,1,0
task_0154,family_28,P-STAGEHAND-TTL,0.5,0.5,8,460,460,57.5,10,1030,1,0,1,0.8422722880782196,1,1,1,0,1,0,0,0,0,0,0.0,1.0,3480da91a913a3d2,0,0
task_0154,family_28,P-WEBMCP-TOOL,0.5,0.5,8,525,525,52.5,11,1015,1,0,0,0.99,1,1,1,0,0,0,1,0,1,1,0.0,0.0,50312f9b6f0a8318,1,1
task_0154,family_28,P-SPIDER-MEA-BATCHED,0.5,0.5,8,780,780,58.75,12,1195,1,0,0,0.99,1,1,1,0,1,0,1,0,1,0,0.6666666666666666,1.0,50312f9b6f0a8318,1,1
task_0154,family_28,NC1-SHUFFLED,0.5,0.5,8,1760,1760,181.25,13,3070,1,0,1,0.8255384470420243,0,0,0,0,0,0,0,1,0,0,0.0,0.0,96bf807943e24f24,0,0
task_0154,family_28,NC2-RANDOM,0.5,0.5,8,1720,1720,176.25,13,2980,1,0,1,0.95801058434532,1,1,1,1,0,0,0,1,0,0,0.0,0.0,df292677f1e7a8fa,0,0
task_0154,family_28,NC3-LENGTH,0.5,0.5,8,4050,4050,500.0,17,8120,1,0,0,0.55,0,0,0,0,0,0,0,0,0,0,0.0,0.0,,1,0
task_0154,family_28,NC4-ABLATION,0.5,0.5,8,780,780,58.75,12,1195,1,0,0,0.99,1,1,1,0,1,0,1,0,1,0,0.6666666666666666,1.0,50312f9b6f0a8318,1,1
task_0155,family_28,B-COLD,0.75,1.0,8,4050,4050,506.25,17,8120,1,0,0,0.99,0,0,0,0,0,0,0,0,0,0,0.3333333333333333,0.0,,1,0
task_0155,family_28,B-RAG-EMBED,0.75,1.0,8,4250,4250,506.25,18,8270,1,0,0,0.99,0,0,0,0,0,0,0,0,1,0,0.3333333333333333,0.0,,1,0
task_0155,family_28,B-STAGEHAND-CACHE,0.75,1.0,8,4050,4050,506.25,17,8120,1,0,0,0.99,0,0,0,0,0,0,0,0,1,0,0.3333333333333333,0.0,,1,0
task_0155,family_28,B-TERX-REPLAY,0.75,1.0,8,4050,4050,506.25,17,8120,1,0,0,0.99,0,0,0,0,0,0,0,0,1,0,0.3333333333333333,0.0,,1,0
task_0155,family_28,P-STAGEHAND-TTL,0.75,1.0,8,500,500,62.5,10,1120,1,0,0,0.99,0,0,0,0,1,0,0,0,0,0,0.0,0.3333333333333333,f7b9756710359c21,1,1
task_0155,family_28,P-WEBMCP-TOOL,0.75,1.0,8,525,525,52.5,11,1015,1,0,0,0.9717,1,1,1,0,0,0,1,0,1,1,0.0,0.0,9384957fb3b93cf1,1,1
task_0155,family_28,P-SPIDER-MEA-BATCHED,0.75,1.0,8,820,820,63.75,12,1285,1,0,1,0.01,0,0,0,1,1,0,1,0,1,0,0.3333333333333333,0.3333333333333333,9384957fb3b93cf1,0,0
task_0155,family_28,NC1-SHUFFLED,0.75,1.0,8,820,820,63.75,12,1285,1,0,1,0.8132646949741935,0,0,0,1,1,0,1,0,1,0,0.5,1.0,786d26d544907047,0,0
task_0155,family_28,NC2-RANDOM,0.75,1.0,8,1760,1760,181.25,13,3070,1,0,1,0.9258281620587894,0,0,0,0,0,0,0,1,0,0,0.0,0.0,912803ae2783c1b4,0,0
task_0155,family_28,NC3-LENGTH,0.75,1.0,8,4050,4050,500.0,17,8120,1,0,0,0.55,0,0,0,0,0,0,0,0,0,0,0.0,0.0,,1,0
task_0155,family_28,NC4-ABLATION,0.75,1.0,8,1670,1670,170.0,13,3005,1,0,1,0.01,0,0,0,1,0,0,1,0,1,0,0.3333333333333333,0.3333333333333333,9384957fb3b93cf1,0,0
task_0156,family_28,B-COLD,1.0,1.0,8,4050,4050,506.25,17,8120,1,0,0,0.99,0,0,0,0,0,0,0,0,0,0,0.6666666666666666,0.0,,1,0
task_0156,family_28,B-RAG-EMBED,1.0,1.0,8,4250,4250,506.25,18,8270,1,0,0,0.99,0,0,0,0,0,0,0,0,1,0,0.6666666666666666,0.0,,1,0
task_0156,family_28,B-STAGEHAND-CACHE,1.0,1.0,8,4050,4050,506.25,17,8120,1,0,0,0.99,0,0,0,0,0,0,0,0,1,0,0.6666666666666666,0.0,,1,0
task_0156,family_28,B-TERX-REPLAY,1.0,1.0,8,4050,4050,506.25,17,8120,1,0,0,0.99,0,0,0,0,0,0,0,0,1,0,0.6666666666666666,0.0,,1,0
task_0156,family_28,P-STAGEHAND-TTL,1.0,1.0,8,500,500,62.5,10,1120,1,0,0,0.99,0,0,0,0,1,0,0,0,0,0,0.0,1.0,eea39373fccd8693,1,1
task_0156,family_28,P-WEBMCP-TOOL,1.0,1.0,8,565,565,57.5,11,1105,1,0,0,0.99,0,0,0,0,0,0,1,0,1,1,0.0,0.0,c88e6a4741fe1a4a,1,1
task_0156,family_28,P-SPIDER-MEA-BATCHED,1.0,1.0,8,780,780,58.75,12,1195,1,0,0,0.9585,1,1,1,0,1,0,1,0,1,0,0.6666666666666666,1.0,c88e6a4741fe1a4a,1,1
task_0156,family_28,NC1-SHUFFLED,1.0,1.0,8,1760,1760,181.25,13,3070,1,0,0,0.99,0,1,0,0,0,0,0,1,0,0,0.0,0.0,5e791ebc7471bbcf,1,1
task_0156,family_28,NC2-RANDOM,1.0,1.0,8,1720,1720,176.25,13,2980,1,0,0,0.99,1,1,1,0,0,0,0,1,0,0,0.0,0.0,a2f625b3f845fb2a,1,1
task_0156,family_28,NC3-LENGTH,1.0,1.0,8,4050,4050,500.0,17,8120,1,0,0,0.55,0,0,0,0,0,0,0,0,0,0,0.0,0.0,,1,0
task_0156,family_28,NC4-ABLATION,1.0,1.0,8,780,780,58.75,12,1195,1,0,1,0.0376,1,1,1,1,1,0,1,0,1,0,0.6666666666666666,1.0,c88e6a4741fe1a4a,0,0
task_0157,family_29,B-COLD,0.0,0.0,9,4550,4550,505.55555555555554,19,9120,1,0,0,0.9816,0,0,0,0,0,0,0,0,0,0,1.0,0.0,,1,0
task_0157,family_29,B-RAG-EMBED,0.0,0.0,9,700,700,55.55555555555556,11,1350,1,0,0,0.9816,0,0,0,0,0,0,0,0,1,0,1.0,0.0,,1,1
task_0157,family_29,B-STAGEHAND-CACHE,0.0,0.0,9,500,500,55.55555555555556,10,1200,1,0,0,0.9816,0,0,0,0,0,0,0,0,1,0,1.0,0.0,,1,1
task_0157,family_29,B-TERX-REPLAY,0.0,0.0,9,500,500,55.55555555555556,10,1200,1,0,0,0.9816,0,0,0,0,0,0,0,0,1,0,1.0,0.0,,1,1
task_0157,family_29,P-STAGEHAND-TTL,0.0,0.0,9,510,510,56.666666666666664,11,1150,1,0,0,0.9894,1,1,1,0,1,0,1,0,0,0,0.0,1.0,378413a156a8d773,1,1
task_0157,family_29,P-WEBMCP-TOOL,0.0,0.0,9,615,615,56.666666666666664,12,1225,1,0,0,0.99,0,0,0,0,0,0,1,0,1,1,0.0,0.0,11ccd6904a2adcba,1,1
task_0157,family_29,P-SPIDER-MEA-BATCHED,0.0,0.0,9,920,920,67.77777777777777,13,1380,1,0,0,0.99,1,1,1,0,1,0,0,1,1,0,1.0,1.0,11ccd6904a2adcba,1,1
task_0157,family_29,NC1-SHUFFLED,0.0,0.0,9,780,780,52.22222222222222,12,1275,1,0,0,0.9634,1,1,1,0,0,0,1,0,0,0,0.0,0.0,aa41a0d3cee4fe79,1,1
task_0157,family_29,NC2-RANDOM,0.0,0.0,9,870,870,62.22222222222222,12,1340,1,0,0,0.9708,1,1,1,0,0,0,0,1,0,0,0.0,0.0,f593b70f797a2746,1,1
task_0157,family_29,NC3-LENGTH,0.0,0.0,9,4550,4550,500.0,19,9120,1,0,0,0.55,0,0,0,0,0,0,0,0,0,0,0.0,0.0,,1,0
task_0157,family_29,NC4-ABLATION,0.0,0.0,9,830,830,57.77777777777778,13,1315,1,0,0,0.99,1,1,1,0,1,0,1,0,1,0,1.0,1.0,11ccd6904a2adcba,1,1
task_0158,family_29,B-COLD,0.5,0.5,9,4550,4550,505.55555555555554,19,9120,1,0,0,0.99,0,0,0,0,0,0,0,0,0,0,0.5,0.0,,1,0
task_0158,family_29,B-RAG-EMBED,0.5,0.5,9,2500,2500,255.55555555555554,15,4870,1,0,0,0.99,0,0,0,0,0,0,0,0,1,0,0.5,0.0,,1,1
task_0158,family_29,B-STAGEHAND-CACHE,0.5,0.5,9,4550,4550,505.55555555555554,19,9120,1,0,0,0.99,0,0,0,0,0,0,0,0,1,0,0.5,0.0,,1,0
task_0158,family_29,B-TERX-REPLAY,0.5,0.5,9,4550,4550,505.55555555555554,19,9120,1,0,0,0.99,0,0,0,0,0,0,0,0,1,0,0.5,0.0,,1,0
task_0158,family_29,P-STAGEHAND-TTL,0.5,0.5,9,550,550,61.111111111111114,11,1240,1,0,0,0.9877,0,0,0,0,1,0,0,0,0,0,0.0,1.0,1519dd4af43aea0f,1,1
task_0158,family_29,P-WEBMCP-TOOL,0.5,0.5,9,1065,1065,106.66666666666667,13,2105,1,0,0,0.9728,0,0,0,0,0,0,1,0,1,1,0.0,0.0,a8af8ea779d45200,1,1
task_0158,family_29,P-SPIDER-MEA-BATCHED,0.5,0.5,9,870,870,62.22222222222222,13,1405,1,0,0,0.99,0,0,0,0,1,0,1,0,1,0,0.5,1.0,a8af8ea779d45200,1,1
task_0158,family_29,NC1-SHUFFLED,0.5,0.5,9,1720,1720,156.66666666666666,14,3125,1,0,1,0.9241416868831837,0,0,0,1,0,0,1,0,0,0,0.0,0.0,a4f28f6350a8c47e,0,0
task_0158,family_29,NC2-RANDOM,0.5,0.5,9,1770,1770,162.22222222222223,14,3100,1,0,1,0.840378307142966,1,1,1,0,0,0,0,1,0,0,0.0,0.0,c8a37e6c3b4542f1,0,0
task_0158,family_29,NC3-LENGTH,0.5,0.5,9,4550,4550,500.0,19,9120,1,0,0,0.55,0,0,0,0,0,0,0,0,0,0,0.0,0.0,,1,0
task_0158,family_29,NC4-ABLATION,0.5,0.5,9,870,870,62.22222222222222,13,1405,1,0,1,0.01,0,0,0,1,1,0,1,0,1,0,0.5,1.0,a8af8ea779d45200,0,0
task_0159,family_29,B-COLD,0.75,1.0,9,4550,4550,505.55555555555554,19,9120,1,0,0,0.99,0,0,0,0,0,0,0,0,0,0,0.0,0.0,,1,0
task_0159,family_29,B-RAG-EMBED,0.75,1.0,9,4750,4750,505.55555555555554,20,9270,1,0,0,0.99,0,0,0,0,0,0,0,0,0,0,0.0,0.0,,1,0
task_0159,family_29,B-STAGEHAND-CACHE,0.75,1.0,9,4550,4550,505.55555555555554,19,9120,1,0,0,0.99,0,0,0,0,0,0,0,0,0,0,0.0,0.0,,1,0
task_0159,family_29,B-TERX-REPLAY,0.75,1.0,9,4550,4550,505.55555555555554,19,9120,1,0,0,0.99,0,0,0,0,0,0,0,0,0,0,0.0,0.0,,1,0
task_0159,family_29,P-STAGEHAND-TTL,0.75,1.0,9,4550,4550,505.55555555555554,19,9120,1,0,0,0.99,0,0,0,0,0,0,0,0,0,0,0.0,0.0,808cf3f51a55e108,1,0
task_0159,family_29,P-WEBMCP-TOOL,0.75,1.0,9,1515,1515,156.66666666666666,14,2985,1,0,0,0.962,0,0,0,0,0,0,1,0,1,1,0.0,0.0,fd3a0e6d7be8bb1a,1,1
task_0159,family_29,P-SPIDER-MEA-BATCHED,0.75,1.0,9,1680,1680,152.22222222222223,14,3035,1,0,0,0.9751,1,1,1,0,0,0,1,0,0,0,0.0,0.0,fd3a0e6d7be8bb1a,1,1
task_0159,family_29,NC1-SHUFFLED,0.75,1.0,9,830,830,57.77777777777778,13,1315,1,0,1,0.9264544811534917,1,1,1,1,1,0,1,0,1,0,0.5,1.0,0c2c9b5026023133,0,0
task_0159,family_29,NC2-RANDOM,0.75,1.0,9,1810,1810,166.66666666666666,14,3190,1,0,1,0.7969648037702263,0,1,0,0,0,0,0,1,0,0,0.0,0.0,2c720f894d376cf1,0,0
task_0159,family_29,NC3-LENGTH,0.75,1.0,9,4550,4550,500.0,19,9120,1,0,0,0.55,0,0,0,0,0,0,0,0,0,0,0.0,0.0,,1,0
task_0159,family_29,NC4-ABLATION,0.75,1.0,9,1720,1720,156.66666666666666,14,3125,1,0,1,0.0227,0,0,0,1,0,0,1,0,0,0,0.0,0.0,fd3a0e6d7be8bb1a,0,0
task_0160,family_29,B-COLD,1.0,1.0,9,4550,4550,505.55555555555554,19,9120,1,0,0,0.9639,0,0,0,0,0,0,0,0,0,0,0.0,0.0,,1,0
task_0160,family_29,B-RAG-EMBED,1.0,1.0,9,4750,4750,505.55555555555554,20,9270,1,0,0,0.9639,0,0,0,0,0,0,0,0,0,0,0.0,0.0,,1,0
task_0160,family_29,B-STAGEHAND-CACHE,1.0,1.0,9,4550,4550,505.55555555555554,19,9120,1,0,0,0.9639,0,0,0,0,0,0,0,0,0,0,0.0,0.0,,1,0
task_0160,family_29,B-TERX-REPLAY,1.0,1.0,9,4550,4550,505.55555555555554,19,9120,1,0,0,0.9639,0,0,0,0,0,0,0,0,0,0,0.0,0.0,,1,0
task_0160,family_29,P-STAGEHAND-TTL,1.0,1.0,9,4510,4510,501.1111111111111,19,9030,1,0,1,0.7840684528960894,1,1,1,0,0,0,0,0,0,0,0.0,0.0,50968a2ac3749796,0,0
task_0160,family_29,P-WEBMCP-TOOL,1.0,1.0,9,1475,1475,152.22222222222223,14,2895,1,0,1,0.01,1,1,1,1,0,0,1,0,1,1,0.0,0.0,7f5daa51dfbd9e24,0,0
task_0160,family_29,P-SPIDER-MEA-BATCHED,1.0,1.0,9,1680,1680,152.22222222222223,14,3035,1,0,0,0.99,1,1,1,0,0,0,1,0,0,0,0.0,0.0,7f5daa51dfbd9e24,1,1
task_0160,family_29,NC1-SHUFFLED,1.0,1.0,9,1720,1720,156.66666666666666,14,3125,1,0,1,0.8702630643181218,0,0,0,1,0,0,1,0,0,0,0.0,0.0,c0d59b23b6cbd4d6,0,0
task_0160,family_29,NC2-RANDOM,1.0,1.0,9,1770,1770,162.22222222222223,14,3100,1,0,0,0.99,1,1,1,0,0,0,0,1,0,0,0.0,0.0,6cb0a363966d917c,1,1
task_0160,family_29,NC3-LENGTH,1.0,1.0,9,4550,4550,500.0,19,9120,1,0,0,0.55,0,0,0,0,0,0,0,0,0,0,0.0,0.0,,1,0
task_0160,family_29,NC4-ABLATION,1.0,1.0,9,1720,1720,156.66666666666666,14,3125,1,0,0,0.99,0,1,0,0,0,0,1,0,0,0,0.0,0.0,7f5daa51dfbd9e24,1,1
task_0161,family_29,B-COLD,0.25,0.5,9,4550,4550,505.55555555555554,19,9120,1,0,0,0.9731,0,0,0,0,0,0,0,0,0,0,0.5,0.0,,1,0
task_0161,family_29,B-RAG-EMBED,0.25,0.5,9,2500,2500,255.55555555555554,15,4870,1,0,0,0.9731,0,0,0,0,0,0,0,0,1,0,0.5,0.0,,1,1
task_0161,family_29,B-STAGEHAND-CACHE,0.25,0.5,9,4550,4550,505.55555555555554,19,9120,1,0,0,0.9731,0,0,0,0,0,0,0,0,1,0,0.5,0.0,,1,0
task_0161,family_29,B-TERX-REPLAY,0.25,0.5,9,4550,4550,505.55555555555554,19,9120,1,0,0,0.9731,0,0,0,0,0,0,0,0,1,0,0.5,0.0,,1,0
task_0161,family_29,P-STAGEHAND-TTL,0.25,0.5,9,510,510,56.666666666666664,11,1150,1,0,0,0.99,1,1,1,0,1,0,0,0,0,0,0.0,1.0,b816ea47a81d429c,1,1
task_0161,family_29,P-WEBMCP-TOOL,0.25,0.5,9,1065,1065,106.66666666666667,13,2105,1,0,0,0.99,0,0,0,0,0,0,1,0,1,1,0.0,0.0,7e8c76181817cbf1,1,1
task_0161,family_29,P-SPIDER-MEA-BATCHED,0.25,0.5,9,870,870,62.22222222222222,13,1405,1,0,0,0.967,0,0,0,0,1,0,1,0,1,0,0.5,1.0,7e8c76181817cbf1,1,1
task_0161,family_29,NC1-SHUFFLED,0.25,0.5,9,830,830,57.77777777777778,13,1315,1,0,1,0.8521139924055268,1,1,1,0,1,0,1,0,1,0,0.5,1.0,4e495da851393449,0,0
task_0161,family_29,NC2-RANDOM,0.25,0.5,9,1810,1810,166.66666666666666,14,3190,1,0,0,0.99,0,0,0,0,0,0,0,1,0,0,0.0,0.0,1cc18e16ebdd35f0,1,1
task_0161,family_29,NC3-LENGTH,0.25,0.5,9,4550,4550,500.0,19,9120,1,0,0,0.55,0,0,0,0,0,0,0,0,0,0,0.0,0.0,,1,0
task_0161,family_29,NC4-ABLATION,0.25,0.5,9,830,830,57.77777777777778,13,1315,1,0,0,0.99,1,1,1,0,1,0,1,0,1,0,0.5,1.0,7e8c76181817cbf1,1,1
task_0162,family_30,B-COLD,0.0,0.0,10,5050,5050,505.0,21,10120,1,0,0,0.9722,0,0,0,0,0,0,0,0,0,0,1.0,0.0,,1,0
task_0162,family_30,B-RAG-EMBED,0.0,0.0,10,750,750,55.0,12,1470,1,0,0,0.9722,0,0,0,0,0,0,0,0,1,0,1.0,0.0,,1,1
task_0162,family_30,B-STAGEHAND-CACHE,0.0,0.0,10,550,550,55.0,11,1320,1,0,0,0.9722,0,0,0,0,0,0,0,0,1,0,1.0,0.0,,1,1
task_0162,family_30,B-TERX-REPLAY,0.0,0.0,10,550,550,55.0,11,1320,1,0,0,0.9722,0,0,0,0,0,0,0,0,1,0,1.0,0.0,,1,1
task_0162,family_30,P-STAGEHAND-TTL,0.0,0.0,10,560,560,56.0,12,1270,1,0,0,0.99,1,1,1,0,1,0,1,0,0,0,0.0,1.0,f2cc31f11d4c422f,1,1
task_0162,family_30,P-WEBMCP-TOOL,0.0,0.0,10,665,665,56.0,13,1345,1,0,0,0.99,0,0,0,0,0,0,1,0,1,1,0.0,0.0,407530c01115183a,1,1
task_0162,family_30,P-SPIDER-MEA-BATCHED,0.0,0.0,10,920,920,61.0,14,1525,1,0,0,0.99,0,0,0,0,1,0,1,0,1,0,1.0,1.0,407530c01115183a,1,1
task_0162,family_30,NC1-SHUFFLED,0.0,0.0,10,970,970,66.0,14,1500,1,0,0,0.9813,1,1,1,0,1,0,0,1,1,0,0.3333333333333333,1.0,5c2a178142ebab6a,1,1
task_0162,family_30,NC2-RANDOM,0.0,0.0,10,960,960,65.0,13,1550,1,0,0,0.99,0,0,0,0,0,0,0,1,0,0,0.0,0.0,f7b78c7b11a4841d,1,1
task_0162,family_30,NC3-LENGTH,0.0,0.0,10,5050,5050,500.0,21,10120,1,0,0,0.55,0,0,0,0,0,0,0,0,0,0,0.0,0.0,,1,0
task_0162,family_30,NC4-ABLATION,0.0,0.0,10,1010,1010,70.0,14,1590,1,0,0,0.9739,0,0,0,0,1,0,0,1,1,0,1.0,1.0,407530c01115183a,1,1
task_0163,family_30,B-COLD,0.75,0.6667,10,5050,5050,505.0,21,10120,1,0,0,0.9684,0,0,0,0,0,0,0,0,0,0,0.5555555555555556,0.0,,1,0
task_0163,family_30,B-RAG-EMBED,0.75,0.6667,10,3900,3900,370.0,19,7630,1,0,0,0.9684,0,0,0,0,0,0,0,0,1,0,0.5555555555555556,0.0,,1,1
task_0163,family_30,B-STAGEHAND-CACHE,0.75,0.6667,10,5050,5050,505.0,21,10120,1,0,0,0.9684,0,0,0,0,0,0,0,0,1,0,0.5555555555555556,0.0,,1,0
task_0163,family_30,B-TERX-REPLAY,0.75,0.6667,10,5050,5050,505.0,21,10120,1,0,0,0.9684,0,0,0,0,0,0,0,0,1,0,0.5555555555555556,0.0,,1,0
task_0163,family_30,P-STAGEHAND-TTL,0.75,0.6667,10,560,560,56.0,12,1270,1,0,0,0.99,1,1,1,0,1,0,0,0,0,0,0.0,1.0,ec9a4668b6bf9cd5,1,1
task_0163,family_30,P-WEBMCP-TOOL,0.75,0.6667,10,715,715,61.0,13,1320,1,0,1,0.01,1,1,1,1,0,0,0,1,1,1,0.0,0.0,44c0339661a28bf9,0,0
task_0163,family_30,P-SPIDER-MEA-BATCHED,0.75,0.6667,10,880,880,57.0,14,1435,1,0,1,0.0157,1,1,1,1,1,0,1,0,1,0,0.5555555555555556,1.0,44c0339661a28bf9,0,0
task_0163,family_30,NC1-SHUFFLED,0.75,0.6667,10,1010,1010,70.0,14,1590,1,0,1,0.8090955234401496,0,0,0,1,1,0,0,1,1,0,0.4444444444444444,1.0,0d14f0b2d91a1b52,0,0
task_0163,family_30,NC2-RANDOM,0.75,0.6667,10,2310,2310,200.0,16,4190,1,0,0,0.99,0,0,0,0,0,0,0,1,0,0,0.0,0.0,8ef7babc03f80020,1,1
task_0163,family_30,NC3-LENGTH,0.75,0.6667,10,5050,5050,500.0,21,10120,1,0,0,0.55,0,0,0,0,0,0,0,0,0,0,0.0,0.0,,1,0
task_0163,family_30,NC4-ABLATION,0.75,0.6667,10,920,920,61.0,14,1525,1,0,0,0.9869,0,0,0,0,1,0,1,0,1,0,0.5555555555555556,1.0,44c0339661a28bf9,1,1
task_0164,family_30,B-COLD,1.0,1.0,10,5050,5050,505.0,21,10120,1,0,0,0.99,0,0,0,0,0,0,0,0,0,0,0.3333333333333333,0.0,,1,0
task_0164,family_30,B-RAG-EMBED,1.0,1.0,10,5250,5250,505.0,22,10270,1,0,0,0.99,0,0,0,0,0,0,0,0,1,0,0.3333333333333333,0.0,,1,0
task_0164,family_30,B-STAGEHAND-CACHE,1.0,1.0,10,5050,5050,505.0,21,10120,1,0,0,0.99,0,0,0,0,0,0,0,0,1,0,0.3333333333333333,0.0,,1,0
task_0164,family_30,B-TERX-REPLAY,1.0,1.0,10,5050,5050,505.0,21,10120,1,0,0,0.99,0,0,0,0,0,0,0,0,1,0,0.3333333333333333,0.0,,1,0
task_0164,family_30,P-STAGEHAND-TTL,1.0,1.0,10,560,560,56.0,12,1270,1,0,0,0.98,1,1,1,0,1,0,0,0,0,0,0.0,0.3333333333333333,d0f24addfd7799cc,1,1
task_0164,family_30,P-WEBMCP-TOOL,1.0,1.0,10,625,625,52.0,13,1255,1,0,0,0.9628,1,1,1,0,0,0,1,0,1,1,0.0,0.0,2e1766f0f39d95fd,1,1
task_0164,family_30,P-SPIDER-MEA-BATCHED,1.0,1.0,10,880,880,57.0,14,1435,1,0,0,0.9893,1,1,1,0,1,0,1,0,1,0,0.3333333333333333,0.3333333333333333,2e1766f0f39d95fd,1,1
task_0164,family_30,NC1-SHUFFLED,1.0,1.0,10,1470,1470,116.0,16,2500,0,1,0,0.8685693408002504,1,1,1,0,1,0,0,1,1,0,0.4444444444444444,1.0,7e6cfd285037de0b,0,1
task_0164,family_30,NC2-RANDOM,1.0,1.0,10,2770,2770,246.0,18,5100,0,1,0,0.8288964480014698,1,1,1,0,0,0,0,1,0,0,0.0,0.0,9aa460617de5bf8d,0,1
task_0164,family_30,NC3-LENGTH,1.0,1.0,10,5050,5050,500.0,21,10120,1,0,0,0.55,0,0,0,0,0,0,0,0,0,0,0.0,0.0,,1,0
task_0164,family_30,NC4-ABLATION,1.0,1.0,10,2220,2220,191.0,16,4125,1,0,0,0.99,0,1,0,0,0,0,1,0,1,0,0.3333333333333333,0.3333333333333333,2e1766f0f39d95fd,1,1
task_0165,family_30,B-COLD,0.25,0.3333,10,5050,5050,505.0,21,10120,1,0,0,0.99,0,0,0,0,0,0,0,0,0,0,0.7777777777777778,0.0,,1,0
task_0165,family_30,B-RAG-EMBED,0.25,0.3333,10,2100,2100,190.0,15,4110,1,0,0,0.99,0,0,0,0,0,0,0,0,1,0,0.7777777777777778,0.0,,1,1
task_0165,family_30,B-STAGEHAND-CACHE,0.25,0.3333,10,5050,5050,505.0,21,10120,1,0,0,0.99,0,0,0,0,0,0,0,0,1,0,0.7777777777777778,0.0,,1,0
task_0165,family_30,B-TERX-REPLAY,0.25,0.3333,10,5050,5050,505.0,21,10120,1,0,0,0.99,0,0,0,0,0,0,0,0,1,0,0.7777777777777778,0.0,,1,0
task_0165,family_30,P-STAGEHAND-TTL,0.25,0.3333,10,560,560,56.0,12,1270,1,0,1,0.8741530298369623,1,1,1,0,1,0,0,0,0,0,0.0,1.0,fb6ae7e43c5bc3fc,0,0
task_0165,family_30,P-WEBMCP-TOOL,0.25,0.3333,10,625,625,52.0,13,1255,1,0,0,0.9574,1,1,1,0,0,0,1,0,1,1,0.0,0.0,f7c9528f62cbd859,1,1
task_0165,family_30,P-SPIDER-MEA-BATCHED,0.25,0.3333,10,920,920,61.0,14,1525,1,0,0,0.99,0,1,0,0,1,0,1,0,1,0,0.7777777777777778,1.0,f7c9528f62cbd859,1,1
task_0165,family_30,NC1-SHUFFLED,0.25,0.3333,10,920,920,61.0,14,1525,1,0,1,0.8465532590950311,0,0,0,0,1,0,1,0,0,0,0.2222222222222222,0.3333333333333333,26c090332ad2ab96,0,0
task_0165,family_30,NC2-RANDOM,0.25,0.3333,10,2270,2270,196.0,16,4100,1,0,0,0.99,1,1,1,0,0,0,0,1,0,0,0.0,0.0,77ced5b4c8510cb8,1,1
task_0165,family_30,NC3-LENGTH,0.25,0.3333,10,5050,5050,500.0,21,10120,1,0,0,0.55,0,0,0,0,0,0,0,0,0,0,0.0,0.0,,1,0
task_0165,family_30,NC4-ABLATION,0.25,0.3333,10,880,880,57.0,14,1435,1,0,0,0.99,1,1,1,0,1,0,1,0,1,0,0.7777777777777778,1.0,f7c9528f62cbd859,1,1
task_0166,family_30,B-COLD,0.5,0.6667,10,5050,5050,505.0,21,10120,1,0,0,0.9894,0,0,0,0,0,0,0,0,0,0,1.0,0.0,,1,0
task_0166,family_30,B-RAG-EMBED,0.5,0.6667,10,3900,3900,370.0,19,7630,1,0,0,0.9894,0,0,0,0,0,0,0,0,1,0,1.0,0.0,,1,1
task_0166,family_30,B-STAGEHAND-CACHE,0.5,0.6667,10,5050,5050,505.0,21,10120,1,0,0,0.9894,0,0,0,0,0,0,0,0,1,0,1.0,0.0,,1,0
task_0166,family_30,B-TERX-REPLAY,0.5,0.6667,10,5050,5050,505.0,21,10120,1,0,0,0.9894,0,0,0,0,0,0,0,0,1,0,1.0,0.0,,1,0
task_0166,family_30,P-STAGEHAND-TTL,0.5,0.6667,10,600,600,60.0,12,1360,1,0,0,0.99,0,0,0,0,1,0,0,0,0,0,0.0,1.0,1a7c132588736c42,1,1
task_0166,family_30,P-WEBMCP-TOOL,0.5,0.6667,10,625,625,52.0,13,1255,1,0,0,0.99,1,1,1,0,0,0,1,0,1,1,0.0,0.0,d1971c716fb92b8a,1,1
task_0166,family_30,P-SPIDER-MEA-BATCHED,0.5,0.6667,10,880,880,57.0,14,1435,1,0,0,0.99,1,1,1,0,1,0,1,0,1,0,1.0,1.0,d1971c716fb92b8a,1,1
task_0166,family_30,NC1-SHUFFLED,0.5,0.6667,10,1010,1010,70.0,14,1590,1,0,1,0.8793769560508231,0,0,0,1,1,0,0,1,0,0,0.2222222222222222,0.3333333333333333,cfc08035a0a0a122,0,0
task_0166,family_30,NC2-RANDOM,0.5,0.6667,10,2270,2270,196.0,16,4100,1,0,0,0.99,1,1,1,0,0,0,0,1,0,0,0.0,0.0,ebfe271f32b0ca40,1,1
task_0166,family_30,NC3-LENGTH,0.5,0.6667,10,5050,5050,500.0,21,10120,1,0,0,0.55,0,0,0,0,0,0,0,0,0,0,0.0,0.0,,1,0
task_0166,family_30,NC4-ABLATION,0.5,0.6667,10,920,920,61.0,14,1525,1,0,0,0.99,0,0,0,0,1,0,1,0,1,0,1.0,1.0,d1971c716fb92b8a,1,1
task_0167,family_31,B-COLD,0.0,0.0,11,5550,5550,504.54545454545456,23,11120,1,0,0,0.99,0,0,0,0,0,0,0,0,0,0,1.0,0.0,,1,0
task_0167,family_31,B-RAG-EMBED,0.0,0.0,11,800,800,54.54545454545455,13,1590,1,0,0,0.99,0,0,0,0,0,0,0,0,1,0,1.0,0.0,,1,1
task_0167,family_31,B-STAGEHAND-CACHE,0.0,0.0,11,600,600,54.54545454545455,12,1440,1,0,0,0.99,0,0,0,0,0,0,0,0,1,0,1.0,0.0,,1,1
task_0167,family_31,B-TERX-REPLAY,0.0,0.0,11,600,600,54.54545454545455,12,1440,1,0,0,0.99,0,0,0,0,0,0,0,0,1,0,1.0,0.0,,1,1
task_0167,family_31,P-STAGEHAND-TTL,0.0,0.0,11,650,650,59.09090909090909,13,1480,1,0,0,0.99,0,0,0,0,1,0,1,0,0,0,0.0,1.0,2933da0adbc79dab,1,1
task_0167,family_31,P-WEBMCP-TOOL,0.0,0.0,11,805,805,63.63636363636363,14,1530,1,0,0,0.99,0,0,0,0,0,0,0,1,1,1,0.0,0.0,b901c6770416538c,1,1
task_0167,family_31,P-SPIDER-MEA-BATCHED,0.0,0.0,11,970,970,60.0,15,1645,1,0,0,0.99,0,0,0,0,1,0,1,0,1,0,1.0,1.0,b901c6770416538c,1,1
task_0167,family_31,NC1-SHUFFLED,0.0,0.0,11,920,920,55.45454545454545,14,1605,1,0,0,0.9728,0,0,0,0,0,0,1,0,0,0,0.0,0.0,d90dcbc012db624c,1,1
task_0167,family_31,NC2-RANDOM,0.0,0.0,11,1010,1010,63.63636363636363,14,1670,1,0,0,0.99,0,0,0,0,0,0,0,1,0,0,0.0,0.0,43a69bbd1feb6430,1,1
task_0167,family_31,NC3-LENGTH,0.0,0.0,11,5550,5550,500.0,23,11120,1,0,0,0.55,0,0,0,0,0,0,0,0,0,0,0.0,0.0,,1,0
task_0167,family_31,NC4-ABLATION,0.0,0.0,11,930,930,56.36363636363637,15,1555,1,0,0,0.99,1,1,1,0,1,0,1,0,1,0,1.0,1.0,b901c6770416538c,1,1
task_0168,family_31,B-COLD,1.0,1.0,11,5550,5550,504.54545454545456,23,11120,1,0,0,0.99,0,0,0,0,0,0,0,0,0,0,0.0,0.0,,1,0
task_0168,family_31,B-RAG-EMBED,1.0,1.0,11,5750,5750,504.54545454545456,24,11270,1,0,0,0.99,0,0,0,0,0,0,0,0,0,0,0.0,0.0,,1,0
task_0168,family_31,B-STAGEHAND-CACHE,1.0,1.0,11,5550,5550,504.54545454545456,23,11120,1,0,0,0.99,0,0,0,0,0,0,0,0,0,0,0.0,0.0,,1,0
task_0168,family_31,B-TERX-REPLAY,1.0,1.0,11,5550,5550,504.54545454545456,23,11120,1,0,0,0.99,0,0,0,0,0,0,0,0,0,0,0.0,0.0,,1,0
task_0168,family_31,P-STAGEHAND-TTL,1.0,1.0,11,5510,5510,500.90909090909093,23,11030,1,0,0,0.99,1,1,1,0,0,0,0,0,0,0,0.0,0.0,6597b3252ec47d8f,1,0
task_0168,family_31,P-WEBMCP-TOOL,1.0,1.0,11,1165,1165,96.36363636363636,15,2345,1,0,0,0.9533,0,0,0,0,0,0,1,0,1,1,0.0,0.0,fd5678a1eb43e5aa,1,1
task_0168,family_31,P-SPIDER-MEA-BATCHED,1.0,1.0,11,1330,1330,92.72727272727273,15,2395,1,0,0,0.99,1,1,1,0,0,0,1,0,0,0,0.0,0.0,fd5678a1eb43e5aa,1,1
task_0168,family_31,NC1-SHUFFLED,1.0,1.0,11,1330,1330,92.72727272727273,15,2395,1,0,1,0.9162861992817247,1,1,1,0,0,0,1,0,0,0,0.0,0.0,9a18b5c8f4186768,0,0
task_0168,family_31,NC2-RANDOM,1.0,1.0,11,1460,1460,104.54545454545455,15,2550,1,0,1,0.8910292912849375,0,0,0,0,0,0,0,1,0,0,0.0,0.0,00e1bd8ff0a53b42,0,0
task_0168,family_31,NC3-LENGTH,1.0,1.0,11,5550,5550,500.0,23,11120,1,0,0,0.55,0,0,0,0,0,0,0,0,0,0,0.0,0.0,,1,0
task_0168,family_31,NC4-ABLATION,1.0,1.0,11,1370,1370,96.36363636363636,15,2485,1,0,0,0.99,0,0,0,0,0,0,1,0,0,0,0.0,0.0,fd5678a1eb43e5aa,1,1
task_0169,family_31,B-COLD,0.25,0.0,11,5550,5550,504.54545454545456,23,11120,1,0,0,0.99,0,0,0,0,0,0,0,0,0,0,1.0,0.0,,1,0
task_0169,family_31,B-RAG-EMBED,0.25,0.0,11,800,800,54.54545454545455,13,1590,1,0,0,0.99,0,0,0,0,0,0,0,0,1,0,1.0,0.0,,1,1
task_0169,family_31,B-STAGEHAND-CACHE,0.25,0.0,11,5550,5550,504.54545454545456,23,11120,1,0,0,0.99,0,0,0,0,0,0,0,0,1,0,1.0,0.0,,1,0
task_0169,family_31,B-TERX-REPLAY,0.25,0.0,11,5550,5550,504.54545454545456,23,11120,1,0,0,0.99,0,0,0,0,0,0,0,0,1,0,1.0,0.0,,1,0
task_0169,family_31,P-STAGEHAND-TTL,0.25,0.0,11,650,650,59.09090909090909,13,1480,1,0,0,0.9866,0,0,0,0,1,0,0,0,0,0,0.0,1.0,8c04fbd7ea7160e0,1,1
task_0169,family_31,P-WEBMCP-TOOL,0.25,0.0,11,715,715,55.45454545454545,14,1465,1,0,0,0.99,0,0,0,0,0,0,1,0,1,1,0.0,0.0,d7efb422aa55df1a,1,1
task_0169,family_31,P-SPIDER-MEA-BATCHED,0.25,0.0,11,970,970,60.0,15,1645,1,0,0,0.99,0,0,0,0,1,0,1,0,1,0,1.0,1.0,d7efb422aa55df1a,1,1
task_0169,family_31,NC1-SHUFFLED,0.25,0.0,11,1010,1010,63.63636363636363,14,1670,1,0,1,0.7853343253941972,0,0,0,0,0,0,0,1,0,0,0.0,0.0,20f16a4eb88723e9,0,0
task_0169,family_31,NC2-RANDOM,0.25,0.0,11,1010,1010,63.63636363636363,14,1670,1,0,0,0.99,0,0,0,0,0,0,0,1,0,0,0.0,0.0,e77aac5091a415e4,1,1
task_0169,family_31,NC3-LENGTH,0.25,0.0,11,5550,5550,500.0,23,11120,1,0,0,0.55,0,0,0,0,0,0,0,0,0,0,0.0,0.0,,1,0
task_0169,family_31,NC4-ABLATION,0.25,0.0,11,930,930,56.36363636363637,15,1555,1,0,0,0.99,1,1,1,0,1,0,1,0,1,0,1.0,1.0,d7efb422aa55df1a,1,1
task_0170,family_31,B-COLD,0.5,1.0,11,5550,5550,504.54545454545456,23,11120,1,0,0,0.9755,0,0,0,0,0,0,0,0,0,0,0.0,0.0,,1,0
task_0170,family_31,B-RAG-EMBED,0.5,1.0,11,5750,5750,504.54545454545456,24,11270,1,0,0,0.9755,0,0,0,0,0,0,0,0,0,0,0.0,0.0,,1,0
task_0170,family_31,B-STAGEHAND-CACHE,0.5,1.0,11,5550,5550,504.54545454545456,23,11120,1,0,0,0.9755,0,0,0,0,0,0,0,0,0,0,0.0,0.0,,1,0
task_0170,family_31,B-TERX-REPLAY,0.5,1.0,11,5550,5550,504.54545454545456,23,11120,1,0,0,0.9755,0,0,0,0,0,0,0,0,0,0,0.0,0.0,,1,0
task_0170,family_31,P-STAGEHAND-TTL,0.5,1.0,11,5510,5510,500.90909090909093,23,11030,1,0,0,0.99,1,1,1,0,0,0,0,0,0,0,0.0,0.0,d2107d19e376979a,1,0
task_0170,family_31,P-WEBMCP-TOOL,0.5,1.0,11,1125,1125,92.72727272727273,15,2255,1,0,0,0.99,1,1,1,0,0,0,1,0,1,1,0.0,0.0,4de15c199af9255d,1,1
task_0170,family_31,P-SPIDER-MEA-BATCHED,0.5,1.0,11,1420,1420,100.9090909090909,15,2460,1,0,1,0.0298,1,1,1,1,0,0,0,1,0,0,0.0,0.0,4de15c199af9255d,0,0
task_0170,family_31,NC1-SHUFFLED,0.5,1.0,11,1370,1370,96.36363636363636,15,2485,1,0,1,0.861568496632378,0,0,0,0,0,0,1,0,0,0,0.0,0.0,c580525810ad764e,0,0
task_0170,family_31,NC2-RANDOM,0.5,1.0,11,1460,1460,104.54545454545455,15,2550,1,0,1,0.8158365894523593,0,0,0,0,0,0,0,1,0,0,0.0,0.0,89161c1c64ba17f9,0,0
task_0170,family_31,NC3-LENGTH,0.5,1.0,11,5550,5550,500.0,23,11120,1,0,0,0.55,0,0,0,0,0,0,0,0,0,0,0.0,0.0,,1,0
task_0170,family_31,NC4-ABLATION,0.5,1.0,11,1370,1370,96.36363636363636,15,2485,1,0,1,0.0439,0,0,0,1,0,0,1,0,0,0,0.0,0.0,4de15c199af9255d,0,0
task_0171,family_31,B-COLD,0.75,1.0,11,5550,5550,504.54545454545456,23,11120,1,0,0,0.99,0,0,0,0,0,0,0,0,0,0,0.0,0.0,,1,0
task_0171,family_31,B-RAG-EMBED,0.75,1.0,11,5750,5750,504.54545454545456,24,11270,1,0,0,0.99,0,0,0,0,0,0,0,0,0,0,0.0,0.0,,1,0
task_0171,family_31,B-STAGEHAND-CACHE,0.75,1.0,11,5550,5550,504.54545454545456,23,11120,1,0,0,0.99,0,0,0,0,0,0,0,0,0,0,0.0,0.0,,1,0
task_0171,family_31,B-TERX-REPLAY,0.75,1.0,11,5550,5550,504.54545454545456,23,11120,1,0,0,0.99,0,0,0,0,0,0,0,0,0,0,0.0,0.0,,1,0
task_0171,family_31,P-STAGEHAND-TTL,0.75,1.0,11,5510,5510,500.90909090909093,23,11030,1,0,0,0.969,1,1,1,0,0,0,0,0,0,0,0.0,0.0,9eafa0b7f7c2ae34,1,0
task_0171,family_31,P-WEBMCP-TOOL,0.75,1.0,11,1125,1125,92.72727272727273,15,2255,1,0,1,0.0181,1,1,1,1,0,0,1,0,1,1,0.0,0.0,e5adcf2a2bbbb41d,0,0
task_0171,family_31,P-SPIDER-MEA-BATCHED,0.75,1.0,11,1330,1330,92.72727272727273,15,2395,1,0,1,0.01,1,1,1,1,0,0,1,0,0,0,0.0,0.0,e5adcf2a2bbbb41d,0,0
task_0171,family_31,NC1-SHUFFLED,0.75,1.0,11,1370,1370,96.36363636363636,15,2485,1,0,0,0.99,0,1,0,0,0,0,1,0,0,0,0.0,0.0,3086a9a3a8d6702a,1,1
task_0171,family_31,NC2-RANDOM,0.75,1.0,11,1420,1420,100.9090909090909,15,2460,1,0,1,0.8031230487590018,1,1,1,1,0,0,0,1,0,0,0.0,0.0,e26a164cc34f1a0f,0,0
task_0171,family_31,NC3-LENGTH,0.75,1.0,11,5550,5550,500.0,23,11120,1,0,0,0.55,0,0,0,0,0,0,0,0,0,0,0.0,0.0,,1,0
task_0171,family_31,NC4-ABLATION,0.75,1.0,11,1330,1330,92.72727272727273,15,2395,1,0,1,0.01,1,1,1,1,0,0,1,0,0,0,0.0,0.0,e5adcf2a2bbbb41d,0,0
task_0172,family_32,B-COLD,0.0,0.0,12,6050,6050,504.1666666666667,25,12120,1,0,0,0.9864,0,0,0,0,0,0,0,0,0,0,1.0,0.0,,1,0
task_0172,family_32,B-RAG-EMBED,0.0,0.0,12,850,850,54.166666666666664,14,1710,1,0,0,0.9864,0,0,0,0,0,0,0,0,1,0,1.0,0.0,,1,1
task_0172,family_32,B-STAGEHAND-CACHE,0.0,0.0,12,650,650,54.166666666666664,13,1560,1,0,0,0.9864,0,0,0,0,0,0,0,0,1,0,1.0,0.0,,1,1
task_0172,family_32,B-TERX-REPLAY,0.0,0.0,12,650,650,54.166666666666664,13,1560,1,0,0,0.9864,0,0,0,0,0,0,0,0,1,0,1.0,0.0,,1,1
task_0172,family_32,P-STAGEHAND-TTL,0.0,0.0,12,660,660,55.0,14,1510,1,0,0,0.99,1,1,1,0,1,0,1,0,0,0,0.0,1.0,8c0ba4e9bbb11a08,1,1
task_0172,family_32,P-WEBMCP-TOOL,0.0,0.0,12,815,815,59.166666666666664,15,1560,1,0,0,0.9839,1,1,1,0,0,0,0,1,1,1,0.0,0.0,b0a105624539f766,1,1
task_0172,family_32,P-SPIDER-MEA-BATCHED,0.0,0.0,12,1020,1020,59.166666666666664,16,1765,1,0,0,0.9887,0,1,0,0,1,0,1,0,1,0,1.0,1.0,b0a105624539f766,1,1
task_0172,family_32,NC1-SHUFFLED,0.0,0.0,12,980,980,55.833333333333336,16,1675,1,0,1,0.7993462399292758,1,1,1,0,1,0,1,0,0,0,0.16666666666666666,0.3333333333333333,45457a73393a9f11,0,0
task_0172,family_32,NC2-RANDOM,0.0,0.0,12,1020,1020,59.166666666666664,15,1700,1,0,1,0.7805754996759005,1,1,1,0,0,0,0,1,0,0,0.0,0.0,c06aba538a20e256,0,0
task_0172,family_32,NC3-LENGTH,0.0,0.0,12,6050,6050,500.0,25,12120,1,0,0,0.55,0,0,0,0,0,0,0,0,0,0,0.0,0.0,,1,0
task_0172,family_32,NC4-ABLATION,0.0,0.0,12,1070,1070,63.333333333333336,16,1740,1,0,0,0.99,1,1,1,0,1,0,0,1,1,0,1.0,1.0,b0a105624539f766,1,1
task_0173,family_32,B-COLD,0.25,0.5,12,6050,6050,504.1666666666667,25,12120,1,0,0,0.99,0,0,0,0,0,0,0,0,0,0,0.6666666666666666,0.0,,1,0
task_0173,family_32,B-RAG-EMBED,0.25,0.5,12,3550,3550,279.1666666666667,20,6990,1,0,0,0.99,0,0,0,0,0,0,0,0,1,0,0.6666666666666666,0.0,,1,1
task_0173,family_32,B-STAGEHAND-CACHE,0.25,0.5,12,6050,6050,504.1666666666667,25,12120,1,0,0,0.99,0,0,0,0,0,0,0,0,1,0,0.6666666666666666,0.0,,1,0
task_0173,family_32,B-TERX-REPLAY,0.25,0.5,12,6050,6050,504.1666666666667,25,12120,1,0,0,0.99,0,0,0,0,0,0,0,0,1,0,0.6666666666666666,0.0,,1,0
task_0173,family_32,P-STAGEHAND-TTL,0.25,0.5,12,660,660,55.0,14,1510,1,0,1,0.8662891327676948,1,1,1,0,1,0,0,0,0,0,0.0,1.0,8f4516785712cce0,0,0
task_0173,family_32,P-WEBMCP-TOOL,0.25,0.5,12,725,725,51.666666666666664,15,1495,1,0,0,0.99,1,1,1,0,0,0,1,0,1,1,0.0,0.0,0f7e90e9d4be763a,1,1
task_0173,family_32,P-SPIDER-MEA-BATCHED,0.25,0.5,12,1020,1020,59.166666666666664,16,1765,1,0,0,0.9582,0,0,0,0,1,0,1,0,1,0,0.6666666666666666,1.0,0f7e90e9d4be763a,1,1
task_0173,family_32,NC1-SHUFFLED,0.25,0.5,12,980,980,55.833333333333336,16,1675,1,0,1,0.9593233865718007,1,1,1,1,1,0,1,0,0,0,0.16666666666666666,0.3333333333333333,bb0a2d6ebd64c0db,0,0
task_0173,family_32,NC2-RANDOM,0.25,0.5,12,1960,1960,137.5,17,3550,1,0,0,0.99,0,0,0,0,0,0,0,1,0,0,0.0,0.0,8510794379417174,1,1
task_0173,family_32,NC3-LENGTH,0.25,0.5,12,6050,6050,500.0,25,12120,1,0,0,0.55,0,0,0,0,0,0,0,0,0,0,0.0,0.0,,1,0
task_0173,family_32,NC4-ABLATION,0.25,0.5,12,980,980,55.833333333333336,16,1675,1,0,1,0.0418,1,1,1,1,1,0,1,0,1,0,0.6666666666666666,1.0,0f7e90e9d4be763a,0,0
task_0174,family_32,B-COLD,0.5,0.5,12,6050,6050,504.1666666666667,25,12120,1,0,0,0.9613,0,0,0,0,0,0,0,0,0,0,0.6666666666666666,0.0,,1,0
task_0174,family_32,B-RAG-EMBED,0.5,0.5,12,3550,3550,279.1666666666667,20,6990,1,0,0,0.9613,0,0,0,0,0,0,0,0,1,0,0.6666666666666666,0.0,,1,1
task_0174,family_32,B-STAGEHAND-CACHE,0.5,0.5,12,6050,6050,504.1666666666667,25,12120,1,0,0,0.9613,0,0,0,0,0,0,0,0,1,0,0.6666666666666666,0.0,,1,0
task_0174,family_32,B-TERX-REPLAY,0.5,0.5,12,6050,6050,504.1666666666667,25,12120,1,0,0,0.9613,0,0,0,0,0,0,0,0,1,0,0.6666666666666666,0.0,,1,0
task_0174,family_32,P-STAGEHAND-TTL,0.5,0.5,12,660,660,55.0,14,1510,1,0,0,0.99,1,1,1,0,1,0,0,0,0,0,0.0,1.0,2874f09643a09078,1,1
task_0174,family_32,P-WEBMCP-TOOL,0.5,0.5,12,765,765,55.0,15,1585,1,0,0,0.99,0,0,0,0,0,0,1,0,1,1,0.0,0.0,db9b52ec22f247c0,1,1
task_0174,family_32,P-SPIDER-MEA-BATCHED,0.5,0.5,12,980,980,55.833333333333336,16,1675,1,0,1,0.0237,1,1,1,1,1,0,1,0,1,0,0.6666666666666666,1.0,db9b52ec22f247c0,0,0
task_0174,family_32,NC1-SHUFFLED,0.5,0.5,12,1870,1870,130.0,17,3485,1,0,1,0.8661316371217056,0,0,0,0,0,0,1,0,0,0,0.0,0.0,4c28900d2b3e9e06,0,0
task_0174,family_32,NC2-RANDOM,0.5,0.5,12,1920,1920,134.16666666666666,17,3460,1,0,0,0.99,1,1,1,0,0,0,0,1,0,0,0.0,0.0,4fdd9fedf86436f3,1,1
task_0174,family_32,NC3-LENGTH,0.5,0.5,12,6050,6050,500.0,25,12120,1,0,0,0.55,0,0,0,0,0,0,0,0,0,0,0.0,0.0,,1,0
task_0174,family_32,NC4-ABLATION,0.5,0.5,12,1020,1020,59.166666666666664,16,1765,1,0,0,0.99,0,0,0,0,1,0,1,0,1,0,0.6666666666666666,1.0,db9b52ec22f247c0,1,1
task_0175,family_32,B-COLD,0.75,1.0,12,6050,6050,504.1666666666667,25,12120,1,0,0,0.99,0,0,0,0,0,0,0,0,0,0,0.3333333333333333,0.0,,1,0
task_0175,family_32,B-RAG-EMBED,0.75,1.0,12,6250,6250,504.1666666666667,26,12270,1,0,0,0.99,0,0,0,0,0,0,0,0,1,0,0.3333333333333333,0.0,,1,0
task_0175,family_32,B-STAGEHAND-CACHE,0.75,1.0,12,6050,6050,504.1666666666667,25,12120,1,0,0,0.99,0,0,0,0,0,0,0,0,1,0,0.3333333333333333,0.0,,1,0
task_0175,family_32,B-TERX-REPLAY,0.75,1.0,12,6050,6050,504.1666666666667,25,12120,1,0,0,0.99,0,0,0,0,0,0,0,0,1,0,0.3333333333333333,0.0,,1,0
task_0175,family_32,P-STAGEHAND-TTL,0.75,1.0,12,700,700,58.333333333333336,14,1600,1,0,0,0.9737,0,0,0,0,1,0,0,0,0,0,0.0,0.3333333333333333,b7415bc8807ef5d7,1,1
task_0175,family_32,P-WEBMCP-TOOL,0.75,1.0,12,765,765,55.0,15,1585,1,0,0,0.99,0,1,0,0,0,0,1,0,1,1,0.0,0.0,319118214be3f7f6,1,1
task_0175,family_32,P-SPIDER-MEA-BATCHED,0.75,1.0,12,1020,1020,59.166666666666664,16,1765,1,0,0,0.99,0,0,0,0,1,0,1,0,1,0,0.3333333333333333,0.3333333333333333,319118214be3f7f6,1,1
task_0175,family_32,NC1-SHUFFLED,0.75,1.0,12,1020,1020,59.166666666666664,16,1765,1,0,1,0.8129633864730997,0,0,0,1,1,0,1,0,0,0,0.16666666666666666,0.3333333333333333,af77a7d80edad298,0,0
task_0175,family_32,NC2-RANDOM,0.75,1.0,12,1960,1960,137.5,17,3550,1,0,1,0.9190308299985792,0,0,0,0,0,0,0,1,0,0,0.0,0.0,b998e3cf9ac77e24,0,0
task_0175,family_32,NC3-LENGTH,0.75,1.0,12,6050,6050,500.0,25,12120,1,0,0,0.55,0,0,0,0,0,0,0,0,0,0,0.0,0.0,,1,0
task_0175,family_32,NC4-ABLATION,0.75,1.0,12,1830,1830,126.66666666666667,17,3395,1,0,0,0.99,1,1,1,0,0,0,1,0,1,0,0.3333333333333333,0.3333333333333333,319118214be3f7f6,1,1
task_0176,family_32,B-COLD,1.0,1.0,12,6050,6050,504.1666666666667,25,12120,1,0,0,0.99,0,0,0,0,0,0,0,0,0,0,0.6666666666666666,0.0,,1,0
task_0176,family_32,B-RAG-EMBED,1.0,1.0,12,6250,6250,504.1666666666667,26,12270,1,0,0,0.99,0,0,0,0,0,0,0,0,1,0,0.6666666666666666,0.0,,1,0
task_0176,family_32,B-STAGEHAND-CACHE,1.0,1.0,12,6050,6050,504.1666666666667,25,12120,1,0,0,0.99,0,0,0,0,0,0,0,0,1,0,0.6666666666666666,0.0,,1,0
task_0176,family_32,B-TERX-REPLAY,1.0,1.0,12,6050,6050,504.1666666666667,25,12120,1,0,0,0.99,0,0,0,0,0,0,0,0,1,0,0.6666666666666666,0.0,,1,0
task_0176,family_32,P-STAGEHAND-TTL,1.0,1.0,12,700,700,58.333333333333336,14,1600,1,0,0,0.99,0,0,0,0,1,0,0,0,0,0,0.0,1.0,b8bc33eb060aa394,1,1
task_0176,family_32,P-WEBMCP-TOOL,1.0,1.0,12,765,765,55.0,15,1585,1,0,0,0.99,0,0,0,0,0,0,1,0,1,1,0.0,0.0,8628c2d3a8773895,1,1
task_0176,family_32,P-SPIDER-MEA-BATCHED,1.0,1.0,12,980,980,55.833333333333336,16,1675,1,0,0,0.961,1,1,1,0,1,0,1,0,1,0,0.6666666666666666,1.0,8628c2d3a8773895,1,1
task_0176,family_32,NC1-SHUFFLED,1.0,1.0,12,980,980,55.833333333333336,16,1675,1,0,0,0.977,1,1,1,0,1,0,1,0,1,0,0.5,1.0,6d516f3c5b330b7a,1,1
task_0176,family_32,NC2-RANDOM,1.0,1.0,12,1960,1960,137.5,17,3550,1,0,1,0.9554768180486345,0,0,0,0,0,0,0,1,0,0,0.0,0.0,f3de809805770ec8,0,0
task_0176,family_32,NC3-LENGTH,1.0,1.0,12,6050,6050,500.0,25,12120,1,0,0,0.55,0,0,0,0,0,0,0,0,0,0,0.0,0.0,,1,0
task_0176,family_32,NC4-ABLATION,1.0,1.0,12,1020,1020,59.166666666666664,16,1765,1,0,0,0.99,0,0,0,0,1,0,1,0,1,0,0.6666666666666666,1.0,8628c2d3a8773895,1,1
task_0177,family_33,B-COLD,0.0,0.0,13,6550,6550,503.84615384615387,27,13120,1,0,0,0.99,0,0,0,0,0,0,0,0,0,0,1.0,0.0,,1,0
task_0177,family_33,B-RAG-EMBED,0.0,0.0,13,900,900,53.84615384615385,15,1830,1,0,0,0.99,0,0,0,0,0,0,0,0,1,0,1.0,0.0,,1,1
task_0177,family_33,B-STAGEHAND-CACHE,0.0,0.0,13,700,700,53.84615384615385,14,1680,1,0,0,0.99,0,0,0,0,0,0,0,0,1,0,1.0,0.0,,1,1
task_0177,family_33,B-TERX-REPLAY,0.0,0.0,13,700,700,53.84615384615385,14,1680,1,0,0,0.99,0,0,0,0,0,0,0,0,1,0,1.0,0.0,,1,1
task_0177,family_33,P-STAGEHAND-TTL,0.0,0.0,13,710,710,54.61538461538461,15,1630,1,0,0,0.9634,1,1,1,0,1,0,1,0,0,0,0.0,1.0,e023361bcba81e53,1,1
task_0177,family_33,P-WEBMCP-TOOL,0.0,0.0,13,815,815,54.61538461538461,16,1705,1,0,0,0.99,0,0,0,0,0,0,1,0,1,1,0.0,0.0,1ff1a75db862f3e2,1,1
task_0177,family_33,P-SPIDER-MEA-BATCHED,0.0,0.0,13,1030,1030,55.38461538461539,17,1795,1,0,0,0.99,1,1,1,0,1,0,1,0,1,0,1.0,1.0,1ff1a75db862f3e2,1,1
task_0177,family_33,NC1-SHUFFLED,0.0,0.0,13,1570,1570,96.92307692307692,18,2820,0,1,0,0.9527571158902355,1,1,1,0,0,0,0,1,0,0,0.0,0.0,b1f9de430d7e7289,0,1
task_0177,family_33,NC2-RANDOM,0.0,0.0,13,1570,1570,96.92307692307692,18,2820,0,1,0,0.8105648450327732,1,1,1,0,0,0,0,1,0,0,0.0,0.0,2a6b65c925fc53aa,0,1
task_0177,family_33,NC3-LENGTH,0.0,0.0,13,6550,6550,500.0,27,13120,1,0,0,0.55,0,0,0,0,0,0,0,0,0,0,0.0,0.0,,1,0
task_0177,family_33,NC4-ABLATION,0.0,0.0,13,1070,1070,58.46153846153846,17,1885,1,0,0,0.99,0,1,0,0,1,0,1,0,1,0,1.0,1.0,1ff1a75db862f3e2,1,1
task_0178,family_33,B-COLD,0.5,0.5,13,6550,6550,503.84615384615387,27,13120,1,0,0,0.99,0,0,0,0,0,0,0,0,0,0,0.5,0.0,,1,0
task_0178,family_33,B-RAG-EMBED,0.5,0.5,13,3600,3600,261.53846153846155,21,7110,1,0,0,0.99,0,0,0,0,0,0,0,0,1,0,0.5,0.0,,1,1
task_0178,family_33,B-STAGEHAND-CACHE,0.5,0.5,13,6550,6550,503.84615384615387,27,13120,1,0,0,0.99,0,0,0,0,0,0,0,0,1,0,0.5,0.0,,1,0
task_0178,family_33,B-TERX-REPLAY,0.5,0.5,13,6550,6550,503.84615384615387,27,13120,1,0,0,0.99,0,0,0,0,0,0,0,0,1,0,0.5,0.0,,1,0
task_0178,family_33,P-STAGEHAND-TTL,0.5,0.5,13,750,750,57.69230769230769,15,1720,1,0,0,0.9553,0,0,0,0,1,0,0,0,0,0,0.0,1.0,fe44620828ae5949,1,1
task_0178,family_33,P-WEBMCP-TOOL,0.5,0.5,13,1225,1225,86.15384615384616,17,2495,1,0,0,0.99,1,1,1,0,0,0,1,0,1,1,0.0,0.0,093c8f94cc804838,1,1
task_0178,family_33,P-SPIDER-MEA-BATCHED,0.5,0.5,13,1070,1070,58.46153846153846,17,1885,1,0,0,0.99,0,0,0,0,1,0,1,0,1,0,0.5,1.0,093c8f94cc804838,1,1
task_0178,family_33,NC1-SHUFFLED,0.5,0.5,13,1920,1920,123.84615384615384,18,3605,1,0,1,0.8466047580633639,0,0,0,0,0,0,1,0,0,0,0.0,0.0,dbedee440d558d4e,0,0
task_0178,family_33,NC2-RANDOM,0.5,0.5,13,2010,2010,130.76923076923077,18,3670,1,0,1,0.9218791866079581,0,0,0,0,0,0,0,1,0,0,0.0,0.0,c9be81081525b67e,0,0
task_0178,family_33,NC3-LENGTH,0.5,0.5,13,6550,6550,500.0,27,13120,1,0,0,0.55,0,0,0,0,0,0,0,0,0,0,0.0,0.0,,1,0
task_0178,family_33,NC4-ABLATION,0.5,0.5,13,1030,1030,55.38461538461539,17,1795,1,0,1,0.037,1,1,1,1,1,0,1,0,1,0,0.5,1.0,093c8f94cc804838,0,0
task_0179,family_33,B-COLD,0.75,1.0,13,6550,6550,503.84615384615387,27,13120,1,0,0,0.99,0,0,0,0,0,0,0,0,0,0,0.0,0.0,,1,0
task_0179,family_33,B-RAG-EMBED,0.75,1.0,13,6750,6750,503.84615384615387,28,13270,1,0,0,0.99,0,0,0,0,0,0,0,0,0,0,0.0,0.0,,1,0
task_0179,family_33,B-STAGEHAND-CACHE,0.75,1.0,13,6550,6550,503.84615384615387,27,13120,1,0,0,0.99,0,0,0,0,0,0,0,0,0,0,0.0,0.0,,1,0
task_0179,family_33,B-TERX-REPLAY,0.75,1.0,13,6550,6550,503.84615384615387,27,13120,1,0,0,0.99,0,0,0,0,0,0,0,0,0,0,0.0,0.0,,1,0
task_0179,family_33,P-STAGEHAND-TTL,0.75,1.0,13,6510,6510,500.7692307692308,27,13030,1,0,0,0.9797,1,1,1,0,0,0,0,0,0,0,0.0,0.0,ede393f4c1b0a244,1,0
task_0179,family_33,P-WEBMCP-TOOL,0.75,1.0,13,1715,1715,123.84615384615384,18,3465,1,0,0,0.9678,0,0,0,0,0,0,1,0,1,1,0.0,0.0,12dcc9c8c8464689,1,1
task_0179,family_33,P-SPIDER-MEA-BATCHED,0.75,1.0,13,1880,1880,120.76923076923077,18,3515,1,0,1,0.01,1,1,1,1,0,0,1,0,0,0,0.0,0.0,12dcc9c8c8464689,0,0
task_0179,family_33,NC1-SHUFFLED,0.75,1.0,13,2380,2380,159.23076923076923,20,4515,0,1,0,0.8926534360736167,1,1,1,0,0,0,1,0,0,0,0.0,0.0,2bcc1491bd8c22e7,0,1
task_0179,family_33,NC2-RANDOM,0.75,1.0,13,1970,1970,127.6923076923077,18,3580,1,0,1,0.9033813845408117,1,1,1,1,0,0,0,1,0,0,0.0,0.0,1a12de6d88a99ec2,0,0
task_0179,family_33,NC3-LENGTH,0.75,1.0,13,6550,6550,500.0,27,13120,1,0,0,0.55,0,0,0,0,0,0,0,0,0,0,0.0,0.0,,1,0
task_0179,family_33,NC4-ABLATION,0.75,1.0,13,1920,1920,123.84615384615384,18,3605,1,0,1,0.0124,0,1,0,1,0,0,1,0,0,0,0.0,0.0,12dcc9c8c8464689,0,0
task_0180,family_33,B-COLD,1.0,1.0,13,6550,6550,503.84615384615387,27,13120,1,0,0,0.99,0,0,0,0,0,0,0,0,0,0,0.0,0.0,,1,0
task_0180,family_33,B-RAG-EMBED,1.0,1.0,13,6750,6750,503.84615384615387,28,13270,1,0,0,0.99,0,0,0,0,0,0,0,0,0,0,0.0,0.0,,1,0
task_0180,family_33,B-STAGEHAND-CACHE,1.0,1.0,13,6550,6550,503.84615384615387,27,13120,1,0,0,0.99,0,0,0,0,0,0,0,0,0,0,0.0,0.0,,1,0
task_0180,family_33,B-TERX-REPLAY,1.0,1.0,13,6550,6550,503.84615384615387,27,13120,1,0,0,0.99,0,0,0,0,0,0,0,0,0,0,0.0,0.0,,1,0
task_0180,family_33,P-STAGEHAND-TTL,1.0,1.0,13,6550,6550,503.84615384615387,27,13120,1,0,0,0.952,0,0,0,0,0,0,0,0,0,0,0.0,0.0,1b3ca33d4dc976ab,1,0
task_0180,family_33,P-WEBMCP-TOOL,1.0,1.0,13,1805,1805,130.76923076923077,18,3530,1,0,0,0.9848,0,0,0,0,0,0,0,1,1,1,0.0,0.0,a51e54c60b9c4094,1,1
task_0180,family_33,P-SPIDER-MEA-BATCHED,1.0,1.0,13,1970,1970,127.6923076923077,18,3580,1,0,1,0.01,1,1,1,1,0,0,0,1,0,0,0.0,0.0,a51e54c60b9c4094,0,0
task_0180,family_33,NC1-SHUFFLED,1.0,1.0,13,1920,1920,123.84615384615384,18,3605,1,0,0,0.9893,0,0,0,0,0,0,1,0,0,0,0.0,0.0,5bf5c6ba866b9185,1,1
task_0180,family_33,NC2-RANDOM,1.0,1.0,13,1970,1970,127.6923076923077,18,3580,1,0,1,0.7802770435718097,1,1,1,1,0,0,0,1,0,0,0.0,0.0,c909de0416f5867a,0,0
task_0180,family_33,NC3-LENGTH,1.0,1.0,13,6550,6550,500.0,27,13120,1,0,0,0.55,0,0,0,0,0,0,0,0,0,0,0.0,0.0,,1,0
task_0180,family_33,NC4-ABLATION,1.0,1.0,13,1880,1880,120.76923076923077,18,3515,1,0,1,0.0454,1,1,1,1,0,0,1,0,0,0,0.0,0.0,a51e54c60b9c4094,0,0
task_0181,family_33,B-COLD,0.25,0.5,13,6550,6550,503.84615384615387,27,13120,1,0,0,0.9577,0,0,0,0,0,0,0,0,0,0,0.5,0.0,,1,0
task_0181,family_33,B-RAG-EMBED,0.25,0.5,13,3600,3600,261.53846153846155,21,7110,1,0,0,0.9577,0,0,0,0,0,0,0,0,1,0,0.5,0.0,,1,1
task_0181,family_33,B-STAGEHAND-CACHE,0.25,0.5,13,6550,6550,503.84615384615387,27,13120,1,0,0,0.9577,0,0,0,0,0,0,0,0,1,0,0.5,0.0,,1,0
task_0181,family_33,B-TERX-REPLAY,0.25,0.5,13,6550,6550,503.84615384615387,27,13120,1,0,0,0.9577,0,0,0,0,0,0,0,0,1,0,0.5,0.0,,1,0
task_0181,family_33,P-STAGEHAND-TTL,0.25,0.5,13,710,710,54.61538461538461,15,1630,1,0,1,0.9492588389237868,1,1,1,0,1,0,0,0,0,0,0.0,1.0,a76fd6654635724c,0,0
task_0181,family_33,P-WEBMCP-TOOL,0.25,0.5,13,1225,1225,86.15384615384616,17,2495,1,0,0,0.99,1,1,1,0,0,0,1,0,1,1,0.0,0.0,b890d9f28448154a,1,1
task_0181,family_33,P-SPIDER-MEA-BATCHED,0.25,0.5,13,1070,1070,58.46153846153846,17,1885,1,0,0,0.99,0,0,0,0,1,0,1,0,1,0,0.5,1.0,b890d9f28448154a,1,1
task_0181,family_33,NC1-SHUFFLED,0.25,0.5,13,2010,2010,130.76923076923077,18,3670,1,0,1,0.8400112713124787,0,0,0,0,0,0,0,1,0,0,0.0,0.0,44a56fd667277c6b,0,0
task_0181,family_33,NC2-RANDOM,0.25,0.5,13,2010,2010,130.76923076923077,18,3670,1,0,1,0.8822558737809337,0,0,0,1,0,0,0,1,0,0,0.0,0.0,5663b3e50d02cf7c,0,0
task_0181,family_33,NC3-LENGTH,0.25,0.5,13,6550,6550,500.0,27,13120,1,0,0,0.55,0,0,0,0,0,0,0,0,0,0,0.0,0.0,,1,0
task_0181,family_33,NC4-ABLATION,0.25,0.5,13,1070,1070,58.46153846153846,17,1885,1,0,0,0.99,0,0,0,0,1,0,1,0,1,0,0.5,1.0,b890d9f28448154a,1,1
task_0182,family_34,B-COLD,0.0,0.0,14,7050,7050,503.57142857142856,29,14120,1,0,0,0.9723,0,0,0,0,0,0,0,0,0,0,1.0,0.0,,1,0
task_0182,family_34,B-RAG-EMBED,0.0,0.0,14,950,950,53.57142857142857,16,1950,1,0,0,0.9723,0,0,0,0,0,0,0,0,1,0,1.0,0.0,,1,1
task_0182,family_34,B-STAGEHAND-CACHE,0.0,0.0,14,750,750,53.57142857142857,15,1800,1,0,0,0.9723,0,0,0,0,0,0,0,0,1,0,1.0,0.0,,1,1
task_0182,family_34,B-TERX-REPLAY,0.0,0.0,14,750,750,53.57142857142857,15,1800,1,0,0,0.9723,0,0,0,0,0,0,0,0,1,0,1.0,0.0,,1,1
task_0182,family_34,P-STAGEHAND-TTL,0.0,0.0,14,800,800,57.142857142857146,16,1840,1,0,0,0.99,0,1,0,0,1,0,1,0,0,0,0.0,1.0,2e5eed10828dc109,1,1
task_0182,family_34,P-WEBMCP-TOOL,0.0,0.0,14,825,825,51.42857142857143,17,1735,1,0,0,0.9653,1,1,1,0,0,0,1,0,1,1,0.0,0.0,5bf6969636a03bab,1,1
task_0182,family_34,P-SPIDER-MEA-BATCHED,0.0,0.0,14,1080,1080,55.0,18,1915,1,0,0,0.99,1,1,1,0,1,0,1,0,1,0,1.0,1.0,5bf6969636a03bab,1,1
task_0182,family_34,NC1-SHUFFLED,0.0,0.0,14,1580,1580,90.71428571428571,20,2915,0,1,0,0.9261213955524313,1,1,1,0,1,0,1,0,0,0,0.1111111111111111,0.3333333333333333,164d217cca95cd47,0,1
task_0182,family_34,NC2-RANDOM,0.0,0.0,14,1120,1120,57.857142857142854,17,1940,1,0,1,0.7947039383534048,1,1,1,0,0,0,0,1,0,0,0.0,0.0,dcf32dcca5d9fef4,0,0
task_0182,family_34,NC3-LENGTH,0.0,0.0,14,7050,7050,500.0,29,14120,1,0,0,0.55,0,0,0,0,0,0,0,0,0,0,0.0,0.0,,1,0
task_0182,family_34,NC4-ABLATION,0.0,0.0,14,1210,1210,64.28571428571429,18,2070,1,0,0,0.99,0,1,0,0,1,0,0,1,1,0,1.0,1.0,5bf6969636a03bab,1,1
task_0183,family_34,B-COLD,0.75,0.6667,14,7050,7050,503.57142857142856,29,14120,1,0,0,0.9742,0,0,0,0,0,0,0,0,0,0,0.5555555555555556,0.0,,1,0
task_0183,family_34,B-RAG-EMBED,0.75,0.6667,14,5000,5000,342.85714285714283,25,9870,1,0,0,0.9742,0,0,0,0,0,0,0,0,1,0,0.5555555555555556,0.0,,1,1
task_0183,family_34,B-STAGEHAND-CACHE,0.75,0.6667,14,7050,7050,503.57142857142856,29,14120,1,0,0,0.9742,0,0,0,0,0,0,0,0,1,0,0.5555555555555556,0.0,,1,0
task_0183,family_34,B-TERX-REPLAY,0.75,0.6667,14,7050,7050,503.57142857142856,29,14120,1,0,0,0.9742,0,0,0,0,0,0,0,0,1,0,0.5555555555555556,0.0,,1,0
task_0183,family_34,P-STAGEHAND-TTL,0.75,0.6667,14,760,760,54.285714285714285,16,1750,1,0,0,0.9834,1,1,1,0,1,0,0,0,0,0,0.0,1.0,47fa2af9696a2b0f,1,1
task_0183,family_34,P-WEBMCP-TOOL,0.75,0.6667,14,865,865,54.285714285714285,17,1825,1,0,0,0.99,0,0,0,0,0,0,1,0,1,1,0.0,0.0,2da1a591a013942d,1,1
task_0183,family_34,P-SPIDER-MEA-BATCHED,0.75,0.6667,14,1120,1120,57.857142857142854,18,2005,1,0,0,0.99,0,0,0,0,1,0,1,0,1,0,0.5555555555555556,1.0,2da1a591a013942d,1,1
task_0183,family_34,NC1-SHUFFLED,0.75,0.6667,14,1080,1080,55.0,18,1915,1,0,1,0.8426678209816753,1,1,1,0,1,0,1,0,0,0,0.2222222222222222,0.3333333333333333,7641e2202e206669,0,0
task_0183,family_34,NC2-RANDOM,0.75,0.6667,14,2470,2470,154.28571428571428,20,4580,1,0,0,0.9677,1,1,1,0,0,0,0,1,0,0,0.0,0.0,97fb33515c8254f3,1,1
task_0183,family_34,NC3-LENGTH,0.75,0.6667,14,7050,7050,500.0,29,14120,1,0,0,0.55,0,0,0,0,0,0,0,0,0,0,0.0,0.0,,1,0
task_0183,family_34,NC4-ABLATION,0.75,0.6667,14,1080,1080,55.0,18,1915,1,0,0,0.9602,1,1,1,0,1,0,1,0,1,0,0.5555555555555556,1.0,2da1a591a013942d,1,1
task_0184,family_34,B-COLD,1.0,1.0,14,7050,7050,503.57142857142856,29,14120,1,0,0,0.9766,0,0,0,0,0,0,0,0,0,0,0.3333333333333333,0.0,,1,0
task_0184,family_34,B-RAG-EMBED,1.0,1.0,14,7250,7250,503.57142857142856,30,14270,1,0,0,0.9766,0,0,0,0,0,0,0,0,1,0,0.3333333333333333,0.0,,1,0
task_0184,family_34,B-STAGEHAND-CACHE,1.0,1.0,14,7050,7050,503.57142857142856,29,14120,1,0,0,0.9766,0,0,0,0,0,0,0,0,1,0,0.3333333333333333,0.0,,1,0
task_0184,family_34,B-TERX-REPLAY,1.0,1.0,14,7050,7050,503.57142857142856,29,14120,1,0,0,0.9766,0,0,0,0,0,0,0,0,1,0,0.3333333333333333,0.0,,1,0
task_0184,family_34,P-STAGEHAND-TTL,1.0,1.0,14,800,800,57.142857142857146,16,1840,1,0,0,0.99,0,1,0,0,1,0,0,0,0,0,0.0,0.3333333333333333,0185af20ee1b3612,1,1
task_0184,family_34,P-WEBMCP-TOOL,1.0,1.0,14,865,865,54.285714285714285,17,1825,1,0,0,0.9659,0,0,0,0,0,0,1,0,1,1,0.0,0.0,80391e8f2f9b94fe,1,1
task_0184,family_34,P-SPIDER-MEA-BATCHED,1.0,1.0,14,1120,1120,57.857142857142854,18,2005,1,0,1,0.01,0,0,0,1,1,0,1,0,1,0,0.3333333333333333,0.3333333333333333,80391e8f2f9b94fe,0,0
task_0184,family_34,NC1-SHUFFLED,1.0,1.0,14,1210,1210,64.28571428571429,18,2070,1,0,1,0.9467408427969175,0,0,0,1,1,0,0,1,1,0,0.3333333333333333,1.0,5581bd7121f0f69a,0,0
task_0184,family_34,NC2-RANDOM,1.0,1.0,14,2470,2470,154.28571428571428,20,4580,1,0,1,0.9233344489054208,1,1,1,1,0,0,0,1,0,0,0.0,0.0,6a8d0295acdfafb2,0,0
task_0184,family_34,NC3-LENGTH,1.0,1.0,14,7050,7050,500.0,29,14120,1,0,0,0.55,0,0,0,0,0,0,0,0,0,0,0.0,0.0,,1,0
task_0184,family_34,NC4-ABLATION,1.0,1.0,14,2420,2420,150.71428571428572,20,4605,1,0,0,0.99,0,0,0,0,0,0,1,0,1,0,0.3333333333333333,0.3333333333333333,80391e8f2f9b94fe,1,1
task_0185,family_34,B-COLD,0.25,0.3333,14,7050,7050,503.57142857142856,29,14120,1,0,0,0.99,0,0,0,0,0,0,0,0,0,0,0.7777777777777778,0.0,,1,0
task_0185,family_34,B-RAG-EMBED,0.25,0.3333,14,3200,3200,214.28571428571428,21,6350,1,0,0,0.99,0,0,0,0,0,0,0,0,1,0,0.7777777777777778,0.0,,1,1
task_0185,family_34,B-STAGEHAND-CACHE,0.25,0.3333,14,7050,7050,503.57142857142856,29,14120,1,0,0,0.99,0,0,0,0,0,0,0,0,1,0,0.7777777777777778,0.0,,1,0
task_0185,family_34,B-TERX-REPLAY,0.25,0.3333,14,7050,7050,503.57142857142856,29,14120,1,0,0,0.99,0,0,0,0,0,0,0,0,1,0,0.7777777777777778,0.0,,1,0
task_0185,family_34,P-STAGEHAND-TTL,0.25,0.3333,14,800,800,57.142857142857146,16,1840,1,0,0,0.99,0,0,0,0,1,0,0,0,0,0,0.0,1.0,d4ceda90d327dd99,1,1
task_0185,family_34,P-WEBMCP-TOOL,0.25,0.3333,14,865,865,54.285714285714285,17,1825,1,0,1,0.01,0,1,0,1,0,0,1,0,1,1,0.0,0.0,d50a25905a6d296a,0,0
task_0185,family_34,P-SPIDER-MEA-BATCHED,0.25,0.3333,14,1120,1120,57.857142857142854,18,2005,1,0,0,0.9554,0,0,0,0,1,0,1,0,1,0,0.7777777777777778,1.0,d50a25905a6d296a,1,1
task_0185,family_34,NC1-SHUFFLED,0.25,0.3333,14,1120,1120,57.857142857142854,18,2005,1,0,1,0.9511108712179707,0,0,0,1,1,0,1,0,0,0,0.1111111111111111,0.3333333333333333,1c6ad257d8b58696,0,0
task_0185,family_34,NC2-RANDOM,0.25,0.3333,14,2510,2510,157.14285714285714,20,4670,1,0,0,0.99,0,0,0,0,0,0,0,1,0,0,0.0,0.0,c7fcf4cca3a391bf,1,1
task_0185,family_34,NC3-LENGTH,0.25,0.3333,14,7050,7050,500.0,29,14120,1,0,0,0.55,0,0,0,0,0,0,0,0,0,0,0.0,0.0,,1,0
task_0185,family_34,NC4-ABLATION,0.25,0.3333,14,1080,1080,55.0,18,1915,1,0,0,0.99,1,1,1,0,1,0,1,0,1,0,0.7777777777777778,1.0,d50a25905a6d296a,1,1
task_0186,family_34,B-COLD,0.5,0.6667,14,7050,7050,503.57142857142856,29,14120,1,0,0,0.99,0,0,0,0,0,0,0,0,0,0,0.7777777777777778,0.0,,1,0
task_0186,family_34,B-RAG-EMBED,0.5,0.6667,14,5000,5000,342.85714285714283,25,9870,1,0,0,0.99,0,0,0,0,0,0,0,0,1,0,0.7777777777777778,0.0,,1,1
task_0186,family_34,B-STAGEHAND-CACHE,0.5,0.6667,14,7050,7050,503.57142857142856,29,14120,1,0,0,0.99,0,0,0,0,0,0,0,0,1,0,0.7777777777777778,0.0,,1,0
task_0186,family_34,B-TERX-REPLAY,0.5,0.6667,14,7050,7050,503.57142857142856,29,14120,1,0,0,0.99,0,0,0,0,0,0,0,0,1,0,0.7777777777777778,0.0,,1,0
task_0186,family_34,P-STAGEHAND-TTL,0.5,0.6667,14,800,800,57.142857142857146,16,1840,1,0,1,0.8470290466053709,0,0,0,0,1,0,0,0,0,0,0.0,1.0,b1fde2148b109d33,0,0
task_0186,family_34,P-WEBMCP-TOOL,0.5,0.6667,14,955,955,60.714285714285715,17,1890,1,0,0,0.99,0,1,0,0,0,0,0,1,1,1,0.0,0.0,de9001c400acc6ce,1,1
task_0186,family_34,P-SPIDER-MEA-BATCHED,0.5,0.6667,14,1120,1120,57.857142857142854,18,2005,1,0,1,0.025,0,0,0,1,1,0,1,0,1,0,0.7777777777777778,1.0,de9001c400acc6ce,0,0
task_0186,family_34,NC1-SHUFFLED,0.5,0.6667,14,2420,2420,150.71428571428572,20,4605,1,0,1,0.9531811544339233,0,0,0,0,0,0,1,0,0,0,0.0,0.0,ccf20b94ee5048a3,0,0
task_0186,family_34,NC2-RANDOM,0.5,0.6667,14,2510,2510,157.14285714285714,20,4670,1,0,1,0.8605616207214567,0,0,0,0,0,0,0,1,0,0,0.0,0.0,7bce2a2598992d96,0,0
task_0186,family_34,NC3-LENGTH,0.5,0.6667,14,7050,7050,500.0,29,14120,1,0,0,0.55,0,0,0,0,0,0,0,0,0,0,0.0,0.0,,1,0
task_0186,family_34,NC4-ABLATION,0.5,0.6667,14,1120,1120,57.857142857142854,18,2005,1,0,1,0.01,0,0,0,1,1,0,1,0,1,0,0.7777777777777778,1.0,de9001c400acc6ce,0,0
task_0187,family_35,B-COLD,0.0,0.0,8,4050,4050,506.25,17,8120,1,0,0,0.9579,0,0,0,0,0,0,0,0,0,0,1.0,0.0,,1,0
task_0187,family_35,B-RAG-EMBED,0.0,0.0,8,650,650,56.25,10,1230,1,0,0,0.9579,0,0,0,0,0,0,0,0,1,0,1.0,0.0,,1,1
task_0187,family_35,B-STAGEHAND-CACHE,0.0,0.0,8,450,450,56.25,9,1080,1,0,0,0.9579,0,0,0,0,0,0,0,0,1,0,1.0,0.0,,1,1
task_0187,family_35,B-TERX-REPLAY,0.0,0.0,8,450,450,56.25,9,1080,1,0,0,0.9579,0,0,0,0,0,0,0,0,1,0,1.0,0.0,,1,1
task_0187,family_35,P-STAGEHAND-TTL,0.0,0.0,8,460,460,57.5,10,1030,1,0,0,0.9761,1,1,1,0,1,0,1,0,0,0,0.0,1.0,7f4f6b3d14f001c5,1,1
task_0187,family_35,P-WEBMCP-TOOL,0.0,0.0,8,525,525,52.5,11,1015,1,0,0,0.9803,1,1,1,0,0,0,1,0,1,1,0.0,0.0,22f5c112b09a152f,1,1
task_0187,family_35,P-SPIDER-MEA-BATCHED,0.0,0.0,8,820,820,63.75,12,1285,1,0,0,0.99,0,0,0,0,1,0,1,0,1,0,1.0,1.0,22f5c112b09a152f,1,1
task_0187,family_35,NC1-SHUFFLED,0.0,0.0,8,910,910,75.0,12,1350,1,0,1,0.9481327769213659,0,0,0,0,1,0,0,1,1,0,0.3333333333333333,0.3333333333333333,47f2c20f91cfe85e,0,0
task_0187,family_35,NC2-RANDOM,0.0,0.0,8,1320,1320,126.25,13,2220,0,1,0,0.9107073423972465,1,1,1,0,0,0,0,1,0,0,0.0,0.0,55dfa0346b5bd2fa,0,1
task_0187,family_35,NC3-LENGTH,0.0,0.0,8,4050,4050,500.0,17,8120,1,0,0,0.55,0,0,0,0,0,0,0,0,0,0,0.0,0.0,,1,0
task_0187,family_35,NC4-ABLATION,0.0,0.0,8,820,820,63.75,12,1285,1,0,0,0.99,0,1,0,0,1,0,1,0,1,0,1.0,1.0,22f5c112b09a152f,1,1
task_0188,family_35,B-COLD,1.0,1.0,8,4050,4050,506.25,17,8120,1,0,0,0.9816,0,0,0,0,0,0,0,0,0,0,0.0,0.0,,1,0
task_0188,family_35,B-RAG-EMBED,1.0,1.0,8,4250,4250,506.25,18,8270,1,0,0,0.9816,0,0,0,0,0,0,0,0,0,0,0.0,0.0,,1,0
task_0188,family_35,B-STAGEHAND-CACHE,1.0,1.0,8,4050,4050,506.25,17,8120,1,0,0,0.9816,0,0,0,0,0,0,0,0,0,0,0.0,0.0,,1,0
task_0188,family_35,B-TERX-REPLAY,1.0,1.0,8,4050,4050,506.25,17,8120,1,0,0,0.9816,0,0,0,0,0,0,0,0,0,0,0.0,0.0,,1,0
task_0188,family_35,P-STAGEHAND-TTL,1.0,1.0,8,4010,4010,501.25,17,8030,1,0,0,0.9708,1,1,1,0,0,0,0,0,0,0,0.0,0.0,7d188b955b6dd973,1,0
task_0188,family_35,P-WEBMCP-TOOL,1.0,1.0,8,1105,1105,125.0,12,2050,1,0,1,0.01,0,0,0,1,0,0,0,1,1,1,0.0,0.0,088ba9358f71f7a8,0,0
task_0188,family_35,P-SPIDER-MEA-BATCHED,1.0,1.0,8,1220,1220,113.75,12,2125,1,0,0,0.99,0,0,0,0,0,0,1,0,0,0,0.0,0.0,088ba9358f71f7a8,1,1
task_0188,family_35,NC1-SHUFFLED,1.0,1.0,8,1310,1310,125.0,12,2190,1,0,1,0.8683793727182028,0,0,0,0,0,0,0,1,0,0,0.0,0.0,f499f8ec88e437de,0,0
task_0188,family_35,NC2-RANDOM,1.0,1.0,8,1310,1310,125.0,12,2190,1,0,0,0.99,0,0,0,0,0,0,0,1,0,0,0.0,0.0,6427bc43a6865efc,1,1
task_0188,family_35,NC3-LENGTH,1.0,1.0,8,4050,4050,500.0,17,8120,1,0,0,0.55,0,0,0,0,0,0,0,0,0,0,0.0,0.0,,1,0
task_0188,family_35,NC4-ABLATION,1.0,1.0,8,1180,1180,108.75,12,2035,1,0,0,0.99,1,1,1,0,0,0,1,0,0,0,0.0,0.0,088ba9358f71f7a8,1,1
task_0189,family_35,B-COLD,0.25,0.0,8,4050,4050,506.25,17,8120,1,0,0,0.99,0,0,0,0,0,0,0,0,0,0,1.0,0.0,,1,0
task_0189,family_35,B-RAG-EMBED,0.25,0.0,8,650,650,56.25,10,1230,1,0,0,0.99,0,0,0,0,0,0,0,0,1,0,1.0,0.0,,1,1
task_0189,family_35,B-STAGEHAND-CACHE,0.25,0.0,8,4050,4050,506.25,17,8120,1,0,0,0.99,0,0,0,0,0,0,0,0,1,0,1.0,0.0,,1,0
task_0189,family_35,B-TERX-REPLAY,0.25,0.0,8,4050,4050,506.25,17,8120,1,0,0,0.99,0,0,0,0,0,0,0,0,1,0,1.0,0.0,,1,0
task_0189,family_35,P-STAGEHAND-TTL,0.25,0.0,8,500,500,62.5,10,1120,1,0,0,0.99,0,0,0,0,1,0,0,0,0,0,0.0,1.0,a6e5eb9dcb974717,1,1
task_0189,family_35,P-WEBMCP-TOOL,0.25,0.0,8,525,525,52.5,11,1015,1,0,0,0.99,1,1,1,0,0,0,1,0,1,1,0.0,0.0,abec9be0b9b998ef,1,1
task_0189,family_35,P-SPIDER-MEA-BATCHED,0.25,0.0,8,780,780,58.75,12,1195,1,0,0,0.9814,1,1,1,0,1,0,1,0,1,0,1.0,1.0,abec9be0b9b998ef,1,1
task_0189,family_35,NC1-SHUFFLED,0.25,0.0,8,770,770,57.5,11,1245,1,0,1,0.90962607572427,0,0,0,0,0,0,1,0,0,0,0.0,0.0,b6f40df13a8aeb76,0,0
task_0189,family_35,NC2-RANDOM,0.25,0.0,8,820,820,63.75,11,1220,1,0,0,0.99,1,1,1,0,0,0,0,1,0,0,0.0,0.0,ec59182fe29cb21a,1,1
task_0189,family_35,NC3-LENGTH,0.25,0.0,8,4050,4050,500.0,17,8120,1,0,0,0.55,0,0,0,0,0,0,0,0,0,0,0.0,0.0,,1,0
task_0189,family_35,NC4-ABLATION,0.25,0.0,8,780,780,58.75,12,1195,1,0,0,0.99,1,1,1,0,1,0,1,0,1,0,1.0,1.0,abec9be0b9b998ef,1,1
task_0190,family_35,B-COLD,0.5,1.0,8,4050,4050,506.25,17,8120,1,0,0,0.9636,0,0,0,0,0,0,0,0,0,0,0.0,0.0,,1,0
task_0190,family_35,B-RAG-EMBED,0.5,1.0,8,4250,4250,506.25,18,8270,1,0,0,0.9636,0,0,0,0,0,0,0,0,0,0,0.0,0.0,,1,0
task_0190,family_35,B-STAGEHAND-CACHE,0.5,1.0,8,4050,4050,506.25,17,8120,1,0,0,0.9636,0,0,0,0,0,0,0,0,0,0,0.0,0.0,,1,0
task_0190,family_35,B-TERX-REPLAY,0.5,1.0,8,4050,4050,506.25,17,8120,1,0,0,0.9636,0,0,0,0,0,0,0,0,0,0,0.0,0.0,,1,0
task_0190,family_35,P-STAGEHAND-TTL,0.5,1.0,8,4010,4010,501.25,17,8030,1,0,1,0.7898665420793829,1,1,1,0,0,0,0,0,0,0,0.0,0.0,c889fa2073932749,0,0
task_0190,family_35,P-WEBMCP-TOOL,0.5,1.0,8,1015,1015,113.75,12,1985,1,0,0,0.99,0,0,0,0,0,0,1,0,1,1,0.0,0.0,5c7a3ee5b34bce6e,1,1
task_0190,family_35,P-SPIDER-MEA-BATCHED,0.5,1.0,8,1220,1220,113.75,12,2125,1,0,0,0.99,0,0,0,0,0,0,1,0,0,0,0.0,0.0,5c7a3ee5b34bce6e,1,1
task_0190,family_35,NC1-SHUFFLED,0.5,1.0,8,1220,1220,113.75,12,2125,1,0,0,0.9767,0,1,0,0,0,0,1,0,0,0,0.0,0.0,37d1e1928b63d7d3,1,1
task_0190,family_35,NC2-RANDOM,0.5,1.0,8,1310,1310,125.0,12,2190,1,0,0,0.99,0,1,0,0,0,0,0,1,0,0,0.0,0.0,f5a48b8eab831ff6,1,1
task_0190,family_35,NC3-LENGTH,0.5,1.0,8,4050,4050,500.0,17,8120,1,0,0,0.55,0,0,0,0,0,0,0,0,0,0,0.0,0.0,,1,0
task_0190,family_35,NC4-ABLATION,0.5,1.0,8,1310,1310,125.0,12,2190,1,0,0,0.9735,0,0,0,0,0,0,0,1,0,0,0.0,0.0,5c7a3ee5b34bce6e,1,1
task_0191,family_35,B-COLD,0.75,1.0,8,4050,4050,506.25,17,8120,1,0,0,0.9643,0,0,0,0,0,0,0,0,0,0,0.0,0.0,,1,0
task_0191,family_35,B-RAG-EMBED,0.75,1.0,8,4250,4250,506.25,18,8270,1,0,0,0.9643,0,0,0,0,0,0,0,0,0,0,0.0,0.0,,1,0
task_0191,family_35,B-STAGEHAND-CACHE,0.75,1.0,8,4050,4050,506.25,17,8120,1,0,0,0.9643,0,0,0,0,0,0,0,0,0,0,0.0,0.0,,1,0
task_0191,family_35,B-TERX-REPLAY,0.75,1.0,8,4050,4050,506.25,17,8120,1,0,0,0.9643,0,0,0,0,0,0,0,0,0,0,0.0,0.0,,1,0
task_0191,family_35,P-STAGEHAND-TTL,0.75,1.0,8,4010,4010,501.25,17,8030,1,0,0,0.99,1,1,1,0,0,0,0,0,0,0,0.0,0.0,7e3e49b7480e56b6,1,0
task_0191,family_35,P-WEBMCP-TOOL,0.75,1.0,8,1015,1015,113.75,12,1985,1,0,0,0.9899,0,0,0,0,0,0,1,0,1,1,0.0,0.0,e86a5f5ef7ca5680,1,1
task_0191,family_35,P-SPIDER-MEA-BATCHED,0.75,1.0,8,1220,1220,113.75,12,2125,1,0,0,0.99,0,1,0,0,0,0,1,0,0,0,0.0,0.0,e86a5f5ef7ca5680,1,1
task_0191,family_35,NC1-SHUFFLED,0.75,1.0,8,1680,1680,171.25,14,3035,0,1,0,0.87201254979411,1,1,1,0,0,0,1,0,0,0,0.0,0.0,592d8aaa39827c55,0,1
task_0191,family_35,NC2-RANDOM,0.75,1.0,8,1310,1310,125.0,12,2190,1,0,1,0.8841869642498366,0,0,0,0,0,0,0,1,0,0,0.0,0.0,8524170515542531,0,0
task_0191,family_35,NC3-LENGTH,0.75,1.0,8,4050,4050,500.0,17,8120,1,0,0,0.55,0,0,0,0,0,0,0,0,0,0,0.0,0.0,,1,0
task_0191,family_35,NC4-ABLATION,0.75,1.0,8,1180,1180,108.75,12,2035,1,0,1,0.01,1,1,1,1,0,0,1,0,0,0,0.0,0.0,e86a5f5ef7ca5680,0,0
