task_id,family_id,template_id,novelty_fraction,length,system,success,false_accept,unknown,precision,tokens,browser_calls,latency_ms,reused_steps,hit,verify_passed,repair_triggered,confidence,ECE_bin
task_0000,family_00,template_00,0.0,8,P-SPIDER-PARAM,1,0,0,1,750,9,1230,8,1,1,0,0.9910310989213371,4
task_0000,family_00,template_00,0.0,8,B-COLD,1,0,0,1,4050,17,8120,0,0,1,0,0.5,2
task_0000,family_00,template_00,0.0,8,B-INSTRUCTION,1,0,0,1,4070,17,8120,0,0,1,0,0.5,2
task_0000,family_00,template_00,0.0,8,B-RAG-EMBED,1,0,0,1,650,9,1230,8,1,1,0,0.5,2
task_0000,family_00,template_00,0.0,8,B-STAGEHAND-CACHE,1,0,0,1,450,9,1080,8,1,1,0,0.5,2
task_0000,family_00,template_00,0.0,8,B-TERX-REPLAY,1,0,0,1,50,9,1080,8,1,1,0,0.5,2
task_0000,family_00,template_00,0.0,8,NC1-SHUFFLED,1,0,0,1,750,9,1230,8,1,1,0,0.9910310989213371,4
task_0000,family_00,template_00,0.0,8,NC2-RANDOM,1,0,0,1,4250,17,8270,0,1,1,1,0.8,4
task_0000,family_00,template_00,0.0,8,B-LENGTH-PROPORTIONAL,1,0,0,1,4050,17,8120,0,0,1,0,0.5,2
task_0001,family_00,template_00,0.25,8,P-SPIDER-PARAM,1,0,1,0,4350,17,8270,0,0,1,0,0.4510618306111791,2
task_0001,family_00,template_00,0.25,8,B-COLD,1,0,0,1,4050,17,8120,0,0,1,0,0.5,2
task_0001,family_00,template_00,0.25,8,B-INSTRUCTION,1,0,0,1,4070,17,8120,0,0,1,0,0.5,2
task_0001,family_00,template_00,0.25,8,B-RAG-EMBED,1,0,0,1,4250,17,8270,0,0,1,0,0.5,2
task_0001,family_00,template_00,0.25,8,B-STAGEHAND-CACHE,1,0,0,1,4050,17,8120,0,0,1,0,0.5,2
task_0001,family_00,template_00,0.25,8,B-TERX-REPLAY,1,0,0,1,4050,17,8120,0,0,1,0,0.5,2
task_0001,family_00,template_00,0.25,8,NC1-SHUFFLED,1,0,1,0,4350,17,8270,0,0,1,0,0.4510618306111791,2
task_0001,family_00,template_00,0.25,8,NC2-RANDOM,1,0,0,1,4250,17,8270,0,1,1,1,0.8,4
task_0001,family_00,template_00,0.25,8,B-LENGTH-PROPORTIONAL,1,0,0,1,4050,17,8120,0,0,1,0,0.5,2
task_0002,family_00,template_00,0.5,8,P-SPIDER-PARAM,1,0,1,0,4350,17,8270,0,0,1,0,0.5287707054196908,2
task_0002,family_00,template_00,0.5,8,B-COLD,1,0,0,1,4050,17,8120,0,0,1,0,0.5,2
task_0002,family_00,template_00,0.5,8,B-INSTRUCTION,1,0,0,1,4070,17,8120,0,0,1,0,0.5,2
task_0002,family_00,template_00,0.5,8,B-RAG-EMBED,1,0,0,1,4250,17,8270,0,0,1,0,0.5,2
task_0002,family_00,template_00,0.5,8,B-STAGEHAND-CACHE,1,0,0,1,4050,17,8120,0,0,1,0,0.5,2
task_0002,family_00,template_00,0.5,8,B-TERX-REPLAY,1,0,0,1,4050,17,8120,0,0,1,0,0.5,2
task_0002,family_00,template_00,0.5,8,NC1-SHUFFLED,1,0,1,0,4350,17,8270,0,0,1,0,0.5287707054196908,2
task_0002,family_00,template_00,0.5,8,NC2-RANDOM,1,0,0,1,4250,17,8270,0,1,1,1,0.8,4
task_0002,family_00,template_00,0.5,8,B-LENGTH-PROPORTIONAL,1,0,0,1,4050,17,8120,0,0,1,0,0.5,2
task_0003,family_00,template_00,0.75,8,P-SPIDER-PARAM,1,0,1,0,4350,17,8270,0,0,1,0,0.0,0
task_0003,family_00,template_00,0.75,8,B-COLD,1,0,0,1,4050,17,8120,0,0,1,0,0.5,2
task_0003,family_00,template_00,0.75,8,B-INSTRUCTION,1,0,0,1,4070,17,8120,0,0,1,0,0.5,2
task_0003,family_00,template_00,0.75,8,B-RAG-EMBED,1,0,0,1,4250,17,8270,0,0,1,0,0.5,2
task_0003,family_00,template_00,0.75,8,B-STAGEHAND-CACHE,1,0,0,1,4050,17,8120,0,0,1,0,0.5,2
task_0003,family_00,template_00,0.75,8,B-TERX-REPLAY,1,0,0,1,4050,17,8120,0,0,1,0,0.5,2
task_0003,family_00,template_00,0.75,8,NC1-SHUFFLED,1,0,1,0,4350,17,8270,0,0,1,0,0.0,0
task_0003,family_00,template_00,0.75,8,NC2-RANDOM,1,0,0,1,4250,17,8270,0,1,1,1,0.8,4
task_0003,family_00,template_00,0.75,8,B-LENGTH-PROPORTIONAL,1,0,0,1,4050,17,8120,0,0,1,0,0.5,2
task_0004,family_00,template_00,1.0,8,P-SPIDER-PARAM,1,0,1,0,4350,17,8270,0,0,1,0,0.0,0
task_0004,family_00,template_00,1.0,8,B-COLD,1,0,0,1,4050,17,8120,0,0,1,0,0.5,2
task_0004,family_00,template_00,1.0,8,B-INSTRUCTION,1,0,0,1,4070,17,8120,0,0,1,0,0.5,2
task_0004,family_00,template_00,1.0,8,B-RAG-EMBED,1,0,0,1,4250,17,8270,0,0,1,0,0.5,2
task_0004,family_00,template_00,1.0,8,B-STAGEHAND-CACHE,1,0,0,1,4050,17,8120,0,0,1,0,0.5,2
task_0004,family_00,template_00,1.0,8,B-TERX-REPLAY,1,0,0,1,4050,17,8120,0,0,1,0,0.5,2
task_0004,family_00,template_00,1.0,8,NC1-SHUFFLED,1,0,1,0,4350,17,8270,0,0,1,0,0.0,0
task_0004,family_00,template_00,1.0,8,NC2-RANDOM,1,0,0,1,4250,17,8270,0,1,1,1,0.8,4
task_0004,family_00,template_00,1.0,8,B-LENGTH-PROPORTIONAL,1,0,0,1,4050,17,8120,0,0,1,0,0.5,2
task_0005,family_00,template_00,0.25,8,P-SPIDER-PARAM,1,0,1,0,4350,17,8270,0,0,1,0,0.5138863929419907,2
task_0005,family_00,template_00,0.25,8,B-COLD,1,0,0,1,4050,17,8120,0,0,1,0,0.5,2
task_0005,family_00,template_00,0.25,8,B-INSTRUCTION,1,0,0,1,4070,17,8120,0,0,1,0,0.5,2
task_0005,family_00,template_00,0.25,8,B-RAG-EMBED,1,0,0,1,4250,17,8270,0,0,1,0,0.5,2
task_0005,family_00,template_00,0.25,8,B-STAGEHAND-CACHE,1,0,0,1,4050,17,8120,0,0,1,0,0.5,2
task_0005,family_00,template_00,0.25,8,B-TERX-REPLAY,1,0,0,1,4050,17,8120,0,0,1,0,0.5,2
task_0005,family_00,template_00,0.25,8,NC1-SHUFFLED,1,0,1,0,4350,17,8270,0,0,1,0,0.5138863929419907,2
task_0005,family_00,template_00,0.25,8,NC2-RANDOM,1,0,0,1,4250,17,8270,0,1,1,1,0.8,4
task_0005,family_00,template_00,0.25,8,B-LENGTH-PROPORTIONAL,1,0,0,1,4050,17,8120,0,0,1,0,0.5,2
task_0006,family_01,template_01,0.0,9,P-SPIDER-PARAM,1,0,0,1,800,10,1350,9,1,1,0,0.9794401169493708,4
task_0006,family_01,template_01,0.0,9,B-COLD,1,0,0,1,4550,19,9120,0,0,1,0,0.5,2
task_0006,family_01,template_01,0.0,9,B-INSTRUCTION,1,0,0,1,4570,19,9120,0,0,1,0,0.5,2
task_0006,family_01,template_01,0.0,9,B-RAG-EMBED,1,0,0,1,700,10,1350,9,1,1,0,0.5,2
task_0006,family_01,template_01,0.0,9,B-STAGEHAND-CACHE,1,0,0,1,500,10,1200,9,1,1,0,0.5,2
task_0006,family_01,template_01,0.0,9,B-TERX-REPLAY,1,0,0,1,50,10,1200,9,1,1,0,0.5,2
task_0006,family_01,template_01,0.0,9,NC1-SHUFFLED,1,0,1,0,4850,19,9270,0,0,1,0,0.0,0
task_0006,family_01,template_01,0.0,9,NC2-RANDOM,1,0,0,1,4750,19,9270,0,1,1,1,0.8,4
task_0006,family_01,template_01,0.0,9,B-LENGTH-PROPORTIONAL,1,0,0,1,4550,19,9120,0,0,1,0,0.5,2
task_0007,family_01,template_01,0.5,9,P-SPIDER-PARAM,1,0,1,0,4850,19,9270,0,0,1,0,0.524244181247493,2
task_0007,family_01,template_01,0.5,9,B-COLD,1,0,0,1,4550,19,9120,0,0,1,0,0.5,2
task_0007,family_01,template_01,0.5,9,B-INSTRUCTION,1,0,0,1,4570,19,9120,0,0,1,0,0.5,2
task_0007,family_01,template_01,0.5,9,B-RAG-EMBED,1,0,0,1,4750,19,9270,0,0,1,0,0.5,2
task_0007,family_01,template_01,0.5,9,B-STAGEHAND-CACHE,1,0,0,1,4550,19,9120,0,0,1,0,0.5,2
task_0007,family_01,template_01,0.5,9,B-TERX-REPLAY,1,0,0,1,4550,19,9120,0,0,1,0,0.5,2
task_0007,family_01,template_01,0.5,9,NC1-SHUFFLED,1,0,1,0,4850,19,9270,0,0,1,0,0.018623102885388407,0
task_0007,family_01,template_01,0.5,9,NC2-RANDOM,1,0,0,1,4750,19,9270,0,1,1,1,0.8,4
task_0007,family_01,template_01,0.5,9,B-LENGTH-PROPORTIONAL,1,0,0,1,4550,19,9120,0,0,1,0,0.5,2
task_0008,family_01,template_01,0.75,9,P-SPIDER-PARAM,1,0,1,0,4850,19,9270,0,0,1,0,0.042233059574853675,0
task_0008,family_01,template_01,0.75,9,B-COLD,1,0,0,1,4550,19,9120,0,0,1,0,0.5,2
task_0008,family_01,template_01,0.75,9,B-INSTRUCTION,1,0,0,1,4570,19,9120,0,0,1,0,0.5,2
task_0008,family_01,template_01,0.75,9,B-RAG-EMBED,1,0,0,1,4750,19,9270,0,0,1,0,0.5,2
task_0008,family_01,template_01,0.75,9,B-STAGEHAND-CACHE,1,0,0,1,4550,19,9120,0,0,1,0,0.5,2
task_0008,family_01,template_01,0.75,9,B-TERX-REPLAY,1,0,0,1,4550,19,9120,0,0,1,0,0.5,2
task_0008,family_01,template_01,0.75,9,NC1-SHUFFLED,1,0,1,0,4850,19,9270,0,0,1,0,0.0,0
task_0008,family_01,template_01,0.75,9,NC2-RANDOM,1,0,0,1,4750,19,9270,0,1,1,1,0.8,4
task_0008,family_01,template_01,0.75,9,B-LENGTH-PROPORTIONAL,1,0,0,1,4550,19,9120,0,0,1,0,0.5,2
task_0009,family_01,template_01,1.0,9,P-SPIDER-PARAM,1,0,1,0,4850,19,9270,0,0,1,0,0.0,0
task_0009,family_01,template_01,1.0,9,B-COLD,1,0,0,1,4550,19,9120,0,0,1,0,0.5,2
task_0009,family_01,template_01,1.0,9,B-INSTRUCTION,1,0,0,1,4570,19,9120,0,0,1,0,0.5,2
task_0009,family_01,template_01,1.0,9,B-RAG-EMBED,1,0,0,1,4750,19,9270,0,0,1,0,0.5,2
task_0009,family_01,template_01,1.0,9,B-STAGEHAND-CACHE,1,0,0,1,4550,19,9120,0,0,1,0,0.5,2
task_0009,family_01,template_01,1.0,9,B-TERX-REPLAY,1,0,0,1,4550,19,9120,0,0,1,0,0.5,2
task_0009,family_01,template_01,1.0,9,NC1-SHUFFLED,1,0,1,0,4850,19,9270,0,0,1,0,0.033296233322647674,0
task_0009,family_01,template_01,1.0,9,NC2-RANDOM,1,0,0,1,4750,19,9270,0,1,1,1,0.8,4
task_0009,family_01,template_01,1.0,9,B-LENGTH-PROPORTIONAL,1,0,0,1,4550,19,9120,0,0,1,0,0.5,2
task_0010,family_01,template_01,0.25,9,P-SPIDER-PARAM,1,0,1,0,4850,19,9270,0,0,1,0,0.536793715232047,2
task_0010,family_01,template_01,0.25,9,B-COLD,1,0,0,1,4550,19,9120,0,0,1,0,0.5,2
task_0010,family_01,template_01,0.25,9,B-INSTRUCTION,1,0,0,1,4570,19,9120,0,0,1,0,0.5,2
task_0010,family_01,template_01,0.25,9,B-RAG-EMBED,1,0,0,1,4750,19,9270,0,0,1,0,0.5,2
task_0010,family_01,template_01,0.25,9,B-STAGEHAND-CACHE,1,0,0,1,4550,19,9120,0,0,1,0,0.5,2
task_0010,family_01,template_01,0.25,9,B-TERX-REPLAY,1,0,0,1,4550,19,9120,0,0,1,0,0.5,2
task_0010,family_01,template_01,0.25,9,NC1-SHUFFLED,1,0,1,0,4850,19,9270,0,0,1,0,0.0,0
task_0010,family_01,template_01,0.25,9,NC2-RANDOM,1,0,0,1,4750,19,9270,0,1,1,1,0.8,4
task_0010,family_01,template_01,0.25,9,B-LENGTH-PROPORTIONAL,1,0,0,1,4550,19,9120,0,0,1,0,0.5,2
task_0011,family_01,template_01,0.5,9,P-SPIDER-PARAM,1,0,1,0,4850,19,9270,0,0,1,0,0.46933026132734895,2
task_0011,family_01,template_01,0.5,9,B-COLD,1,0,0,1,4550,19,9120,0,0,1,0,0.5,2
task_0011,family_01,template_01,0.5,9,B-INSTRUCTION,1,0,0,1,4570,19,9120,0,0,1,0,0.5,2
task_0011,family_01,template_01,0.5,9,B-RAG-EMBED,1,0,0,1,4750,19,9270,0,0,1,0,0.5,2
task_0011,family_01,template_01,0.5,9,B-STAGEHAND-CACHE,1,0,0,1,4550,19,9120,0,0,1,0,0.5,2
task_0011,family_01,template_01,0.5,9,B-TERX-REPLAY,1,0,0,1,4550,19,9120,0,0,1,0,0.5,2
task_0011,family_01,template_01,0.5,9,NC1-SHUFFLED,1,0,1,0,4850,19,9270,0,0,1,0,0.0,0
task_0011,family_01,template_01,0.5,9,NC2-RANDOM,1,0,0,1,4750,19,9270,0,1,1,1,0.8,4
task_0011,family_01,template_01,0.5,9,B-LENGTH-PROPORTIONAL,1,0,0,1,4550,19,9120,0,0,1,0,0.5,2
task_0012,family_02,template_02,0.0,10,P-SPIDER-PARAM,1,0,0,1,850,11,1470,10,1,1,0,0.9828835751209741,4
task_0012,family_02,template_02,0.0,10,B-COLD,1,0,0,1,5050,21,10120,0,0,1,0,0.5,2
task_0012,family_02,template_02,0.0,10,B-INSTRUCTION,1,0,0,1,5070,21,10120,0,0,1,0,0.5,2
task_0012,family_02,template_02,0.0,10,B-RAG-EMBED,1,0,0,1,750,11,1470,10,1,1,0,0.5,2
task_0012,family_02,template_02,0.0,10,B-STAGEHAND-CACHE,1,0,0,1,550,11,1320,10,1,1,0,0.5,2
task_0012,family_02,template_02,0.0,10,B-TERX-REPLAY,1,0,0,1,50,11,1320,10,1,1,0,0.5,2
task_0012,family_02,template_02,0.0,10,NC1-SHUFFLED,1,0,1,0,5350,21,10270,0,0,1,0,0.5180769944678167,2
task_0012,family_02,template_02,0.0,10,NC2-RANDOM,1,0,0,1,5250,21,10270,0,1,1,1,0.8,4
task_0012,family_02,template_02,0.0,10,B-LENGTH-PROPORTIONAL,1,0,0,1,5050,21,10120,0,0,1,0,0.5,2
task_0013,family_02,template_02,0.75,10,P-SPIDER-PARAM,1,0,1,0,5350,21,10270,0,0,1,0,0.08604003057680769,0
task_0013,family_02,template_02,0.75,10,B-COLD,1,0,0,1,5050,21,10120,0,0,1,0,0.5,2
task_0013,family_02,template_02,0.75,10,B-INSTRUCTION,1,0,0,1,5070,21,10120,0,0,1,0,0.5,2
task_0013,family_02,template_02,0.75,10,B-RAG-EMBED,1,0,0,1,5250,21,10270,0,0,1,0,0.5,2
task_0013,family_02,template_02,0.75,10,B-STAGEHAND-CACHE,1,0,0,1,5050,21,10120,0,0,1,0,0.5,2
task_0013,family_02,template_02,0.75,10,B-TERX-REPLAY,1,0,0,1,5050,21,10120,0,0,1,0,0.5,2
task_0013,family_02,template_02,0.75,10,NC1-SHUFFLED,1,0,1,0,5350,21,10270,0,0,1,0,0.1035926991791123,0
task_0013,family_02,template_02,0.75,10,NC2-RANDOM,1,0,0,1,5250,21,10270,0,1,1,1,0.8,4
task_0013,family_02,template_02,0.75,10,B-LENGTH-PROPORTIONAL,1,0,0,1,5050,21,10120,0,0,1,0,0.5,2
task_0014,family_02,template_02,1.0,10,P-SPIDER-PARAM,1,0,1,0,5350,21,10270,0,0,1,0,0.028831495368124762,0
task_0014,family_02,template_02,1.0,10,B-COLD,1,0,0,1,5050,21,10120,0,0,1,0,0.5,2
task_0014,family_02,template_02,1.0,10,B-INSTRUCTION,1,0,0,1,5070,21,10120,0,0,1,0,0.5,2
task_0014,family_02,template_02,1.0,10,B-RAG-EMBED,1,0,0,1,5250,21,10270,0,0,1,0,0.5,2
task_0014,family_02,template_02,1.0,10,B-STAGEHAND-CACHE,1,0,0,1,5050,21,10120,0,0,1,0,0.5,2
task_0014,family_02,template_02,1.0,10,B-TERX-REPLAY,1,0,0,1,5050,21,10120,0,0,1,0,0.5,2
task_0014,family_02,template_02,1.0,10,NC1-SHUFFLED,1,0,1,0,5350,21,10270,0,0,1,0,0.02100590843278159,0
task_0014,family_02,template_02,1.0,10,NC2-RANDOM,1,0,0,1,5250,21,10270,0,1,1,1,0.8,4
task_0014,family_02,template_02,1.0,10,B-LENGTH-PROPORTIONAL,1,0,0,1,5050,21,10120,0,0,1,0,0.5,2
task_0015,family_02,template_02,0.25,10,P-SPIDER-PARAM,1,0,0,1,1750,13,3230,8,1,1,1,0.9093115305788592,4
task_0015,family_02,template_02,0.25,10,B-COLD,1,0,0,1,5050,21,10120,0,0,1,0,0.5,2
task_0015,family_02,template_02,0.25,10,B-INSTRUCTION,1,0,0,1,5070,21,10120,0,0,1,0,0.5,2
task_0015,family_02,template_02,0.25,10,B-RAG-EMBED,1,0,0,1,5250,21,10270,0,0,1,0,0.5,2
task_0015,family_02,template_02,0.25,10,B-STAGEHAND-CACHE,1,0,0,1,5050,21,10120,0,0,1,0,0.5,2
task_0015,family_02,template_02,0.25,10,B-TERX-REPLAY,1,0,0,1,5050,21,10120,0,0,1,0,0.5,2
task_0015,family_02,template_02,0.25,10,NC1-SHUFFLED,1,0,1,0,5350,21,10270,0,0,1,0,0.028672100036984526,0
task_0015,family_02,template_02,0.25,10,NC2-RANDOM,1,0,0,1,5250,21,10270,0,1,1,1,0.8,4
task_0015,family_02,template_02,0.25,10,B-LENGTH-PROPORTIONAL,1,0,0,1,5050,21,10120,0,0,1,0,0.5,2
task_0016,family_02,template_02,0.5,10,P-SPIDER-PARAM,1,0,1,0,5350,21,10270,0,0,1,0,0.08316544937394527,0
task_0016,family_02,template_02,0.5,10,B-COLD,1,0,0,1,5050,21,10120,0,0,1,0,0.5,2
task_0016,family_02,template_02,0.5,10,B-INSTRUCTION,1,0,0,1,5070,21,10120,0,0,1,0,0.5,2
task_0016,family_02,template_02,0.5,10,B-RAG-EMBED,1,0,0,1,5250,21,10270,0,0,1,0,0.5,2
task_0016,family_02,template_02,0.5,10,B-STAGEHAND-CACHE,1,0,0,1,5050,21,10120,0,0,1,0,0.5,2
task_0016,family_02,template_02,0.5,10,B-TERX-REPLAY,1,0,0,1,5050,21,10120,0,0,1,0,0.5,2
task_0016,family_02,template_02,0.5,10,NC1-SHUFFLED,1,0,1,0,5350,21,10270,0,0,1,0,0.12852612448534345,0
task_0016,family_02,template_02,0.5,10,NC2-RANDOM,1,0,0,1,5250,21,10270,0,1,1,1,0.8,4
task_0016,family_02,template_02,0.5,10,B-LENGTH-PROPORTIONAL,1,0,0,1,5050,21,10120,0,0,1,0,0.5,2
task_0017,family_02,template_02,0.75,10,P-SPIDER-PARAM,1,0,1,0,5350,21,10270,0,0,1,0,0.0749676234954397,0
task_0017,family_02,template_02,0.75,10,B-COLD,1,0,0,1,5050,21,10120,0,0,1,0,0.5,2
task_0017,family_02,template_02,0.75,10,B-INSTRUCTION,1,0,0,1,5070,21,10120,0,0,1,0,0.5,2
task_0017,family_02,template_02,0.75,10,B-RAG-EMBED,1,0,0,1,5250,21,10270,0,0,1,0,0.5,2
task_0017,family_02,template_02,0.75,10,B-STAGEHAND-CACHE,1,0,0,1,5050,21,10120,0,0,1,0,0.5,2
task_0017,family_02,template_02,0.75,10,B-TERX-REPLAY,1,0,0,1,5050,21,10120,0,0,1,0,0.5,2
task_0017,family_02,template_02,0.75,10,NC1-SHUFFLED,1,0,1,0,5350,21,10270,0,0,1,0,0.0166222751707555,0
task_0017,family_02,template_02,0.75,10,NC2-RANDOM,1,0,0,1,5250,21,10270,0,1,1,1,0.8,4
task_0017,family_02,template_02,0.75,10,B-LENGTH-PROPORTIONAL,1,0,0,1,5050,21,10120,0,0,1,0,0.5,2
task_0018,family_03,template_03,0.0,11,P-SPIDER-PARAM,1,0,0,1,900,12,1590,11,1,1,0,1.0,4
task_0018,family_03,template_03,0.0,11,B-COLD,1,0,0,1,5550,23,11120,0,0,1,0,0.5,2
task_0018,family_03,template_03,0.0,11,B-INSTRUCTION,1,0,0,1,5570,23,11120,0,0,1,0,0.5,2
task_0018,family_03,template_03,0.0,11,B-RAG-EMBED,1,0,0,1,800,12,1590,11,1,1,0,0.5,2
task_0018,family_03,template_03,0.0,11,B-STAGEHAND-CACHE,1,0,0,1,600,12,1440,11,1,1,0,0.5,2
task_0018,family_03,template_03,0.0,11,B-TERX-REPLAY,1,0,0,1,50,12,1440,11,1,1,0,0.5,2
task_0018,family_03,template_03,0.0,11,NC1-SHUFFLED,1,0,0,1,900,12,1590,11,1,1,0,1.0,4
task_0018,family_03,template_03,0.0,11,NC2-RANDOM,1,0,0,1,5750,23,11270,0,1,1,1,0.8,4
task_0018,family_03,template_03,0.0,11,B-LENGTH-PROPORTIONAL,1,0,0,1,5550,23,11120,0,0,1,0,0.5,2
task_0019,family_03,template_03,1.0,11,P-SPIDER-PARAM,1,0,1,0,5850,23,11270,0,0,1,0,0.0,0
task_0019,family_03,template_03,1.0,11,B-COLD,1,0,0,1,5550,23,11120,0,0,1,0,0.5,2
task_0019,family_03,template_03,1.0,11,B-INSTRUCTION,1,0,0,1,5570,23,11120,0,0,1,0,0.5,2
task_0019,family_03,template_03,1.0,11,B-RAG-EMBED,1,0,0,1,5750,23,11270,0,0,1,0,0.5,2
task_0019,family_03,template_03,1.0,11,B-STAGEHAND-CACHE,1,0,0,1,5550,23,11120,0,0,1,0,0.5,2
task_0019,family_03,template_03,1.0,11,B-TERX-REPLAY,1,0,0,1,5550,23,11120,0,0,1,0,0.5,2
task_0019,family_03,template_03,1.0,11,NC1-SHUFFLED,1,0,1,0,5850,23,11270,0,0,1,0,0.0,0
task_0019,family_03,template_03,1.0,11,NC2-RANDOM,1,0,0,1,5750,23,11270,0,1,1,1,0.8,4
task_0019,family_03,template_03,1.0,11,B-LENGTH-PROPORTIONAL,1,0,0,1,5550,23,11120,0,0,1,0,0.5,2
task_0020,family_03,template_03,0.25,11,P-SPIDER-PARAM,1,0,0,1,900,12,1590,11,1,1,0,1.0,4
task_0020,family_03,template_03,0.25,11,B-COLD,1,0,0,1,5550,23,11120,0,0,1,0,0.5,2
task_0020,family_03,template_03,0.25,11,B-INSTRUCTION,1,0,0,1,5570,23,11120,0,0,1,0,0.5,2
task_0020,family_03,template_03,0.25,11,B-RAG-EMBED,1,0,0,1,5750,23,11270,0,0,1,0,0.5,2
task_0020,family_03,template_03,0.25,11,B-STAGEHAND-CACHE,1,0,0,1,5550,23,11120,0,0,1,0,0.5,2
task_0020,family_03,template_03,0.25,11,B-TERX-REPLAY,1,0,0,1,5550,23,11120,0,0,1,0,0.5,2
task_0020,family_03,template_03,0.25,11,NC1-SHUFFLED,1,0,0,1,900,12,1590,11,1,1,0,1.0,4
task_0020,family_03,template_03,0.25,11,NC2-RANDOM,1,0,0,1,5750,23,11270,0,1,1,1,0.8,4
task_0020,family_03,template_03,0.25,11,B-LENGTH-PROPORTIONAL,1,0,0,1,5550,23,11120,0,0,1,0,0.5,2
task_0021,family_03,template_03,0.5,11,P-SPIDER-PARAM,1,0,1,0,5850,23,11270,0,0,1,0,0.0,0
task_0021,family_03,template_03,0.5,11,B-COLD,1,0,0,1,5550,23,11120,0,0,1,0,0.5,2
task_0021,family_03,template_03,0.5,11,B-INSTRUCTION,1,0,0,1,5570,23,11120,0,0,1,0,0.5,2
task_0021,family_03,template_03,0.5,11,B-RAG-EMBED,1,0,0,1,5750,23,11270,0,0,1,0,0.5,2
task_0021,family_03,template_03,0.5,11,B-STAGEHAND-CACHE,1,0,0,1,5550,23,11120,0,0,1,0,0.5,2
task_0021,family_03,template_03,0.5,11,B-TERX-REPLAY,1,0,0,1,5550,23,11120,0,0,1,0,0.5,2
task_0021,family_03,template_03,0.5,11,NC1-SHUFFLED,1,0,1,0,5850,23,11270,0,0,1,0,0.0,0
task_0021,family_03,template_03,0.5,11,NC2-RANDOM,1,0,0,1,5750,23,11270,0,1,1,1,0.8,4
task_0021,family_03,template_03,0.5,11,B-LENGTH-PROPORTIONAL,1,0,0,1,5550,23,11120,0,0,1,0,0.5,2
task_0022,family_03,template_03,0.75,11,P-SPIDER-PARAM,1,0,1,0,5850,23,11270,0,0,1,0,0.0,0
task_0022,family_03,template_03,0.75,11,B-COLD,1,0,0,1,5550,23,11120,0,0,1,0,0.5,2
task_0022,family_03,template_03,0.75,11,B-INSTRUCTION,1,0,0,1,5570,23,11120,0,0,1,0,0.5,2
task_0022,family_03,template_03,0.75,11,B-RAG-EMBED,1,0,0,1,5750,23,11270,0,0,1,0,0.5,2
task_0022,family_03,template_03,0.75,11,B-STAGEHAND-CACHE,1,0,0,1,5550,23,11120,0,0,1,0,0.5,2
task_0022,family_03,template_03,0.75,11,B-TERX-REPLAY,1,0,0,1,5550,23,11120,0,0,1,0,0.5,2
task_0022,family_03,template_03,0.75,11,NC1-SHUFFLED,1,0,1,0,5850,23,11270,0,0,1,0,0.0,0
task_0022,family_03,template_03,0.75,11,NC2-RANDOM,1,0,0,1,5750,23,11270,0,1,1,1,0.8,4
task_0022,family_03,template_03,0.75,11,B-LENGTH-PROPORTIONAL,1,0,0,1,5550,23,11120,0,0,1,0,0.5,2
task_0023,family_03,template_03,1.0,11,P-SPIDER-PARAM,1,0,1,0,5850,23,11270,0,0,1,0,0.0,0
task_0023,family_03,template_03,1.0,11,B-COLD,1,0,0,1,5550,23,11120,0,0,1,0,0.5,2
task_0023,family_03,template_03,1.0,11,B-INSTRUCTION,1,0,0,1,5570,23,11120,0,0,1,0,0.5,2
task_0023,family_03,template_03,1.0,11,B-RAG-EMBED,1,0,0,1,5750,23,11270,0,0,1,0,0.5,2
task_0023,family_03,template_03,1.0,11,B-STAGEHAND-CACHE,1,0,0,1,5550,23,11120,0,0,1,0,0.5,2
task_0023,family_03,template_03,1.0,11,B-TERX-REPLAY,1,0,0,1,5550,23,11120,0,0,1,0,0.5,2
task_0023,family_03,template_03,1.0,11,NC1-SHUFFLED,1,0,1,0,5850,23,11270,0,0,1,0,0.0,0
task_0023,family_03,template_03,1.0,11,NC2-RANDOM,1,0,0,1,5750,23,11270,0,1,1,1,0.8,4
task_0023,family_03,template_03,1.0,11,B-LENGTH-PROPORTIONAL,1,0,0,1,5550,23,11120,0,0,1,0,0.5,2
task_0024,family_04,template_04,0.0,12,P-SPIDER-PARAM,1,0,0,1,950,13,1710,12,1,1,0,0.9836433993772682,4
task_0024,family_04,template_04,0.0,12,B-COLD,1,0,0,1,6050,25,12120,0,0,1,0,0.5,2
task_0024,family_04,template_04,0.0,12,B-INSTRUCTION,1,0,0,1,6070,25,12120,0,0,1,0,0.5,2
task_0024,family_04,template_04,0.0,12,B-RAG-EMBED,1,0,0,1,850,13,1710,12,1,1,0,0.5,2
task_0024,family_04,template_04,0.0,12,B-STAGEHAND-CACHE,1,0,0,1,650,13,1560,12,1,1,0,0.5,2
task_0024,family_04,template_04,0.0,12,B-TERX-REPLAY,1,0,0,1,50,13,1560,12,1,1,0,0.5,2
task_0024,family_04,template_04,0.0,12,NC1-SHUFFLED,1,0,1,0,6350,25,12270,0,0,1,0,0.05910228867821268,0
task_0024,family_04,template_04,0.0,12,NC2-RANDOM,1,0,0,1,6250,25,12270,0,1,1,1,0.8,4
task_0024,family_04,template_04,0.0,12,B-LENGTH-PROPORTIONAL,1,0,0,1,6050,25,12120,0,0,1,0,0.5,2
task_0025,family_04,template_04,0.25,12,P-SPIDER-PARAM,1,0,1,0,6350,25,12270,0,0,1,0,0.4705270334363985,2
task_0025,family_04,template_04,0.25,12,B-COLD,1,0,0,1,6050,25,12120,0,0,1,0,0.5,2
task_0025,family_04,template_04,0.25,12,B-INSTRUCTION,1,0,0,1,6070,25,12120,0,0,1,0,0.5,2
task_0025,family_04,template_04,0.25,12,B-RAG-EMBED,1,0,0,1,6250,25,12270,0,0,1,0,0.5,2
task_0025,family_04,template_04,0.25,12,B-STAGEHAND-CACHE,1,0,0,1,6050,25,12120,0,0,1,0,0.5,2
task_0025,family_04,template_04,0.25,12,B-TERX-REPLAY,1,0,0,1,6050,25,12120,0,0,1,0,0.5,2
task_0025,family_04,template_04,0.25,12,NC1-SHUFFLED,1,0,1,0,6350,25,12270,0,0,1,0,0.0,0
task_0025,family_04,template_04,0.25,12,NC2-RANDOM,1,0,0,1,6250,25,12270,0,1,1,1,0.8,4
task_0025,family_04,template_04,0.25,12,B-LENGTH-PROPORTIONAL,1,0,0,1,6050,25,12120,0,0,1,0,0.5,2
task_0026,family_04,template_04,0.5,12,P-SPIDER-PARAM,1,0,1,0,6350,25,12270,0,0,1,0,0.5196387905479918,2
task_0026,family_04,template_04,0.5,12,B-COLD,1,0,0,1,6050,25,12120,0,0,1,0,0.5,2
task_0026,family_04,template_04,0.5,12,B-INSTRUCTION,1,0,0,1,6070,25,12120,0,0,1,0,0.5,2
task_0026,family_04,template_04,0.5,12,B-RAG-EMBED,1,0,0,1,6250,25,12270,0,0,1,0,0.5,2
task_0026,family_04,template_04,0.5,12,B-STAGEHAND-CACHE,1,0,0,1,6050,25,12120,0,0,1,0,0.5,2
task_0026,family_04,template_04,0.5,12,B-TERX-REPLAY,1,0,0,1,6050,25,12120,0,0,1,0,0.5,2
task_0026,family_04,template_04,0.5,12,NC1-SHUFFLED,1,0,1,0,6350,25,12270,0,0,1,0,0.009996547458724948,0
task_0026,family_04,template_04,0.5,12,NC2-RANDOM,1,0,0,1,6250,25,12270,0,1,1,1,0.8,4
task_0026,family_04,template_04,0.5,12,B-LENGTH-PROPORTIONAL,1,0,0,1,6050,25,12120,0,0,1,0,0.5,2
task_0027,family_04,template_04,0.75,12,P-SPIDER-PARAM,1,0,1,0,6350,25,12270,0,0,1,0,0.01627065244416277,0
task_0027,family_04,template_04,0.75,12,B-COLD,1,0,0,1,6050,25,12120,0,0,1,0,0.5,2
task_0027,family_04,template_04,0.75,12,B-INSTRUCTION,1,0,0,1,6070,25,12120,0,0,1,0,0.5,2
task_0027,family_04,template_04,0.75,12,B-RAG-EMBED,1,0,0,1,6250,25,12270,0,0,1,0,0.5,2
task_0027,family_04,template_04,0.75,12,B-STAGEHAND-CACHE,1,0,0,1,6050,25,12120,0,0,1,0,0.5,2
task_0027,family_04,template_04,0.75,12,B-TERX-REPLAY,1,0,0,1,6050,25,12120,0,0,1,0,0.5,2
task_0027,family_04,template_04,0.75,12,NC1-SHUFFLED,1,0,1,0,6350,25,12270,0,0,1,0,0.026121036778427736,0
task_0027,family_04,template_04,0.75,12,NC2-RANDOM,1,0,0,1,6250,25,12270,0,1,1,1,0.8,4
task_0027,family_04,template_04,0.75,12,B-LENGTH-PROPORTIONAL,1,0,0,1,6050,25,12120,0,0,1,0,0.5,2
task_0028,family_04,template_04,1.0,12,P-SPIDER-PARAM,1,0,1,0,6350,25,12270,0,0,1,0,0.0,0
task_0028,family_04,template_04,1.0,12,B-COLD,1,0,0,1,6050,25,12120,0,0,1,0,0.5,2
task_0028,family_04,template_04,1.0,12,B-INSTRUCTION,1,0,0,1,6070,25,12120,0,0,1,0,0.5,2
task_0028,family_04,template_04,1.0,12,B-RAG-EMBED,1,0,0,1,6250,25,12270,0,0,1,0,0.5,2
task_0028,family_04,template_04,1.0,12,B-STAGEHAND-CACHE,1,0,0,1,6050,25,12120,0,0,1,0,0.5,2
task_0028,family_04,template_04,1.0,12,B-TERX-REPLAY,1,0,0,1,6050,25,12120,0,0,1,0,0.5,2
task_0028,family_04,template_04,1.0,12,NC1-SHUFFLED,1,0,1,0,6350,25,12270,0,0,1,0,0.021873927616469026,0
task_0028,family_04,template_04,1.0,12,NC2-RANDOM,1,0,0,1,6250,25,12270,0,1,1,1,0.8,4
task_0028,family_04,template_04,1.0,12,B-LENGTH-PROPORTIONAL,1,0,0,1,6050,25,12120,0,0,1,0,0.5,2
task_0029,family_04,template_04,0.25,12,P-SPIDER-PARAM,1,0,1,0,6350,25,12270,0,0,1,0,0.5081447207185599,2
task_0029,family_04,template_04,0.25,12,B-COLD,1,0,0,1,6050,25,12120,0,0,1,0,0.5,2
task_0029,family_04,template_04,0.25,12,B-INSTRUCTION,1,0,0,1,6070,25,12120,0,0,1,0,0.5,2
task_0029,family_04,template_04,0.25,12,B-RAG-EMBED,1,0,0,1,6250,25,12270,0,0,1,0,0.5,2
task_0029,family_04,template_04,0.25,12,B-STAGEHAND-CACHE,1,0,0,1,6050,25,12120,0,0,1,0,0.5,2
task_0029,family_04,template_04,0.25,12,B-TERX-REPLAY,1,0,0,1,6050,25,12120,0,0,1,0,0.5,2
task_0029,family_04,template_04,0.25,12,NC1-SHUFFLED,1,0,1,0,6350,25,12270,0,0,1,0,0.003831233678386614,0
task_0029,family_04,template_04,0.25,12,NC2-RANDOM,1,0,0,1,6250,25,12270,0,1,1,1,0.8,4
task_0029,family_04,template_04,0.25,12,B-LENGTH-PROPORTIONAL,1,0,0,1,6050,25,12120,0,0,1,0,0.5,2
task_0030,family_05,template_05,0.0,13,P-SPIDER-PARAM,1,0,0,1,1000,14,1830,13,1,1,0,0.9901447381079524,4
task_0030,family_05,template_05,0.0,13,B-COLD,1,0,0,1,6550,27,13120,0,0,1,0,0.5,2
task_0030,family_05,template_05,0.0,13,B-INSTRUCTION,1,0,0,1,6570,27,13120,0,0,1,0,0.5,2
task_0030,family_05,template_05,0.0,13,B-RAG-EMBED,1,0,0,1,900,14,1830,13,1,1,0,0.5,2
task_0030,family_05,template_05,0.0,13,B-STAGEHAND-CACHE,1,0,0,1,700,14,1680,13,1,1,0,0.5,2
task_0030,family_05,template_05,0.0,13,B-TERX-REPLAY,1,0,0,1,50,14,1680,13,1,1,0,0.5,2
task_0030,family_05,template_05,0.0,13,NC1-SHUFFLED,1,0,0,1,1000,14,1830,13,1,1,0,0.9901447381079524,4
task_0030,family_05,template_05,0.0,13,NC2-RANDOM,1,0,0,1,6750,27,13270,0,1,1,1,0.8,4
task_0030,family_05,template_05,0.0,13,B-LENGTH-PROPORTIONAL,1,0,0,1,6550,27,13120,0,0,1,0,0.5,2
task_0031,family_05,template_05,0.5,13,P-SPIDER-PARAM,1,0,1,0,6850,27,13270,0,0,1,0,0.4693702465216534,2
task_0031,family_05,template_05,0.5,13,B-COLD,1,0,0,1,6550,27,13120,0,0,1,0,0.5,2
task_0031,family_05,template_05,0.5,13,B-INSTRUCTION,1,0,0,1,6570,27,13120,0,0,1,0,0.5,2
task_0031,family_05,template_05,0.5,13,B-RAG-EMBED,1,0,0,1,6750,27,13270,0,0,1,0,0.5,2
task_0031,family_05,template_05,0.5,13,B-STAGEHAND-CACHE,1,0,0,1,6550,27,13120,0,0,1,0,0.5,2
task_0031,family_05,template_05,0.5,13,B-TERX-REPLAY,1,0,0,1,6550,27,13120,0,0,1,0,0.5,2
task_0031,family_05,template_05,0.5,13,NC1-SHUFFLED,1,0,1,0,6850,27,13270,0,0,1,0,0.4693702465216534,2
task_0031,family_05,template_05,0.5,13,NC2-RANDOM,1,0,0,1,6750,27,13270,0,1,1,1,0.8,4
task_0031,family_05,template_05,0.5,13,B-LENGTH-PROPORTIONAL,1,0,0,1,6550,27,13120,0,0,1,0,0.5,2
task_0032,family_05,template_05,0.75,13,P-SPIDER-PARAM,1,0,1,0,6850,27,13270,0,0,1,0,0.01496188167353783,0
task_0032,family_05,template_05,0.75,13,B-COLD,1,0,0,1,6550,27,13120,0,0,1,0,0.5,2
task_0032,family_05,template_05,0.75,13,B-INSTRUCTION,1,0,0,1,6570,27,13120,0,0,1,0,0.5,2
task_0032,family_05,template_05,0.75,13,B-RAG-EMBED,1,0,0,1,6750,27,13270,0,0,1,0,0.5,2
task_0032,family_05,template_05,0.75,13,B-STAGEHAND-CACHE,1,0,0,1,6550,27,13120,0,0,1,0,0.5,2
task_0032,family_05,template_05,0.75,13,B-TERX-REPLAY,1,0,0,1,6550,27,13120,0,0,1,0,0.5,2
task_0032,family_05,template_05,0.75,13,NC1-SHUFFLED,1,0,1,0,6850,27,13270,0,0,1,0,0.01496188167353783,0
task_0032,family_05,template_05,0.75,13,NC2-RANDOM,1,0,0,1,6750,27,13270,0,1,1,1,0.8,4
task_0032,family_05,template_05,0.75,13,B-LENGTH-PROPORTIONAL,1,0,0,1,6550,27,13120,0,0,1,0,0.5,2
task_0033,family_05,template_05,1.0,13,P-SPIDER-PARAM,1,0,1,0,6850,27,13270,0,0,1,0,0.0,0
task_0033,family_05,template_05,1.0,13,B-COLD,1,0,0,1,6550,27,13120,0,0,1,0,0.5,2
task_0033,family_05,template_05,1.0,13,B-INSTRUCTION,1,0,0,1,6570,27,13120,0,0,1,0,0.5,2
task_0033,family_05,template_05,1.0,13,B-RAG-EMBED,1,0,0,1,6750,27,13270,0,0,1,0,0.5,2
task_0033,family_05,template_05,1.0,13,B-STAGEHAND-CACHE,1,0,0,1,6550,27,13120,0,0,1,0,0.5,2
task_0033,family_05,template_05,1.0,13,B-TERX-REPLAY,1,0,0,1,6550,27,13120,0,0,1,0,0.5,2
task_0033,family_05,template_05,1.0,13,NC1-SHUFFLED,1,0,1,0,6850,27,13270,0,0,1,0,0.0,0
task_0033,family_05,template_05,1.0,13,NC2-RANDOM,1,0,0,1,6750,27,13270,0,1,1,1,0.8,4
task_0033,family_05,template_05,1.0,13,B-LENGTH-PROPORTIONAL,1,0,0,1,6550,27,13120,0,0,1,0,0.5,2
task_0034,family_05,template_05,0.25,13,P-SPIDER-PARAM,1,0,1,0,6850,27,13270,0,0,1,0,0.5252024240277745,2
task_0034,family_05,template_05,0.25,13,B-COLD,1,0,0,1,6550,27,13120,0,0,1,0,0.5,2
task_0034,family_05,template_05,0.25,13,B-INSTRUCTION,1,0,0,1,6570,27,13120,0,0,1,0,0.5,2
task_0034,family_05,template_05,0.25,13,B-RAG-EMBED,1,0,0,1,6750,27,13270,0,0,1,0,0.5,2
task_0034,family_05,template_05,0.25,13,B-STAGEHAND-CACHE,1,0,0,1,6550,27,13120,0,0,1,0,0.5,2
task_0034,family_05,template_05,0.25,13,B-TERX-REPLAY,1,0,0,1,6550,27,13120,0,0,1,0,0.5,2
task_0034,family_05,template_05,0.25,13,NC1-SHUFFLED,1,0,1,0,6850,27,13270,0,0,1,0,0.5252024240277745,2
task_0034,family_05,template_05,0.25,13,NC2-RANDOM,1,0,0,1,6750,27,13270,0,1,1,1,0.8,4
task_0034,family_05,template_05,0.25,13,B-LENGTH-PROPORTIONAL,1,0,0,1,6550,27,13120,0,0,1,0,0.5,2
task_0035,family_05,template_05,0.5,13,P-SPIDER-PARAM,1,0,1,0,6850,27,13270,0,0,1,0,0.4560289243221076,2
task_0035,family_05,template_05,0.5,13,B-COLD,1,0,0,1,6550,27,13120,0,0,1,0,0.5,2
task_0035,family_05,template_05,0.5,13,B-INSTRUCTION,1,0,0,1,6570,27,13120,0,0,1,0,0.5,2
task_0035,family_05,template_05,0.5,13,B-RAG-EMBED,1,0,0,1,6750,27,13270,0,0,1,0,0.5,2
task_0035,family_05,template_05,0.5,13,B-STAGEHAND-CACHE,1,0,0,1,6550,27,13120,0,0,1,0,0.5,2
task_0035,family_05,template_05,0.5,13,B-TERX-REPLAY,1,0,0,1,6550,27,13120,0,0,1,0,0.5,2
task_0035,family_05,template_05,0.5,13,NC1-SHUFFLED,1,0,1,0,6850,27,13270,0,0,1,0,0.4560289243221076,2
task_0035,family_05,template_05,0.5,13,NC2-RANDOM,1,0,0,1,6750,27,13270,0,1,1,1,0.8,4
task_0035,family_05,template_05,0.5,13,B-LENGTH-PROPORTIONAL,1,0,0,1,6550,27,13120,0,0,1,0,0.5,2
task_0036,family_06,template_06,0.0,14,P-SPIDER-PARAM,1,0,0,1,1050,15,1950,14,1,1,0,0.9864017031493529,4
task_0036,family_06,template_06,0.0,14,B-COLD,1,0,0,1,7050,29,14120,0,0,1,0,0.5,2
task_0036,family_06,template_06,0.0,14,B-INSTRUCTION,1,0,0,1,7070,29,14120,0,0,1,0,0.5,2
task_0036,family_06,template_06,0.0,14,B-RAG-EMBED,1,0,0,1,950,15,1950,14,1,1,0,0.5,2
task_0036,family_06,template_06,0.0,14,B-STAGEHAND-CACHE,1,0,0,1,750,15,1800,14,1,1,0,0.5,2
task_0036,family_06,template_06,0.0,14,B-TERX-REPLAY,1,0,0,1,50,15,1800,14,1,1,0,0.5,2
task_0036,family_06,template_06,0.0,14,NC1-SHUFFLED,1,0,1,0,7350,29,14270,0,0,1,0,0.0,0
task_0036,family_06,template_06,0.0,14,NC2-RANDOM,1,0,0,1,7250,29,14270,0,1,1,1,0.8,4
task_0036,family_06,template_06,0.0,14,B-LENGTH-PROPORTIONAL,1,0,0,1,7050,29,14120,0,0,1,0,0.5,2
task_0037,family_06,template_06,0.75,14,P-SPIDER-PARAM,1,0,1,0,7350,29,14270,0,0,1,0,0.10730525031641616,0
task_0037,family_06,template_06,0.75,14,B-COLD,1,0,0,1,7050,29,14120,0,0,1,0,0.5,2
task_0037,family_06,template_06,0.75,14,B-INSTRUCTION,1,0,0,1,7070,29,14120,0,0,1,0,0.5,2
task_0037,family_06,template_06,0.75,14,B-RAG-EMBED,1,0,0,1,7250,29,14270,0,0,1,0,0.5,2
task_0037,family_06,template_06,0.75,14,B-STAGEHAND-CACHE,1,0,0,1,7050,29,14120,0,0,1,0,0.5,2
task_0037,family_06,template_06,0.75,14,B-TERX-REPLAY,1,0,0,1,7050,29,14120,0,0,1,0,0.5,2
task_0037,family_06,template_06,0.75,14,NC1-SHUFFLED,1,0,1,0,7350,29,14270,0,0,1,0,0.036286760306451504,0
task_0037,family_06,template_06,0.75,14,NC2-RANDOM,1,0,0,1,7250,29,14270,0,1,1,1,0.8,4
task_0037,family_06,template_06,0.75,14,B-LENGTH-PROPORTIONAL,1,0,0,1,7050,29,14120,0,0,1,0,0.5,2
task_0038,family_06,template_06,1.0,14,P-SPIDER-PARAM,1,0,1,0,7350,29,14270,0,0,1,0,0.04504116505303426,0
task_0038,family_06,template_06,1.0,14,B-COLD,1,0,0,1,7050,29,14120,0,0,1,0,0.5,2
task_0038,family_06,template_06,1.0,14,B-INSTRUCTION,1,0,0,1,7070,29,14120,0,0,1,0,0.5,2
task_0038,family_06,template_06,1.0,14,B-RAG-EMBED,1,0,0,1,7250,29,14270,0,0,1,0,0.5,2
task_0038,family_06,template_06,1.0,14,B-STAGEHAND-CACHE,1,0,0,1,7050,29,14120,0,0,1,0,0.5,2
task_0038,family_06,template_06,1.0,14,B-TERX-REPLAY,1,0,0,1,7050,29,14120,0,0,1,0,0.5,2
task_0038,family_06,template_06,1.0,14,NC1-SHUFFLED,1,0,1,0,7350,29,14270,0,0,1,0,0.0,0
task_0038,family_06,template_06,1.0,14,NC2-RANDOM,1,0,0,1,7250,29,14270,0,1,1,1,0.8,4
task_0038,family_06,template_06,1.0,14,B-LENGTH-PROPORTIONAL,1,0,0,1,7050,29,14120,0,0,1,0,0.5,2
task_0039,family_06,template_06,0.25,14,P-SPIDER-PARAM,1,0,0,1,2850,19,5470,10,1,1,1,0.8681113630213828,4
task_0039,family_06,template_06,0.25,14,B-COLD,1,0,0,1,7050,29,14120,0,0,1,0,0.5,2
task_0039,family_06,template_06,0.25,14,B-INSTRUCTION,1,0,0,1,7070,29,14120,0,0,1,0,0.5,2
task_0039,family_06,template_06,0.25,14,B-RAG-EMBED,1,0,0,1,7250,29,14270,0,0,1,0,0.5,2
task_0039,family_06,template_06,0.25,14,B-STAGEHAND-CACHE,1,0,0,1,7050,29,14120,0,0,1,0,0.5,2
task_0039,family_06,template_06,0.25,14,B-TERX-REPLAY,1,0,0,1,7050,29,14120,0,0,1,0,0.5,2
task_0039,family_06,template_06,0.25,14,NC1-SHUFFLED,1,0,1,0,7350,29,14270,0,0,1,0,0.026529309333234167,0
task_0039,family_06,template_06,0.25,14,NC2-RANDOM,1,0,0,1,7250,29,14270,0,1,1,1,0.8,4
task_0039,family_06,template_06,0.25,14,B-LENGTH-PROPORTIONAL,1,0,0,1,7050,29,14120,0,0,1,0,0.5,2
task_0040,family_06,template_06,0.5,14,P-SPIDER-PARAM,1,0,1,0,7350,29,14270,0,0,1,0,0.0863710399142184,0
task_0040,family_06,template_06,0.5,14,B-COLD,1,0,0,1,7050,29,14120,0,0,1,0,0.5,2
task_0040,family_06,template_06,0.5,14,B-INSTRUCTION,1,0,0,1,7070,29,14120,0,0,1,0,0.5,2
task_0040,family_06,template_06,0.5,14,B-RAG-EMBED,1,0,0,1,7250,29,14270,0,0,1,0,0.5,2
task_0040,family_06,template_06,0.5,14,B-STAGEHAND-CACHE,1,0,0,1,7050,29,14120,0,0,1,0,0.5,2
task_0040,family_06,template_06,0.5,14,B-TERX-REPLAY,1,0,0,1,7050,29,14120,0,0,1,0,0.5,2
task_0040,family_06,template_06,0.5,14,NC1-SHUFFLED,1,0,1,0,7350,29,14270,0,0,1,0,0.0,0
task_0040,family_06,template_06,0.5,14,NC2-RANDOM,1,0,0,1,7250,29,14270,0,1,1,1,0.8,4
task_0040,family_06,template_06,0.5,14,B-LENGTH-PROPORTIONAL,1,0,0,1,7050,29,14120,0,0,1,0,0.5,2
task_0041,family_06,template_06,0.75,14,P-SPIDER-PARAM,1,0,1,0,7350,29,14270,0,0,1,0,0.06800810643310566,0
task_0041,family_06,template_06,0.75,14,B-COLD,1,0,0,1,7050,29,14120,0,0,1,0,0.5,2
task_0041,family_06,template_06,0.75,14,B-INSTRUCTION,1,0,0,1,7070,29,14120,0,0,1,0,0.5,2
task_0041,family_06,template_06,0.75,14,B-RAG-EMBED,1,0,0,1,7250,29,14270,0,0,1,0,0.5,2
task_0041,family_06,template_06,0.75,14,B-STAGEHAND-CACHE,1,0,0,1,7050,29,14120,0,0,1,0,0.5,2
task_0041,family_06,template_06,0.75,14,B-TERX-REPLAY,1,0,0,1,7050,29,14120,0,0,1,0,0.5,2
task_0041,family_06,template_06,0.75,14,NC1-SHUFFLED,1,0,1,0,7350,29,14270,0,0,1,0,0.03023767121810342,0
task_0041,family_06,template_06,0.75,14,NC2-RANDOM,1,0,0,1,7250,29,14270,0,1,1,1,0.8,4
task_0041,family_06,template_06,0.75,14,B-LENGTH-PROPORTIONAL,1,0,0,1,7050,29,14120,0,0,1,0,0.5,2
task_0042,family_07,template_07,0.0,8,P-SPIDER-PARAM,1,0,0,1,750,9,1230,8,1,1,0,0.9808204777029943,4
task_0042,family_07,template_07,0.0,8,B-COLD,1,0,0,1,4050,17,8120,0,0,1,0,0.5,2
task_0042,family_07,template_07,0.0,8,B-INSTRUCTION,1,0,0,1,4070,17,8120,0,0,1,0,0.5,2
task_0042,family_07,template_07,0.0,8,B-RAG-EMBED,1,0,0,1,650,9,1230,8,1,1,0,0.5,2
task_0042,family_07,template_07,0.0,8,B-STAGEHAND-CACHE,1,0,0,1,450,9,1080,8,1,1,0,0.5,2
task_0042,family_07,template_07,0.0,8,B-TERX-REPLAY,1,0,0,1,50,9,1080,8,1,1,0,0.5,2
task_0042,family_07,template_07,0.0,8,NC1-SHUFFLED,1,0,0,1,750,9,1230,8,1,1,0,0.9808204777029943,4
task_0042,family_07,template_07,0.0,8,NC2-RANDOM,1,0,0,1,4250,17,8270,0,1,1,1,0.8,4
task_0042,family_07,template_07,0.0,8,B-LENGTH-PROPORTIONAL,1,0,0,1,4050,17,8120,0,0,1,0,0.5,2
task_0043,family_07,template_07,1.0,8,P-SPIDER-PARAM,1,0,1,0,4350,17,8270,0,0,1,0,0.0,0
task_0043,family_07,template_07,1.0,8,B-COLD,1,0,0,1,4050,17,8120,0,0,1,0,0.5,2
task_0043,family_07,template_07,1.0,8,B-INSTRUCTION,1,0,0,1,4070,17,8120,0,0,1,0,0.5,2
task_0043,family_07,template_07,1.0,8,B-RAG-EMBED,1,0,0,1,4250,17,8270,0,0,1,0,0.5,2
task_0043,family_07,template_07,1.0,8,B-STAGEHAND-CACHE,1,0,0,1,4050,17,8120,0,0,1,0,0.5,2
task_0043,family_07,template_07,1.0,8,B-TERX-REPLAY,1,0,0,1,4050,17,8120,0,0,1,0,0.5,2
task_0043,family_07,template_07,1.0,8,NC1-SHUFFLED,1,0,1,0,4350,17,8270,0,0,1,0,0.0,0
task_0043,family_07,template_07,1.0,8,NC2-RANDOM,1,0,0,1,4250,17,8270,0,1,1,1,0.8,4
task_0043,family_07,template_07,1.0,8,B-LENGTH-PROPORTIONAL,1,0,0,1,4050,17,8120,0,0,1,0,0.5,2
task_0044,family_07,template_07,0.25,8,P-SPIDER-PARAM,1,0,0,1,750,9,1230,8,1,1,0,0.9645583218221059,4
task_0044,family_07,template_07,0.25,8,B-COLD,1,0,0,1,4050,17,8120,0,0,1,0,0.5,2
task_0044,family_07,template_07,0.25,8,B-INSTRUCTION,1,0,0,1,4070,17,8120,0,0,1,0,0.5,2
task_0044,family_07,template_07,0.25,8,B-RAG-EMBED,1,0,0,1,4250,17,8270,0,0,1,0,0.5,2
task_0044,family_07,template_07,0.25,8,B-STAGEHAND-CACHE,1,0,0,1,4050,17,8120,0,0,1,0,0.5,2
task_0044,family_07,template_07,0.25,8,B-TERX-REPLAY,1,0,0,1,4050,17,8120,0,0,1,0,0.5,2
task_0044,family_07,template_07,0.25,8,NC1-SHUFFLED,1,0,0,1,750,9,1230,8,1,1,0,0.9645583218221059,4
task_0044,family_07,template_07,0.25,8,NC2-RANDOM,1,0,0,1,4250,17,8270,0,1,1,1,0.8,4
task_0044,family_07,template_07,0.25,8,B-LENGTH-PROPORTIONAL,1,0,0,1,4050,17,8120,0,0,1,0,0.5,2
task_0045,family_07,template_07,0.5,8,P-SPIDER-PARAM,1,0,1,0,4350,17,8270,0,0,1,0,0.03187617310407986,0
task_0045,family_07,template_07,0.5,8,B-COLD,1,0,0,1,4050,17,8120,0,0,1,0,0.5,2
task_0045,family_07,template_07,0.5,8,B-INSTRUCTION,1,0,0,1,4070,17,8120,0,0,1,0,0.5,2
task_0045,family_07,template_07,0.5,8,B-RAG-EMBED,1,0,0,1,4250,17,8270,0,0,1,0,0.5,2
task_0045,family_07,template_07,0.5,8,B-STAGEHAND-CACHE,1,0,0,1,4050,17,8120,0,0,1,0,0.5,2
task_0045,family_07,template_07,0.5,8,B-TERX-REPLAY,1,0,0,1,4050,17,8120,0,0,1,0,0.5,2
task_0045,family_07,template_07,0.5,8,NC1-SHUFFLED,1,0,1,0,4350,17,8270,0,0,1,0,0.03187617310407986,0
task_0045,family_07,template_07,0.5,8,NC2-RANDOM,1,0,0,1,4250,17,8270,0,1,1,1,0.8,4
task_0045,family_07,template_07,0.5,8,B-LENGTH-PROPORTIONAL,1,0,0,1,4050,17,8120,0,0,1,0,0.5,2
task_0046,family_07,template_07,0.75,8,P-SPIDER-PARAM,1,0,1,0,4350,17,8270,0,0,1,0,0.0,0
task_0046,family_07,template_07,0.75,8,B-COLD,1,0,0,1,4050,17,8120,0,0,1,0,0.5,2
task_0046,family_07,template_07,0.75,8,B-INSTRUCTION,1,0,0,1,4070,17,8120,0,0,1,0,0.5,2
task_0046,family_07,template_07,0.75,8,B-RAG-EMBED,1,0,0,1,4250,17,8270,0,0,1,0,0.5,2
task_0046,family_07,template_07,0.75,8,B-STAGEHAND-CACHE,1,0,0,1,4050,17,8120,0,0,1,0,0.5,2
task_0046,family_07,template_07,0.75,8,B-TERX-REPLAY,1,0,0,1,4050,17,8120,0,0,1,0,0.5,2
task_0046,family_07,template_07,0.75,8,NC1-SHUFFLED,1,0,1,0,4350,17,8270,0,0,1,0,0.0,0
task_0046,family_07,template_07,0.75,8,NC2-RANDOM,1,0,0,1,4250,17,8270,0,1,1,1,0.8,4
task_0046,family_07,template_07,0.75,8,B-LENGTH-PROPORTIONAL,1,0,0,1,4050,17,8120,0,0,1,0,0.5,2
task_0047,family_07,template_07,1.0,8,P-SPIDER-PARAM,1,0,1,0,4350,17,8270,0,0,1,0,0.007620811131496939,0
task_0047,family_07,template_07,1.0,8,B-COLD,1,0,0,1,4050,17,8120,0,0,1,0,0.5,2
task_0047,family_07,template_07,1.0,8,B-INSTRUCTION,1,0,0,1,4070,17,8120,0,0,1,0,0.5,2
task_0047,family_07,template_07,1.0,8,B-RAG-EMBED,1,0,0,1,4250,17,8270,0,0,1,0,0.5,2
task_0047,family_07,template_07,1.0,8,B-STAGEHAND-CACHE,1,0,0,1,4050,17,8120,0,0,1,0,0.5,2
task_0047,family_07,template_07,1.0,8,B-TERX-REPLAY,1,0,0,1,4050,17,8120,0,0,1,0,0.5,2
task_0047,family_07,template_07,1.0,8,NC1-SHUFFLED,1,0,1,0,4350,17,8270,0,0,1,0,0.007620811131496939,0
task_0047,family_07,template_07,1.0,8,NC2-RANDOM,1,0,0,1,4250,17,8270,0,1,1,1,0.8,4
task_0047,family_07,template_07,1.0,8,B-LENGTH-PROPORTIONAL,1,0,0,1,4050,17,8120,0,0,1,0,0.5,2
task_0048,family_08,template_08,0.0,9,P-SPIDER-PARAM,1,0,0,1,800,10,1350,9,1,1,0,1.0,4
task_0048,family_08,template_08,0.0,9,B-COLD,1,0,0,1,4550,19,9120,0,0,1,0,0.5,2
task_0048,family_08,template_08,0.0,9,B-INSTRUCTION,1,0,0,1,4570,19,9120,0,0,1,0,0.5,2
task_0048,family_08,template_08,0.0,9,B-RAG-EMBED,1,0,0,1,700,10,1350,9,1,1,0,0.5,2
task_0048,family_08,template_08,0.0,9,B-STAGEHAND-CACHE,1,0,0,1,500,10,1200,9,1,1,0,0.5,2
task_0048,family_08,template_08,0.0,9,B-TERX-REPLAY,1,0,0,1,50,10,1200,9,1,1,0,0.5,2
task_0048,family_08,template_08,0.0,9,NC1-SHUFFLED,1,0,1,0,4850,19,9270,0,0,1,0,0.034052105457666085,0
task_0048,family_08,template_08,0.0,9,NC2-RANDOM,1,0,0,1,4750,19,9270,0,1,1,1,0.8,4
task_0048,family_08,template_08,0.0,9,B-LENGTH-PROPORTIONAL,1,0,0,1,4550,19,9120,0,0,1,0,0.5,2
task_0049,family_08,template_08,0.25,9,P-SPIDER-PARAM,1,0,1,0,4850,19,9270,0,0,1,0,0.49605907101986496,2
task_0049,family_08,template_08,0.25,9,B-COLD,1,0,0,1,4550,19,9120,0,0,1,0,0.5,2
task_0049,family_08,template_08,0.25,9,B-INSTRUCTION,1,0,0,1,4570,19,9120,0,0,1,0,0.5,2
task_0049,family_08,template_08,0.25,9,B-RAG-EMBED,1,0,0,1,4750,19,9270,0,0,1,0,0.5,2
task_0049,family_08,template_08,0.25,9,B-STAGEHAND-CACHE,1,0,0,1,4550,19,9120,0,0,1,0,0.5,2
task_0049,family_08,template_08,0.25,9,B-TERX-REPLAY,1,0,0,1,4550,19,9120,0,0,1,0,0.5,2
task_0049,family_08,template_08,0.25,9,NC1-SHUFFLED,1,0,1,0,4850,19,9270,0,0,1,0,0.04431484050159625,0
task_0049,family_08,template_08,0.25,9,NC2-RANDOM,1,0,0,1,4750,19,9270,0,1,1,1,0.8,4
task_0049,family_08,template_08,0.25,9,B-LENGTH-PROPORTIONAL,1,0,0,1,4550,19,9120,0,0,1,0,0.5,2
task_0050,family_08,template_08,0.5,9,P-SPIDER-PARAM,1,0,1,0,4850,19,9270,0,0,1,0,0.5181833971573744,2
task_0050,family_08,template_08,0.5,9,B-COLD,1,0,0,1,4550,19,9120,0,0,1,0,0.5,2
task_0050,family_08,template_08,0.5,9,B-INSTRUCTION,1,0,0,1,4570,19,9120,0,0,1,0,0.5,2
task_0050,family_08,template_08,0.5,9,B-RAG-EMBED,1,0,0,1,4750,19,9270,0,0,1,0,0.5,2
task_0050,family_08,template_08,0.5,9,B-STAGEHAND-CACHE,1,0,0,1,4550,19,9120,0,0,1,0,0.5,2
task_0050,family_08,template_08,0.5,9,B-TERX-REPLAY,1,0,0,1,4550,19,9120,0,0,1,0,0.5,2
task_0050,family_08,template_08,0.5,9,NC1-SHUFFLED,1,0,1,0,4850,19,9270,0,0,1,0,0.0,0
task_0050,family_08,template_08,0.5,9,NC2-RANDOM,1,0,0,1,4750,19,9270,0,1,1,1,0.8,4
task_0050,family_08,template_08,0.5,9,B-LENGTH-PROPORTIONAL,1,0,0,1,4550,19,9120,0,0,1,0,0.5,2
task_0051,family_08,template_08,0.75,9,P-SPIDER-PARAM,1,0,1,0,4850,19,9270,0,0,1,0,0.0,0
task_0051,family_08,template_08,0.75,9,B-COLD,1,0,0,1,4550,19,9120,0,0,1,0,0.5,2
task_0051,family_08,template_08,0.75,9,B-INSTRUCTION,1,0,0,1,4570,19,9120,0,0,1,0,0.5,2
task_0051,family_08,template_08,0.75,9,B-RAG-EMBED,1,0,0,1,4750,19,9270,0,0,1,0,0.5,2
task_0051,family_08,template_08,0.75,9,B-STAGEHAND-CACHE,1,0,0,1,4550,19,9120,0,0,1,0,0.5,2
task_0051,family_08,template_08,0.75,9,B-TERX-REPLAY,1,0,0,1,4550,19,9120,0,0,1,0,0.5,2
task_0051,family_08,template_08,0.75,9,NC1-SHUFFLED,1,0,1,0,4850,19,9270,0,0,1,0,0.03668515995799849,0
task_0051,family_08,template_08,0.75,9,NC2-RANDOM,1,0,0,1,4750,19,9270,0,1,1,1,0.8,4
task_0051,family_08,template_08,0.75,9,B-LENGTH-PROPORTIONAL,1,0,0,1,4550,19,9120,0,0,1,0,0.5,2
task_0052,family_08,template_08,1.0,9,P-SPIDER-PARAM,1,0,1,0,4850,19,9270,0,0,1,0,0.005267813444725984,0
task_0052,family_08,template_08,1.0,9,B-COLD,1,0,0,1,4550,19,9120,0,0,1,0,0.5,2
task_0052,family_08,template_08,1.0,9,B-INSTRUCTION,1,0,0,1,4570,19,9120,0,0,1,0,0.5,2
task_0052,family_08,template_08,1.0,9,B-RAG-EMBED,1,0,0,1,4750,19,9270,0,0,1,0,0.5,2
task_0052,family_08,template_08,1.0,9,B-STAGEHAND-CACHE,1,0,0,1,4550,19,9120,0,0,1,0,0.5,2
task_0052,family_08,template_08,1.0,9,B-TERX-REPLAY,1,0,0,1,4550,19,9120,0,0,1,0,0.5,2
task_0052,family_08,template_08,1.0,9,NC1-SHUFFLED,1,0,1,0,4850,19,9270,0,0,1,0,0.0,0
task_0052,family_08,template_08,1.0,9,NC2-RANDOM,1,0,0,1,4750,19,9270,0,1,1,1,0.8,4
task_0052,family_08,template_08,1.0,9,B-LENGTH-PROPORTIONAL,1,0,0,1,4550,19,9120,0,0,1,0,0.5,2
task_0053,family_08,template_08,0.25,9,P-SPIDER-PARAM,1,0,1,0,4850,19,9270,0,0,1,0,0.5378083573902854,2
task_0053,family_08,template_08,0.25,9,B-COLD,1,0,0,1,4550,19,9120,0,0,1,0,0.5,2
task_0053,family_08,template_08,0.25,9,B-INSTRUCTION,1,0,0,1,4570,19,9120,0,0,1,0,0.5,2
task_0053,family_08,template_08,0.25,9,B-RAG-EMBED,1,0,0,1,4750,19,9270,0,0,1,0,0.5,2
task_0053,family_08,template_08,0.25,9,B-STAGEHAND-CACHE,1,0,0,1,4550,19,9120,0,0,1,0,0.5,2
task_0053,family_08,template_08,0.25,9,B-TERX-REPLAY,1,0,0,1,4550,19,9120,0,0,1,0,0.5,2
task_0053,family_08,template_08,0.25,9,NC1-SHUFFLED,1,0,1,0,4850,19,9270,0,0,1,0,0.0,0
task_0053,family_08,template_08,0.25,9,NC2-RANDOM,1,0,0,1,4750,19,9270,0,1,1,1,0.8,4
task_0053,family_08,template_08,0.25,9,B-LENGTH-PROPORTIONAL,1,0,0,1,4550,19,9120,0,0,1,0,0.5,2
task_0054,family_09,template_09,0.0,10,P-SPIDER-PARAM,1,0,0,1,850,11,1470,10,1,1,0,0.9558374535045303,4
task_0054,family_09,template_09,0.0,10,B-COLD,1,0,0,1,5050,21,10120,0,0,1,0,0.5,2
task_0054,family_09,template_09,0.0,10,B-INSTRUCTION,1,0,0,1,5070,21,10120,0,0,1,0,0.5,2
task_0054,family_09,template_09,0.0,10,B-RAG-EMBED,1,0,0,1,750,11,1470,10,1,1,0,0.5,2
task_0054,family_09,template_09,0.0,10,B-STAGEHAND-CACHE,1,0,0,1,550,11,1320,10,1,1,0,0.5,2
task_0054,family_09,template_09,0.0,10,B-TERX-REPLAY,1,0,0,1,50,11,1320,10,1,1,0,0.5,2
task_0054,family_09,template_09,0.0,10,NC1-SHUFFLED,1,0,0,1,850,11,1470,10,1,1,0,0.9558374535045303,4
task_0054,family_09,template_09,0.0,10,NC2-RANDOM,1,0,0,1,5250,21,10270,0,1,1,1,0.8,4
task_0054,family_09,template_09,0.0,10,B-LENGTH-PROPORTIONAL,1,0,0,1,5050,21,10120,0,0,1,0,0.5,2
task_0055,family_09,template_09,0.5,10,P-SPIDER-PARAM,1,0,1,0,5350,21,10270,0,0,1,0,0.5072979583076186,2
task_0055,family_09,template_09,0.5,10,B-COLD,1,0,0,1,5050,21,10120,0,0,1,0,0.5,2
task_0055,family_09,template_09,0.5,10,B-INSTRUCTION,1,0,0,1,5070,21,10120,0,0,1,0,0.5,2
task_0055,family_09,template_09,0.5,10,B-RAG-EMBED,1,0,0,1,5250,21,10270,0,0,1,0,0.5,2
task_0055,family_09,template_09,0.5,10,B-STAGEHAND-CACHE,1,0,0,1,5050,21,10120,0,0,1,0,0.5,2
task_0055,family_09,template_09,0.5,10,B-TERX-REPLAY,1,0,0,1,5050,21,10120,0,0,1,0,0.5,2
task_0055,family_09,template_09,0.5,10,NC1-SHUFFLED,1,0,1,0,5350,21,10270,0,0,1,0,0.5072979583076186,2
task_0055,family_09,template_09,0.5,10,NC2-RANDOM,1,0,0,1,5250,21,10270,0,1,1,1,0.8,4
task_0055,family_09,template_09,0.5,10,B-LENGTH-PROPORTIONAL,1,0,0,1,5050,21,10120,0,0,1,0,0.5,2
task_0056,family_09,template_09,0.75,10,P-SPIDER-PARAM,1,0,1,0,5350,21,10270,0,0,1,0,0.006213154969278374,0
task_0056,family_09,template_09,0.75,10,B-COLD,1,0,0,1,5050,21,10120,0,0,1,0,0.5,2
task_0056,family_09,template_09,0.75,10,B-INSTRUCTION,1,0,0,1,5070,21,10120,0,0,1,0,0.5,2
task_0056,family_09,template_09,0.75,10,B-RAG-EMBED,1,0,0,1,5250,21,10270,0,0,1,0,0.5,2
task_0056,family_09,template_09,0.75,10,B-STAGEHAND-CACHE,1,0,0,1,5050,21,10120,0,0,1,0,0.5,2
task_0056,family_09,template_09,0.75,10,B-TERX-REPLAY,1,0,0,1,5050,21,10120,0,0,1,0,0.5,2
task_0056,family_09,template_09,0.75,10,NC1-SHUFFLED,1,0,1,0,5350,21,10270,0,0,1,0,0.006213154969278374,0
task_0056,family_09,template_09,0.75,10,NC2-RANDOM,1,0,0,1,5250,21,10270,0,1,1,1,0.8,4
task_0056,family_09,template_09,0.75,10,B-LENGTH-PROPORTIONAL,1,0,0,1,5050,21,10120,0,0,1,0,0.5,2
task_0057,family_09,template_09,1.0,10,P-SPIDER-PARAM,1,0,1,0,5350,21,10270,0,0,1,0,0.0,0
task_0057,family_09,template_09,1.0,10,B-COLD,1,0,0,1,5050,21,10120,0,0,1,0,0.5,2
task_0057,family_09,template_09,1.0,10,B-INSTRUCTION,1,0,0,1,5070,21,10120,0,0,1,0,0.5,2
task_0057,family_09,template_09,1.0,10,B-RAG-EMBED,1,0,0,1,5250,21,10270,0,0,1,0,0.5,2
task_0057,family_09,template_09,1.0,10,B-STAGEHAND-CACHE,1,0,0,1,5050,21,10120,0,0,1,0,0.5,2
task_0057,family_09,template_09,1.0,10,B-TERX-REPLAY,1,0,0,1,5050,21,10120,0,0,1,0,0.5,2
task_0057,family_09,template_09,1.0,10,NC1-SHUFFLED,1,0,1,0,5350,21,10270,0,0,1,0,0.0,0
task_0057,family_09,template_09,1.0,10,NC2-RANDOM,1,0,0,1,5250,21,10270,0,1,1,1,0.8,4
task_0057,family_09,template_09,1.0,10,B-LENGTH-PROPORTIONAL,1,0,0,1,5050,21,10120,0,0,1,0,0.5,2
task_0058,family_09,template_09,0.25,10,P-SPIDER-PARAM,1,0,1,0,5350,21,10270,0,0,1,0,0.5032547255925445,2
task_0058,family_09,template_09,0.25,10,B-COLD,1,0,0,1,5050,21,10120,0,0,1,0,0.5,2
task_0058,family_09,template_09,0.25,10,B-INSTRUCTION,1,0,0,1,5070,21,10120,0,0,1,0,0.5,2
task_0058,family_09,template_09,0.25,10,B-RAG-EMBED,1,0,0,1,5250,21,10270,0,0,1,0,0.5,2
task_0058,family_09,template_09,0.25,10,B-STAGEHAND-CACHE,1,0,0,1,5050,21,10120,0,0,1,0,0.5,2
task_0058,family_09,template_09,0.25,10,B-TERX-REPLAY,1,0,0,1,5050,21,10120,0,0,1,0,0.5,2
task_0058,family_09,template_09,0.25,10,NC1-SHUFFLED,1,0,1,0,5350,21,10270,0,0,1,0,0.5032547255925445,2
task_0058,family_09,template_09,0.25,10,NC2-RANDOM,1,0,0,1,5250,21,10270,0,1,1,1,0.8,4
task_0058,family_09,template_09,0.25,10,B-LENGTH-PROPORTIONAL,1,0,0,1,5050,21,10120,0,0,1,0,0.5,2
task_0059,family_09,template_09,0.5,10,P-SPIDER-PARAM,1,0,1,0,5350,21,10270,0,0,1,0,0.49529758187303646,2
task_0059,family_09,template_09,0.5,10,B-COLD,1,0,0,1,5050,21,10120,0,0,1,0,0.5,2
task_0059,family_09,template_09,0.5,10,B-INSTRUCTION,1,0,0,1,5070,21,10120,0,0,1,0,0.5,2
task_0059,family_09,template_09,0.5,10,B-RAG-EMBED,1,0,0,1,5250,21,10270,0,0,1,0,0.5,2
task_0059,family_09,template_09,0.5,10,B-STAGEHAND-CACHE,1,0,0,1,5050,21,10120,0,0,1,0,0.5,2
task_0059,family_09,template_09,0.5,10,B-TERX-REPLAY,1,0,0,1,5050,21,10120,0,0,1,0,0.5,2
task_0059,family_09,template_09,0.5,10,NC1-SHUFFLED,1,0,1,0,5350,21,10270,0,0,1,0,0.49529758187303646,2
task_0059,family_09,template_09,0.5,10,NC2-RANDOM,1,0,0,1,5250,21,10270,0,1,1,1,0.8,4
task_0059,family_09,template_09,0.5,10,B-LENGTH-PROPORTIONAL,1,0,0,1,5050,21,10120,0,0,1,0,0.5,2
task_0060,family_10,template_10,0.0,11,P-SPIDER-PARAM,1,0,0,1,900,12,1590,11,1,1,0,1.0,4
task_0060,family_10,template_10,0.0,11,B-COLD,1,0,0,1,5550,23,11120,0,0,1,0,0.5,2
task_0060,family_10,template_10,0.0,11,B-INSTRUCTION,1,0,0,1,5570,23,11120,0,0,1,0,0.5,2
task_0060,family_10,template_10,0.0,11,B-RAG-EMBED,1,0,0,1,800,12,1590,11,1,1,0,0.5,2
task_0060,family_10,template_10,0.0,11,B-STAGEHAND-CACHE,1,0,0,1,600,12,1440,11,1,1,0,0.5,2
task_0060,family_10,template_10,0.0,11,B-TERX-REPLAY,1,0,0,1,50,12,1440,11,1,1,0,0.5,2
task_0060,family_10,template_10,0.0,11,NC1-SHUFFLED,1,0,1,0,5850,23,11270,0,0,1,0,0.25075790221852534,1
task_0060,family_10,template_10,0.0,11,NC2-RANDOM,1,0,0,1,5750,23,11270,0,1,1,1,0.8,4
task_0060,family_10,template_10,0.0,11,B-LENGTH-PROPORTIONAL,1,0,0,1,5550,23,11120,0,0,1,0,0.5,2
task_0061,family_10,template_10,0.75,11,P-SPIDER-PARAM,1,0,1,0,5850,23,11270,0,0,1,0,0.12955244180328995,0
task_0061,family_10,template_10,0.75,11,B-COLD,1,0,0,1,5550,23,11120,0,0,1,0,0.5,2
task_0061,family_10,template_10,0.75,11,B-INSTRUCTION,1,0,0,1,5570,23,11120,0,0,1,0,0.5,2
task_0061,family_10,template_10,0.75,11,B-RAG-EMBED,1,0,0,1,5750,23,11270,0,0,1,0,0.5,2
task_0061,family_10,template_10,0.75,11,B-STAGEHAND-CACHE,1,0,0,1,5550,23,11120,0,0,1,0,0.5,2
task_0061,family_10,template_10,0.75,11,B-TERX-REPLAY,1,0,0,1,5550,23,11120,0,0,1,0,0.5,2
task_0061,family_10,template_10,0.75,11,NC1-SHUFFLED,1,0,1,0,5850,23,11270,0,0,1,0,0.0,0
task_0061,family_10,template_10,0.75,11,NC2-RANDOM,1,0,0,1,5750,23,11270,0,1,1,1,0.8,4
task_0061,family_10,template_10,0.75,11,B-LENGTH-PROPORTIONAL,1,0,0,1,5550,23,11120,0,0,1,0,0.5,2
task_0062,family_10,template_10,1.0,11,P-SPIDER-PARAM,1,0,1,0,5850,23,11270,0,0,1,0,0.013937391779514845,0
task_0062,family_10,template_10,1.0,11,B-COLD,1,0,0,1,5550,23,11120,0,0,1,0,0.5,2
task_0062,family_10,template_10,1.0,11,B-INSTRUCTION,1,0,0,1,5570,23,11120,0,0,1,0,0.5,2
task_0062,family_10,template_10,1.0,11,B-RAG-EMBED,1,0,0,1,5750,23,11270,0,0,1,0,0.5,2
task_0062,family_10,template_10,1.0,11,B-STAGEHAND-CACHE,1,0,0,1,5550,23,11120,0,0,1,0,0.5,2
task_0062,family_10,template_10,1.0,11,B-TERX-REPLAY,1,0,0,1,5550,23,11120,0,0,1,0,0.5,2
task_0062,family_10,template_10,1.0,11,NC1-SHUFFLED,1,0,1,0,5850,23,11270,0,0,1,0,0.010046211326423634,0
task_0062,family_10,template_10,1.0,11,NC2-RANDOM,1,0,0,1,5750,23,11270,0,1,1,1,0.8,4
task_0062,family_10,template_10,1.0,11,B-LENGTH-PROPORTIONAL,1,0,0,1,5550,23,11120,0,0,1,0,0.5,2
task_0063,family_10,template_10,0.25,11,P-SPIDER-PARAM,1,0,0,1,2250,15,4230,8,1,1,1,0.9108643532649829,4
task_0063,family_10,template_10,0.25,11,B-COLD,1,0,0,1,5550,23,11120,0,0,1,0,0.5,2
task_0063,family_10,template_10,0.25,11,B-INSTRUCTION,1,0,0,1,5570,23,11120,0,0,1,0,0.5,2
task_0063,family_10,template_10,0.25,11,B-RAG-EMBED,1,0,0,1,5750,23,11270,0,0,1,0,0.5,2
task_0063,family_10,template_10,0.25,11,B-STAGEHAND-CACHE,1,0,0,1,5550,23,11120,0,0,1,0,0.5,2
task_0063,family_10,template_10,0.25,11,B-TERX-REPLAY,1,0,0,1,5550,23,11120,0,0,1,0,0.5,2
task_0063,family_10,template_10,0.25,11,NC1-SHUFFLED,1,0,1,0,5850,23,11270,0,0,1,0,0.11405466496540437,0
task_0063,family_10,template_10,0.25,11,NC2-RANDOM,1,0,0,1,5750,23,11270,0,1,1,1,0.8,4
task_0063,family_10,template_10,0.25,11,B-LENGTH-PROPORTIONAL,1,0,0,1,5550,23,11120,0,0,1,0,0.5,2
task_0064,family_10,template_10,0.5,11,P-SPIDER-PARAM,1,0,1,0,5850,23,11270,0,0,1,0,0.1342765957026705,0
task_0064,family_10,template_10,0.5,11,B-COLD,1,0,0,1,5550,23,11120,0,0,1,0,0.5,2
task_0064,family_10,template_10,0.5,11,B-INSTRUCTION,1,0,0,1,5570,23,11120,0,0,1,0,0.5,2
task_0064,family_10,template_10,0.5,11,B-RAG-EMBED,1,0,0,1,5750,23,11270,0,0,1,0,0.5,2
task_0064,family_10,template_10,0.5,11,B-STAGEHAND-CACHE,1,0,0,1,5550,23,11120,0,0,1,0,0.5,2
task_0064,family_10,template_10,0.5,11,B-TERX-REPLAY,1,0,0,1,5550,23,11120,0,0,1,0,0.5,2
task_0064,family_10,template_10,0.5,11,NC1-SHUFFLED,1,0,1,0,5850,23,11270,0,0,1,0,0.02931466813414269,0
task_0064,family_10,template_10,0.5,11,NC2-RANDOM,1,0,0,1,5750,23,11270,0,1,1,1,0.8,4
task_0064,family_10,template_10,0.5,11,B-LENGTH-PROPORTIONAL,1,0,0,1,5550,23,11120,0,0,1,0,0.5,2
task_0065,family_10,template_10,0.75,11,P-SPIDER-PARAM,1,0,1,0,5850,23,11270,0,0,1,0,0.07152071523966383,0
task_0065,family_10,template_10,0.75,11,B-COLD,1,0,0,1,5550,23,11120,0,0,1,0,0.5,2
task_0065,family_10,template_10,0.75,11,B-INSTRUCTION,1,0,0,1,5570,23,11120,0,0,1,0,0.5,2
task_0065,family_10,template_10,0.75,11,B-RAG-EMBED,1,0,0,1,5750,23,11270,0,0,1,0,0.5,2
task_0065,family_10,template_10,0.75,11,B-STAGEHAND-CACHE,1,0,0,1,5550,23,11120,0,0,1,0,0.5,2
task_0065,family_10,template_10,0.75,11,B-TERX-REPLAY,1,0,0,1,5550,23,11120,0,0,1,0,0.5,2
task_0065,family_10,template_10,0.75,11,NC1-SHUFFLED,1,0,1,0,5850,23,11270,0,0,1,0,0.0,0
task_0065,family_10,template_10,0.75,11,NC2-RANDOM,1,0,0,1,5750,23,11270,0,1,1,1,0.8,4
task_0065,family_10,template_10,0.75,11,B-LENGTH-PROPORTIONAL,1,0,0,1,5550,23,11120,0,0,1,0,0.5,2
task_0066,family_11,template_11,0.0,12,P-SPIDER-PARAM,1,0,0,1,950,13,1710,12,1,1,0,0.9863649953528495,4
task_0066,family_11,template_11,0.0,12,B-COLD,1,0,0,1,6050,25,12120,0,0,1,0,0.5,2
task_0066,family_11,template_11,0.0,12,B-INSTRUCTION,1,0,0,1,6070,25,12120,0,0,1,0,0.5,2
task_0066,family_11,template_11,0.0,12,B-RAG-EMBED,1,0,0,1,850,13,1710,12,1,1,0,0.5,2
task_0066,family_11,template_11,0.0,12,B-STAGEHAND-CACHE,1,0,0,1,650,13,1560,12,1,1,0,0.5,2
task_0066,family_11,template_11,0.0,12,B-TERX-REPLAY,1,0,0,1,50,13,1560,12,1,1,0,0.5,2
task_0066,family_11,template_11,0.0,12,NC1-SHUFFLED,1,0,0,1,950,13,1710,12,1,1,0,0.9863649953528495,4
task_0066,family_11,template_11,0.0,12,NC2-RANDOM,1,0,0,1,6250,25,12270,0,1,1,1,0.8,4
task_0066,family_11,template_11,0.0,12,B-LENGTH-PROPORTIONAL,1,0,0,1,6050,25,12120,0,0,1,0,0.5,2
task_0067,family_11,template_11,1.0,12,P-SPIDER-PARAM,1,0,1,0,6350,25,12270,0,0,1,0,0.0,0
task_0067,family_11,template_11,1.0,12,B-COLD,1,0,0,1,6050,25,12120,0,0,1,0,0.5,2
task_0067,family_11,template_11,1.0,12,B-INSTRUCTION,1,0,0,1,6070,25,12120,0,0,1,0,0.5,2
task_0067,family_11,template_11,1.0,12,B-RAG-EMBED,1,0,0,1,6250,25,12270,0,0,1,0,0.5,2
task_0067,family_11,template_11,1.0,12,B-STAGEHAND-CACHE,1,0,0,1,6050,25,12120,0,0,1,0,0.5,2
task_0067,family_11,template_11,1.0,12,B-TERX-REPLAY,1,0,0,1,6050,25,12120,0,0,1,0,0.5,2
task_0067,family_11,template_11,1.0,12,NC1-SHUFFLED,1,0,1,0,6350,25,12270,0,0,1,0,0.0,0
task_0067,family_11,template_11,1.0,12,NC2-RANDOM,1,0,0,1,6250,25,12270,0,1,1,1,0.8,4
task_0067,family_11,template_11,1.0,12,B-LENGTH-PROPORTIONAL,1,0,0,1,6050,25,12120,0,0,1,0,0.5,2
task_0068,family_11,template_11,0.25,12,P-SPIDER-PARAM,1,0,0,1,950,13,1710,12,1,1,0,1.0,4
task_0068,family_11,template_11,0.25,12,B-COLD,1,0,0,1,6050,25,12120,0,0,1,0,0.5,2
task_0068,family_11,template_11,0.25,12,B-INSTRUCTION,1,0,0,1,6070,25,12120,0,0,1,0,0.5,2
task_0068,family_11,template_11,0.25,12,B-RAG-EMBED,1,0,0,1,6250,25,12270,0,0,1,0,0.5,2
task_0068,family_11,template_11,0.25,12,B-STAGEHAND-CACHE,1,0,0,1,6050,25,12120,0,0,1,0,0.5,2
task_0068,family_11,template_11,0.25,12,B-TERX-REPLAY,1,0,0,1,6050,25,12120,0,0,1,0,0.5,2
task_0068,family_11,template_11,0.25,12,NC1-SHUFFLED,1,0,0,1,950,13,1710,12,1,1,0,1.0,4
task_0068,family_11,template_11,0.25,12,NC2-RANDOM,1,0,0,1,6250,25,12270,0,1,1,1,0.8,4
task_0068,family_11,template_11,0.25,12,B-LENGTH-PROPORTIONAL,1,0,0,1,6050,25,12120,0,0,1,0,0.5,2
task_0069,family_11,template_11,0.5,12,P-SPIDER-PARAM,1,0,1,0,6350,25,12270,0,0,1,0,0.0,0
task_0069,family_11,template_11,0.5,12,B-COLD,1,0,0,1,6050,25,12120,0,0,1,0,0.5,2
task_0069,family_11,template_11,0.5,12,B-INSTRUCTION,1,0,0,1,6070,25,12120,0,0,1,0,0.5,2
task_0069,family_11,template_11,0.5,12,B-RAG-EMBED,1,0,0,1,6250,25,12270,0,0,1,0,0.5,2
task_0069,family_11,template_11,0.5,12,B-STAGEHAND-CACHE,1,0,0,1,6050,25,12120,0,0,1,0,0.5,2
task_0069,family_11,template_11,0.5,12,B-TERX-REPLAY,1,0,0,1,6050,25,12120,0,0,1,0,0.5,2
task_0069,family_11,template_11,0.5,12,NC1-SHUFFLED,1,0,1,0,6350,25,12270,0,0,1,0,0.0,0
task_0069,family_11,template_11,0.5,12,NC2-RANDOM,1,0,0,1,6250,25,12270,0,1,1,1,0.8,4
task_0069,family_11,template_11,0.5,12,B-LENGTH-PROPORTIONAL,1,0,0,1,6050,25,12120,0,0,1,0,0.5,2
task_0070,family_11,template_11,0.75,12,P-SPIDER-PARAM,1,0,1,0,6350,25,12270,0,0,1,0,0.0,0
task_0070,family_11,template_11,0.75,12,B-COLD,1,0,0,1,6050,25,12120,0,0,1,0,0.5,2
task_0070,family_11,template_11,0.75,12,B-INSTRUCTION,1,0,0,1,6070,25,12120,0,0,1,0,0.5,2
task_0070,family_11,template_11,0.75,12,B-RAG-EMBED,1,0,0,1,6250,25,12270,0,0,1,0,0.5,2
task_0070,family_11,template_11,0.75,12,B-STAGEHAND-CACHE,1,0,0,1,6050,25,12120,0,0,1,0,0.5,2
task_0070,family_11,template_11,0.75,12,B-TERX-REPLAY,1,0,0,1,6050,25,12120,0,0,1,0,0.5,2
task_0070,family_11,template_11,0.75,12,NC1-SHUFFLED,1,0,1,0,6350,25,12270,0,0,1,0,0.0,0
task_0070,family_11,template_11,0.75,12,NC2-RANDOM,1,0,0,1,6250,25,12270,0,1,1,1,0.8,4
task_0070,family_11,template_11,0.75,12,B-LENGTH-PROPORTIONAL,1,0,0,1,6050,25,12120,0,0,1,0,0.5,2
task_0071,family_11,template_11,1.0,12,P-SPIDER-PARAM,1,0,1,0,6350,25,12270,0,0,1,0,0.02001114873618567,0
task_0071,family_11,template_11,1.0,12,B-COLD,1,0,0,1,6050,25,12120,0,0,1,0,0.5,2
task_0071,family_11,template_11,1.0,12,B-INSTRUCTION,1,0,0,1,6070,25,12120,0,0,1,0,0.5,2
task_0071,family_11,template_11,1.0,12,B-RAG-EMBED,1,0,0,1,6250,25,12270,0,0,1,0,0.5,2
task_0071,family_11,template_11,1.0,12,B-STAGEHAND-CACHE,1,0,0,1,6050,25,12120,0,0,1,0,0.5,2
task_0071,family_11,template_11,1.0,12,B-TERX-REPLAY,1,0,0,1,6050,25,12120,0,0,1,0,0.5,2
task_0071,family_11,template_11,1.0,12,NC1-SHUFFLED,1,0,1,0,6350,25,12270,0,0,1,0,0.02001114873618567,0
task_0071,family_11,template_11,1.0,12,NC2-RANDOM,1,0,0,1,6250,25,12270,0,1,1,1,0.8,4
task_0071,family_11,template_11,1.0,12,B-LENGTH-PROPORTIONAL,1,0,0,1,6050,25,12120,0,0,1,0,0.5,2
task_0072,family_12,template_12,0.0,13,P-SPIDER-PARAM,1,0,0,1,1000,14,1830,13,1,1,0,1.0,4
task_0072,family_12,template_12,0.0,13,B-COLD,1,0,0,1,6550,27,13120,0,0,1,0,0.5,2
task_0072,family_12,template_12,0.0,13,B-INSTRUCTION,1,0,0,1,6570,27,13120,0,0,1,0,0.5,2
task_0072,family_12,template_12,0.0,13,B-RAG-EMBED,1,0,0,1,900,14,1830,13,1,1,0,0.5,2
task_0072,family_12,template_12,0.0,13,B-STAGEHAND-CACHE,1,0,0,1,700,14,1680,13,1,1,0,0.5,2
task_0072,family_12,template_12,0.0,13,B-TERX-REPLAY,1,0,0,1,50,14,1680,13,1,1,0,0.5,2
task_0072,family_12,template_12,0.0,13,NC1-SHUFFLED,1,0,1,0,6850,27,13270,0,0,1,0,0.005995333355317777,0
task_0072,family_12,template_12,0.0,13,NC2-RANDOM,1,0,0,1,6750,27,13270,0,1,1,1,0.8,4
task_0072,family_12,template_12,0.0,13,B-LENGTH-PROPORTIONAL,1,0,0,1,6550,27,13120,0,0,1,0,0.5,2
task_0073,family_12,template_12,0.25,13,P-SPIDER-PARAM,1,0,1,0,6850,27,13270,0,0,1,0,0.5048653684968334,2
task_0073,family_12,template_12,0.25,13,B-COLD,1,0,0,1,6550,27,13120,0,0,1,0,0.5,2
task_0073,family_12,template_12,0.25,13,B-INSTRUCTION,1,0,0,1,6570,27,13120,0,0,1,0,0.5,2
task_0073,family_12,template_12,0.25,13,B-RAG-EMBED,1,0,0,1,6750,27,13270,0,0,1,0,0.5,2
task_0073,family_12,template_12,0.25,13,B-STAGEHAND-CACHE,1,0,0,1,6550,27,13120,0,0,1,0,0.5,2
task_0073,family_12,template_12,0.25,13,B-TERX-REPLAY,1,0,0,1,6550,27,13120,0,0,1,0,0.5,2
task_0073,family_12,template_12,0.25,13,NC1-SHUFFLED,1,0,1,0,6850,27,13270,0,0,1,0,0.0,0
task_0073,family_12,template_12,0.25,13,NC2-RANDOM,1,0,0,1,6750,27,13270,0,1,1,1,0.8,4
task_0073,family_12,template_12,0.25,13,B-LENGTH-PROPORTIONAL,1,0,0,1,6550,27,13120,0,0,1,0,0.5,2
task_0074,family_12,template_12,0.5,13,P-SPIDER-PARAM,1,0,1,0,6850,27,13270,0,0,1,0,0.46063306319742764,2
task_0074,family_12,template_12,0.5,13,B-COLD,1,0,0,1,6550,27,13120,0,0,1,0,0.5,2
task_0074,family_12,template_12,0.5,13,B-INSTRUCTION,1,0,0,1,6570,27,13120,0,0,1,0,0.5,2
task_0074,family_12,template_12,0.5,13,B-RAG-EMBED,1,0,0,1,6750,27,13270,0,0,1,0,0.5,2
task_0074,family_12,template_12,0.5,13,B-STAGEHAND-CACHE,1,0,0,1,6550,27,13120,0,0,1,0,0.5,2
task_0074,family_12,template_12,0.5,13,B-TERX-REPLAY,1,0,0,1,6550,27,13120,0,0,1,0,0.5,2
task_0074,family_12,template_12,0.5,13,NC1-SHUFFLED,1,0,1,0,6850,27,13270,0,0,1,0,0.0,0
task_0074,family_12,template_12,0.5,13,NC2-RANDOM,1,0,0,1,6750,27,13270,0,1,1,1,0.8,4
task_0074,family_12,template_12,0.5,13,B-LENGTH-PROPORTIONAL,1,0,0,1,6550,27,13120,0,0,1,0,0.5,2
task_0075,family_12,template_12,0.75,13,P-SPIDER-PARAM,1,0,1,0,6850,27,13270,0,0,1,0,0.0,0
task_0075,family_12,template_12,0.75,13,B-COLD,1,0,0,1,6550,27,13120,0,0,1,0,0.5,2
task_0075,family_12,template_12,0.75,13,B-INSTRUCTION,1,0,0,1,6570,27,13120,0,0,1,0,0.5,2
task_0075,family_12,template_12,0.75,13,B-RAG-EMBED,1,0,0,1,6750,27,13270,0,0,1,0,0.5,2
task_0075,family_12,template_12,0.75,13,B-STAGEHAND-CACHE,1,0,0,1,6550,27,13120,0,0,1,0,0.5,2
task_0075,family_12,template_12,0.75,13,B-TERX-REPLAY,1,0,0,1,6550,27,13120,0,0,1,0,0.5,2
task_0075,family_12,template_12,0.75,13,NC1-SHUFFLED,1,0,1,0,6850,27,13270,0,0,1,0,0.005484712483762556,0
task_0075,family_12,template_12,0.75,13,NC2-RANDOM,1,0,0,1,6750,27,13270,0,1,1,1,0.8,4
task_0075,family_12,template_12,0.75,13,B-LENGTH-PROPORTIONAL,1,0,0,1,6550,27,13120,0,0,1,0,0.5,2
task_0076,family_12,template_12,1.0,13,P-SPIDER-PARAM,1,0,1,0,6850,27,13270,0,0,1,0,0.03513192938726153,0
task_0076,family_12,template_12,1.0,13,B-COLD,1,0,0,1,6550,27,13120,0,0,1,0,0.5,2
task_0076,family_12,template_12,1.0,13,B-INSTRUCTION,1,0,0,1,6570,27,13120,0,0,1,0,0.5,2
task_0076,family_12,template_12,1.0,13,B-RAG-EMBED,1,0,0,1,6750,27,13270,0,0,1,0,0.5,2
task_0076,family_12,template_12,1.0,13,B-STAGEHAND-CACHE,1,0,0,1,6550,27,13120,0,0,1,0,0.5,2
task_0076,family_12,template_12,1.0,13,B-TERX-REPLAY,1,0,0,1,6550,27,13120,0,0,1,0,0.5,2
task_0076,family_12,template_12,1.0,13,NC1-SHUFFLED,1,0,1,0,6850,27,13270,0,0,1,0,5.871093719188596e-05,0
task_0076,family_12,template_12,1.0,13,NC2-RANDOM,1,0,0,1,6750,27,13270,0,1,1,1,0.8,4
task_0076,family_12,template_12,1.0,13,B-LENGTH-PROPORTIONAL,1,0,0,1,6550,27,13120,0,0,1,0,0.5,2
task_0077,family_13,template_13,0.0,14,P-SPIDER-PARAM,1,0,0,1,1050,15,1950,14,1,1,0,1.0,4
task_0077,family_13,template_13,0.0,14,B-COLD,1,0,0,1,7050,29,14120,0,0,1,0,0.5,2
task_0077,family_13,template_13,0.0,14,B-INSTRUCTION,1,0,0,1,7070,29,14120,0,0,1,0,0.5,2
task_0077,family_13,template_13,0.0,14,B-RAG-EMBED,1,0,0,1,950,15,1950,14,1,1,0,0.5,2
task_0077,family_13,template_13,0.0,14,B-STAGEHAND-CACHE,1,0,0,1,750,15,1800,14,1,1,0,0.5,2
task_0077,family_13,template_13,0.0,14,B-TERX-REPLAY,1,0,0,1,50,15,1800,14,1,1,0,0.5,2
task_0077,family_13,template_13,0.0,14,NC1-SHUFFLED,1,0,1,0,7350,29,14270,0,0,1,0,0.0009040936329129112,0
task_0077,family_13,template_13,0.0,14,NC2-RANDOM,1,0,0,1,7250,29,14270,0,1,1,1,0.8,4
task_0077,family_13,template_13,0.0,14,B-LENGTH-PROPORTIONAL,1,0,0,1,7050,29,14120,0,0,1,0,0.5,2
task_0078,family_13,template_13,0.5,14,P-SPIDER-PARAM,1,0,1,0,7350,29,14270,0,0,1,0,0.5437222991128854,2
task_0078,family_13,template_13,0.5,14,B-COLD,1,0,0,1,7050,29,14120,0,0,1,0,0.5,2
task_0078,family_13,template_13,0.5,14,B-INSTRUCTION,1,0,0,1,7070,29,14120,0,0,1,0,0.5,2
task_0078,family_13,template_13,0.5,14,B-RAG-EMBED,1,0,0,1,7250,29,14270,0,0,1,0,0.5,2
task_0078,family_13,template_13,0.5,14,B-STAGEHAND-CACHE,1,0,0,1,7050,29,14120,0,0,1,0,0.5,2
task_0078,family_13,template_13,0.5,14,B-TERX-REPLAY,1,0,0,1,7050,29,14120,0,0,1,0,0.5,2
task_0078,family_13,template_13,0.5,14,NC1-SHUFFLED,1,0,1,0,7350,29,14270,0,0,1,0,0.0,0
task_0078,family_13,template_13,0.5,14,NC2-RANDOM,1,0,0,1,7250,29,14270,0,1,1,1,0.8,4
task_0078,family_13,template_13,0.5,14,B-LENGTH-PROPORTIONAL,1,0,0,1,7050,29,14120,0,0,1,0,0.5,2
task_0079,family_13,template_13,0.75,14,P-SPIDER-PARAM,1,0,1,0,7350,29,14270,0,0,1,0,0.04671567436678308,0
task_0079,family_13,template_13,0.75,14,B-COLD,1,0,0,1,7050,29,14120,0,0,1,0,0.5,2
task_0079,family_13,template_13,0.75,14,B-INSTRUCTION,1,0,0,1,7070,29,14120,0,0,1,0,0.5,2
task_0079,family_13,template_13,0.75,14,B-RAG-EMBED,1,0,0,1,7250,29,14270,0,0,1,0,0.5,2
task_0079,family_13,template_13,0.75,14,B-STAGEHAND-CACHE,1,0,0,1,7050,29,14120,0,0,1,0,0.5,2
task_0079,family_13,template_13,0.75,14,B-TERX-REPLAY,1,0,0,1,7050,29,14120,0,0,1,0,0.5,2
task_0079,family_13,template_13,0.75,14,NC1-SHUFFLED,1,0,1,0,7350,29,14270,0,0,1,0,0.03188723132343923,0
task_0079,family_13,template_13,0.75,14,NC2-RANDOM,1,0,0,1,7250,29,14270,0,1,1,1,0.8,4
task_0079,family_13,template_13,0.75,14,B-LENGTH-PROPORTIONAL,1,0,0,1,7050,29,14120,0,0,1,0,0.5,2
task_0080,family_13,template_13,1.0,14,P-SPIDER-PARAM,1,0,1,0,7350,29,14270,0,0,1,0,0.0,0
task_0080,family_13,template_13,1.0,14,B-COLD,1,0,0,1,7050,29,14120,0,0,1,0,0.5,2
task_0080,family_13,template_13,1.0,14,B-INSTRUCTION,1,0,0,1,7070,29,14120,0,0,1,0,0.5,2
task_0080,family_13,template_13,1.0,14,B-RAG-EMBED,1,0,0,1,7250,29,14270,0,0,1,0,0.5,2
task_0080,family_13,template_13,1.0,14,B-STAGEHAND-CACHE,1,0,0,1,7050,29,14120,0,0,1,0,0.5,2
task_0080,family_13,template_13,1.0,14,B-TERX-REPLAY,1,0,0,1,7050,29,14120,0,0,1,0,0.5,2
task_0080,family_13,template_13,1.0,14,NC1-SHUFFLED,1,0,1,0,7350,29,14270,0,0,1,0,0.040636523667433956,0
task_0080,family_13,template_13,1.0,14,NC2-RANDOM,1,0,0,1,7250,29,14270,0,1,1,1,0.8,4
task_0080,family_13,template_13,1.0,14,B-LENGTH-PROPORTIONAL,1,0,0,1,7050,29,14120,0,0,1,0,0.5,2
task_0081,family_13,template_13,0.25,14,P-SPIDER-PARAM,1,0,1,0,7350,29,14270,0,0,1,0,0.4591458241195697,2
task_0081,family_13,template_13,0.25,14,B-COLD,1,0,0,1,7050,29,14120,0,0,1,0,0.5,2
task_0081,family_13,template_13,0.25,14,B-INSTRUCTION,1,0,0,1,7070,29,14120,0,0,1,0,0.5,2
task_0081,family_13,template_13,0.25,14,B-RAG-EMBED,1,0,0,1,7250,29,14270,0,0,1,0,0.5,2
task_0081,family_13,template_13,0.25,14,B-STAGEHAND-CACHE,1,0,0,1,7050,29,14120,0,0,1,0,0.5,2
task_0081,family_13,template_13,0.25,14,B-TERX-REPLAY,1,0,0,1,7050,29,14120,0,0,1,0,0.5,2
task_0081,family_13,template_13,0.25,14,NC1-SHUFFLED,1,0,1,0,7350,29,14270,0,0,1,0,0.02168654903797686,0
task_0081,family_13,template_13,0.25,14,NC2-RANDOM,1,0,0,1,7250,29,14270,0,1,1,1,0.8,4
task_0081,family_13,template_13,0.25,14,B-LENGTH-PROPORTIONAL,1,0,0,1,7050,29,14120,0,0,1,0,0.5,2
task_0082,family_14,template_14,0.0,8,P-SPIDER-PARAM,1,0,0,1,750,9,1230,8,1,1,0,0.9653600186426513,4
task_0082,family_14,template_14,0.0,8,B-COLD,1,0,0,1,4050,17,8120,0,0,1,0,0.5,2
task_0082,family_14,template_14,0.0,8,B-INSTRUCTION,1,0,0,1,4070,17,8120,0,0,1,0,0.5,2
task_0082,family_14,template_14,0.0,8,B-RAG-EMBED,1,0,0,1,650,9,1230,8,1,1,0,0.5,2
task_0082,family_14,template_14,0.0,8,B-STAGEHAND-CACHE,1,0,0,1,450,9,1080,8,1,1,0,0.5,2
task_0082,family_14,template_14,0.0,8,B-TERX-REPLAY,1,0,0,1,50,9,1080,8,1,1,0,0.5,2
task_0082,family_14,template_14,0.0,8,NC1-SHUFFLED,1,0,0,1,750,9,1230,8,1,1,0,0.9653600186426513,4
task_0082,family_14,template_14,0.0,8,NC2-RANDOM,1,0,0,1,4250,17,8270,0,1,1,1,0.8,4
task_0082,family_14,template_14,0.0,8,B-LENGTH-PROPORTIONAL,1,0,0,1,4050,17,8120,0,0,1,0,0.5,2
task_0083,family_14,template_14,0.75,8,P-SPIDER-PARAM,1,0,1,0,4350,17,8270,0,0,1,0,0.14063332458546918,0
task_0083,family_14,template_14,0.75,8,B-COLD,1,0,0,1,4050,17,8120,0,0,1,0,0.5,2
task_0083,family_14,template_14,0.75,8,B-INSTRUCTION,1,0,0,1,4070,17,8120,0,0,1,0,0.5,2
task_0083,family_14,template_14,0.75,8,B-RAG-EMBED,1,0,0,1,4250,17,8270,0,0,1,0,0.5,2
task_0083,family_14,template_14,0.75,8,B-STAGEHAND-CACHE,1,0,0,1,4050,17,8120,0,0,1,0,0.5,2
task_0083,family_14,template_14,0.75,8,B-TERX-REPLAY,1,0,0,1,4050,17,8120,0,0,1,0,0.5,2
task_0083,family_14,template_14,0.75,8,NC1-SHUFFLED,1,0,1,0,4350,17,8270,0,0,1,0,0.14063332458546918,0
task_0083,family_14,template_14,0.75,8,NC2-RANDOM,1,0,0,1,4250,17,8270,0,1,1,1,0.8,4
task_0083,family_14,template_14,0.75,8,B-LENGTH-PROPORTIONAL,1,0,0,1,4050,17,8120,0,0,1,0,0.5,2
task_0084,family_14,template_14,1.0,8,P-SPIDER-PARAM,1,0,1,0,4350,17,8270,0,0,1,0,0.04313177351220741,0
task_0084,family_14,template_14,1.0,8,B-COLD,1,0,0,1,4050,17,8120,0,0,1,0,0.5,2
task_0084,family_14,template_14,1.0,8,B-INSTRUCTION,1,0,0,1,4070,17,8120,0,0,1,0,0.5,2
task_0084,family_14,template_14,1.0,8,B-RAG-EMBED,1,0,0,1,4250,17,8270,0,0,1,0,0.5,2
task_0084,family_14,template_14,1.0,8,B-STAGEHAND-CACHE,1,0,0,1,4050,17,8120,0,0,1,0,0.5,2
task_0084,family_14,template_14,1.0,8,B-TERX-REPLAY,1,0,0,1,4050,17,8120,0,0,1,0,0.5,2
task_0084,family_14,template_14,1.0,8,NC1-SHUFFLED,1,0,1,0,4350,17,8270,0,0,1,0,0.04313177351220741,0
task_0084,family_14,template_14,1.0,8,NC2-RANDOM,1,0,0,1,4250,17,8270,0,1,1,1,0.8,4
task_0084,family_14,template_14,1.0,8,B-LENGTH-PROPORTIONAL,1,0,0,1,4050,17,8120,0,0,1,0,0.5,2
task_0085,family_14,template_14,0.25,8,P-SPIDER-PARAM,1,0,0,1,1650,11,2990,6,1,1,1,0.8607654712813523,4
task_0085,family_14,template_14,0.25,8,B-COLD,1,0,0,1,4050,17,8120,0,0,1,0,0.5,2
task_0085,family_14,template_14,0.25,8,B-INSTRUCTION,1,0,0,1,4070,17,8120,0,0,1,0,0.5,2
task_0085,family_14,template_14,0.25,8,B-RAG-EMBED,1,0,0,1,4250,17,8270,0,0,1,0,0.5,2
task_0085,family_14,template_14,0.25,8,B-STAGEHAND-CACHE,1,0,0,1,4050,17,8120,0,0,1,0,0.5,2
task_0085,family_14,template_14,0.25,8,B-TERX-REPLAY,1,0,0,1,4050,17,8120,0,0,1,0,0.5,2
task_0085,family_14,template_14,0.25,8,NC1-SHUFFLED,1,0,0,1,1650,11,2990,6,1,1,1,0.8607654712813523,4
task_0085,family_14,template_14,0.25,8,NC2-RANDOM,1,0,0,1,4250,17,8270,0,1,1,1,0.8,4
task_0085,family_14,template_14,0.25,8,B-LENGTH-PROPORTIONAL,1,0,0,1,4050,17,8120,0,0,1,0,0.5,2
task_0086,family_14,template_14,0.5,8,P-SPIDER-PARAM,1,0,1,0,4350,17,8270,0,0,1,0,0.1435820256370514,0
task_0086,family_14,template_14,0.5,8,B-COLD,1,0,0,1,4050,17,8120,0,0,1,0,0.5,2
task_0086,family_14,template_14,0.5,8,B-INSTRUCTION,1,0,0,1,4070,17,8120,0,0,1,0,0.5,2
task_0086,family_14,template_14,0.5,8,B-RAG-EMBED,1,0,0,1,4250,17,8270,0,0,1,0,0.5,2
task_0086,family_14,template_14,0.5,8,B-STAGEHAND-CACHE,1,0,0,1,4050,17,8120,0,0,1,0,0.5,2
task_0086,family_14,template_14,0.5,8,B-TERX-REPLAY,1,0,0,1,4050,17,8120,0,0,1,0,0.5,2
task_0086,family_14,template_14,0.5,8,NC1-SHUFFLED,1,0,1,0,4350,17,8270,0,0,1,0,0.1435820256370514,0
task_0086,family_14,template_14,0.5,8,NC2-RANDOM,1,0,0,1,4250,17,8270,0,1,1,1,0.8,4
task_0086,family_14,template_14,0.5,8,B-LENGTH-PROPORTIONAL,1,0,0,1,4050,17,8120,0,0,1,0,0.5,2
task_0087,family_15,template_15,0.0,9,P-SPIDER-PARAM,1,0,0,1,800,10,1350,9,1,1,0,0.9513508586409478,4
task_0087,family_15,template_15,0.0,9,B-COLD,1,0,0,1,4550,19,9120,0,0,1,0,0.5,2
task_0087,family_15,template_15,0.0,9,B-INSTRUCTION,1,0,0,1,4570,19,9120,0,0,1,0,0.5,2
task_0087,family_15,template_15,0.0,9,B-RAG-EMBED,1,0,0,1,700,10,1350,9,1,1,0,0.5,2
task_0087,family_15,template_15,0.0,9,B-STAGEHAND-CACHE,1,0,0,1,500,10,1200,9,1,1,0,0.5,2
task_0087,family_15,template_15,0.0,9,B-TERX-REPLAY,1,0,0,1,50,10,1200,9,1,1,0,0.5,2
task_0087,family_15,template_15,0.0,9,NC1-SHUFFLED,1,0,0,1,800,10,1350,9,1,1,0,0.9513508586409478,4
task_0087,family_15,template_15,0.0,9,NC2-RANDOM,1,0,0,1,4750,19,9270,0,1,1,1,0.8,4
task_0087,family_15,template_15,0.0,9,B-LENGTH-PROPORTIONAL,1,0,0,1,4550,19,9120,0,0,1,0,0.5,2
task_0088,family_15,template_15,1.0,9,P-SPIDER-PARAM,1,0,1,0,4850,19,9270,0,0,1,0,0.010657730994567082,0
task_0088,family_15,template_15,1.0,9,B-COLD,1,0,0,1,4550,19,9120,0,0,1,0,0.5,2
task_0088,family_15,template_15,1.0,9,B-INSTRUCTION,1,0,0,1,4570,19,9120,0,0,1,0,0.5,2
task_0088,family_15,template_15,1.0,9,B-RAG-EMBED,1,0,0,1,4750,19,9270,0,0,1,0,0.5,2
task_0088,family_15,template_15,1.0,9,B-STAGEHAND-CACHE,1,0,0,1,4550,19,9120,0,0,1,0,0.5,2
task_0088,family_15,template_15,1.0,9,B-TERX-REPLAY,1,0,0,1,4550,19,9120,0,0,1,0,0.5,2
task_0088,family_15,template_15,1.0,9,NC1-SHUFFLED,1,0,1,0,4850,19,9270,0,0,1,0,0.010657730994567082,0
task_0088,family_15,template_15,1.0,9,NC2-RANDOM,1,0,0,1,4750,19,9270,0,1,1,1,0.8,4
task_0088,family_15,template_15,1.0,9,B-LENGTH-PROPORTIONAL,1,0,0,1,4550,19,9120,0,0,1,0,0.5,2
task_0089,family_15,template_15,0.25,9,P-SPIDER-PARAM,1,0,0,1,800,10,1350,9,1,1,0,1.0,4
task_0089,family_15,template_15,0.25,9,B-COLD,1,0,0,1,4550,19,9120,0,0,1,0,0.5,2
task_0089,family_15,template_15,0.25,9,B-INSTRUCTION,1,0,0,1,4570,19,9120,0,0,1,0,0.5,2
task_0089,family_15,template_15,0.25,9,B-RAG-EMBED,1,0,0,1,4750,19,9270,0,0,1,0,0.5,2
task_0089,family_15,template_15,0.25,9,B-STAGEHAND-CACHE,1,0,0,1,4550,19,9120,0,0,1,0,0.5,2
task_0089,family_15,template_15,0.25,9,B-TERX-REPLAY,1,0,0,1,4550,19,9120,0,0,1,0,0.5,2
task_0089,family_15,template_15,0.25,9,NC1-SHUFFLED,1,0,0,1,800,10,1350,9,1,1,0,1.0,4
task_0089,family_15,template_15,0.25,9,NC2-RANDOM,1,0,0,1,4750,19,9270,0,1,1,1,0.8,4
task_0089,family_15,template_15,0.25,9,B-LENGTH-PROPORTIONAL,1,0,0,1,4550,19,9120,0,0,1,0,0.5,2
task_0090,family_15,template_15,0.5,9,P-SPIDER-PARAM,1,0,1,0,4850,19,9270,0,0,1,0,0.0,0
task_0090,family_15,template_15,0.5,9,B-COLD,1,0,0,1,4550,19,9120,0,0,1,0,0.5,2
task_0090,family_15,template_15,0.5,9,B-INSTRUCTION,1,0,0,1,4570,19,9120,0,0,1,0,0.5,2
task_0090,family_15,template_15,0.5,9,B-RAG-EMBED,1,0,0,1,4750,19,9270,0,0,1,0,0.5,2
task_0090,family_15,template_15,0.5,9,B-STAGEHAND-CACHE,1,0,0,1,4550,19,9120,0,0,1,0,0.5,2
task_0090,family_15,template_15,0.5,9,B-TERX-REPLAY,1,0,0,1,4550,19,9120,0,0,1,0,0.5,2
task_0090,family_15,template_15,0.5,9,NC1-SHUFFLED,1,0,1,0,4850,19,9270,0,0,1,0,0.0,0
task_0090,family_15,template_15,0.5,9,NC2-RANDOM,1,0,0,1,4750,19,9270,0,1,1,1,0.8,4
task_0090,family_15,template_15,0.5,9,B-LENGTH-PROPORTIONAL,1,0,0,1,4550,19,9120,0,0,1,0,0.5,2
task_0091,family_15,template_15,0.75,9,P-SPIDER-PARAM,1,0,1,0,4850,19,9270,0,0,1,0,0.0,0
task_0091,family_15,template_15,0.75,9,B-COLD,1,0,0,1,4550,19,9120,0,0,1,0,0.5,2
task_0091,family_15,template_15,0.75,9,B-INSTRUCTION,1,0,0,1,4570,19,9120,0,0,1,0,0.5,2
task_0091,family_15,template_15,0.75,9,B-RAG-EMBED,1,0,0,1,4750,19,9270,0,0,1,0,0.5,2
task_0091,family_15,template_15,0.75,9,B-STAGEHAND-CACHE,1,0,0,1,4550,19,9120,0,0,1,0,0.5,2
task_0091,family_15,template_15,0.75,9,B-TERX-REPLAY,1,0,0,1,4550,19,9120,0,0,1,0,0.5,2
task_0091,family_15,template_15,0.75,9,NC1-SHUFFLED,1,0,1,0,4850,19,9270,0,0,1,0,0.0,0
task_0091,family_15,template_15,0.75,9,NC2-RANDOM,1,0,0,1,4750,19,9270,0,1,1,1,0.8,4
task_0091,family_15,template_15,0.75,9,B-LENGTH-PROPORTIONAL,1,0,0,1,4550,19,9120,0,0,1,0,0.5,2
task_0092,family_16,template_16,0.0,10,P-SPIDER-PARAM,1,0,0,1,850,11,1470,10,1,1,0,1.0,4
task_0092,family_16,template_16,0.0,10,B-COLD,1,0,0,1,5050,21,10120,0,0,1,0,0.5,2
task_0092,family_16,template_16,0.0,10,B-INSTRUCTION,1,0,0,1,5070,21,10120,0,0,1,0,0.5,2
task_0092,family_16,template_16,0.0,10,B-RAG-EMBED,1,0,0,1,750,11,1470,10,1,1,0,0.5,2
task_0092,family_16,template_16,0.0,10,B-STAGEHAND-CACHE,1,0,0,1,550,11,1320,10,1,1,0,0.5,2
task_0092,family_16,template_16,0.0,10,B-TERX-REPLAY,1,0,0,1,50,11,1320,10,1,1,0,0.5,2
task_0092,family_16,template_16,0.0,10,NC1-SHUFFLED,1,0,0,1,850,11,1470,10,1,1,0,1.0,4
task_0092,family_16,template_16,0.0,10,NC2-RANDOM,1,0,0,1,5250,21,10270,0,1,1,1,0.8,4
task_0092,family_16,template_16,0.0,10,B-LENGTH-PROPORTIONAL,1,0,0,1,5050,21,10120,0,0,1,0,0.5,2
task_0093,family_16,template_16,0.25,10,P-SPIDER-PARAM,1,0,1,0,5350,21,10270,0,0,1,0,0.5255781614947347,2
task_0093,family_16,template_16,0.25,10,B-COLD,1,0,0,1,5050,21,10120,0,0,1,0,0.5,2
task_0093,family_16,template_16,0.25,10,B-INSTRUCTION,1,0,0,1,5070,21,10120,0,0,1,0,0.5,2
task_0093,family_16,template_16,0.25,10,B-RAG-EMBED,1,0,0,1,5250,21,10270,0,0,1,0,0.5,2
task_0093,family_16,template_16,0.25,10,B-STAGEHAND-CACHE,1,0,0,1,5050,21,10120,0,0,1,0,0.5,2
task_0093,family_16,template_16,0.25,10,B-TERX-REPLAY,1,0,0,1,5050,21,10120,0,0,1,0,0.5,2
task_0093,family_16,template_16,0.25,10,NC1-SHUFFLED,1,0,1,0,5350,21,10270,0,0,1,0,0.5255781614947347,2
task_0093,family_16,template_16,0.25,10,NC2-RANDOM,1,0,0,1,5250,21,10270,0,1,1,1,0.8,4
task_0093,family_16,template_16,0.25,10,B-LENGTH-PROPORTIONAL,1,0,0,1,5050,21,10120,0,0,1,0,0.5,2
task_0094,family_16,template_16,0.5,10,P-SPIDER-PARAM,1,0,1,0,5350,21,10270,0,0,1,0,0.4635713032962848,2
task_0094,family_16,template_16,0.5,10,B-COLD,1,0,0,1,5050,21,10120,0,0,1,0,0.5,2
task_0094,family_16,template_16,0.5,10,B-INSTRUCTION,1,0,0,1,5070,21,10120,0,0,1,0,0.5,2
task_0094,family_16,template_16,0.5,10,B-RAG-EMBED,1,0,0,1,5250,21,10270,0,0,1,0,0.5,2
task_0094,family_16,template_16,0.5,10,B-STAGEHAND-CACHE,1,0,0,1,5050,21,10120,0,0,1,0,0.5,2
task_0094,family_16,template_16,0.5,10,B-TERX-REPLAY,1,0,0,1,5050,21,10120,0,0,1,0,0.5,2
task_0094,family_16,template_16,0.5,10,NC1-SHUFFLED,1,0,1,0,5350,21,10270,0,0,1,0,0.4635713032962848,2
task_0094,family_16,template_16,0.5,10,NC2-RANDOM,1,0,0,1,5250,21,10270,0,1,1,1,0.8,4
task_0094,family_16,template_16,0.5,10,B-LENGTH-PROPORTIONAL,1,0,0,1,5050,21,10120,0,0,1,0,0.5,2
task_0095,family_16,template_16,0.75,10,P-SPIDER-PARAM,1,0,1,0,5350,21,10270,0,0,1,0,0.0,0
task_0095,family_16,template_16,0.75,10,B-COLD,1,0,0,1,5050,21,10120,0,0,1,0,0.5,2
task_0095,family_16,template_16,0.75,10,B-INSTRUCTION,1,0,0,1,5070,21,10120,0,0,1,0,0.5,2
task_0095,family_16,template_16,0.75,10,B-RAG-EMBED,1,0,0,1,5250,21,10270,0,0,1,0,0.5,2
task_0095,family_16,template_16,0.75,10,B-STAGEHAND-CACHE,1,0,0,1,5050,21,10120,0,0,1,0,0.5,2
task_0095,family_16,template_16,0.75,10,B-TERX-REPLAY,1,0,0,1,5050,21,10120,0,0,1,0,0.5,2
task_0095,family_16,template_16,0.75,10,NC1-SHUFFLED,1,0,1,0,5350,21,10270,0,0,1,0,0.0,0
task_0095,family_16,template_16,0.75,10,NC2-RANDOM,1,0,0,1,5250,21,10270,0,1,1,1,0.8,4
task_0095,family_16,template_16,0.75,10,B-LENGTH-PROPORTIONAL,1,0,0,1,5050,21,10120,0,0,1,0,0.5,2
task_0096,family_16,template_16,1.0,10,P-SPIDER-PARAM,1,0,1,0,5350,21,10270,0,0,1,0,0.015327927557878106,0
task_0096,family_16,template_16,1.0,10,B-COLD,1,0,0,1,5050,21,10120,0,0,1,0,0.5,2
task_0096,family_16,template_16,1.0,10,B-INSTRUCTION,1,0,0,1,5070,21,10120,0,0,1,0,0.5,2
task_0096,family_16,template_16,1.0,10,B-RAG-EMBED,1,0,0,1,5250,21,10270,0,0,1,0,0.5,2
task_0096,family_16,template_16,1.0,10,B-STAGEHAND-CACHE,1,0,0,1,5050,21,10120,0,0,1,0,0.5,2
task_0096,family_16,template_16,1.0,10,B-TERX-REPLAY,1,0,0,1,5050,21,10120,0,0,1,0,0.5,2
task_0096,family_16,template_16,1.0,10,NC1-SHUFFLED,1,0,1,0,5350,21,10270,0,0,1,0,0.015327927557878106,0
task_0096,family_16,template_16,1.0,10,NC2-RANDOM,1,0,0,1,5250,21,10270,0,1,1,1,0.8,4
task_0096,family_16,template_16,1.0,10,B-LENGTH-PROPORTIONAL,1,0,0,1,5050,21,10120,0,0,1,0,0.5,2
task_0097,family_17,template_17,0.0,11,P-SPIDER-PARAM,1,0,0,1,900,12,1590,11,1,1,0,1.0,4
task_0097,family_17,template_17,0.0,11,B-COLD,1,0,0,1,5550,23,11120,0,0,1,0,0.5,2
task_0097,family_17,template_17,0.0,11,B-INSTRUCTION,1,0,0,1,5570,23,11120,0,0,1,0,0.5,2
task_0097,family_17,template_17,0.0,11,B-RAG-EMBED,1,0,0,1,800,12,1590,11,1,1,0,0.5,2
task_0097,family_17,template_17,0.0,11,B-STAGEHAND-CACHE,1,0,0,1,600,12,1440,11,1,1,0,0.5,2
task_0097,family_17,template_17,0.0,11,B-TERX-REPLAY,1,0,0,1,50,12,1440,11,1,1,0,0.5,2
task_0097,family_17,template_17,0.0,11,NC1-SHUFFLED,1,0,0,1,900,12,1590,11,1,1,0,1.0,4
task_0097,family_17,template_17,0.0,11,NC2-RANDOM,1,0,0,1,5750,23,11270,0,1,1,1,0.8,4
task_0097,family_17,template_17,0.0,11,B-LENGTH-PROPORTIONAL,1,0,0,1,5550,23,11120,0,0,1,0,0.5,2
task_0098,family_17,template_17,0.5,11,P-SPIDER-PARAM,1,0,1,0,5850,23,11270,0,0,1,0,0.5295460926423111,2
task_0098,family_17,template_17,0.5,11,B-COLD,1,0,0,1,5550,23,11120,0,0,1,0,0.5,2
task_0098,family_17,template_17,0.5,11,B-INSTRUCTION,1,0,0,1,5570,23,11120,0,0,1,0,0.5,2
task_0098,family_17,template_17,0.5,11,B-RAG-EMBED,1,0,0,1,5750,23,11270,0,0,1,0,0.5,2
task_0098,family_17,template_17,0.5,11,B-STAGEHAND-CACHE,1,0,0,1,5550,23,11120,0,0,1,0,0.5,2
task_0098,family_17,template_17,0.5,11,B-TERX-REPLAY,1,0,0,1,5550,23,11120,0,0,1,0,0.5,2
task_0098,family_17,template_17,0.5,11,NC1-SHUFFLED,1,0,1,0,5850,23,11270,0,0,1,0,0.5295460926423111,2
task_0098,family_17,template_17,0.5,11,NC2-RANDOM,1,0,0,1,5750,23,11270,0,1,1,1,0.8,4
task_0098,family_17,template_17,0.5,11,B-LENGTH-PROPORTIONAL,1,0,0,1,5550,23,11120,0,0,1,0,0.5,2
task_0099,family_17,template_17,0.75,11,P-SPIDER-PARAM,1,0,1,0,5850,23,11270,0,0,1,0,0.010810973590386793,0
task_0099,family_17,template_17,0.75,11,B-COLD,1,0,0,1,5550,23,11120,0,0,1,0,0.5,2
task_0099,family_17,template_17,0.75,11,B-INSTRUCTION,1,0,0,1,5570,23,11120,0,0,1,0,0.5,2
task_0099,family_17,template_17,0.75,11,B-RAG-EMBED,1,0,0,1,5750,23,11270,0,0,1,0,0.5,2
task_0099,family_17,template_17,0.75,11,B-STAGEHAND-CACHE,1,0,0,1,5550,23,11120,0,0,1,0,0.5,2
task_0099,family_17,template_17,0.75,11,B-TERX-REPLAY,1,0,0,1,5550,23,11120,0,0,1,0,0.5,2
task_0099,family_17,template_17,0.75,11,NC1-SHUFFLED,1,0,1,0,5850,23,11270,0,0,1,0,0.010810973590386793,0
task_0099,family_17,template_17,0.75,11,NC2-RANDOM,1,0,0,1,5750,23,11270,0,1,1,1,0.8,4
task_0099,family_17,template_17,0.75,11,B-LENGTH-PROPORTIONAL,1,0,0,1,5550,23,11120,0,0,1,0,0.5,2
task_0100,family_17,template_17,1.0,11,P-SPIDER-PARAM,1,0,1,0,5850,23,11270,0,0,1,0,0.0,0
task_0100,family_17,template_17,1.0,11,B-COLD,1,0,0,1,5550,23,11120,0,0,1,0,0.5,2
task_0100,family_17,template_17,1.0,11,B-INSTRUCTION,1,0,0,1,5570,23,11120,0,0,1,0,0.5,2
task_0100,family_17,template_17,1.0,11,B-RAG-EMBED,1,0,0,1,5750,23,11270,0,0,1,0,0.5,2
task_0100,family_17,template_17,1.0,11,B-STAGEHAND-CACHE,1,0,0,1,5550,23,11120,0,0,1,0,0.5,2
task_0100,family_17,template_17,1.0,11,B-TERX-REPLAY,1,0,0,1,5550,23,11120,0,0,1,0,0.5,2
task_0100,family_17,template_17,1.0,11,NC1-SHUFFLED,1,0,1,0,5850,23,11270,0,0,1,0,0.0,0
task_0100,family_17,template_17,1.0,11,NC2-RANDOM,1,0,0,1,5750,23,11270,0,1,1,1,0.8,4
task_0100,family_17,template_17,1.0,11,B-LENGTH-PROPORTIONAL,1,0,0,1,5550,23,11120,0,0,1,0,0.5,2
task_0101,family_17,template_17,0.25,11,P-SPIDER-PARAM,1,0,1,0,5850,23,11270,0,0,1,0,0.5100624401698178,2
task_0101,family_17,template_17,0.25,11,B-COLD,1,0,0,1,5550,23,11120,0,0,1,0,0.5,2
task_0101,family_17,template_17,0.25,11,B-INSTRUCTION,1,0,0,1,5570,23,11120,0,0,1,0,0.5,2
task_0101,family_17,template_17,0.25,11,B-RAG-EMBED,1,0,0,1,5750,23,11270,0,0,1,0,0.5,2
task_0101,family_17,template_17,0.25,11,B-STAGEHAND-CACHE,1,0,0,1,5550,23,11120,0,0,1,0,0.5,2
task_0101,family_17,template_17,0.25,11,B-TERX-REPLAY,1,0,0,1,5550,23,11120,0,0,1,0,0.5,2
task_0101,family_17,template_17,0.25,11,NC1-SHUFFLED,1,0,1,0,5850,23,11270,0,0,1,0,0.5100624401698178,2
task_0101,family_17,template_17,0.25,11,NC2-RANDOM,1,0,0,1,5750,23,11270,0,1,1,1,0.8,4
task_0101,family_17,template_17,0.25,11,B-LENGTH-PROPORTIONAL,1,0,0,1,5550,23,11120,0,0,1,0,0.5,2
task_0102,family_18,template_18,0.0,12,P-SPIDER-PARAM,1,0,0,1,950,13,1710,12,1,1,0,0.9846266523763862,4
task_0102,family_18,template_18,0.0,12,B-COLD,1,0,0,1,6050,25,12120,0,0,1,0,0.5,2
task_0102,family_18,template_18,0.0,12,B-INSTRUCTION,1,0,0,1,6070,25,12120,0,0,1,0,0.5,2
task_0102,family_18,template_18,0.0,12,B-RAG-EMBED,1,0,0,1,850,13,1710,12,1,1,0,0.5,2
task_0102,family_18,template_18,0.0,12,B-STAGEHAND-CACHE,1,0,0,1,650,13,1560,12,1,1,0,0.5,2
task_0102,family_18,template_18,0.0,12,B-TERX-REPLAY,1,0,0,1,50,13,1560,12,1,1,0,0.5,2
task_0102,family_18,template_18,0.0,12,NC1-SHUFFLED,1,0,1,0,6350,25,12270,0,0,1,0,0.02292127300390982,0
task_0102,family_18,template_18,0.0,12,NC2-RANDOM,1,0,0,1,6250,25,12270,0,1,1,1,0.8,4
task_0102,family_18,template_18,0.0,12,B-LENGTH-PROPORTIONAL,1,0,0,1,6050,25,12120,0,0,1,0,0.5,2
task_0103,family_18,template_18,0.75,12,P-SPIDER-PARAM,1,0,1,0,6350,25,12270,0,0,1,0,0.12488845520100636,0
task_0103,family_18,template_18,0.75,12,B-COLD,1,0,0,1,6050,25,12120,0,0,1,0,0.5,2
task_0103,family_18,template_18,0.75,12,B-INSTRUCTION,1,0,0,1,6070,25,12120,0,0,1,0,0.5,2
task_0103,family_18,template_18,0.75,12,B-RAG-EMBED,1,0,0,1,6250,25,12270,0,0,1,0,0.5,2
task_0103,family_18,template_18,0.75,12,B-STAGEHAND-CACHE,1,0,0,1,6050,25,12120,0,0,1,0,0.5,2
task_0103,family_18,template_18,0.75,12,B-TERX-REPLAY,1,0,0,1,6050,25,12120,0,0,1,0,0.5,2
task_0103,family_18,template_18,0.75,12,NC1-SHUFFLED,1,0,1,0,6350,25,12270,0,0,1,0,0.004954527750297701,0
task_0103,family_18,template_18,0.75,12,NC2-RANDOM,1,0,0,1,6250,25,12270,0,1,1,1,0.8,4
task_0103,family_18,template_18,0.75,12,B-LENGTH-PROPORTIONAL,1,0,0,1,6050,25,12120,0,0,1,0,0.5,2
task_0104,family_18,template_18,1.0,12,P-SPIDER-PARAM,1,0,1,0,6350,25,12270,0,0,1,0,0.008963020247159528,0
task_0104,family_18,template_18,1.0,12,B-COLD,1,0,0,1,6050,25,12120,0,0,1,0,0.5,2
task_0104,family_18,template_18,1.0,12,B-INSTRUCTION,1,0,0,1,6070,25,12120,0,0,1,0,0.5,2
task_0104,family_18,template_18,1.0,12,B-RAG-EMBED,1,0,0,1,6250,25,12270,0,0,1,0,0.5,2
task_0104,family_18,template_18,1.0,12,B-STAGEHAND-CACHE,1,0,0,1,6050,25,12120,0,0,1,0,0.5,2
task_0104,family_18,template_18,1.0,12,B-TERX-REPLAY,1,0,0,1,6050,25,12120,0,0,1,0,0.5,2
task_0104,family_18,template_18,1.0,12,NC1-SHUFFLED,1,0,1,0,6350,25,12270,0,0,1,0,0.0077418165400172335,0
task_0104,family_18,template_18,1.0,12,NC2-RANDOM,1,0,0,1,6250,25,12270,0,1,1,1,0.8,4
task_0104,family_18,template_18,1.0,12,B-LENGTH-PROPORTIONAL,1,0,0,1,6050,25,12120,0,0,1,0,0.5,2
task_0105,family_18,template_18,0.25,12,P-SPIDER-PARAM,1,0,0,1,2750,17,5230,8,1,1,1,0.8543378182577921,4
task_0105,family_18,template_18,0.25,12,B-COLD,1,0,0,1,6050,25,12120,0,0,1,0,0.5,2
task_0105,family_18,template_18,0.25,12,B-INSTRUCTION,1,0,0,1,6070,25,12120,0,0,1,0,0.5,2
task_0105,family_18,template_18,0.25,12,B-RAG-EMBED,1,0,0,1,6250,25,12270,0,0,1,0,0.5,2
task_0105,family_18,template_18,0.25,12,B-STAGEHAND-CACHE,1,0,0,1,6050,25,12120,0,0,1,0,0.5,2
task_0105,family_18,template_18,0.25,12,B-TERX-REPLAY,1,0,0,1,6050,25,12120,0,0,1,0,0.5,2
task_0105,family_18,template_18,0.25,12,NC1-SHUFFLED,1,0,1,0,6350,25,12270,0,0,1,0,0.008819879771935973,0
task_0105,family_18,template_18,0.25,12,NC2-RANDOM,1,0,0,1,6250,25,12270,0,1,1,1,0.8,4
task_0105,family_18,template_18,0.25,12,B-LENGTH-PROPORTIONAL,1,0,0,1,6050,25,12120,0,0,1,0,0.5,2
task_0106,family_18,template_18,0.5,12,P-SPIDER-PARAM,1,0,1,0,6350,25,12270,0,0,1,0,0.1415185754481968,0
task_0106,family_18,template_18,0.5,12,B-COLD,1,0,0,1,6050,25,12120,0,0,1,0,0.5,2
task_0106,family_18,template_18,0.5,12,B-INSTRUCTION,1,0,0,1,6070,25,12120,0,0,1,0,0.5,2
task_0106,family_18,template_18,0.5,12,B-RAG-EMBED,1,0,0,1,6250,25,12270,0,0,1,0,0.5,2
task_0106,family_18,template_18,0.5,12,B-STAGEHAND-CACHE,1,0,0,1,6050,25,12120,0,0,1,0,0.5,2
task_0106,family_18,template_18,0.5,12,B-TERX-REPLAY,1,0,0,1,6050,25,12120,0,0,1,0,0.5,2
task_0106,family_18,template_18,0.5,12,NC1-SHUFFLED,1,0,1,0,6350,25,12270,0,0,1,0,0.0012265525713866542,0
task_0106,family_18,template_18,0.5,12,NC2-RANDOM,1,0,0,1,6250,25,12270,0,1,1,1,0.8,4
task_0106,family_18,template_18,0.5,12,B-LENGTH-PROPORTIONAL,1,0,0,1,6050,25,12120,0,0,1,0,0.5,2
task_0107,family_19,template_19,0.0,13,P-SPIDER-PARAM,1,0,0,1,1000,14,1830,13,1,1,0,0.9957796129924004,4
task_0107,family_19,template_19,0.0,13,B-COLD,1,0,0,1,6550,27,13120,0,0,1,0,0.5,2
task_0107,family_19,template_19,0.0,13,B-INSTRUCTION,1,0,0,1,6570,27,13120,0,0,1,0,0.5,2
task_0107,family_19,template_19,0.0,13,B-RAG-EMBED,1,0,0,1,900,14,1830,13,1,1,0,0.5,2
task_0107,family_19,template_19,0.0,13,B-STAGEHAND-CACHE,1,0,0,1,700,14,1680,13,1,1,0,0.5,2
task_0107,family_19,template_19,0.0,13,B-TERX-REPLAY,1,0,0,1,50,14,1680,13,1,1,0,0.5,2
task_0107,family_19,template_19,0.0,13,NC1-SHUFFLED,1,0,0,1,1000,14,1830,13,1,1,0,0.9957796129924004,4
task_0107,family_19,template_19,0.0,13,NC2-RANDOM,1,0,0,1,6750,27,13270,0,1,1,1,0.8,4
task_0107,family_19,template_19,0.0,13,B-LENGTH-PROPORTIONAL,1,0,0,1,6550,27,13120,0,0,1,0,0.5,2
task_0108,family_19,template_19,1.0,13,P-SPIDER-PARAM,1,0,1,0,6850,27,13270,0,0,1,0,0.050647939592783055,0
task_0108,family_19,template_19,1.0,13,B-COLD,1,0,0,1,6550,27,13120,0,0,1,0,0.5,2
task_0108,family_19,template_19,1.0,13,B-INSTRUCTION,1,0,0,1,6570,27,13120,0,0,1,0,0.5,2
task_0108,family_19,template_19,1.0,13,B-RAG-EMBED,1,0,0,1,6750,27,13270,0,0,1,0,0.5,2
task_0108,family_19,template_19,1.0,13,B-STAGEHAND-CACHE,1,0,0,1,6550,27,13120,0,0,1,0,0.5,2
task_0108,family_19,template_19,1.0,13,B-TERX-REPLAY,1,0,0,1,6550,27,13120,0,0,1,0,0.5,2
task_0108,family_19,template_19,1.0,13,NC1-SHUFFLED,1,0,1,0,6850,27,13270,0,0,1,0,0.050647939592783055,0
task_0108,family_19,template_19,1.0,13,NC2-RANDOM,1,0,0,1,6750,27,13270,0,1,1,1,0.8,4
task_0108,family_19,template_19,1.0,13,B-LENGTH-PROPORTIONAL,1,0,0,1,6550,27,13120,0,0,1,0,0.5,2
task_0109,family_19,template_19,0.25,13,P-SPIDER-PARAM,1,0,0,1,1000,14,1830,13,1,1,0,0.9787277209672192,4
task_0109,family_19,template_19,0.25,13,B-COLD,1,0,0,1,6550,27,13120,0,0,1,0,0.5,2
task_0109,family_19,template_19,0.25,13,B-INSTRUCTION,1,0,0,1,6570,27,13120,0,0,1,0,0.5,2
task_0109,family_19,template_19,0.25,13,B-RAG-EMBED,1,0,0,1,6750,27,13270,0,0,1,0,0.5,2
task_0109,family_19,template_19,0.25,13,B-STAGEHAND-CACHE,1,0,0,1,6550,27,13120,0,0,1,0,0.5,2
task_0109,family_19,template_19,0.25,13,B-TERX-REPLAY,1,0,0,1,6550,27,13120,0,0,1,0,0.5,2
task_0109,family_19,template_19,0.25,13,NC1-SHUFFLED,1,0,0,1,1000,14,1830,13,1,1,0,0.9787277209672192,4
task_0109,family_19,template_19,0.25,13,NC2-RANDOM,1,0,0,1,6750,27,13270,0,1,1,1,0.8,4
task_0109,family_19,template_19,0.25,13,B-LENGTH-PROPORTIONAL,1,0,0,1,6550,27,13120,0,0,1,0,0.5,2
task_0110,family_19,template_19,0.5,13,P-SPIDER-PARAM,1,0,1,0,6850,27,13270,0,0,1,0,0.0,0
task_0110,family_19,template_19,0.5,13,B-COLD,1,0,0,1,6550,27,13120,0,0,1,0,0.5,2
task_0110,family_19,template_19,0.5,13,B-INSTRUCTION,1,0,0,1,6570,27,13120,0,0,1,0,0.5,2
task_0110,family_19,template_19,0.5,13,B-RAG-EMBED,1,0,0,1,6750,27,13270,0,0,1,0,0.5,2
task_0110,family_19,template_19,0.5,13,B-STAGEHAND-CACHE,1,0,0,1,6550,27,13120,0,0,1,0,0.5,2
task_0110,family_19,template_19,0.5,13,B-TERX-REPLAY,1,0,0,1,6550,27,13120,0,0,1,0,0.5,2
task_0110,family_19,template_19,0.5,13,NC1-SHUFFLED,1,0,1,0,6850,27,13270,0,0,1,0,0.0,0
task_0110,family_19,template_19,0.5,13,NC2-RANDOM,1,0,0,1,6750,27,13270,0,1,1,1,0.8,4
task_0110,family_19,template_19,0.5,13,B-LENGTH-PROPORTIONAL,1,0,0,1,6550,27,13120,0,0,1,0,0.5,2
task_0111,family_19,template_19,0.75,13,P-SPIDER-PARAM,1,0,1,0,6850,27,13270,0,0,1,0,0.0,0
task_0111,family_19,template_19,0.75,13,B-COLD,1,0,0,1,6550,27,13120,0,0,1,0,0.5,2
task_0111,family_19,template_19,0.75,13,B-INSTRUCTION,1,0,0,1,6570,27,13120,0,0,1,0,0.5,2
task_0111,family_19,template_19,0.75,13,B-RAG-EMBED,1,0,0,1,6750,27,13270,0,0,1,0,0.5,2
task_0111,family_19,template_19,0.75,13,B-STAGEHAND-CACHE,1,0,0,1,6550,27,13120,0,0,1,0,0.5,2
task_0111,family_19,template_19,0.75,13,B-TERX-REPLAY,1,0,0,1,6550,27,13120,0,0,1,0,0.5,2
task_0111,family_19,template_19,0.75,13,NC1-SHUFFLED,1,0,1,0,6850,27,13270,0,0,1,0,0.0,0
task_0111,family_19,template_19,0.75,13,NC2-RANDOM,1,0,0,1,6750,27,13270,0,1,1,1,0.8,4
task_0111,family_19,template_19,0.75,13,B-LENGTH-PROPORTIONAL,1,0,0,1,6550,27,13120,0,0,1,0,0.5,2
task_0112,family_20,template_20,0.0,14,P-SPIDER-PARAM,1,0,0,1,1050,15,1950,14,1,1,0,1.0,4
task_0112,family_20,template_20,0.0,14,B-COLD,1,0,0,1,7050,29,14120,0,0,1,0,0.5,2
task_0112,family_20,template_20,0.0,14,B-INSTRUCTION,1,0,0,1,7070,29,14120,0,0,1,0,0.5,2
task_0112,family_20,template_20,0.0,14,B-RAG-EMBED,1,0,0,1,950,15,1950,14,1,1,0,0.5,2
task_0112,family_20,template_20,0.0,14,B-STAGEHAND-CACHE,1,0,0,1,750,15,1800,14,1,1,0,0.5,2
task_0112,family_20,template_20,0.0,14,B-TERX-REPLAY,1,0,0,1,50,15,1800,14,1,1,0,0.5,2
task_0112,family_20,template_20,0.0,14,NC1-SHUFFLED,1,0,1,0,7350,29,14270,0,0,1,0,0.05202304231770136,0
task_0112,family_20,template_20,0.0,14,NC2-RANDOM,1,0,0,1,7250,29,14270,0,1,1,1,0.8,4
task_0112,family_20,template_20,0.0,14,B-LENGTH-PROPORTIONAL,1,0,0,1,7050,29,14120,0,0,1,0,0.5,2
task_0113,family_20,template_20,0.25,14,P-SPIDER-PARAM,1,0,1,0,7350,29,14270,0,0,1,0,0.5499755320388597,2
task_0113,family_20,template_20,0.25,14,B-COLD,1,0,0,1,7050,29,14120,0,0,1,0,0.5,2
task_0113,family_20,template_20,0.25,14,B-INSTRUCTION,1,0,0,1,7070,29,14120,0,0,1,0,0.5,2
task_0113,family_20,template_20,0.25,14,B-RAG-EMBED,1,0,0,1,7250,29,14270,0,0,1,0,0.5,2
task_0113,family_20,template_20,0.25,14,B-STAGEHAND-CACHE,1,0,0,1,7050,29,14120,0,0,1,0,0.5,2
task_0113,family_20,template_20,0.25,14,B-TERX-REPLAY,1,0,0,1,7050,29,14120,0,0,1,0,0.5,2
task_0113,family_20,template_20,0.25,14,NC1-SHUFFLED,1,0,1,0,7350,29,14270,0,0,1,0,0.04930393230771491,0
task_0113,family_20,template_20,0.25,14,NC2-RANDOM,1,0,0,1,7250,29,14270,0,1,1,1,0.8,4
task_0113,family_20,template_20,0.25,14,B-LENGTH-PROPORTIONAL,1,0,0,1,7050,29,14120,0,0,1,0,0.5,2
task_0114,family_20,template_20,0.5,14,P-SPIDER-PARAM,1,0,1,0,7350,29,14270,0,0,1,0,0.4812739704661903,2
task_0114,family_20,template_20,0.5,14,B-COLD,1,0,0,1,7050,29,14120,0,0,1,0,0.5,2
task_0114,family_20,template_20,0.5,14,B-INSTRUCTION,1,0,0,1,7070,29,14120,0,0,1,0,0.5,2
task_0114,family_20,template_20,0.5,14,B-RAG-EMBED,1,0,0,1,7250,29,14270,0,0,1,0,0.5,2
task_0114,family_20,template_20,0.5,14,B-STAGEHAND-CACHE,1,0,0,1,7050,29,14120,0,0,1,0,0.5,2
task_0114,family_20,template_20,0.5,14,B-TERX-REPLAY,1,0,0,1,7050,29,14120,0,0,1,0,0.5,2
task_0114,family_20,template_20,0.5,14,NC1-SHUFFLED,1,0,1,0,7350,29,14270,0,0,1,0,0.0,0
task_0114,family_20,template_20,0.5,14,NC2-RANDOM,1,0,0,1,7250,29,14270,0,1,1,1,0.8,4
task_0114,family_20,template_20,0.5,14,B-LENGTH-PROPORTIONAL,1,0,0,1,7050,29,14120,0,0,1,0,0.5,2
task_0115,family_20,template_20,0.75,14,P-SPIDER-PARAM,1,0,1,0,7350,29,14270,0,0,1,0,0.0,0
task_0115,family_20,template_20,0.75,14,B-COLD,1,0,0,1,7050,29,14120,0,0,1,0,0.5,2
task_0115,family_20,template_20,0.75,14,B-INSTRUCTION,1,0,0,1,7070,29,14120,0,0,1,0,0.5,2
task_0115,family_20,template_20,0.75,14,B-RAG-EMBED,1,0,0,1,7250,29,14270,0,0,1,0,0.5,2
task_0115,family_20,template_20,0.75,14,B-STAGEHAND-CACHE,1,0,0,1,7050,29,14120,0,0,1,0,0.5,2
task_0115,family_20,template_20,0.75,14,B-TERX-REPLAY,1,0,0,1,7050,29,14120,0,0,1,0,0.5,2
task_0115,family_20,template_20,0.75,14,NC1-SHUFFLED,1,0,1,0,7350,29,14270,0,0,1,0,0.0,0
task_0115,family_20,template_20,0.75,14,NC2-RANDOM,1,0,0,1,7250,29,14270,0,1,1,1,0.8,4
task_0115,family_20,template_20,0.75,14,B-LENGTH-PROPORTIONAL,1,0,0,1,7050,29,14120,0,0,1,0,0.5,2
task_0116,family_20,template_20,1.0,14,P-SPIDER-PARAM,1,0,1,0,7350,29,14270,0,0,1,0,0.02002923076794152,0
task_0116,family_20,template_20,1.0,14,B-COLD,1,0,0,1,7050,29,14120,0,0,1,0,0.5,2
task_0116,family_20,template_20,1.0,14,B-INSTRUCTION,1,0,0,1,7070,29,14120,0,0,1,0,0.5,2
task_0116,family_20,template_20,1.0,14,B-RAG-EMBED,1,0,0,1,7250,29,14270,0,0,1,0,0.5,2
task_0116,family_20,template_20,1.0,14,B-STAGEHAND-CACHE,1,0,0,1,7050,29,14120,0,0,1,0,0.5,2
task_0116,family_20,template_20,1.0,14,B-TERX-REPLAY,1,0,0,1,7050,29,14120,0,0,1,0,0.5,2
task_0116,family_20,template_20,1.0,14,NC1-SHUFFLED,1,0,1,0,7350,29,14270,0,0,1,0,0.0,0
task_0116,family_20,template_20,1.0,14,NC2-RANDOM,1,0,0,1,7250,29,14270,0,1,1,1,0.8,4
task_0116,family_20,template_20,1.0,14,B-LENGTH-PROPORTIONAL,1,0,0,1,7050,29,14120,0,0,1,0,0.5,2
task_0117,family_21,template_21,0.0,8,P-SPIDER-PARAM,1,0,0,1,750,9,1230,8,1,1,0,1.0,4
task_0117,family_21,template_21,0.0,8,B-COLD,1,0,0,1,4050,17,8120,0,0,1,0,0.5,2
task_0117,family_21,template_21,0.0,8,B-INSTRUCTION,1,0,0,1,4070,17,8120,0,0,1,0,0.5,2
task_0117,family_21,template_21,0.0,8,B-RAG-EMBED,1,0,0,1,650,9,1230,8,1,1,0,0.5,2
task_0117,family_21,template_21,0.0,8,B-STAGEHAND-CACHE,1,0,0,1,450,9,1080,8,1,1,0,0.5,2
task_0117,family_21,template_21,0.0,8,B-TERX-REPLAY,1,0,0,1,50,9,1080,8,1,1,0,0.5,2
task_0117,family_21,template_21,0.0,8,NC1-SHUFFLED,1,0,0,1,750,9,1230,8,1,1,0,1.0,4
task_0117,family_21,template_21,0.0,8,NC2-RANDOM,1,0,0,1,4250,17,8270,0,1,1,1,0.8,4
task_0117,family_21,template_21,0.0,8,B-LENGTH-PROPORTIONAL,1,0,0,1,4050,17,8120,0,0,1,0,0.5,2
task_0118,family_21,template_21,0.5,8,P-SPIDER-PARAM,1,0,1,0,4350,17,8270,0,0,1,0,0.4824359791274706,2
task_0118,family_21,template_21,0.5,8,B-COLD,1,0,0,1,4050,17,8120,0,0,1,0,0.5,2
task_0118,family_21,template_21,0.5,8,B-INSTRUCTION,1,0,0,1,4070,17,8120,0,0,1,0,0.5,2
task_0118,family_21,template_21,0.5,8,B-RAG-EMBED,1,0,0,1,4250,17,8270,0,0,1,0,0.5,2
task_0118,family_21,template_21,0.5,8,B-STAGEHAND-CACHE,1,0,0,1,4050,17,8120,0,0,1,0,0.5,2
task_0118,family_21,template_21,0.5,8,B-TERX-REPLAY,1,0,0,1,4050,17,8120,0,0,1,0,0.5,2
task_0118,family_21,template_21,0.5,8,NC1-SHUFFLED,1,0,1,0,4350,17,8270,0,0,1,0,0.4824359791274706,2
task_0118,family_21,template_21,0.5,8,NC2-RANDOM,1,0,0,1,4250,17,8270,0,1,1,1,0.8,4
task_0118,family_21,template_21,0.5,8,B-LENGTH-PROPORTIONAL,1,0,0,1,4050,17,8120,0,0,1,0,0.5,2
task_0119,family_21,template_21,0.75,8,P-SPIDER-PARAM,1,0,1,0,4350,17,8270,0,0,1,0,0.0,0
task_0119,family_21,template_21,0.75,8,B-COLD,1,0,0,1,4050,17,8120,0,0,1,0,0.5,2
task_0119,family_21,template_21,0.75,8,B-INSTRUCTION,1,0,0,1,4070,17,8120,0,0,1,0,0.5,2
task_0119,family_21,template_21,0.75,8,B-RAG-EMBED,1,0,0,1,4250,17,8270,0,0,1,0,0.5,2
task_0119,family_21,template_21,0.75,8,B-STAGEHAND-CACHE,1,0,0,1,4050,17,8120,0,0,1,0,0.5,2
task_0119,family_21,template_21,0.75,8,B-TERX-REPLAY,1,0,0,1,4050,17,8120,0,0,1,0,0.5,2
task_0119,family_21,template_21,0.75,8,NC1-SHUFFLED,1,0,1,0,4350,17,8270,0,0,1,0,0.0,0
task_0119,family_21,template_21,0.75,8,NC2-RANDOM,1,0,0,1,4250,17,8270,0,1,1,1,0.8,4
task_0119,family_21,template_21,0.75,8,B-LENGTH-PROPORTIONAL,1,0,0,1,4050,17,8120,0,0,1,0,0.5,2
task_0120,family_21,template_21,1.0,8,P-SPIDER-PARAM,1,0,1,0,4350,17,8270,0,0,1,0,0.030586337836836116,0
task_0120,family_21,template_21,1.0,8,B-COLD,1,0,0,1,4050,17,8120,0,0,1,0,0.5,2
task_0120,family_21,template_21,1.0,8,B-INSTRUCTION,1,0,0,1,4070,17,8120,0,0,1,0,0.5,2
task_0120,family_21,template_21,1.0,8,B-RAG-EMBED,1,0,0,1,4250,17,8270,0,0,1,0,0.5,2
task_0120,family_21,template_21,1.0,8,B-STAGEHAND-CACHE,1,0,0,1,4050,17,8120,0,0,1,0,0.5,2
task_0120,family_21,template_21,1.0,8,B-TERX-REPLAY,1,0,0,1,4050,17,8120,0,0,1,0,0.5,2
task_0120,family_21,template_21,1.0,8,NC1-SHUFFLED,1,0,1,0,4350,17,8270,0,0,1,0,0.030586337836836116,0
task_0120,family_21,template_21,1.0,8,NC2-RANDOM,1,0,0,1,4250,17,8270,0,1,1,1,0.8,4
task_0120,family_21,template_21,1.0,8,B-LENGTH-PROPORTIONAL,1,0,0,1,4050,17,8120,0,0,1,0,0.5,2
task_0121,family_21,template_21,0.25,8,P-SPIDER-PARAM,1,0,1,0,4350,17,8270,0,0,1,0,0.5470732799070867,2
task_0121,family_21,template_21,0.25,8,B-COLD,1,0,0,1,4050,17,8120,0,0,1,0,0.5,2
task_0121,family_21,template_21,0.25,8,B-INSTRUCTION,1,0,0,1,4070,17,8120,0,0,1,0,0.5,2
task_0121,family_21,template_21,0.25,8,B-RAG-EMBED,1,0,0,1,4250,17,8270,0,0,1,0,0.5,2
task_0121,family_21,template_21,0.25,8,B-STAGEHAND-CACHE,1,0,0,1,4050,17,8120,0,0,1,0,0.5,2
task_0121,family_21,template_21,0.25,8,B-TERX-REPLAY,1,0,0,1,4050,17,8120,0,0,1,0,0.5,2
task_0121,family_21,template_21,0.25,8,NC1-SHUFFLED,1,0,1,0,4350,17,8270,0,0,1,0,0.5470732799070867,2
task_0121,family_21,template_21,0.25,8,NC2-RANDOM,1,0,0,1,4250,17,8270,0,1,1,1,0.8,4
task_0121,family_21,template_21,0.25,8,B-LENGTH-PROPORTIONAL,1,0,0,1,4050,17,8120,0,0,1,0,0.5,2
task_0122,family_22,template_22,0.0,9,P-SPIDER-PARAM,1,0,0,1,800,10,1350,9,1,1,0,1.0,4
task_0122,family_22,template_22,0.0,9,B-COLD,1,0,0,1,4550,19,9120,0,0,1,0,0.5,2
task_0122,family_22,template_22,0.0,9,B-INSTRUCTION,1,0,0,1,4570,19,9120,0,0,1,0,0.5,2
task_0122,family_22,template_22,0.0,9,B-RAG-EMBED,1,0,0,1,700,10,1350,9,1,1,0,0.5,2
task_0122,family_22,template_22,0.0,9,B-STAGEHAND-CACHE,1,0,0,1,500,10,1200,9,1,1,0,0.5,2
task_0122,family_22,template_22,0.0,9,B-TERX-REPLAY,1,0,0,1,50,10,1200,9,1,1,0,0.5,2
task_0122,family_22,template_22,0.0,9,NC1-SHUFFLED,1,0,1,0,4850,19,9270,0,0,1,0,0.0,0
task_0122,family_22,template_22,0.0,9,NC2-RANDOM,1,0,0,1,4750,19,9270,0,1,1,1,0.8,4
task_0122,family_22,template_22,0.0,9,B-LENGTH-PROPORTIONAL,1,0,0,1,4550,19,9120,0,0,1,0,0.5,2
task_0123,family_22,template_22,0.75,9,P-SPIDER-PARAM,1,0,1,0,4850,19,9270,0,0,1,0,0.07308240440450793,0
task_0123,family_22,template_22,0.75,9,B-COLD,1,0,0,1,4550,19,9120,0,0,1,0,0.5,2
task_0123,family_22,template_22,0.75,9,B-INSTRUCTION,1,0,0,1,4570,19,9120,0,0,1,0,0.5,2
task_0123,family_22,template_22,0.75,9,B-RAG-EMBED,1,0,0,1,4750,19,9270,0,0,1,0,0.5,2
task_0123,family_22,template_22,0.75,9,B-STAGEHAND-CACHE,1,0,0,1,4550,19,9120,0,0,1,0,0.5,2
task_0123,family_22,template_22,0.75,9,B-TERX-REPLAY,1,0,0,1,4550,19,9120,0,0,1,0,0.5,2
task_0123,family_22,template_22,0.75,9,NC1-SHUFFLED,1,0,1,0,4850,19,9270,0,0,1,0,0.0,0
task_0123,family_22,template_22,0.75,9,NC2-RANDOM,1,0,0,1,4750,19,9270,0,1,1,1,0.8,4
task_0123,family_22,template_22,0.75,9,B-LENGTH-PROPORTIONAL,1,0,0,1,4550,19,9120,0,0,1,0,0.5,2
task_0124,family_22,template_22,1.0,9,P-SPIDER-PARAM,1,0,1,0,4850,19,9270,0,0,1,0,0.0,0
task_0124,family_22,template_22,1.0,9,B-COLD,1,0,0,1,4550,19,9120,0,0,1,0,0.5,2
task_0124,family_22,template_22,1.0,9,B-INSTRUCTION,1,0,0,1,4570,19,9120,0,0,1,0,0.5,2
task_0124,family_22,template_22,1.0,9,B-RAG-EMBED,1,0,0,1,4750,19,9270,0,0,1,0,0.5,2
task_0124,family_22,template_22,1.0,9,B-STAGEHAND-CACHE,1,0,0,1,4550,19,9120,0,0,1,0,0.5,2
task_0124,family_22,template_22,1.0,9,B-TERX-REPLAY,1,0,0,1,4550,19,9120,0,0,1,0,0.5,2
task_0124,family_22,template_22,1.0,9,NC1-SHUFFLED,1,0,1,0,4850,19,9270,0,0,1,0,0.026382190505746455,0
task_0124,family_22,template_22,1.0,9,NC2-RANDOM,1,0,0,1,4750,19,9270,0,1,1,1,0.8,4
task_0124,family_22,template_22,1.0,9,B-LENGTH-PROPORTIONAL,1,0,0,1,4550,19,9120,0,0,1,0,0.5,2
task_0125,family_22,template_22,0.25,9,P-SPIDER-PARAM,1,0,0,1,1700,12,3110,7,1,1,1,0.8765204698707033,4
task_0125,family_22,template_22,0.25,9,B-COLD,1,0,0,1,4550,19,9120,0,0,1,0,0.5,2
task_0125,family_22,template_22,0.25,9,B-INSTRUCTION,1,0,0,1,4570,19,9120,0,0,1,0,0.5,2
task_0125,family_22,template_22,0.25,9,B-RAG-EMBED,1,0,0,1,4750,19,9270,0,0,1,0,0.5,2
task_0125,family_22,template_22,0.25,9,B-STAGEHAND-CACHE,1,0,0,1,4550,19,9120,0,0,1,0,0.5,2
task_0125,family_22,template_22,0.25,9,B-TERX-REPLAY,1,0,0,1,4550,19,9120,0,0,1,0,0.5,2
task_0125,family_22,template_22,0.25,9,NC1-SHUFFLED,1,0,1,0,4850,19,9270,0,0,1,0,0.0,0
task_0125,family_22,template_22,0.25,9,NC2-RANDOM,1,0,0,1,4750,19,9270,0,1,1,1,0.8,4
task_0125,family_22,template_22,0.25,9,B-LENGTH-PROPORTIONAL,1,0,0,1,4550,19,9120,0,0,1,0,0.5,2
task_0126,family_22,template_22,0.5,9,P-SPIDER-PARAM,1,0,1,0,4850,19,9270,0,0,1,0,0.1155453088737209,0
task_0126,family_22,template_22,0.5,9,B-COLD,1,0,0,1,4550,19,9120,0,0,1,0,0.5,2
task_0126,family_22,template_22,0.5,9,B-INSTRUCTION,1,0,0,1,4570,19,9120,0,0,1,0,0.5,2
task_0126,family_22,template_22,0.5,9,B-RAG-EMBED,1,0,0,1,4750,19,9270,0,0,1,0,0.5,2
task_0126,family_22,template_22,0.5,9,B-STAGEHAND-CACHE,1,0,0,1,4550,19,9120,0,0,1,0,0.5,2
task_0126,family_22,template_22,0.5,9,B-TERX-REPLAY,1,0,0,1,4550,19,9120,0,0,1,0,0.5,2
task_0126,family_22,template_22,0.5,9,NC1-SHUFFLED,1,0,1,0,4850,19,9270,0,0,1,0,0.030135052657658284,0
task_0126,family_22,template_22,0.5,9,NC2-RANDOM,1,0,0,1,4750,19,9270,0,1,1,1,0.8,4
task_0126,family_22,template_22,0.5,9,B-LENGTH-PROPORTIONAL,1,0,0,1,4550,19,9120,0,0,1,0,0.5,2
task_0127,family_23,template_23,0.0,10,P-SPIDER-PARAM,1,0,0,1,850,11,1470,10,1,1,0,1.0,4
task_0127,family_23,template_23,0.0,10,B-COLD,1,0,0,1,5050,21,10120,0,0,1,0,0.5,2
task_0127,family_23,template_23,0.0,10,B-INSTRUCTION,1,0,0,1,5070,21,10120,0,0,1,0,0.5,2
task_0127,family_23,template_23,0.0,10,B-RAG-EMBED,1,0,0,1,750,11,1470,10,1,1,0,0.5,2
task_0127,family_23,template_23,0.0,10,B-STAGEHAND-CACHE,1,0,0,1,550,11,1320,10,1,1,0,0.5,2
task_0127,family_23,template_23,0.0,10,B-TERX-REPLAY,1,0,0,1,50,11,1320,10,1,1,0,0.5,2
task_0127,family_23,template_23,0.0,10,NC1-SHUFFLED,1,0,0,1,850,11,1470,10,1,1,0,1.0,4
task_0127,family_23,template_23,0.0,10,NC2-RANDOM,1,0,0,1,5250,21,10270,0,1,1,1,0.8,4
task_0127,family_23,template_23,0.0,10,B-LENGTH-PROPORTIONAL,1,0,0,1,5050,21,10120,0,0,1,0,0.5,2
task_0128,family_23,template_23,1.0,10,P-SPIDER-PARAM,1,0,1,0,5350,21,10270,0,0,1,0,0.011597197346624778,0
task_0128,family_23,template_23,1.0,10,B-COLD,1,0,0,1,5050,21,10120,0,0,1,0,0.5,2
task_0128,family_23,template_23,1.0,10,B-INSTRUCTION,1,0,0,1,5070,21,10120,0,0,1,0,0.5,2
task_0128,family_23,template_23,1.0,10,B-RAG-EMBED,1,0,0,1,5250,21,10270,0,0,1,0,0.5,2
task_0128,family_23,template_23,1.0,10,B-STAGEHAND-CACHE,1,0,0,1,5050,21,10120,0,0,1,0,0.5,2
task_0128,family_23,template_23,1.0,10,B-TERX-REPLAY,1,0,0,1,5050,21,10120,0,0,1,0,0.5,2
task_0128,family_23,template_23,1.0,10,NC1-SHUFFLED,1,0,1,0,5350,21,10270,0,0,1,0,0.011597197346624778,0
task_0128,family_23,template_23,1.0,10,NC2-RANDOM,1,0,0,1,5250,21,10270,0,1,1,1,0.8,4
task_0128,family_23,template_23,1.0,10,B-LENGTH-PROPORTIONAL,1,0,0,1,5050,21,10120,0,0,1,0,0.5,2
task_0129,family_23,template_23,0.25,10,P-SPIDER-PARAM,1,0,0,1,850,11,1470,10,1,1,0,0.9694501949124209,4
task_0129,family_23,template_23,0.25,10,B-COLD,1,0,0,1,5050,21,10120,0,0,1,0,0.5,2
task_0129,family_23,template_23,0.25,10,B-INSTRUCTION,1,0,0,1,5070,21,10120,0,0,1,0,0.5,2
task_0129,family_23,template_23,0.25,10,B-RAG-EMBED,1,0,0,1,5250,21,10270,0,0,1,0,0.5,2
task_0129,family_23,template_23,0.25,10,B-STAGEHAND-CACHE,1,0,0,1,5050,21,10120,0,0,1,0,0.5,2
task_0129,family_23,template_23,0.25,10,B-TERX-REPLAY,1,0,0,1,5050,21,10120,0,0,1,0,0.5,2
task_0129,family_23,template_23,0.25,10,NC1-SHUFFLED,1,0,0,1,850,11,1470,10,1,1,0,0.9694501949124209,4
task_0129,family_23,template_23,0.25,10,NC2-RANDOM,1,0,0,1,5250,21,10270,0,1,1,1,0.8,4
task_0129,family_23,template_23,0.25,10,B-LENGTH-PROPORTIONAL,1,0,0,1,5050,21,10120,0,0,1,0,0.5,2
task_0130,family_23,template_23,0.5,10,P-SPIDER-PARAM,1,0,1,0,5350,21,10270,0,0,1,0,0.007710566846573795,0
task_0130,family_23,template_23,0.5,10,B-COLD,1,0,0,1,5050,21,10120,0,0,1,0,0.5,2
task_0130,family_23,template_23,0.5,10,B-INSTRUCTION,1,0,0,1,5070,21,10120,0,0,1,0,0.5,2
task_0130,family_23,template_23,0.5,10,B-RAG-EMBED,1,0,0,1,5250,21,10270,0,0,1,0,0.5,2
task_0130,family_23,template_23,0.5,10,B-STAGEHAND-CACHE,1,0,0,1,5050,21,10120,0,0,1,0,0.5,2
task_0130,family_23,template_23,0.5,10,B-TERX-REPLAY,1,0,0,1,5050,21,10120,0,0,1,0,0.5,2
task_0130,family_23,template_23,0.5,10,NC1-SHUFFLED,1,0,1,0,5350,21,10270,0,0,1,0,0.007710566846573795,0
task_0130,family_23,template_23,0.5,10,NC2-RANDOM,1,0,0,1,5250,21,10270,0,1,1,1,0.8,4
task_0130,family_23,template_23,0.5,10,B-LENGTH-PROPORTIONAL,1,0,0,1,5050,21,10120,0,0,1,0,0.5,2
task_0131,family_23,template_23,0.75,10,P-SPIDER-PARAM,1,0,1,0,5350,21,10270,0,0,1,0,0.03292164973529787,0
task_0131,family_23,template_23,0.75,10,B-COLD,1,0,0,1,5050,21,10120,0,0,1,0,0.5,2
task_0131,family_23,template_23,0.75,10,B-INSTRUCTION,1,0,0,1,5070,21,10120,0,0,1,0,0.5,2
task_0131,family_23,template_23,0.75,10,B-RAG-EMBED,1,0,0,1,5250,21,10270,0,0,1,0,0.5,2
task_0131,family_23,template_23,0.75,10,B-STAGEHAND-CACHE,1,0,0,1,5050,21,10120,0,0,1,0,0.5,2
task_0131,family_23,template_23,0.75,10,B-TERX-REPLAY,1,0,0,1,5050,21,10120,0,0,1,0,0.5,2
task_0131,family_23,template_23,0.75,10,NC1-SHUFFLED,1,0,1,0,5350,21,10270,0,0,1,0,0.03292164973529787,0
task_0131,family_23,template_23,0.75,10,NC2-RANDOM,1,0,0,1,5250,21,10270,0,1,1,1,0.8,4
task_0131,family_23,template_23,0.75,10,B-LENGTH-PROPORTIONAL,1,0,0,1,5050,21,10120,0,0,1,0,0.5,2
task_0132,family_24,template_24,0.0,11,P-SPIDER-PARAM,1,0,0,1,900,12,1590,11,1,1,0,1.0,4
task_0132,family_24,template_24,0.0,11,B-COLD,1,0,0,1,5550,23,11120,0,0,1,0,0.5,2
task_0132,family_24,template_24,0.0,11,B-INSTRUCTION,1,0,0,1,5570,23,11120,0,0,1,0,0.5,2
task_0132,family_24,template_24,0.0,11,B-RAG-EMBED,1,0,0,1,800,12,1590,11,1,1,0,0.5,2
task_0132,family_24,template_24,0.0,11,B-STAGEHAND-CACHE,1,0,0,1,600,12,1440,11,1,1,0,0.5,2
task_0132,family_24,template_24,0.0,11,B-TERX-REPLAY,1,0,0,1,50,12,1440,11,1,1,0,0.5,2
task_0132,family_24,template_24,0.0,11,NC1-SHUFFLED,1,0,0,1,900,12,1590,11,1,1,0,1.0,4
task_0132,family_24,template_24,0.0,11,NC2-RANDOM,1,0,0,1,5750,23,11270,0,1,1,1,0.8,4
task_0132,family_24,template_24,0.0,11,B-LENGTH-PROPORTIONAL,1,0,0,1,5550,23,11120,0,0,1,0,0.5,2
task_0133,family_24,template_24,0.25,11,P-SPIDER-PARAM,1,0,1,0,5850,23,11270,0,0,1,0,0.5010101853868316,2
task_0133,family_24,template_24,0.25,11,B-COLD,1,0,0,1,5550,23,11120,0,0,1,0,0.5,2
task_0133,family_24,template_24,0.25,11,B-INSTRUCTION,1,0,0,1,5570,23,11120,0,0,1,0,0.5,2
task_0133,family_24,template_24,0.25,11,B-RAG-EMBED,1,0,0,1,5750,23,11270,0,0,1,0,0.5,2
task_0133,family_24,template_24,0.25,11,B-STAGEHAND-CACHE,1,0,0,1,5550,23,11120,0,0,1,0,0.5,2
task_0133,family_24,template_24,0.25,11,B-TERX-REPLAY,1,0,0,1,5550,23,11120,0,0,1,0,0.5,2
task_0133,family_24,template_24,0.25,11,NC1-SHUFFLED,1,0,1,0,5850,23,11270,0,0,1,0,0.5010101853868316,2
task_0133,family_24,template_24,0.25,11,NC2-RANDOM,1,0,0,1,5750,23,11270,0,1,1,1,0.8,4
task_0133,family_24,template_24,0.25,11,B-LENGTH-PROPORTIONAL,1,0,0,1,5550,23,11120,0,0,1,0,0.5,2
task_0134,family_24,template_24,0.5,11,P-SPIDER-PARAM,1,0,1,0,5850,23,11270,0,0,1,0,0.4823137644764382,2
task_0134,family_24,template_24,0.5,11,B-COLD,1,0,0,1,5550,23,11120,0,0,1,0,0.5,2
task_0134,family_24,template_24,0.5,11,B-INSTRUCTION,1,0,0,1,5570,23,11120,0,0,1,0,0.5,2
task_0134,family_24,template_24,0.5,11,B-RAG-EMBED,1,0,0,1,5750,23,11270,0,0,1,0,0.5,2
task_0134,family_24,template_24,0.5,11,B-STAGEHAND-CACHE,1,0,0,1,5550,23,11120,0,0,1,0,0.5,2
task_0134,family_24,template_24,0.5,11,B-TERX-REPLAY,1,0,0,1,5550,23,11120,0,0,1,0,0.5,2
task_0134,family_24,template_24,0.5,11,NC1-SHUFFLED,1,0,1,0,5850,23,11270,0,0,1,0,0.4823137644764382,2
task_0134,family_24,template_24,0.5,11,NC2-RANDOM,1,0,0,1,5750,23,11270,0,1,1,1,0.8,4
task_0134,family_24,template_24,0.5,11,B-LENGTH-PROPORTIONAL,1,0,0,1,5550,23,11120,0,0,1,0,0.5,2
task_0135,family_24,template_24,0.75,11,P-SPIDER-PARAM,1,0,1,0,5850,23,11270,0,0,1,0,0.0,0
task_0135,family_24,template_24,0.75,11,B-COLD,1,0,0,1,5550,23,11120,0,0,1,0,0.5,2
task_0135,family_24,template_24,0.75,11,B-INSTRUCTION,1,0,0,1,5570,23,11120,0,0,1,0,0.5,2
task_0135,family_24,template_24,0.75,11,B-RAG-EMBED,1,0,0,1,5750,23,11270,0,0,1,0,0.5,2
task_0135,family_24,template_24,0.75,11,B-STAGEHAND-CACHE,1,0,0,1,5550,23,11120,0,0,1,0,0.5,2
task_0135,family_24,template_24,0.75,11,B-TERX-REPLAY,1,0,0,1,5550,23,11120,0,0,1,0,0.5,2
task_0135,family_24,template_24,0.75,11,NC1-SHUFFLED,1,0,1,0,5850,23,11270,0,0,1,0,0.0,0
task_0135,family_24,template_24,0.75,11,NC2-RANDOM,1,0,0,1,5750,23,11270,0,1,1,1,0.8,4
task_0135,family_24,template_24,0.75,11,B-LENGTH-PROPORTIONAL,1,0,0,1,5550,23,11120,0,0,1,0,0.5,2
task_0136,family_24,template_24,1.0,11,P-SPIDER-PARAM,1,0,1,0,5850,23,11270,0,0,1,0,0.0,0
task_0136,family_24,template_24,1.0,11,B-COLD,1,0,0,1,5550,23,11120,0,0,1,0,0.5,2
task_0136,family_24,template_24,1.0,11,B-INSTRUCTION,1,0,0,1,5570,23,11120,0,0,1,0,0.5,2
task_0136,family_24,template_24,1.0,11,B-RAG-EMBED,1,0,0,1,5750,23,11270,0,0,1,0,0.5,2
task_0136,family_24,template_24,1.0,11,B-STAGEHAND-CACHE,1,0,0,1,5550,23,11120,0,0,1,0,0.5,2
task_0136,family_24,template_24,1.0,11,B-TERX-REPLAY,1,0,0,1,5550,23,11120,0,0,1,0,0.5,2
task_0136,family_24,template_24,1.0,11,NC1-SHUFFLED,1,0,1,0,5850,23,11270,0,0,1,0,0.0,0
task_0136,family_24,template_24,1.0,11,NC2-RANDOM,1,0,0,1,5750,23,11270,0,1,1,1,0.8,4
task_0136,family_24,template_24,1.0,11,B-LENGTH-PROPORTIONAL,1,0,0,1,5550,23,11120,0,0,1,0,0.5,2
task_0137,family_25,template_25,0.0,12,P-SPIDER-PARAM,1,0,0,1,950,13,1710,12,1,1,0,1.0,4
task_0137,family_25,template_25,0.0,12,B-COLD,1,0,0,1,6050,25,12120,0,0,1,0,0.5,2
task_0137,family_25,template_25,0.0,12,B-INSTRUCTION,1,0,0,1,6070,25,12120,0,0,1,0,0.5,2
task_0137,family_25,template_25,0.0,12,B-RAG-EMBED,1,0,0,1,850,13,1710,12,1,1,0,0.5,2
task_0137,family_25,template_25,0.0,12,B-STAGEHAND-CACHE,1,0,0,1,650,13,1560,12,1,1,0,0.5,2
task_0137,family_25,template_25,0.0,12,B-TERX-REPLAY,1,0,0,1,50,13,1560,12,1,1,0,0.5,2
task_0137,family_25,template_25,0.0,12,NC1-SHUFFLED,1,0,0,1,950,13,1710,12,1,1,0,1.0,4
task_0137,family_25,template_25,0.0,12,NC2-RANDOM,1,0,0,1,6250,25,12270,0,1,1,1,0.8,4
task_0137,family_25,template_25,0.0,12,B-LENGTH-PROPORTIONAL,1,0,0,1,6050,25,12120,0,0,1,0,0.5,2
task_0138,family_25,template_25,0.5,12,P-SPIDER-PARAM,1,0,1,0,6350,25,12270,0,0,1,0,0.5043742773479074,2
task_0138,family_25,template_25,0.5,12,B-COLD,1,0,0,1,6050,25,12120,0,0,1,0,0.5,2
task_0138,family_25,template_25,0.5,12,B-INSTRUCTION,1,0,0,1,6070,25,12120,0,0,1,0,0.5,2
task_0138,family_25,template_25,0.5,12,B-RAG-EMBED,1,0,0,1,6250,25,12270,0,0,1,0,0.5,2
task_0138,family_25,template_25,0.5,12,B-STAGEHAND-CACHE,1,0,0,1,6050,25,12120,0,0,1,0,0.5,2
task_0138,family_25,template_25,0.5,12,B-TERX-REPLAY,1,0,0,1,6050,25,12120,0,0,1,0,0.5,2
task_0138,family_25,template_25,0.5,12,NC1-SHUFFLED,1,0,1,0,6350,25,12270,0,0,1,0,0.5043742773479074,2
task_0138,family_25,template_25,0.5,12,NC2-RANDOM,1,0,0,1,6250,25,12270,0,1,1,1,0.8,4
task_0138,family_25,template_25,0.5,12,B-LENGTH-PROPORTIONAL,1,0,0,1,6050,25,12120,0,0,1,0,0.5,2
task_0139,family_25,template_25,0.75,12,P-SPIDER-PARAM,1,0,1,0,6350,25,12270,0,0,1,0,0.015988154863668596,0
task_0139,family_25,template_25,0.75,12,B-COLD,1,0,0,1,6050,25,12120,0,0,1,0,0.5,2
task_0139,family_25,template_25,0.75,12,B-INSTRUCTION,1,0,0,1,6070,25,12120,0,0,1,0,0.5,2
task_0139,family_25,template_25,0.75,12,B-RAG-EMBED,1,0,0,1,6250,25,12270,0,0,1,0,0.5,2
task_0139,family_25,template_25,0.75,12,B-STAGEHAND-CACHE,1,0,0,1,6050,25,12120,0,0,1,0,0.5,2
task_0139,family_25,template_25,0.75,12,B-TERX-REPLAY,1,0,0,1,6050,25,12120,0,0,1,0,0.5,2
task_0139,family_25,template_25,0.75,12,NC1-SHUFFLED,1,0,1,0,6350,25,12270,0,0,1,0,0.015988154863668596,0
task_0139,family_25,template_25,0.75,12,NC2-RANDOM,1,0,0,1,6250,25,12270,0,1,1,1,0.8,4
task_0139,family_25,template_25,0.75,12,B-LENGTH-PROPORTIONAL,1,0,0,1,6050,25,12120,0,0,1,0,0.5,2
task_0140,family_25,template_25,1.0,12,P-SPIDER-PARAM,1,0,1,0,6350,25,12270,0,0,1,0,0.019511312902242697,0
task_0140,family_25,template_25,1.0,12,B-COLD,1,0,0,1,6050,25,12120,0,0,1,0,0.5,2
task_0140,family_25,template_25,1.0,12,B-INSTRUCTION,1,0,0,1,6070,25,12120,0,0,1,0,0.5,2
task_0140,family_25,template_25,1.0,12,B-RAG-EMBED,1,0,0,1,6250,25,12270,0,0,1,0,0.5,2
task_0140,family_25,template_25,1.0,12,B-STAGEHAND-CACHE,1,0,0,1,6050,25,12120,0,0,1,0,0.5,2
task_0140,family_25,template_25,1.0,12,B-TERX-REPLAY,1,0,0,1,6050,25,12120,0,0,1,0,0.5,2
task_0140,family_25,template_25,1.0,12,NC1-SHUFFLED,1,0,1,0,6350,25,12270,0,0,1,0,0.019511312902242697,0
task_0140,family_25,template_25,1.0,12,NC2-RANDOM,1,0,0,1,6250,25,12270,0,1,1,1,0.8,4
task_0140,family_25,template_25,1.0,12,B-LENGTH-PROPORTIONAL,1,0,0,1,6050,25,12120,0,0,1,0,0.5,2
task_0141,family_25,template_25,0.25,12,P-SPIDER-PARAM,1,0,1,0,6350,25,12270,0,0,1,0,0.5114445583935535,2
task_0141,family_25,template_25,0.25,12,B-COLD,1,0,0,1,6050,25,12120,0,0,1,0,0.5,2
task_0141,family_25,template_25,0.25,12,B-INSTRUCTION,1,0,0,1,6070,25,12120,0,0,1,0,0.5,2
task_0141,family_25,template_25,0.25,12,B-RAG-EMBED,1,0,0,1,6250,25,12270,0,0,1,0,0.5,2
task_0141,family_25,template_25,0.25,12,B-STAGEHAND-CACHE,1,0,0,1,6050,25,12120,0,0,1,0,0.5,2
task_0141,family_25,template_25,0.25,12,B-TERX-REPLAY,1,0,0,1,6050,25,12120,0,0,1,0,0.5,2
task_0141,family_25,template_25,0.25,12,NC1-SHUFFLED,1,0,1,0,6350,25,12270,0,0,1,0,0.5114445583935535,2
task_0141,family_25,template_25,0.25,12,NC2-RANDOM,1,0,0,1,6250,25,12270,0,1,1,1,0.8,4
task_0141,family_25,template_25,0.25,12,B-LENGTH-PROPORTIONAL,1,0,0,1,6050,25,12120,0,0,1,0,0.5,2
task_0142,family_26,template_26,0.0,13,P-SPIDER-PARAM,1,0,0,1,1000,14,1830,13,1,1,0,1.0,4
task_0142,family_26,template_26,0.0,13,B-COLD,1,0,0,1,6550,27,13120,0,0,1,0,0.5,2
task_0142,family_26,template_26,0.0,13,B-INSTRUCTION,1,0,0,1,6570,27,13120,0,0,1,0,0.5,2
task_0142,family_26,template_26,0.0,13,B-RAG-EMBED,1,0,0,1,900,14,1830,13,1,1,0,0.5,2
task_0142,family_26,template_26,0.0,13,B-STAGEHAND-CACHE,1,0,0,1,700,14,1680,13,1,1,0,0.5,2
task_0142,family_26,template_26,0.0,13,B-TERX-REPLAY,1,0,0,1,50,14,1680,13,1,1,0,0.5,2
task_0142,family_26,template_26,0.0,13,NC1-SHUFFLED,1,0,0,1,1000,14,1830,13,1,1,0,1.0,4
task_0142,family_26,template_26,0.0,13,NC2-RANDOM,1,0,0,1,6750,27,13270,0,1,1,1,0.8,4
task_0142,family_26,template_26,0.0,13,B-LENGTH-PROPORTIONAL,1,0,0,1,6550,27,13120,0,0,1,0,0.5,2
task_0143,family_26,template_26,0.75,13,P-SPIDER-PARAM,1,0,1,0,6850,27,13270,0,0,1,0,0.08846986090826481,0
task_0143,family_26,template_26,0.75,13,B-COLD,1,0,0,1,6550,27,13120,0,0,1,0,0.5,2
task_0143,family_26,template_26,0.75,13,B-INSTRUCTION,1,0,0,1,6570,27,13120,0,0,1,0,0.5,2
task_0143,family_26,template_26,0.75,13,B-RAG-EMBED,1,0,0,1,6750,27,13270,0,0,1,0,0.5,2
task_0143,family_26,template_26,0.75,13,B-STAGEHAND-CACHE,1,0,0,1,6550,27,13120,0,0,1,0,0.5,2
task_0143,family_26,template_26,0.75,13,B-TERX-REPLAY,1,0,0,1,6550,27,13120,0,0,1,0,0.5,2
task_0143,family_26,template_26,0.75,13,NC1-SHUFFLED,1,0,1,0,6850,27,13270,0,0,1,0,0.08846986090826481,0
task_0143,family_26,template_26,0.75,13,NC2-RANDOM,1,0,0,1,6750,27,13270,0,1,1,1,0.8,4
task_0143,family_26,template_26,0.75,13,B-LENGTH-PROPORTIONAL,1,0,0,1,6550,27,13120,0,0,1,0,0.5,2
task_0144,family_26,template_26,1.0,13,P-SPIDER-PARAM,1,0,1,0,6850,27,13270,0,0,1,0,0.03490208878149704,0
task_0144,family_26,template_26,1.0,13,B-COLD,1,0,0,1,6550,27,13120,0,0,1,0,0.5,2
task_0144,family_26,template_26,1.0,13,B-INSTRUCTION,1,0,0,1,6570,27,13120,0,0,1,0,0.5,2
task_0144,family_26,template_26,1.0,13,B-RAG-EMBED,1,0,0,1,6750,27,13270,0,0,1,0,0.5,2
task_0144,family_26,template_26,1.0,13,B-STAGEHAND-CACHE,1,0,0,1,6550,27,13120,0,0,1,0,0.5,2
task_0144,family_26,template_26,1.0,13,B-TERX-REPLAY,1,0,0,1,6550,27,13120,0,0,1,0,0.5,2
task_0144,family_26,template_26,1.0,13,NC1-SHUFFLED,1,0,1,0,6850,27,13270,0,0,1,0,0.03490208878149704,0
task_0144,family_26,template_26,1.0,13,NC2-RANDOM,1,0,0,1,6750,27,13270,0,1,1,1,0.8,4
task_0144,family_26,template_26,1.0,13,B-LENGTH-PROPORTIONAL,1,0,0,1,6550,27,13120,0,0,1,0,0.5,2
task_0145,family_26,template_26,0.25,13,P-SPIDER-PARAM,1,0,0,1,2350,17,4470,10,1,1,1,0.873436391340474,4
task_0145,family_26,template_26,0.25,13,B-COLD,1,0,0,1,6550,27,13120,0,0,1,0,0.5,2
task_0145,family_26,template_26,0.25,13,B-INSTRUCTION,1,0,0,1,6570,27,13120,0,0,1,0,0.5,2
task_0145,family_26,template_26,0.25,13,B-RAG-EMBED,1,0,0,1,6750,27,13270,0,0,1,0,0.5,2
task_0145,family_26,template_26,0.25,13,B-STAGEHAND-CACHE,1,0,0,1,6550,27,13120,0,0,1,0,0.5,2
task_0145,family_26,template_26,0.25,13,B-TERX-REPLAY,1,0,0,1,6550,27,13120,0,0,1,0,0.5,2
task_0145,family_26,template_26,0.25,13,NC1-SHUFFLED,1,0,0,1,2350,17,4470,10,1,1,1,0.873436391340474,4
task_0145,family_26,template_26,0.25,13,NC2-RANDOM,1,0,0,1,6750,27,13270,0,1,1,1,0.8,4
task_0145,family_26,template_26,0.25,13,B-LENGTH-PROPORTIONAL,1,0,0,1,6550,27,13120,0,0,1,0,0.5,2
task_0146,family_26,template_26,0.5,13,P-SPIDER-PARAM,1,0,1,0,6850,27,13270,0,0,1,0,0.08137191788888701,0
task_0146,family_26,template_26,0.5,13,B-COLD,1,0,0,1,6550,27,13120,0,0,1,0,0.5,2
task_0146,family_26,template_26,0.5,13,B-INSTRUCTION,1,0,0,1,6570,27,13120,0,0,1,0,0.5,2
task_0146,family_26,template_26,0.5,13,B-RAG-EMBED,1,0,0,1,6750,27,13270,0,0,1,0,0.5,2
task_0146,family_26,template_26,0.5,13,B-STAGEHAND-CACHE,1,0,0,1,6550,27,13120,0,0,1,0,0.5,2
task_0146,family_26,template_26,0.5,13,B-TERX-REPLAY,1,0,0,1,6550,27,13120,0,0,1,0,0.5,2
task_0146,family_26,template_26,0.5,13,NC1-SHUFFLED,1,0,1,0,6850,27,13270,0,0,1,0,0.08137191788888701,0
task_0146,family_26,template_26,0.5,13,NC2-RANDOM,1,0,0,1,6750,27,13270,0,1,1,1,0.8,4
task_0146,family_26,template_26,0.5,13,B-LENGTH-PROPORTIONAL,1,0,0,1,6550,27,13120,0,0,1,0,0.5,2
task_0147,family_27,template_27,0.0,14,P-SPIDER-PARAM,1,0,0,1,1050,15,1950,14,1,1,0,0.9766373894345237,4
task_0147,family_27,template_27,0.0,14,B-COLD,1,0,0,1,7050,29,14120,0,0,1,0,0.5,2
task_0147,family_27,template_27,0.0,14,B-INSTRUCTION,1,0,0,1,7070,29,14120,0,0,1,0,0.5,2
task_0147,family_27,template_27,0.0,14,B-RAG-EMBED,1,0,0,1,950,15,1950,14,1,1,0,0.5,2
task_0147,family_27,template_27,0.0,14,B-STAGEHAND-CACHE,1,0,0,1,750,15,1800,14,1,1,0,0.5,2
task_0147,family_27,template_27,0.0,14,B-TERX-REPLAY,1,0,0,1,50,15,1800,14,1,1,0,0.5,2
task_0147,family_27,template_27,0.0,14,NC1-SHUFFLED,1,0,0,1,1050,15,1950,14,1,1,0,0.9766373894345237,4
task_0147,family_27,template_27,0.0,14,NC2-RANDOM,1,0,0,1,7250,29,14270,0,1,1,1,0.8,4
task_0147,family_27,template_27,0.0,14,B-LENGTH-PROPORTIONAL,1,0,0,1,7050,29,14120,0,0,1,0,0.5,2
task_0148,family_27,template_27,1.0,14,P-SPIDER-PARAM,1,0,1,0,7350,29,14270,0,0,1,0,0.0064250639234903996,0
task_0148,family_27,template_27,1.0,14,B-COLD,1,0,0,1,7050,29,14120,0,0,1,0,0.5,2
task_0148,family_27,template_27,1.0,14,B-INSTRUCTION,1,0,0,1,7070,29,14120,0,0,1,0,0.5,2
task_0148,family_27,template_27,1.0,14,B-RAG-EMBED,1,0,0,1,7250,29,14270,0,0,1,0,0.5,2
task_0148,family_27,template_27,1.0,14,B-STAGEHAND-CACHE,1,0,0,1,7050,29,14120,0,0,1,0,0.5,2
task_0148,family_27,template_27,1.0,14,B-TERX-REPLAY,1,0,0,1,7050,29,14120,0,0,1,0,0.5,2
task_0148,family_27,template_27,1.0,14,NC1-SHUFFLED,1,0,1,0,7350,29,14270,0,0,1,0,0.0064250639234903996,0
task_0148,family_27,template_27,1.0,14,NC2-RANDOM,1,0,0,1,7250,29,14270,0,1,1,1,0.8,4
task_0148,family_27,template_27,1.0,14,B-LENGTH-PROPORTIONAL,1,0,0,1,7050,29,14120,0,0,1,0,0.5,2
task_0149,family_27,template_27,0.25,14,P-SPIDER-PARAM,1,0,0,1,1050,15,1950,14,1,1,0,1.0,4
task_0149,family_27,template_27,0.25,14,B-COLD,1,0,0,1,7050,29,14120,0,0,1,0,0.5,2
task_0149,family_27,template_27,0.25,14,B-INSTRUCTION,1,0,0,1,7070,29,14120,0,0,1,0,0.5,2
task_0149,family_27,template_27,0.25,14,B-RAG-EMBED,1,0,0,1,7250,29,14270,0,0,1,0,0.5,2
task_0149,family_27,template_27,0.25,14,B-STAGEHAND-CACHE,1,0,0,1,7050,29,14120,0,0,1,0,0.5,2
task_0149,family_27,template_27,0.25,14,B-TERX-REPLAY,1,0,0,1,7050,29,14120,0,0,1,0,0.5,2
task_0149,family_27,template_27,0.25,14,NC1-SHUFFLED,1,0,0,1,1050,15,1950,14,1,1,0,1.0,4
task_0149,family_27,template_27,0.25,14,NC2-RANDOM,1,0,0,1,7250,29,14270,0,1,1,1,0.8,4
task_0149,family_27,template_27,0.25,14,B-LENGTH-PROPORTIONAL,1,0,0,1,7050,29,14120,0,0,1,0,0.5,2
task_0150,family_27,template_27,0.5,14,P-SPIDER-PARAM,1,0,1,0,7350,29,14270,0,0,1,0,0.03687840190132154,0
task_0150,family_27,template_27,0.5,14,B-COLD,1,0,0,1,7050,29,14120,0,0,1,0,0.5,2
task_0150,family_27,template_27,0.5,14,B-INSTRUCTION,1,0,0,1,7070,29,14120,0,0,1,0,0.5,2
task_0150,family_27,template_27,0.5,14,B-RAG-EMBED,1,0,0,1,7250,29,14270,0,0,1,0,0.5,2
task_0150,family_27,template_27,0.5,14,B-STAGEHAND-CACHE,1,0,0,1,7050,29,14120,0,0,1,0,0.5,2
task_0150,family_27,template_27,0.5,14,B-TERX-REPLAY,1,0,0,1,7050,29,14120,0,0,1,0,0.5,2
task_0150,family_27,template_27,0.5,14,NC1-SHUFFLED,1,0,1,0,7350,29,14270,0,0,1,0,0.03687840190132154,0
task_0150,family_27,template_27,0.5,14,NC2-RANDOM,1,0,0,1,7250,29,14270,0,1,1,1,0.8,4
task_0150,family_27,template_27,0.5,14,B-LENGTH-PROPORTIONAL,1,0,0,1,7050,29,14120,0,0,1,0,0.5,2
task_0151,family_27,template_27,0.75,14,P-SPIDER-PARAM,1,0,1,0,7350,29,14270,0,0,1,0,0.0,0
task_0151,family_27,template_27,0.75,14,B-COLD,1,0,0,1,7050,29,14120,0,0,1,0,0.5,2
task_0151,family_27,template_27,0.75,14,B-INSTRUCTION,1,0,0,1,7070,29,14120,0,0,1,0,0.5,2
task_0151,family_27,template_27,0.75,14,B-RAG-EMBED,1,0,0,1,7250,29,14270,0,0,1,0,0.5,2
task_0151,family_27,template_27,0.75,14,B-STAGEHAND-CACHE,1,0,0,1,7050,29,14120,0,0,1,0,0.5,2
task_0151,family_27,template_27,0.75,14,B-TERX-REPLAY,1,0,0,1,7050,29,14120,0,0,1,0,0.5,2
task_0151,family_27,template_27,0.75,14,NC1-SHUFFLED,1,0,1,0,7350,29,14270,0,0,1,0,0.0,0
task_0151,family_27,template_27,0.75,14,NC2-RANDOM,1,0,0,1,7250,29,14270,0,1,1,1,0.8,4
task_0151,family_27,template_27,0.75,14,B-LENGTH-PROPORTIONAL,1,0,0,1,7050,29,14120,0,0,1,0,0.5,2
task_0152,family_28,template_28,0.0,8,P-SPIDER-PARAM,1,0,0,1,750,9,1230,8,1,1,0,0.9929987667384949,4
task_0152,family_28,template_28,0.0,8,B-COLD,1,0,0,1,4050,17,8120,0,0,1,0,0.5,2
task_0152,family_28,template_28,0.0,8,B-INSTRUCTION,1,0,0,1,4070,17,8120,0,0,1,0,0.5,2
task_0152,family_28,template_28,0.0,8,B-RAG-EMBED,1,0,0,1,650,9,1230,8,1,1,0,0.5,2
task_0152,family_28,template_28,0.0,8,B-STAGEHAND-CACHE,1,0,0,1,450,9,1080,8,1,1,0,0.5,2
task_0152,family_28,template_28,0.0,8,B-TERX-REPLAY,1,0,0,1,50,9,1080,8,1,1,0,0.5,2
task_0152,family_28,template_28,0.0,8,NC1-SHUFFLED,1,0,1,0,4350,17,8270,0,0,1,0,0.0,0
task_0152,family_28,template_28,0.0,8,NC2-RANDOM,1,0,0,1,4250,17,8270,0,1,1,1,0.8,4
task_0152,family_28,template_28,0.0,8,B-LENGTH-PROPORTIONAL,1,0,0,1,4050,17,8120,0,0,1,0,0.5,2
task_0153,family_28,template_28,0.25,8,P-SPIDER-PARAM,1,0,1,0,4350,17,8270,0,0,1,0,0.4644010495183701,2
task_0153,family_28,template_28,0.25,8,B-COLD,1,0,0,1,4050,17,8120,0,0,1,0,0.5,2
task_0153,family_28,template_28,0.25,8,B-INSTRUCTION,1,0,0,1,4070,17,8120,0,0,1,0,0.5,2
task_0153,family_28,template_28,0.25,8,B-RAG-EMBED,1,0,0,1,4250,17,8270,0,0,1,0,0.5,2
task_0153,family_28,template_28,0.25,8,B-STAGEHAND-CACHE,1,0,0,1,4050,17,8120,0,0,1,0,0.5,2
task_0153,family_28,template_28,0.25,8,B-TERX-REPLAY,1,0,0,1,4050,17,8120,0,0,1,0,0.5,2
task_0153,family_28,template_28,0.25,8,NC1-SHUFFLED,1,0,1,0,4350,17,8270,0,0,1,0,0.013539041324382606,0
task_0153,family_28,template_28,0.25,8,NC2-RANDOM,1,0,0,1,4250,17,8270,0,1,1,1,0.8,4
task_0153,family_28,template_28,0.25,8,B-LENGTH-PROPORTIONAL,1,0,0,1,4050,17,8120,0,0,1,0,0.5,2
task_0154,family_28,template_28,0.5,8,P-SPIDER-PARAM,1,0,1,0,4350,17,8270,0,0,1,0,0.5204090247648512,2
task_0154,family_28,template_28,0.5,8,B-COLD,1,0,0,1,4050,17,8120,0,0,1,0,0.5,2
task_0154,family_28,template_28,0.5,8,B-INSTRUCTION,1,0,0,1,4070,17,8120,0,0,1,0,0.5,2
task_0154,family_28,template_28,0.5,8,B-RAG-EMBED,1,0,0,1,4250,17,8270,0,0,1,0,0.5,2
task_0154,family_28,template_28,0.5,8,B-STAGEHAND-CACHE,1,0,0,1,4050,17,8120,0,0,1,0,0.5,2
task_0154,family_28,template_28,0.5,8,B-TERX-REPLAY,1,0,0,1,4050,17,8120,0,0,1,0,0.5,2
task_0154,family_28,template_28,0.5,8,NC1-SHUFFLED,1,0,1,0,4350,17,8270,0,0,1,0,0.04223731417288167,0
task_0154,family_28,template_28,0.5,8,NC2-RANDOM,1,0,0,1,4250,17,8270,0,1,1,1,0.8,4
task_0154,family_28,template_28,0.5,8,B-LENGTH-PROPORTIONAL,1,0,0,1,4050,17,8120,0,0,1,0,0.5,2
task_0155,family_28,template_28,0.75,8,P-SPIDER-PARAM,1,0,1,0,4350,17,8270,0,0,1,0,0.049320223468915396,0
task_0155,family_28,template_28,0.75,8,B-COLD,1,0,0,1,4050,17,8120,0,0,1,0,0.5,2
task_0155,family_28,template_28,0.75,8,B-INSTRUCTION,1,0,0,1,4070,17,8120,0,0,1,0,0.5,2
task_0155,family_28,template_28,0.75,8,B-RAG-EMBED,1,0,0,1,4250,17,8270,0,0,1,0,0.5,2
task_0155,family_28,template_28,0.75,8,B-STAGEHAND-CACHE,1,0,0,1,4050,17,8120,0,0,1,0,0.5,2
task_0155,family_28,template_28,0.75,8,B-TERX-REPLAY,1,0,0,1,4050,17,8120,0,0,1,0,0.5,2
task_0155,family_28,template_28,0.75,8,NC1-SHUFFLED,1,0,1,0,4350,17,8270,0,0,1,0,0.022885360151557937,0
task_0155,family_28,template_28,0.75,8,NC2-RANDOM,1,0,0,1,4250,17,8270,0,1,1,1,0.8,4
task_0155,family_28,template_28,0.75,8,B-LENGTH-PROPORTIONAL,1,0,0,1,4050,17,8120,0,0,1,0,0.5,2
task_0156,family_28,template_28,1.0,8,P-SPIDER-PARAM,1,0,1,0,4350,17,8270,0,0,1,0,0.0,0
task_0156,family_28,template_28,1.0,8,B-COLD,1,0,0,1,4050,17,8120,0,0,1,0,0.5,2
task_0156,family_28,template_28,1.0,8,B-INSTRUCTION,1,0,0,1,4070,17,8120,0,0,1,0,0.5,2
task_0156,family_28,template_28,1.0,8,B-RAG-EMBED,1,0,0,1,4250,17,8270,0,0,1,0,0.5,2
task_0156,family_28,template_28,1.0,8,B-STAGEHAND-CACHE,1,0,0,1,4050,17,8120,0,0,1,0,0.5,2
task_0156,family_28,template_28,1.0,8,B-TERX-REPLAY,1,0,0,1,4050,17,8120,0,0,1,0,0.5,2
task_0156,family_28,template_28,1.0,8,NC1-SHUFFLED,1,0,1,0,4350,17,8270,0,0,1,0,0.038775541964753406,0
task_0156,family_28,template_28,1.0,8,NC2-RANDOM,1,0,0,1,4250,17,8270,0,1,1,1,0.8,4
task_0156,family_28,template_28,1.0,8,B-LENGTH-PROPORTIONAL,1,0,0,1,4050,17,8120,0,0,1,0,0.5,2
task_0157,family_29,template_29,0.0,9,P-SPIDER-PARAM,1,0,0,1,800,10,1350,9,1,1,0,1.0,4
task_0157,family_29,template_29,0.0,9,B-COLD,1,0,0,1,4550,19,9120,0,0,1,0,0.5,2
task_0157,family_29,template_29,0.0,9,B-INSTRUCTION,1,0,0,1,4570,19,9120,0,0,1,0,0.5,2
task_0157,family_29,template_29,0.0,9,B-RAG-EMBED,1,0,0,1,700,10,1350,9,1,1,0,0.5,2
task_0157,family_29,template_29,0.0,9,B-STAGEHAND-CACHE,1,0,0,1,500,10,1200,9,1,1,0,0.5,2
task_0157,family_29,template_29,0.0,9,B-TERX-REPLAY,1,0,0,1,50,10,1200,9,1,1,0,0.5,2
task_0157,family_29,template_29,0.0,9,NC1-SHUFFLED,1,0,1,0,4850,19,9270,0,0,1,0,0.000542096842077934,0
task_0157,family_29,template_29,0.0,9,NC2-RANDOM,1,0,0,1,4750,19,9270,0,1,1,1,0.8,4
task_0157,family_29,template_29,0.0,9,B-LENGTH-PROPORTIONAL,1,0,0,1,4550,19,9120,0,0,1,0,0.5,2
task_0158,family_29,template_29,0.5,9,P-SPIDER-PARAM,1,0,1,0,4850,19,9270,0,0,1,0,0.46411175388406545,2
task_0158,family_29,template_29,0.5,9,B-COLD,1,0,0,1,4550,19,9120,0,0,1,0,0.5,2
task_0158,family_29,template_29,0.5,9,B-INSTRUCTION,1,0,0,1,4570,19,9120,0,0,1,0,0.5,2
task_0158,family_29,template_29,0.5,9,B-RAG-EMBED,1,0,0,1,4750,19,9270,0,0,1,0,0.5,2
task_0158,family_29,template_29,0.5,9,B-STAGEHAND-CACHE,1,0,0,1,4550,19,9120,0,0,1,0,0.5,2
task_0158,family_29,template_29,0.5,9,B-TERX-REPLAY,1,0,0,1,4550,19,9120,0,0,1,0,0.5,2
task_0158,family_29,template_29,0.5,9,NC1-SHUFFLED,1,0,1,0,4850,19,9270,0,0,1,0,0.0,0
task_0158,family_29,template_29,0.5,9,NC2-RANDOM,1,0,0,1,4750,19,9270,0,1,1,1,0.8,4
task_0158,family_29,template_29,0.5,9,B-LENGTH-PROPORTIONAL,1,0,0,1,4550,19,9120,0,0,1,0,0.5,2
task_0159,family_29,template_29,0.75,9,P-SPIDER-PARAM,1,0,1,0,4850,19,9270,0,0,1,0,0.0,0
task_0159,family_29,template_29,0.75,9,B-COLD,1,0,0,1,4550,19,9120,0,0,1,0,0.5,2
task_0159,family_29,template_29,0.75,9,B-INSTRUCTION,1,0,0,1,4570,19,9120,0,0,1,0,0.5,2
task_0159,family_29,template_29,0.75,9,B-RAG-EMBED,1,0,0,1,4750,19,9270,0,0,1,0,0.5,2
task_0159,family_29,template_29,0.75,9,B-STAGEHAND-CACHE,1,0,0,1,4550,19,9120,0,0,1,0,0.5,2
task_0159,family_29,template_29,0.75,9,B-TERX-REPLAY,1,0,0,1,4550,19,9120,0,0,1,0,0.5,2
task_0159,family_29,template_29,0.75,9,NC1-SHUFFLED,1,0,1,0,4850,19,9270,0,0,1,0,0.0,0
task_0159,family_29,template_29,0.75,9,NC2-RANDOM,1,0,0,1,4750,19,9270,0,1,1,1,0.8,4
task_0159,family_29,template_29,0.75,9,B-LENGTH-PROPORTIONAL,1,0,0,1,4550,19,9120,0,0,1,0,0.5,2
task_0160,family_29,template_29,1.0,9,P-SPIDER-PARAM,1,0,1,0,4850,19,9270,0,0,1,0,0.0,0
task_0160,family_29,template_29,1.0,9,B-COLD,1,0,0,1,4550,19,9120,0,0,1,0,0.5,2
task_0160,family_29,template_29,1.0,9,B-INSTRUCTION,1,0,0,1,4570,19,9120,0,0,1,0,0.5,2
task_0160,family_29,template_29,1.0,9,B-RAG-EMBED,1,0,0,1,4750,19,9270,0,0,1,0,0.5,2
task_0160,family_29,template_29,1.0,9,B-STAGEHAND-CACHE,1,0,0,1,4550,19,9120,0,0,1,0,0.5,2
task_0160,family_29,template_29,1.0,9,B-TERX-REPLAY,1,0,0,1,4550,19,9120,0,0,1,0,0.5,2
task_0160,family_29,template_29,1.0,9,NC1-SHUFFLED,1,0,1,0,4850,19,9270,0,0,1,0,0.035653694144307586,0
task_0160,family_29,template_29,1.0,9,NC2-RANDOM,1,0,0,1,4750,19,9270,0,1,1,1,0.8,4
task_0160,family_29,template_29,1.0,9,B-LENGTH-PROPORTIONAL,1,0,0,1,4550,19,9120,0,0,1,0,0.5,2
task_0161,family_29,template_29,0.25,9,P-SPIDER-PARAM,1,0,1,0,4850,19,9270,0,0,1,0,0.5420367440196916,2
task_0161,family_29,template_29,0.25,9,B-COLD,1,0,0,1,4550,19,9120,0,0,1,0,0.5,2
task_0161,family_29,template_29,0.25,9,B-INSTRUCTION,1,0,0,1,4570,19,9120,0,0,1,0,0.5,2
task_0161,family_29,template_29,0.25,9,B-RAG-EMBED,1,0,0,1,4750,19,9270,0,0,1,0,0.5,2
task_0161,family_29,template_29,0.25,9,B-STAGEHAND-CACHE,1,0,0,1,4550,19,9120,0,0,1,0,0.5,2
task_0161,family_29,template_29,0.25,9,B-TERX-REPLAY,1,0,0,1,4550,19,9120,0,0,1,0,0.5,2
task_0161,family_29,template_29,0.25,9,NC1-SHUFFLED,1,0,1,0,4850,19,9270,0,0,1,0,0.0,0
task_0161,family_29,template_29,0.25,9,NC2-RANDOM,1,0,0,1,4750,19,9270,0,1,1,1,0.8,4
task_0161,family_29,template_29,0.25,9,B-LENGTH-PROPORTIONAL,1,0,0,1,4550,19,9120,0,0,1,0,0.5,2
task_0162,family_30,template_30,0.0,10,P-SPIDER-PARAM,1,0,0,1,850,11,1470,10,1,1,0,1.0,4
task_0162,family_30,template_30,0.0,10,B-COLD,1,0,0,1,5050,21,10120,0,0,1,0,0.5,2
task_0162,family_30,template_30,0.0,10,B-INSTRUCTION,1,0,0,1,5070,21,10120,0,0,1,0,0.5,2
task_0162,family_30,template_30,0.0,10,B-RAG-EMBED,1,0,0,1,750,11,1470,10,1,1,0,0.5,2
task_0162,family_30,template_30,0.0,10,B-STAGEHAND-CACHE,1,0,0,1,550,11,1320,10,1,1,0,0.5,2
task_0162,family_30,template_30,0.0,10,B-TERX-REPLAY,1,0,0,1,50,11,1320,10,1,1,0,0.5,2
task_0162,family_30,template_30,0.0,10,NC1-SHUFFLED,1,0,1,0,5350,21,10270,0,0,1,0,0.4528231400916792,2
task_0162,family_30,template_30,0.0,10,NC2-RANDOM,1,0,0,1,5250,21,10270,0,1,1,1,0.8,4
task_0162,family_30,template_30,0.0,10,B-LENGTH-PROPORTIONAL,1,0,0,1,5050,21,10120,0,0,1,0,0.5,2
task_0163,family_30,template_30,0.75,10,P-SPIDER-PARAM,1,0,1,0,5350,21,10270,0,0,1,0,0.12618349058328565,0
task_0163,family_30,template_30,0.75,10,B-COLD,1,0,0,1,5050,21,10120,0,0,1,0,0.5,2
task_0163,family_30,template_30,0.75,10,B-INSTRUCTION,1,0,0,1,5070,21,10120,0,0,1,0,0.5,2
task_0163,family_30,template_30,0.75,10,B-RAG-EMBED,1,0,0,1,5250,21,10270,0,0,1,0,0.5,2
task_0163,family_30,template_30,0.75,10,B-STAGEHAND-CACHE,1,0,0,1,5050,21,10120,0,0,1,0,0.5,2
task_0163,family_30,template_30,0.75,10,B-TERX-REPLAY,1,0,0,1,5050,21,10120,0,0,1,0,0.5,2
task_0163,family_30,template_30,0.75,10,NC1-SHUFFLED,1,0,1,0,5350,21,10270,0,0,1,0,0.0,0
task_0163,family_30,template_30,0.75,10,NC2-RANDOM,1,0,0,1,5250,21,10270,0,1,1,1,0.8,4
task_0163,family_30,template_30,0.75,10,B-LENGTH-PROPORTIONAL,1,0,0,1,5050,21,10120,0,0,1,0,0.5,2
task_0164,family_30,template_30,1.0,10,P-SPIDER-PARAM,1,0,1,0,5350,21,10270,0,0,1,0,0.0,0
task_0164,family_30,template_30,1.0,10,B-COLD,1,0,0,1,5050,21,10120,0,0,1,0,0.5,2
task_0164,family_30,template_30,1.0,10,B-INSTRUCTION,1,0,0,1,5070,21,10120,0,0,1,0,0.5,2
task_0164,family_30,template_30,1.0,10,B-RAG-EMBED,1,0,0,1,5250,21,10270,0,0,1,0,0.5,2
task_0164,family_30,template_30,1.0,10,B-STAGEHAND-CACHE,1,0,0,1,5050,21,10120,0,0,1,0,0.5,2
task_0164,family_30,template_30,1.0,10,B-TERX-REPLAY,1,0,0,1,5050,21,10120,0,0,1,0,0.5,2
task_0164,family_30,template_30,1.0,10,NC1-SHUFFLED,1,0,1,0,5350,21,10270,0,0,1,0,0.007745444789714335,0
task_0164,family_30,template_30,1.0,10,NC2-RANDOM,1,0,0,1,5250,21,10270,0,1,1,1,0.8,4
task_0164,family_30,template_30,1.0,10,B-LENGTH-PROPORTIONAL,1,0,0,1,5050,21,10120,0,0,1,0,0.5,2
task_0165,family_30,template_30,0.25,10,P-SPIDER-PARAM,1,0,0,1,2200,14,4110,7,1,1,1,0.9474847088810092,4
task_0165,family_30,template_30,0.25,10,B-COLD,1,0,0,1,5050,21,10120,0,0,1,0,0.5,2
task_0165,family_30,template_30,0.25,10,B-INSTRUCTION,1,0,0,1,5070,21,10120,0,0,1,0,0.5,2
task_0165,family_30,template_30,0.25,10,B-RAG-EMBED,1,0,0,1,5250,21,10270,0,0,1,0,0.5,2
task_0165,family_30,template_30,0.25,10,B-STAGEHAND-CACHE,1,0,0,1,5050,21,10120,0,0,1,0,0.5,2
task_0165,family_30,template_30,0.25,10,B-TERX-REPLAY,1,0,0,1,5050,21,10120,0,0,1,0,0.5,2
task_0165,family_30,template_30,0.25,10,NC1-SHUFFLED,1,0,1,0,5350,21,10270,0,0,1,0,0.21410951236085515,1
task_0165,family_30,template_30,0.25,10,NC2-RANDOM,1,0,0,1,5250,21,10270,0,1,1,1,0.8,4
task_0165,family_30,template_30,0.25,10,B-LENGTH-PROPORTIONAL,1,0,0,1,5050,21,10120,0,0,1,0,0.5,2
task_0166,family_30,template_30,0.5,10,P-SPIDER-PARAM,1,0,1,0,5350,21,10270,0,0,1,0,0.14349467901757174,0
task_0166,family_30,template_30,0.5,10,B-COLD,1,0,0,1,5050,21,10120,0,0,1,0,0.5,2
task_0166,family_30,template_30,0.5,10,B-INSTRUCTION,1,0,0,1,5070,21,10120,0,0,1,0,0.5,2
task_0166,family_30,template_30,0.5,10,B-RAG-EMBED,1,0,0,1,5250,21,10270,0,0,1,0,0.5,2
task_0166,family_30,template_30,0.5,10,B-STAGEHAND-CACHE,1,0,0,1,5050,21,10120,0,0,1,0,0.5,2
task_0166,family_30,template_30,0.5,10,B-TERX-REPLAY,1,0,0,1,5050,21,10120,0,0,1,0,0.5,2
task_0166,family_30,template_30,0.5,10,NC1-SHUFFLED,1,0,1,0,5350,21,10270,0,0,1,0,0.05043935718838645,0
task_0166,family_30,template_30,0.5,10,NC2-RANDOM,1,0,0,1,5250,21,10270,0,1,1,1,0.8,4
task_0166,family_30,template_30,0.5,10,B-LENGTH-PROPORTIONAL,1,0,0,1,5050,21,10120,0,0,1,0,0.5,2
task_0167,family_31,template_31,0.0,11,P-SPIDER-PARAM,1,0,0,1,900,12,1590,11,1,1,0,0.9895670790660623,4
task_0167,family_31,template_31,0.0,11,B-COLD,1,0,0,1,5550,23,11120,0,0,1,0,0.5,2
task_0167,family_31,template_31,0.0,11,B-INSTRUCTION,1,0,0,1,5570,23,11120,0,0,1,0,0.5,2
task_0167,family_31,template_31,0.0,11,B-RAG-EMBED,1,0,0,1,800,12,1590,11,1,1,0,0.5,2
task_0167,family_31,template_31,0.0,11,B-STAGEHAND-CACHE,1,0,0,1,600,12,1440,11,1,1,0,0.5,2
task_0167,family_31,template_31,0.0,11,B-TERX-REPLAY,1,0,0,1,50,12,1440,11,1,1,0,0.5,2
task_0167,family_31,template_31,0.0,11,NC1-SHUFFLED,1,0,0,1,900,12,1590,11,1,1,0,0.9895670790660623,4
task_0167,family_31,template_31,0.0,11,NC2-RANDOM,1,0,0,1,5750,23,11270,0,1,1,1,0.8,4
task_0167,family_31,template_31,0.0,11,B-LENGTH-PROPORTIONAL,1,0,0,1,5550,23,11120,0,0,1,0,0.5,2
task_0168,family_31,template_31,1.0,11,P-SPIDER-PARAM,1,0,1,0,5850,23,11270,0,0,1,0,0.0,0
task_0168,family_31,template_31,1.0,11,B-COLD,1,0,0,1,5550,23,11120,0,0,1,0,0.5,2
task_0168,family_31,template_31,1.0,11,B-INSTRUCTION,1,0,0,1,5570,23,11120,0,0,1,0,0.5,2
task_0168,family_31,template_31,1.0,11,B-RAG-EMBED,1,0,0,1,5750,23,11270,0,0,1,0,0.5,2
task_0168,family_31,template_31,1.0,11,B-STAGEHAND-CACHE,1,0,0,1,5550,23,11120,0,0,1,0,0.5,2
task_0168,family_31,template_31,1.0,11,B-TERX-REPLAY,1,0,0,1,5550,23,11120,0,0,1,0,0.5,2
task_0168,family_31,template_31,1.0,11,NC1-SHUFFLED,1,0,1,0,5850,23,11270,0,0,1,0,0.0,0
task_0168,family_31,template_31,1.0,11,NC2-RANDOM,1,0,0,1,5750,23,11270,0,1,1,1,0.8,4
task_0168,family_31,template_31,1.0,11,B-LENGTH-PROPORTIONAL,1,0,0,1,5550,23,11120,0,0,1,0,0.5,2
task_0169,family_31,template_31,0.25,11,P-SPIDER-PARAM,1,0,0,1,900,12,1590,11,1,1,0,1.0,4
task_0169,family_31,template_31,0.25,11,B-COLD,1,0,0,1,5550,23,11120,0,0,1,0,0.5,2
task_0169,family_31,template_31,0.25,11,B-INSTRUCTION,1,0,0,1,5570,23,11120,0,0,1,0,0.5,2
task_0169,family_31,template_31,0.25,11,B-RAG-EMBED,1,0,0,1,5750,23,11270,0,0,1,0,0.5,2
task_0169,family_31,template_31,0.25,11,B-STAGEHAND-CACHE,1,0,0,1,5550,23,11120,0,0,1,0,0.5,2
task_0169,family_31,template_31,0.25,11,B-TERX-REPLAY,1,0,0,1,5550,23,11120,0,0,1,0,0.5,2
task_0169,family_31,template_31,0.25,11,NC1-SHUFFLED,1,0,0,1,900,12,1590,11,1,1,0,1.0,4
task_0169,family_31,template_31,0.25,11,NC2-RANDOM,1,0,0,1,5750,23,11270,0,1,1,1,0.8,4
task_0169,family_31,template_31,0.25,11,B-LENGTH-PROPORTIONAL,1,0,0,1,5550,23,11120,0,0,1,0,0.5,2
task_0170,family_31,template_31,0.5,11,P-SPIDER-PARAM,1,0,1,0,5850,23,11270,0,0,1,0,0.0,0
task_0170,family_31,template_31,0.5,11,B-COLD,1,0,0,1,5550,23,11120,0,0,1,0,0.5,2
task_0170,family_31,template_31,0.5,11,B-INSTRUCTION,1,0,0,1,5570,23,11120,0,0,1,0,0.5,2
task_0170,family_31,template_31,0.5,11,B-RAG-EMBED,1,0,0,1,5750,23,11270,0,0,1,0,0.5,2
task_0170,family_31,template_31,0.5,11,B-STAGEHAND-CACHE,1,0,0,1,5550,23,11120,0,0,1,0,0.5,2
task_0170,family_31,template_31,0.5,11,B-TERX-REPLAY,1,0,0,1,5550,23,11120,0,0,1,0,0.5,2
task_0170,family_31,template_31,0.5,11,NC1-SHUFFLED,1,0,1,0,5850,23,11270,0,0,1,0,0.0,0
task_0170,family_31,template_31,0.5,11,NC2-RANDOM,1,0,0,1,5750,23,11270,0,1,1,1,0.8,4
task_0170,family_31,template_31,0.5,11,B-LENGTH-PROPORTIONAL,1,0,0,1,5550,23,11120,0,0,1,0,0.5,2
task_0171,family_31,template_31,0.75,11,P-SPIDER-PARAM,1,0,1,0,5850,23,11270,0,0,1,0,0.0,0
task_0171,family_31,template_31,0.75,11,B-COLD,1,0,0,1,5550,23,11120,0,0,1,0,0.5,2
task_0171,family_31,template_31,0.75,11,B-INSTRUCTION,1,0,0,1,5570,23,11120,0,0,1,0,0.5,2
task_0171,family_31,template_31,0.75,11,B-RAG-EMBED,1,0,0,1,5750,23,11270,0,0,1,0,0.5,2
task_0171,family_31,template_31,0.75,11,B-STAGEHAND-CACHE,1,0,0,1,5550,23,11120,0,0,1,0,0.5,2
task_0171,family_31,template_31,0.75,11,B-TERX-REPLAY,1,0,0,1,5550,23,11120,0,0,1,0,0.5,2
task_0171,family_31,template_31,0.75,11,NC1-SHUFFLED,1,0,1,0,5850,23,11270,0,0,1,0,0.0,0
task_0171,family_31,template_31,0.75,11,NC2-RANDOM,1,0,0,1,5750,23,11270,0,1,1,1,0.8,4
task_0171,family_31,template_31,0.75,11,B-LENGTH-PROPORTIONAL,1,0,0,1,5550,23,11120,0,0,1,0,0.5,2
task_0172,family_32,template_32,0.0,12,P-SPIDER-PARAM,1,0,0,1,950,13,1710,12,1,1,0,1.0,4
task_0172,family_32,template_32,0.0,12,B-COLD,1,0,0,1,6050,25,12120,0,0,1,0,0.5,2
task_0172,family_32,template_32,0.0,12,B-INSTRUCTION,1,0,0,1,6070,25,12120,0,0,1,0,0.5,2
task_0172,family_32,template_32,0.0,12,B-RAG-EMBED,1,0,0,1,850,13,1710,12,1,1,0,0.5,2
task_0172,family_32,template_32,0.0,12,B-STAGEHAND-CACHE,1,0,0,1,650,13,1560,12,1,1,0,0.5,2
task_0172,family_32,template_32,0.0,12,B-TERX-REPLAY,1,0,0,1,50,13,1560,12,1,1,0,0.5,2
task_0172,family_32,template_32,0.0,12,NC1-SHUFFLED,1,0,0,1,950,13,1710,12,1,1,0,1.0,4
task_0172,family_32,template_32,0.0,12,NC2-RANDOM,1,0,0,1,6250,25,12270,0,1,1,1,0.8,4
task_0172,family_32,template_32,0.0,12,B-LENGTH-PROPORTIONAL,1,0,0,1,6050,25,12120,0,0,1,0,0.5,2
task_0173,family_32,template_32,0.25,12,P-SPIDER-PARAM,1,0,1,0,6350,25,12270,0,0,1,0,0.462468960480541,2
task_0173,family_32,template_32,0.25,12,B-COLD,1,0,0,1,6050,25,12120,0,0,1,0,0.5,2
task_0173,family_32,template_32,0.25,12,B-INSTRUCTION,1,0,0,1,6070,25,12120,0,0,1,0,0.5,2
task_0173,family_32,template_32,0.25,12,B-RAG-EMBED,1,0,0,1,6250,25,12270,0,0,1,0,0.5,2
task_0173,family_32,template_32,0.25,12,B-STAGEHAND-CACHE,1,0,0,1,6050,25,12120,0,0,1,0,0.5,2
task_0173,family_32,template_32,0.25,12,B-TERX-REPLAY,1,0,0,1,6050,25,12120,0,0,1,0,0.5,2
task_0173,family_32,template_32,0.25,12,NC1-SHUFFLED,1,0,1,0,6350,25,12270,0,0,1,0,0.462468960480541,2
task_0173,family_32,template_32,0.25,12,NC2-RANDOM,1,0,0,1,6250,25,12270,0,1,1,1,0.8,4
task_0173,family_32,template_32,0.25,12,B-LENGTH-PROPORTIONAL,1,0,0,1,6050,25,12120,0,0,1,0,0.5,2
task_0174,family_32,template_32,0.5,12,P-SPIDER-PARAM,1,0,1,0,6350,25,12270,0,0,1,0,0.47904194313883,2
task_0174,family_32,template_32,0.5,12,B-COLD,1,0,0,1,6050,25,12120,0,0,1,0,0.5,2
task_0174,family_32,template_32,0.5,12,B-INSTRUCTION,1,0,0,1,6070,25,12120,0,0,1,0,0.5,2
task_0174,family_32,template_32,0.5,12,B-RAG-EMBED,1,0,0,1,6250,25,12270,0,0,1,0,0.5,2
task_0174,family_32,template_32,0.5,12,B-STAGEHAND-CACHE,1,0,0,1,6050,25,12120,0,0,1,0,0.5,2
task_0174,family_32,template_32,0.5,12,B-TERX-REPLAY,1,0,0,1,6050,25,12120,0,0,1,0,0.5,2
task_0174,family_32,template_32,0.5,12,NC1-SHUFFLED,1,0,1,0,6350,25,12270,0,0,1,0,0.47904194313883,2
task_0174,family_32,template_32,0.5,12,NC2-RANDOM,1,0,0,1,6250,25,12270,0,1,1,1,0.8,4
task_0174,family_32,template_32,0.5,12,B-LENGTH-PROPORTIONAL,1,0,0,1,6050,25,12120,0,0,1,0,0.5,2
task_0175,family_32,template_32,0.75,12,P-SPIDER-PARAM,1,0,1,0,6350,25,12270,0,0,1,0,0.01617382567971305,0
task_0175,family_32,template_32,0.75,12,B-COLD,1,0,0,1,6050,25,12120,0,0,1,0,0.5,2
task_0175,family_32,template_32,0.75,12,B-INSTRUCTION,1,0,0,1,6070,25,12120,0,0,1,0,0.5,2
task_0175,family_32,template_32,0.75,12,B-RAG-EMBED,1,0,0,1,6250,25,12270,0,0,1,0,0.5,2
task_0175,family_32,template_32,0.75,12,B-STAGEHAND-CACHE,1,0,0,1,6050,25,12120,0,0,1,0,0.5,2
task_0175,family_32,template_32,0.75,12,B-TERX-REPLAY,1,0,0,1,6050,25,12120,0,0,1,0,0.5,2
task_0175,family_32,template_32,0.75,12,NC1-SHUFFLED,1,0,1,0,6350,25,12270,0,0,1,0,0.01617382567971305,0
task_0175,family_32,template_32,0.75,12,NC2-RANDOM,1,0,0,1,6250,25,12270,0,1,1,1,0.8,4
task_0175,family_32,template_32,0.75,12,B-LENGTH-PROPORTIONAL,1,0,0,1,6050,25,12120,0,0,1,0,0.5,2
task_0176,family_32,template_32,1.0,12,P-SPIDER-PARAM,1,0,1,0,6350,25,12270,0,0,1,0,0.0,0
task_0176,family_32,template_32,1.0,12,B-COLD,1,0,0,1,6050,25,12120,0,0,1,0,0.5,2
task_0176,family_32,template_32,1.0,12,B-INSTRUCTION,1,0,0,1,6070,25,12120,0,0,1,0,0.5,2
task_0176,family_32,template_32,1.0,12,B-RAG-EMBED,1,0,0,1,6250,25,12270,0,0,1,0,0.5,2
task_0176,family_32,template_32,1.0,12,B-STAGEHAND-CACHE,1,0,0,1,6050,25,12120,0,0,1,0,0.5,2
task_0176,family_32,template_32,1.0,12,B-TERX-REPLAY,1,0,0,1,6050,25,12120,0,0,1,0,0.5,2
task_0176,family_32,template_32,1.0,12,NC1-SHUFFLED,1,0,1,0,6350,25,12270,0,0,1,0,0.0,0
task_0176,family_32,template_32,1.0,12,NC2-RANDOM,1,0,0,1,6250,25,12270,0,1,1,1,0.8,4
task_0176,family_32,template_32,1.0,12,B-LENGTH-PROPORTIONAL,1,0,0,1,6050,25,12120,0,0,1,0,0.5,2
task_0177,family_33,template_33,0.0,13,P-SPIDER-PARAM,1,0,0,1,1000,14,1830,13,1,1,0,1.0,4
task_0177,family_33,template_33,0.0,13,B-COLD,1,0,0,1,6550,27,13120,0,0,1,0,0.5,2
task_0177,family_33,template_33,0.0,13,B-INSTRUCTION,1,0,0,1,6570,27,13120,0,0,1,0,0.5,2
task_0177,family_33,template_33,0.0,13,B-RAG-EMBED,1,0,0,1,900,14,1830,13,1,1,0,0.5,2
task_0177,family_33,template_33,0.0,13,B-STAGEHAND-CACHE,1,0,0,1,700,14,1680,13,1,1,0,0.5,2
task_0177,family_33,template_33,0.0,13,B-TERX-REPLAY,1,0,0,1,50,14,1680,13,1,1,0,0.5,2
task_0177,family_33,template_33,0.0,13,NC1-SHUFFLED,1,0,1,0,6850,27,13270,0,0,1,0,0.025043368196217664,0
task_0177,family_33,template_33,0.0,13,NC2-RANDOM,1,0,0,1,6750,27,13270,0,1,1,1,0.8,4
task_0177,family_33,template_33,0.0,13,B-LENGTH-PROPORTIONAL,1,0,0,1,6550,27,13120,0,0,1,0,0.5,2
task_0178,family_33,template_33,0.5,13,P-SPIDER-PARAM,1,0,1,0,6850,27,13270,0,0,1,0,0.5367558628472985,2
task_0178,family_33,template_33,0.5,13,B-COLD,1,0,0,1,6550,27,13120,0,0,1,0,0.5,2
task_0178,family_33,template_33,0.5,13,B-INSTRUCTION,1,0,0,1,6570,27,13120,0,0,1,0,0.5,2
task_0178,family_33,template_33,0.5,13,B-RAG-EMBED,1,0,0,1,6750,27,13270,0,0,1,0,0.5,2
task_0178,family_33,template_33,0.5,13,B-STAGEHAND-CACHE,1,0,0,1,6550,27,13120,0,0,1,0,0.5,2
task_0178,family_33,template_33,0.5,13,B-TERX-REPLAY,1,0,0,1,6550,27,13120,0,0,1,0,0.5,2
task_0178,family_33,template_33,0.5,13,NC1-SHUFFLED,1,0,1,0,6850,27,13270,0,0,1,0,0.0,0
task_0178,family_33,template_33,0.5,13,NC2-RANDOM,1,0,0,1,6750,27,13270,0,1,1,1,0.8,4
task_0178,family_33,template_33,0.5,13,B-LENGTH-PROPORTIONAL,1,0,0,1,6550,27,13120,0,0,1,0,0.5,2
task_0179,family_33,template_33,0.75,13,P-SPIDER-PARAM,1,0,1,0,6850,27,13270,0,0,1,0,0.0,0
task_0179,family_33,template_33,0.75,13,B-COLD,1,0,0,1,6550,27,13120,0,0,1,0,0.5,2
task_0179,family_33,template_33,0.75,13,B-INSTRUCTION,1,0,0,1,6570,27,13120,0,0,1,0,0.5,2
task_0179,family_33,template_33,0.75,13,B-RAG-EMBED,1,0,0,1,6750,27,13270,0,0,1,0,0.5,2
task_0179,family_33,template_33,0.75,13,B-STAGEHAND-CACHE,1,0,0,1,6550,27,13120,0,0,1,0,0.5,2
task_0179,family_33,template_33,0.75,13,B-TERX-REPLAY,1,0,0,1,6550,27,13120,0,0,1,0,0.5,2
task_0179,family_33,template_33,0.75,13,NC1-SHUFFLED,1,0,1,0,6850,27,13270,0,0,1,0,0.0028964974175666137,0
task_0179,family_33,template_33,0.75,13,NC2-RANDOM,1,0,0,1,6750,27,13270,0,1,1,1,0.8,4
task_0179,family_33,template_33,0.75,13,B-LENGTH-PROPORTIONAL,1,0,0,1,6550,27,13120,0,0,1,0,0.5,2
task_0180,family_33,template_33,1.0,13,P-SPIDER-PARAM,1,0,1,0,6850,27,13270,0,0,1,0,0.036534019986573095,0
task_0180,family_33,template_33,1.0,13,B-COLD,1,0,0,1,6550,27,13120,0,0,1,0,0.5,2
task_0180,family_33,template_33,1.0,13,B-INSTRUCTION,1,0,0,1,6570,27,13120,0,0,1,0,0.5,2
task_0180,family_33,template_33,1.0,13,B-RAG-EMBED,1,0,0,1,6750,27,13270,0,0,1,0,0.5,2
task_0180,family_33,template_33,1.0,13,B-STAGEHAND-CACHE,1,0,0,1,6550,27,13120,0,0,1,0,0.5,2
task_0180,family_33,template_33,1.0,13,B-TERX-REPLAY,1,0,0,1,6550,27,13120,0,0,1,0,0.5,2
task_0180,family_33,template_33,1.0,13,NC1-SHUFFLED,1,0,1,0,6850,27,13270,0,0,1,0,0.0,0
task_0180,family_33,template_33,1.0,13,NC2-RANDOM,1,0,0,1,6750,27,13270,0,1,1,1,0.8,4
task_0180,family_33,template_33,1.0,13,B-LENGTH-PROPORTIONAL,1,0,0,1,6550,27,13120,0,0,1,0,0.5,2
task_0181,family_33,template_33,0.25,13,P-SPIDER-PARAM,1,0,1,0,6850,27,13270,0,0,1,0,0.5073146310800739,2
task_0181,family_33,template_33,0.25,13,B-COLD,1,0,0,1,6550,27,13120,0,0,1,0,0.5,2
task_0181,family_33,template_33,0.25,13,B-INSTRUCTION,1,0,0,1,6570,27,13120,0,0,1,0,0.5,2
task_0181,family_33,template_33,0.25,13,B-RAG-EMBED,1,0,0,1,6750,27,13270,0,0,1,0,0.5,2
task_0181,family_33,template_33,0.25,13,B-STAGEHAND-CACHE,1,0,0,1,6550,27,13120,0,0,1,0,0.5,2
task_0181,family_33,template_33,0.25,13,B-TERX-REPLAY,1,0,0,1,6550,27,13120,0,0,1,0,0.5,2
task_0181,family_33,template_33,0.25,13,NC1-SHUFFLED,1,0,1,0,6850,27,13270,0,0,1,0,0.0,0
task_0181,family_33,template_33,0.25,13,NC2-RANDOM,1,0,0,1,6750,27,13270,0,1,1,1,0.8,4
task_0181,family_33,template_33,0.25,13,B-LENGTH-PROPORTIONAL,1,0,0,1,6550,27,13120,0,0,1,0,0.5,2
task_0182,family_34,template_34,0.0,14,P-SPIDER-PARAM,1,0,0,1,1050,15,1950,14,1,1,0,1.0,4
task_0182,family_34,template_34,0.0,14,B-COLD,1,0,0,1,7050,29,14120,0,0,1,0,0.5,2
task_0182,family_34,template_34,0.0,14,B-INSTRUCTION,1,0,0,1,7070,29,14120,0,0,1,0,0.5,2
task_0182,family_34,template_34,0.0,14,B-RAG-EMBED,1,0,0,1,950,15,1950,14,1,1,0,0.5,2
task_0182,family_34,template_34,0.0,14,B-STAGEHAND-CACHE,1,0,0,1,750,15,1800,14,1,1,0,0.5,2
task_0182,family_34,template_34,0.0,14,B-TERX-REPLAY,1,0,0,1,50,15,1800,14,1,1,0,0.5,2
task_0182,family_34,template_34,0.0,14,NC1-SHUFFLED,1,0,1,0,7350,29,14270,0,0,1,0,0.0,0
task_0182,family_34,template_34,0.0,14,NC2-RANDOM,1,0,0,1,7250,29,14270,0,1,1,1,0.8,4
task_0182,family_34,template_34,0.0,14,B-LENGTH-PROPORTIONAL,1,0,0,1,7050,29,14120,0,0,1,0,0.5,2
task_0183,family_34,template_34,0.75,14,P-SPIDER-PARAM,1,0,1,0,7350,29,14270,0,0,1,0,0.1113778340992502,0
task_0183,family_34,template_34,0.75,14,B-COLD,1,0,0,1,7050,29,14120,0,0,1,0,0.5,2
task_0183,family_34,template_34,0.75,14,B-INSTRUCTION,1,0,0,1,7070,29,14120,0,0,1,0,0.5,2
task_0183,family_34,template_34,0.75,14,B-RAG-EMBED,1,0,0,1,7250,29,14270,0,0,1,0,0.5,2
task_0183,family_34,template_34,0.75,14,B-STAGEHAND-CACHE,1,0,0,1,7050,29,14120,0,0,1,0,0.5,2
task_0183,family_34,template_34,0.75,14,B-TERX-REPLAY,1,0,0,1,7050,29,14120,0,0,1,0,0.5,2
task_0183,family_34,template_34,0.75,14,NC1-SHUFFLED,1,0,1,0,7350,29,14270,0,0,1,0,0.01782957371301777,0
task_0183,family_34,template_34,0.75,14,NC2-RANDOM,1,0,0,1,7250,29,14270,0,1,1,1,0.8,4
task_0183,family_34,template_34,0.75,14,B-LENGTH-PROPORTIONAL,1,0,0,1,7050,29,14120,0,0,1,0,0.5,2
task_0184,family_34,template_34,1.0,14,P-SPIDER-PARAM,1,0,1,0,7350,29,14270,0,0,1,0,0.03182636235305721,0
task_0184,family_34,template_34,1.0,14,B-COLD,1,0,0,1,7050,29,14120,0,0,1,0,0.5,2
task_0184,family_34,template_34,1.0,14,B-INSTRUCTION,1,0,0,1,7070,29,14120,0,0,1,0,0.5,2
task_0184,family_34,template_34,1.0,14,B-RAG-EMBED,1,0,0,1,7250,29,14270,0,0,1,0,0.5,2
task_0184,family_34,template_34,1.0,14,B-STAGEHAND-CACHE,1,0,0,1,7050,29,14120,0,0,1,0,0.5,2
task_0184,family_34,template_34,1.0,14,B-TERX-REPLAY,1,0,0,1,7050,29,14120,0,0,1,0,0.5,2
task_0184,family_34,template_34,1.0,14,NC1-SHUFFLED,1,0,1,0,7350,29,14270,0,0,1,0,0.04862407124238959,0
task_0184,family_34,template_34,1.0,14,NC2-RANDOM,1,0,0,1,7250,29,14270,0,1,1,1,0.8,4
task_0184,family_34,template_34,1.0,14,B-LENGTH-PROPORTIONAL,1,0,0,1,7050,29,14120,0,0,1,0,0.5,2
task_0185,family_34,template_34,0.25,14,P-SPIDER-PARAM,1,0,0,1,2850,19,5470,10,1,1,1,0.9241102085749603,4
task_0185,family_34,template_34,0.25,14,B-COLD,1,0,0,1,7050,29,14120,0,0,1,0,0.5,2
task_0185,family_34,template_34,0.25,14,B-INSTRUCTION,1,0,0,1,7070,29,14120,0,0,1,0,0.5,2
task_0185,family_34,template_34,0.25,14,B-RAG-EMBED,1,0,0,1,7250,29,14270,0,0,1,0,0.5,2
task_0185,family_34,template_34,0.25,14,B-STAGEHAND-CACHE,1,0,0,1,7050,29,14120,0,0,1,0,0.5,2
task_0185,family_34,template_34,0.25,14,B-TERX-REPLAY,1,0,0,1,7050,29,14120,0,0,1,0,0.5,2
task_0185,family_34,template_34,0.25,14,NC1-SHUFFLED,1,0,1,0,7350,29,14270,0,0,1,0,0.049696169712776586,0
task_0185,family_34,template_34,0.25,14,NC2-RANDOM,1,0,0,1,7250,29,14270,0,1,1,1,0.8,4
task_0185,family_34,template_34,0.25,14,B-LENGTH-PROPORTIONAL,1,0,0,1,7050,29,14120,0,0,1,0,0.5,2
task_0186,family_34,template_34,0.5,14,P-SPIDER-PARAM,1,0,1,0,7350,29,14270,0,0,1,0,0.1298122196065109,0
task_0186,family_34,template_34,0.5,14,B-COLD,1,0,0,1,7050,29,14120,0,0,1,0,0.5,2
task_0186,family_34,template_34,0.5,14,B-INSTRUCTION,1,0,0,1,7070,29,14120,0,0,1,0,0.5,2
task_0186,family_34,template_34,0.5,14,B-RAG-EMBED,1,0,0,1,7250,29,14270,0,0,1,0,0.5,2
task_0186,family_34,template_34,0.5,14,B-STAGEHAND-CACHE,1,0,0,1,7050,29,14120,0,0,1,0,0.5,2
task_0186,family_34,template_34,0.5,14,B-TERX-REPLAY,1,0,0,1,7050,29,14120,0,0,1,0,0.5,2
task_0186,family_34,template_34,0.5,14,NC1-SHUFFLED,1,0,1,0,7350,29,14270,0,0,1,0,0.0,0
task_0186,family_34,template_34,0.5,14,NC2-RANDOM,1,0,0,1,7250,29,14270,0,1,1,1,0.8,4
task_0186,family_34,template_34,0.5,14,B-LENGTH-PROPORTIONAL,1,0,0,1,7050,29,14120,0,0,1,0,0.5,2
task_0187,family_35,template_35,0.0,8,P-SPIDER-PARAM,1,0,0,1,750,9,1230,8,1,1,0,1.0,4
task_0187,family_35,template_35,0.0,8,B-COLD,1,0,0,1,4050,17,8120,0,0,1,0,0.5,2
task_0187,family_35,template_35,0.0,8,B-INSTRUCTION,1,0,0,1,4070,17,8120,0,0,1,0,0.5,2
task_0187,family_35,template_35,0.0,8,B-RAG-EMBED,1,0,0,1,650,9,1230,8,1,1,0,0.5,2
task_0187,family_35,template_35,0.0,8,B-STAGEHAND-CACHE,1,0,0,1,450,9,1080,8,1,1,0,0.5,2
task_0187,family_35,template_35,0.0,8,B-TERX-REPLAY,1,0,0,1,50,9,1080,8,1,1,0,0.5,2
task_0187,family_35,template_35,0.0,8,NC1-SHUFFLED,1,0,0,1,750,9,1230,8,1,1,0,1.0,4
task_0187,family_35,template_35,0.0,8,NC2-RANDOM,1,0,0,1,4250,17,8270,0,1,1,1,0.8,4
task_0187,family_35,template_35,0.0,8,B-LENGTH-PROPORTIONAL,1,0,0,1,4050,17,8120,0,0,1,0,0.5,2
task_0188,family_35,template_35,1.0,8,P-SPIDER-PARAM,1,0,1,0,4350,17,8270,0,0,1,0,0.01645420103981451,0
task_0188,family_35,template_35,1.0,8,B-COLD,1,0,0,1,4050,17,8120,0,0,1,0,0.5,2
task_0188,family_35,template_35,1.0,8,B-INSTRUCTION,1,0,0,1,4070,17,8120,0,0,1,0,0.5,2
task_0188,family_35,template_35,1.0,8,B-RAG-EMBED,1,0,0,1,4250,17,8270,0,0,1,0,0.5,2
task_0188,family_35,template_35,1.0,8,B-STAGEHAND-CACHE,1,0,0,1,4050,17,8120,0,0,1,0,0.5,2
task_0188,family_35,template_35,1.0,8,B-TERX-REPLAY,1,0,0,1,4050,17,8120,0,0,1,0,0.5,2
task_0188,family_35,template_35,1.0,8,NC1-SHUFFLED,1,0,1,0,4350,17,8270,0,0,1,0,0.01645420103981451,0
task_0188,family_35,template_35,1.0,8,NC2-RANDOM,1,0,0,1,4250,17,8270,0,1,1,1,0.8,4
task_0188,family_35,template_35,1.0,8,B-LENGTH-PROPORTIONAL,1,0,0,1,4050,17,8120,0,0,1,0,0.5,2
task_0189,family_35,template_35,0.25,8,P-SPIDER-PARAM,1,0,0,1,750,9,1230,8,1,1,0,0.994870131455867,4
task_0189,family_35,template_35,0.25,8,B-COLD,1,0,0,1,4050,17,8120,0,0,1,0,0.5,2
task_0189,family_35,template_35,0.25,8,B-INSTRUCTION,1,0,0,1,4070,17,8120,0,0,1,0,0.5,2
task_0189,family_35,template_35,0.25,8,B-RAG-EMBED,1,0,0,1,4250,17,8270,0,0,1,0,0.5,2
task_0189,family_35,template_35,0.25,8,B-STAGEHAND-CACHE,1,0,0,1,4050,17,8120,0,0,1,0,0.5,2
task_0189,family_35,template_35,0.25,8,B-TERX-REPLAY,1,0,0,1,4050,17,8120,0,0,1,0,0.5,2
task_0189,family_35,template_35,0.25,8,NC1-SHUFFLED,1,0,0,1,750,9,1230,8,1,1,0,0.994870131455867,4
task_0189,family_35,template_35,0.25,8,NC2-RANDOM,1,0,0,1,4250,17,8270,0,1,1,1,0.8,4
task_0189,family_35,template_35,0.25,8,B-LENGTH-PROPORTIONAL,1,0,0,1,4050,17,8120,0,0,1,0,0.5,2
task_0190,family_35,template_35,0.5,8,P-SPIDER-PARAM,1,0,1,0,4350,17,8270,0,0,1,0,0.013845771802167822,0
task_0190,family_35,template_35,0.5,8,B-COLD,1,0,0,1,4050,17,8120,0,0,1,0,0.5,2
task_0190,family_35,template_35,0.5,8,B-INSTRUCTION,1,0,0,1,4070,17,8120,0,0,1,0,0.5,2
task_0190,family_35,template_35,0.5,8,B-RAG-EMBED,1,0,0,1,4250,17,8270,0,0,1,0,0.5,2
task_0190,family_35,template_35,0.5,8,B-STAGEHAND-CACHE,1,0,0,1,4050,17,8120,0,0,1,0,0.5,2
task_0190,family_35,template_35,0.5,8,B-TERX-REPLAY,1,0,0,1,4050,17,8120,0,0,1,0,0.5,2
task_0190,family_35,template_35,0.5,8,NC1-SHUFFLED,1,0,1,0,4350,17,8270,0,0,1,0,0.013845771802167822,0
task_0190,family_35,template_35,0.5,8,NC2-RANDOM,1,0,0,1,4250,17,8270,0,1,1,1,0.8,4
task_0190,family_35,template_35,0.5,8,B-LENGTH-PROPORTIONAL,1,0,0,1,4050,17,8120,0,0,1,0,0.5,2
task_0191,family_35,template_35,0.75,8,P-SPIDER-PARAM,1,0,1,0,4350,17,8270,0,0,1,0,0.0,0
task_0191,family_35,template_35,0.75,8,B-COLD,1,0,0,1,4050,17,8120,0,0,1,0,0.5,2
task_0191,family_35,template_35,0.75,8,B-INSTRUCTION,1,0,0,1,4070,17,8120,0,0,1,0,0.5,2
task_0191,family_35,template_35,0.75,8,B-RAG-EMBED,1,0,0,1,4250,17,8270,0,0,1,0,0.5,2
task_0191,family_35,template_35,0.75,8,B-STAGEHAND-CACHE,1,0,0,1,4050,17,8120,0,0,1,0,0.5,2
task_0191,family_35,template_35,0.75,8,B-TERX-REPLAY,1,0,0,1,4050,17,8120,0,0,1,0,0.5,2
task_0191,family_35,template_35,0.75,8,NC1-SHUFFLED,1,0,1,0,4350,17,8270,0,0,1,0,0.0,0
task_0191,family_35,template_35,0.75,8,NC2-RANDOM,1,0,0,1,4250,17,8270,0,1,1,1,0.8,4
task_0191,family_35,template_35,0.75,8,B-LENGTH-PROPORTIONAL,1,0,0,1,4050,17,8120,0,0,1,0,0.5,2
