task_id,family_id,template_id,novelty_fraction,realized_novelty,length,system,success,false_accept,unknown,precision,tokens,tokens_f10,per_hit,browser_calls,latency_ms,retrieval_ms,verification_ms,reused_steps,hit,verify_passed,repair_triggered,confidence,ECE_bin,wrong_bound,probeHit,etagMatched,ttlValid,auditorBlocked,curatedFlag,frontierHit,frontierCrossFamilyAdoption,cacheHit,auditorFetchMiss,retrieval_hit,retrieval_use_hit,frontier_use_hit,provenanceHash,qcr_jaccard,frontier_jaccard
task_0000,family_00,template_00,0.0,0.0,8,B-COLD,1,0,0,1,4050,4050,506.25,17,8120,0,120,0,0,1,0,0.9807,4,0,0,0,0,0,0,0,0,0,0,0,0,0,,1.0,0.0
task_0000,family_00,template_00,0.0,0.0,8,B-RAG-EMBED,1,0,0,1,650,650,56.25,10,1230,150,120,8,1,1,0,0.9807,4,0,0,0,0,0,0,0,0,0,0,1,1,0,,1.0,0.0
task_0000,family_00,template_00,0.0,0.0,8,B-STAGEHAND-CACHE,1,0,0,1,450,450,56.25,9,1080,0,120,8,1,1,0,0.9807,4,0,0,0,0,0,0,0,0,0,0,1,1,0,,1.0,0.0
task_0000,family_00,template_00,0.0,0.0,8,B-TERX-REPLAY,1,0,0,1,450,450,56.25,9,1080,0,120,8,1,1,0,0.9807,4,0,0,0,0,0,0,0,0,0,0,1,1,0,,1.0,0.0
task_0000,family_00,template_00,0.0,0.0,8,P-SPIDER-MEA-BATCHED,1,0,0,1,780,780,58.75,12,1195,150,30,8,1,1,0,0.99,4,0,1,1,1,0,1,1,0,1,0,1,1,1,aab048f56f483553,1.0,1.0
task_0000,family_00,template_00,0.0,0.0,8,NC1-SHUFFLED,1,0,1,1,1005,1005,86.97834207214161,11,1245,150,120,6,0,0,0,0.4283443341104052,2,0,0,0,0,1,1,0,0,0,1,0,0,0,aab048f56f483553,0.125,0.0
task_0000,family_00,template_00,0.0,0.0,8,NC2-RANDOM,1,0,0,1,1166,1166,107.10162356737644,11,1245,150,120,6,0,0,0,0.4515268155201102,2,0,0,1,1,1,1,1,0,1,0,0,0,0,aab048f56f483553,0.125,0.0
task_0000,family_00,template_00,0.0,0.0,8,NC3-LENGTH,1,0,0,1,4050,4050,500.0,17,8120,0,120,0,0,1,0,0.55,2,0,0,0,0,0,0,0,0,0,0,0,0,0,,1.0,0.0
task_0000,family_00,template_00,0.0,0.0,8,NC4-ABLATION,1,0,0,1,870,870,70.0,12,1260,150,30,8,1,1,0,0.99,4,0,1,1,1,0,1,0,0,0,1,1,1,1,aab048f56f483553,1.0,1.0
task_0001,family_00,template_00,0.25,0.5,8,B-COLD,1,0,0,1,4050,4050,506.25,17,8120,0,120,0,0,1,0,0.99,4,0,0,0,0,0,0,0,0,0,0,0,0,0,,0.6666666666666666,0.0
task_0001,family_00,template_00,0.25,0.5,8,B-RAG-EMBED,1,0,0,1,2450,2450,281.25,14,4750,150,120,4,1,1,0,0.99,4,0,0,0,0,0,0,0,0,0,0,1,1,0,,0.6666666666666666,0.0
task_0001,family_00,template_00,0.25,0.5,8,B-STAGEHAND-CACHE,1,0,0,1,4050,4050,506.25,17,8120,0,120,0,0,1,0,0.99,4,0,0,0,0,0,0,0,0,0,0,1,0,0,,0.6666666666666666,0.0
task_0001,family_00,template_00,0.25,0.5,8,B-TERX-REPLAY,1,0,0,1,4050,4050,506.25,17,8120,0,120,0,0,1,0,0.99,4,0,0,0,0,0,0,0,0,0,0,1,0,0,,0.6666666666666666,0.0
task_0001,family_00,template_00,0.25,0.5,8,P-SPIDER-MEA-BATCHED,1,0,0,1,870,870,70.0,12,1260,150,30,8,1,1,0,0.99,4,0,1,1,1,0,1,1,0,0,1,1,1,1,175e8edd5a27f563,0.6666666666666666,1.0
task_0001,family_00,template_00,0.25,0.5,8,NC1-SHUFFLED,1,0,1,1,1122,1122,101.55121499776021,13,3005,150,120,6,0,0,0,0.43580792400373136,2,0,0,0,1,1,1,0,0,0,1,0,0,0,175e8edd5a27f563,0.125,0.0
task_0001,family_00,template_00,0.25,0.5,8,NC2-RANDOM,1,0,0,1,1176,1176,108.2673638029587,14,3795,150,30,5,0,0,0,0.6544990004750635,3,0,1,1,1,1,1,1,0,1,0,0,0,0,175e8edd5a27f563,0.08333333333333333,0.0
task_0001,family_00,template_00,0.25,0.5,8,NC3-LENGTH,1,0,0,1,4050,4050,500.0,17,8120,0,120,0,0,1,0,0.55,2,0,0,0,0,0,0,0,0,0,0,0,0,0,,0.6666666666666666,0.0
task_0001,family_00,template_00,0.25,0.5,8,NC4-ABLATION,0,1,0,1,780,780,58.75,12,1195,150,30,8,1,1,0,0.957,4,0,1,1,1,0,1,0,0,1,0,1,1,1,175e8edd5a27f563,0.6666666666666666,1.0
task_0002,family_00,template_00,0.5,0.5,8,B-COLD,1,0,0,1,4050,4050,506.25,17,8120,0,120,0,0,1,0,0.9649,4,0,0,0,0,0,0,0,0,0,0,0,0,0,,0.6666666666666666,0.0
task_0002,family_00,template_00,0.5,0.5,8,B-RAG-EMBED,1,0,0,1,2450,2450,281.25,14,4750,150,120,4,1,1,0,0.9649,4,0,0,0,0,0,0,0,0,0,0,1,1,0,,0.6666666666666666,0.0
task_0002,family_00,template_00,0.5,0.5,8,B-STAGEHAND-CACHE,1,0,0,1,4050,4050,506.25,17,8120,0,120,0,0,1,0,0.9649,4,0,0,0,0,0,0,0,0,0,0,1,0,0,,0.6666666666666666,0.0
task_0002,family_00,template_00,0.5,0.5,8,B-TERX-REPLAY,1,0,0,1,4050,4050,506.25,17,8120,0,120,0,0,1,0,0.9649,4,0,0,0,0,0,0,0,0,0,0,1,0,0,,0.6666666666666666,0.0
task_0002,family_00,template_00,0.5,0.5,8,P-SPIDER-MEA-BATCHED,1,0,0,1,780,780,58.75,12,1195,150,30,8,1,1,0,0.9503,4,0,1,1,1,0,1,1,0,1,0,1,1,1,8b32b5fb0315dfee,0.6666666666666666,1.0
task_0002,family_00,template_00,0.5,0.5,8,NC1-SHUFFLED,1,0,1,1,961,961,81.45356343625623,13,3005,150,120,6,0,0,0,0.3608597455667105,1,0,0,0,0,1,1,0,0,0,1,0,0,0,8b32b5fb0315dfee,0.0,0.0
task_0002,family_00,template_00,0.5,0.5,8,NC2-RANDOM,1,0,0,1,1090,1090,97.58297666763642,12,2035,150,30,7,0,0,0,0.570827813847393,2,0,1,1,0,1,1,1,0,1,0,0,0,0,8b32b5fb0315dfee,0.0,0.0
task_0002,family_00,template_00,0.5,0.5,8,NC3-LENGTH,1,0,0,1,4050,4050,500.0,17,8120,0,120,0,0,1,0,0.55,2,0,0,0,0,0,0,0,0,0,0,0,0,0,,0.6666666666666666,0.0
task_0002,family_00,template_00,0.5,0.5,8,NC4-ABLATION,0,1,0,1,820,820,63.75,12,1285,150,120,8,1,1,0,0.9682,4,0,0,0,0,0,1,0,0,1,0,1,1,1,8b32b5fb0315dfee,0.6666666666666666,1.0
task_0003,family_00,template_00,0.75,1.0,8,B-COLD,1,0,0,1,4050,4050,506.25,17,8120,0,120,0,0,1,0,0.9895,4,0,0,0,0,0,0,0,0,0,0,0,0,0,,0.3333333333333333,0.0
task_0003,family_00,template_00,0.75,1.0,8,B-RAG-EMBED,1,0,0,1,4250,4250,506.25,18,8270,150,120,0,0,1,0,0.9895,4,0,0,0,0,0,0,0,0,0,0,1,0,0,,0.3333333333333333,0.0
task_0003,family_00,template_00,0.75,1.0,8,B-STAGEHAND-CACHE,1,0,0,1,4050,4050,506.25,17,8120,0,120,0,0,1,0,0.9895,4,0,0,0,0,0,0,0,0,0,0,1,0,0,,0.3333333333333333,0.0
task_0003,family_00,template_00,0.75,1.0,8,B-TERX-REPLAY,1,0,0,1,4050,4050,506.25,17,8120,0,120,0,0,1,0,0.9895,4,0,0,0,0,0,0,0,0,0,0,1,0,0,,0.3333333333333333,0.0
task_0003,family_00,template_00,0.75,1.0,8,P-SPIDER-MEA-BATCHED,1,0,0,1,820,820,63.75,12,1285,150,120,8,1,1,0,0.9838,4,0,0,0,0,0,1,1,0,1,0,1,1,1,980d6b1488b845c0,0.3333333333333333,0.3333333333333333
task_0003,family_00,template_00,0.75,1.0,8,NC1-SHUFFLED,1,0,1,1,1164,1164,106.83668142038223,13,2915,150,30,6,0,0,0,0.5448744531999576,2,0,1,1,1,1,1,0,0,0,1,0,0,0,980d6b1488b845c0,0.0,0.0
task_0003,family_00,template_00,0.75,1.0,8,NC2-RANDOM,1,0,0,1,1045,1045,91.98538460072928,14,3885,150,120,5,0,0,0,0.6426847516633252,3,0,1,0,1,1,1,0,0,0,0,0,0,0,980d6b1488b845c0,0.0,0.0
task_0003,family_00,template_00,0.75,1.0,8,NC3-LENGTH,1,0,0,1,4050,4050,500.0,17,8120,0,120,0,0,1,0,0.55,2,0,0,0,0,0,0,0,0,0,0,0,0,0,,0.3333333333333333,0.0
task_0003,family_00,template_00,0.75,1.0,8,NC4-ABLATION,1,0,0,1,820,820,63.75,12,1285,150,120,8,1,1,0,0.9834,4,0,0,0,0,0,1,0,0,1,0,1,1,1,980d6b1488b845c0,0.3333333333333333,0.3333333333333333
task_0004,family_00,template_00,1.0,1.0,8,B-COLD,1,0,0,1,4050,4050,506.25,17,8120,0,120,0,0,1,0,0.99,4,0,0,0,0,0,0,0,0,0,0,0,0,0,,0.6666666666666666,0.0
task_0004,family_00,template_00,1.0,1.0,8,B-RAG-EMBED,1,0,0,1,4250,4250,506.25,18,8270,150,120,0,0,1,0,0.99,4,0,0,0,0,0,0,0,0,0,0,1,0,0,,0.6666666666666666,0.0
task_0004,family_00,template_00,1.0,1.0,8,B-STAGEHAND-CACHE,1,0,0,1,4050,4050,506.25,17,8120,0,120,0,0,1,0,0.99,4,0,0,0,0,0,0,0,0,0,0,1,0,0,,0.6666666666666666,0.0
task_0004,family_00,template_00,1.0,1.0,8,B-TERX-REPLAY,1,0,0,1,4050,4050,506.25,17,8120,0,120,0,0,1,0,0.99,4,0,0,0,0,0,0,0,0,0,0,1,0,0,,0.6666666666666666,0.0
task_0004,family_00,template_00,1.0,1.0,8,P-SPIDER-MEA-BATCHED,1,0,0,1,780,780,58.75,12,1195,150,30,8,1,1,0,0.99,4,0,1,1,1,0,1,1,0,1,0,1,1,1,51ec449a68695798,0.6666666666666666,1.0
task_0004,family_00,template_00,1.0,1.0,8,NC1-SHUFFLED,1,1,0,1,957,957,80.94929771335872,13,2915,150,30,6,0,0,0,0.6785177535171911,3,1,1,1,1,1,1,0,0,1,0,0,0,0,51ec449a68695798,0.0,0.0
task_0004,family_00,template_00,1.0,1.0,8,NC2-RANDOM,0,1,0,1,1189,1189,109.9657442908385,13,2915,150,30,6,0,0,0,0.6267498263025137,3,0,0,1,0,1,1,0,0,1,0,0,0,0,51ec449a68695798,0.125,0.0
task_0004,family_00,template_00,1.0,1.0,8,NC3-LENGTH,1,0,0,1,4050,4050,500.0,17,8120,0,120,0,0,1,0,0.55,2,0,0,0,0,0,0,0,0,0,0,0,0,0,,0.6666666666666666,0.0
task_0004,family_00,template_00,1.0,1.0,8,NC4-ABLATION,1,0,1,1,780,780,58.75,12,1195,150,30,8,0,0,0,0.0418,0,1,1,1,1,1,1,0,0,1,0,1,0,0,51ec449a68695798,0.6666666666666666,1.0
task_0005,family_00,template_00,0.25,0.5,8,B-COLD,1,0,0,1,4050,4050,506.25,17,8120,0,120,0,0,1,0,0.99,4,0,0,0,0,0,0,0,0,0,0,0,0,0,,0.6666666666666666,0.0
task_0005,family_00,template_00,0.25,0.5,8,B-RAG-EMBED,1,0,0,1,2450,2450,281.25,14,4750,150,120,4,1,1,0,0.99,4,0,0,0,0,0,0,0,0,0,0,1,1,0,,0.6666666666666666,0.0
task_0005,family_00,template_00,0.25,0.5,8,B-STAGEHAND-CACHE,1,0,0,1,4050,4050,506.25,17,8120,0,120,0,0,1,0,0.99,4,0,0,0,0,0,0,0,0,0,0,1,0,0,,0.6666666666666666,0.0
task_0005,family_00,template_00,0.25,0.5,8,B-TERX-REPLAY,1,0,0,1,4050,4050,506.25,17,8120,0,120,0,0,1,0,0.99,4,0,0,0,0,0,0,0,0,0,0,1,0,0,,0.6666666666666666,0.0
task_0005,family_00,template_00,0.25,0.5,8,P-SPIDER-MEA-BATCHED,1,0,0,1,820,820,63.75,12,1285,150,120,8,1,1,0,0.9896,4,0,0,0,0,0,1,1,0,1,0,1,1,1,a97b2f525bba4efe,0.6666666666666666,1.0
task_0005,family_00,template_00,0.25,0.5,8,NC1-SHUFFLED,1,0,1,1,1090,1090,97.58737436247387,13,3005,150,120,6,0,0,0,0.5098107473306017,2,0,0,0,0,1,1,0,0,0,1,0,0,0,a97b2f525bba4efe,0.0,0.0
task_0005,family_00,template_00,0.25,0.5,8,NC2-RANDOM,1,0,0,1,1092,1092,97.79010181498688,13,2915,150,30,6,0,0,0,0.48062881419951214,2,0,0,0,0,1,1,1,0,1,0,0,0,0,a97b2f525bba4efe,0.125,0.0
task_0005,family_00,template_00,0.25,0.5,8,NC3-LENGTH,1,0,0,1,4050,4050,500.0,17,8120,0,120,0,0,1,0,0.55,2,0,0,0,0,0,0,0,0,0,0,0,0,0,,0.6666666666666666,0.0
task_0005,family_00,template_00,0.25,0.5,8,NC4-ABLATION,1,0,1,1,820,820,63.75,12,1285,150,120,8,0,0,0,0.035,0,1,0,0,1,1,1,0,0,1,0,1,0,0,a97b2f525bba4efe,0.6666666666666666,1.0
task_0006,family_01,template_01,0.0,0.0,9,B-COLD,1,0,0,1,4550,4550,505.55555555555554,19,9120,0,120,0,0,1,0,0.99,4,0,0,0,0,0,0,0,0,0,0,0,0,0,,1.0,0.0
task_0006,family_01,template_01,0.0,0.0,9,B-RAG-EMBED,1,0,0,1,700,700,55.55555555555556,11,1350,150,120,9,1,1,0,0.99,4,0,0,0,0,0,0,0,0,0,0,1,1,0,,1.0,0.0
task_0006,family_01,template_01,0.0,0.0,9,B-STAGEHAND-CACHE,1,0,0,1,500,500,55.55555555555556,10,1200,0,120,9,1,1,0,0.99,4,0,0,0,0,0,0,0,0,0,0,1,1,0,,1.0,0.0
task_0006,family_01,template_01,0.0,0.0,9,B-TERX-REPLAY,1,0,0,1,500,500,55.55555555555556,10,1200,0,120,9,1,1,0,0.99,4,0,0,0,0,0,0,0,0,0,0,1,1,0,,1.0,0.0
task_0006,family_01,template_01,0.0,0.0,9,P-SPIDER-MEA-BATCHED,1,0,0,1,830,830,57.77777777777778,13,1315,150,30,9,1,1,0,0.99,4,0,1,1,1,0,1,1,0,1,0,1,1,1,0eeed6e3ff47c212,1.0,1.0
task_0006,family_01,template_01,0.0,0.0,9,NC1-SHUFFLED,1,0,1,1,1268,1268,106.51052759361919,12,1340,150,30,8,0,0,0,0.4642923674346482,2,0,1,1,1,1,1,0,0,1,0,0,0,0,0eeed6e3ff47c212,0.2,0.0
task_0006,family_01,template_01,0.0,0.0,9,NC2-RANDOM,0,1,0,1,1199,1199,98.88669119633727,12,1365,150,120,8,0,0,0,0.6979040234131736,3,0,1,1,0,1,1,0,0,1,0,0,0,0,0eeed6e3ff47c212,0.2,0.0
task_0006,family_01,template_01,0.0,0.0,9,NC3-LENGTH,1,0,0,1,4550,4550,500.0,19,9120,0,120,0,0,1,0,0.55,2,0,0,0,0,0,0,0,0,0,0,0,0,0,,1.0,0.0
task_0006,family_01,template_01,0.0,0.0,9,NC4-ABLATION,0,0,0,1,830,830,57.77777777777778,13,1315,150,30,9,1,1,0,0.9705,4,0,1,1,1,0,1,0,0,1,0,1,1,1,0eeed6e3ff47c212,1.0,1.0
task_0007,family_01,template_01,0.5,0.5,9,B-COLD,1,0,0,1,4550,4550,505.55555555555554,19,9120,0,120,0,0,1,0,0.9634,4,0,0,0,0,0,0,0,0,0,0,0,0,0,,0.5714285714285714,0.0
task_0007,family_01,template_01,0.5,0.5,9,B-RAG-EMBED,1,0,0,1,2500,2500,255.55555555555554,15,4870,150,120,5,1,1,0,0.9634,4,0,0,0,0,0,0,0,0,0,0,1,1,0,,0.5714285714285714,0.0
task_0007,family_01,template_01,0.5,0.5,9,B-STAGEHAND-CACHE,1,0,0,1,4550,4550,505.55555555555554,19,9120,0,120,0,0,1,0,0.9634,4,0,0,0,0,0,0,0,0,0,0,1,0,0,,0.5714285714285714,0.0
task_0007,family_01,template_01,0.5,0.5,9,B-TERX-REPLAY,1,0,0,1,4550,4550,505.55555555555554,19,9120,0,120,0,0,1,0,0.9634,4,0,0,0,0,0,0,0,0,0,0,1,0,0,,0.5714285714285714,0.0
task_0007,family_01,template_01,0.5,0.5,9,P-SPIDER-MEA-BATCHED,1,0,0,1,870,870,62.22222222222222,13,1405,150,120,9,1,1,0,0.99,4,0,0,0,1,0,1,1,0,1,0,1,1,1,7335c6a5217557e5,0.5714285714285714,1.0
task_0007,family_01,template_01,0.5,0.5,9,NC1-SHUFFLED,1,0,1,1,1222,1222,101.33577576416495,13,2245,150,120,8,0,0,0,0.39163956092906,1,0,0,0,0,1,1,0,0,0,1,0,0,0,7335c6a5217557e5,0.0,0.0
task_0007,family_01,template_01,0.5,0.5,9,NC2-RANDOM,0,1,0,1,1198,1198,98.77145866671749,14,3125,150,120,7,0,0,0,0.8125155822830984,4,0,1,1,0,1,1,0,0,1,0,0,0,0,7335c6a5217557e5,0.0,0.0
task_0007,family_01,template_01,0.5,0.5,9,NC3-LENGTH,1,0,0,1,4550,4550,500.0,19,9120,0,120,0,0,1,0,0.55,2,0,0,0,0,0,0,0,0,0,0,0,0,0,,0.5714285714285714,0.0
task_0007,family_01,template_01,0.5,0.5,9,NC4-ABLATION,1,0,0,1,870,870,62.22222222222222,13,1405,150,120,9,1,1,0,0.9732,4,0,0,0,0,0,1,0,0,1,0,1,1,1,7335c6a5217557e5,0.5714285714285714,1.0
task_0008,family_01,template_01,0.75,1.0,9,B-COLD,1,0,0,1,4550,4550,505.55555555555554,19,9120,0,120,0,0,1,0,0.99,4,0,0,0,0,0,0,0,0,0,0,0,0,0,,0.14285714285714285,0.0
task_0008,family_01,template_01,0.75,1.0,9,B-RAG-EMBED,1,0,0,1,4750,4750,505.55555555555554,20,9270,150,120,0,0,1,0,0.99,4,0,0,0,0,0,0,0,0,0,0,0,0,0,,0.14285714285714285,0.0
task_0008,family_01,template_01,0.75,1.0,9,B-STAGEHAND-CACHE,1,0,0,1,4550,4550,505.55555555555554,19,9120,0,120,0,0,1,0,0.99,4,0,0,0,0,0,0,0,0,0,0,0,0,0,,0.14285714285714285,0.0
task_0008,family_01,template_01,0.75,1.0,9,B-TERX-REPLAY,1,0,0,1,4550,4550,505.55555555555554,19,9120,0,120,0,0,1,0,0.99,4,0,0,0,0,0,0,0,0,0,0,0,0,0,,0.14285714285714285,0.0
task_0008,family_01,template_01,0.75,1.0,9,P-SPIDER-MEA-BATCHED,1,0,0,1,1770,1770,162.22222222222223,14,3100,150,30,7,1,1,0,0.9762,4,0,1,1,1,0,1,0,0,0,1,0,0,0,a4bec5da581c4abb,0.14285714285714285,0.14285714285714285
task_0008,family_01,template_01,0.75,1.0,9,NC1-SHUFFLED,1,0,1,1,1155,1155,93.93072446737307,13,2155,150,30,8,0,0,0,0.4487121103147686,2,0,1,1,1,1,1,0,0,0,1,0,0,0,a4bec5da581c4abb,0.0,0.0
task_0008,family_01,template_01,0.75,1.0,9,NC2-RANDOM,0,1,0,1,1312,1312,111.43914031820539,14,3035,150,30,7,0,0,0,0.7598579360165965,3,1,1,0,0,1,1,0,0,0,0,0,0,0,a4bec5da581c4abb,0.0,0.0
task_0008,family_01,template_01,0.75,1.0,9,NC3-LENGTH,1,0,0,1,4550,4550,500.0,19,9120,0,120,0,0,1,0,0.55,2,0,0,0,0,0,0,0,0,0,0,0,0,0,,0.14285714285714285,0.0
task_0008,family_01,template_01,0.75,1.0,9,NC4-ABLATION,1,0,1,1,1720,1720,156.66666666666666,14,3125,150,120,7,0,0,0,0.0289,0,1,0,0,0,1,1,0,0,1,0,0,0,0,a4bec5da581c4abb,0.14285714285714285,0.14285714285714285
task_0009,family_01,template_01,1.0,1.0,9,B-COLD,1,0,0,1,4550,4550,505.55555555555554,19,9120,0,120,0,0,1,0,0.9733,4,0,0,0,0,0,0,0,0,0,0,0,0,0,,0.14285714285714285,0.0
task_0009,family_01,template_01,1.0,1.0,9,B-RAG-EMBED,1,0,0,1,4750,4750,505.55555555555554,20,9270,150,120,0,0,1,0,0.9733,4,0,0,0,0,0,0,0,0,0,0,0,0,0,,0.14285714285714285,0.0
task_0009,family_01,template_01,1.0,1.0,9,B-STAGEHAND-CACHE,1,0,0,1,4550,4550,505.55555555555554,19,9120,0,120,0,0,1,0,0.9733,4,0,0,0,0,0,0,0,0,0,0,0,0,0,,0.14285714285714285,0.0
task_0009,family_01,template_01,1.0,1.0,9,B-TERX-REPLAY,1,0,0,1,4550,4550,505.55555555555554,19,9120,0,120,0,0,1,0,0.9733,4,0,0,0,0,0,0,0,0,0,0,0,0,0,,0.14285714285714285,0.0
task_0009,family_01,template_01,1.0,1.0,9,P-SPIDER-MEA-BATCHED,1,0,0,1,1720,1720,156.66666666666666,14,3125,150,120,7,1,1,0,0.99,4,0,0,0,0,0,1,0,0,1,0,0,0,0,7eb480052a3a6428,0.14285714285714285,0.14285714285714285
task_0009,family_01,template_01,1.0,1.0,9,NC1-SHUFFLED,1,0,0,1,1269,1269,106.62244550932057,13,2245,150,120,8,0,0,0,0.7862820068507237,3,1,0,0,0,1,1,0,0,1,0,0,0,0,7eb480052a3a6428,0.0,0.0
task_0009,family_01,template_01,1.0,1.0,9,NC2-RANDOM,0,1,0,1,1078,1078,85.4227037955629,14,3125,150,120,7,0,0,0,0.6566353076626033,3,0,0,1,1,1,1,0,0,1,0,0,0,0,7eb480052a3a6428,0.0,0.0
task_0009,family_01,template_01,1.0,1.0,9,NC3-LENGTH,1,0,0,1,4550,4550,500.0,19,9120,0,120,0,0,1,0,0.55,2,0,0,0,0,0,0,0,0,0,0,0,0,0,,0.14285714285714285,0.0
task_0009,family_01,template_01,1.0,1.0,9,NC4-ABLATION,1,0,1,1,1720,1720,156.66666666666666,14,3125,150,120,7,0,0,0,0.0112,0,1,0,0,0,1,1,0,0,1,0,0,0,0,7eb480052a3a6428,0.14285714285714285,0.14285714285714285
task_0010,family_01,template_01,0.25,0.5,9,B-COLD,1,0,0,1,4550,4550,505.55555555555554,19,9120,0,120,0,0,1,0,0.99,4,0,0,0,0,0,0,0,0,0,0,0,0,0,,0.5714285714285714,0.0
task_0010,family_01,template_01,0.25,0.5,9,B-RAG-EMBED,1,0,0,1,2500,2500,255.55555555555554,15,4870,150,120,5,1,1,0,0.99,4,0,0,0,0,0,0,0,0,0,0,1,1,0,,0.5714285714285714,0.0
task_0010,family_01,template_01,0.25,0.5,9,B-STAGEHAND-CACHE,1,0,0,1,4550,4550,505.55555555555554,19,9120,0,120,0,0,1,0,0.99,4,0,0,0,0,0,0,0,0,0,0,1,0,0,,0.5714285714285714,0.0
task_0010,family_01,template_01,0.25,0.5,9,B-TERX-REPLAY,1,0,0,1,4550,4550,505.55555555555554,19,9120,0,120,0,0,1,0,0.99,4,0,0,0,0,0,0,0,0,0,0,1,0,0,,0.5714285714285714,0.0
task_0010,family_01,template_01,0.25,0.5,9,P-SPIDER-MEA-BATCHED,1,0,0,1,870,870,62.22222222222222,13,1405,150,120,9,1,1,0,0.99,4,0,0,0,0,0,1,1,0,1,0,1,1,1,983b290fb5cda1ac,0.5714285714285714,1.0
task_0010,family_01,template_01,0.25,0.5,9,NC1-SHUFFLED,1,0,0,1,1042,1042,81.34306373643743,13,2245,150,120,8,0,0,0,0.8457953142907757,4,0,0,0,0,1,1,0,0,0,1,0,0,0,983b290fb5cda1ac,0.2,0.0
task_0010,family_01,template_01,0.25,0.5,9,NC2-RANDOM,0,1,0,1,1260,1260,105.57161473128407,13,2245,150,120,8,0,0,0,0.7029720342417528,3,1,1,0,1,1,1,1,0,1,0,0,0,0,983b290fb5cda1ac,0.2,0.0
task_0010,family_01,template_01,0.25,0.5,9,NC3-LENGTH,1,0,0,1,4550,4550,500.0,19,9120,0,120,0,0,1,0,0.55,2,0,0,0,0,0,0,0,0,0,0,0,0,0,,0.5714285714285714,0.0
task_0010,family_01,template_01,0.25,0.5,9,NC4-ABLATION,0,1,0,1,870,870,62.22222222222222,13,1405,150,120,9,1,1,0,0.99,4,0,0,0,0,0,1,0,0,1,0,1,1,1,983b290fb5cda1ac,0.5714285714285714,1.0
task_0011,family_01,template_01,0.5,0.5,9,B-COLD,1,0,0,1,4550,4550,505.55555555555554,19,9120,0,120,0,0,1,0,0.9897,4,0,0,0,0,0,0,0,0,0,0,0,0,0,,0.3214285714285714,0.0
task_0011,family_01,template_01,0.5,0.5,9,B-RAG-EMBED,1,0,0,1,2500,2500,255.55555555555554,15,4870,150,120,5,1,1,0,0.9897,4,0,0,0,0,0,0,0,0,0,0,1,1,0,,0.3214285714285714,0.0
task_0011,family_01,template_01,0.5,0.5,9,B-STAGEHAND-CACHE,1,0,0,1,4550,4550,505.55555555555554,19,9120,0,120,0,0,1,0,0.9897,4,0,0,0,0,0,0,0,0,0,0,1,0,0,,0.3214285714285714,0.0
task_0011,family_01,template_01,0.5,0.5,9,B-TERX-REPLAY,1,0,0,1,4550,4550,505.55555555555554,19,9120,0,120,0,0,1,0,0.9897,4,0,0,0,0,0,0,0,0,0,0,1,0,0,,0.3214285714285714,0.0
task_0011,family_01,template_01,0.5,0.5,9,P-SPIDER-MEA-BATCHED,1,0,0,1,870,870,62.22222222222222,13,1405,150,120,9,1,1,0,0.99,4,0,0,0,0,0,1,1,0,1,0,1,1,1,40719ae41302f928,0.3214285714285714,0.5
task_0011,family_01,template_01,0.5,0.5,9,NC1-SHUFFLED,1,0,1,1,1285,1285,108.3652085677389,13,2245,150,120,8,0,0,0,0.44063301799298826,2,0,0,0,0,1,1,0,0,1,0,0,0,0,40719ae41302f928,0.0,0.0
task_0011,family_01,template_01,0.5,0.5,9,NC2-RANDOM,1,0,0,1,1168,1168,95.43173387027282,14,3125,150,120,7,0,0,0,0.7284326687446674,3,0,0,0,1,1,1,1,0,1,0,0,0,0,40719ae41302f928,0.0,0.0
task_0011,family_01,template_01,0.5,0.5,9,NC3-LENGTH,1,0,0,1,4550,4550,500.0,19,9120,0,120,0,0,1,0,0.55,2,0,0,0,0,0,0,0,0,0,0,0,0,0,,0.3214285714285714,0.0
task_0011,family_01,template_01,0.5,0.5,9,NC4-ABLATION,0,0,0,1,870,870,62.22222222222222,13,1405,150,120,9,1,1,0,0.9534,4,0,0,0,0,0,1,0,0,1,0,1,1,1,40719ae41302f928,0.3214285714285714,0.5
task_0012,family_02,template_02,0.0,0.0,10,B-COLD,1,0,0,1,5050,5050,505.0,21,10120,0,120,0,0,1,0,0.99,4,0,0,0,0,0,0,0,0,0,0,0,0,0,,1.0,0.0
task_0012,family_02,template_02,0.0,0.0,10,B-RAG-EMBED,1,0,0,1,750,750,55.0,12,1470,150,120,10,1,1,0,0.99,4,0,0,0,0,0,0,0,0,0,0,1,1,0,,1.0,0.0
task_0012,family_02,template_02,0.0,0.0,10,B-STAGEHAND-CACHE,1,0,0,1,550,550,55.0,11,1320,0,120,10,1,1,0,0.99,4,0,0,0,0,0,0,0,0,0,0,1,1,0,,1.0,0.0
task_0012,family_02,template_02,0.0,0.0,10,B-TERX-REPLAY,1,0,0,1,550,550,55.0,11,1320,0,120,10,1,1,0,0.99,4,0,0,0,0,0,0,0,0,0,0,1,1,0,,1.0,0.0
task_0012,family_02,template_02,0.0,0.0,10,P-SPIDER-MEA-BATCHED,1,0,0,1,880,880,57.0,14,1435,150,30,10,1,1,0,0.99,4,0,1,1,1,0,1,1,0,1,0,1,1,1,b73af8eadb5ac647,1.0,1.0
task_0012,family_02,template_02,0.0,0.0,10,NC1-SHUFFLED,1,0,1,1,1291,1291,98.10816646883073,13,1395,150,30,9,0,0,0,0.5433959627628347,2,0,1,1,1,1,1,0,0,0,1,0,0,0,b73af8eadb5ac647,0.2,0.0
task_0012,family_02,template_02,0.0,0.0,10,NC2-RANDOM,1,0,0,1,1165,1165,85.58517844677455,13,1395,150,30,8,0,0,0,0.5461150946580229,2,0,1,1,1,1,1,1,0,0,0,0,0,0,b73af8eadb5ac647,0.1,0.0
task_0012,family_02,template_02,0.0,0.0,10,NC3-LENGTH,1,0,0,1,5050,5050,500.0,21,10120,0,120,0,0,1,0,0.55,2,0,0,0,0,0,0,0,0,0,0,0,0,0,,1.0,0.0
task_0012,family_02,template_02,0.0,0.0,10,NC4-ABLATION,1,0,0,1,880,880,57.0,14,1435,150,30,10,1,1,0,0.9854,4,0,1,1,1,0,1,0,0,1,0,1,1,1,b73af8eadb5ac647,1.0,1.0
task_0013,family_02,template_02,0.75,0.6667,10,B-COLD,1,0,0,1,5050,5050,505.0,21,10120,0,120,0,0,1,0,0.99,4,0,0,0,0,0,0,0,0,0,0,0,0,0,,0.6666666666666666,0.0
task_0013,family_02,template_02,0.75,0.6667,10,B-RAG-EMBED,1,0,0,1,3900,3900,370.0,19,7630,150,120,3,1,1,0,0.99,4,0,0,0,0,0,0,0,0,0,0,1,1,0,,0.6666666666666666,0.0
task_0013,family_02,template_02,0.75,0.6667,10,B-STAGEHAND-CACHE,1,0,0,1,5050,5050,505.0,21,10120,0,120,0,0,1,0,0.99,4,0,0,0,0,0,0,0,0,0,0,1,0,0,,0.6666666666666666,0.0
task_0013,family_02,template_02,0.75,0.6667,10,B-TERX-REPLAY,1,0,0,1,5050,5050,505.0,21,10120,0,120,0,0,1,0,0.99,4,0,0,0,0,0,0,0,0,0,0,1,0,0,,0.6666666666666666,0.0
task_0013,family_02,template_02,0.75,0.6667,10,P-SPIDER-MEA-BATCHED,1,0,1,1,1010,1010,70.0,14,1590,150,120,10,0,0,0,0.028,0,1,0,0,1,1,1,1,0,0,1,1,0,0,6e6fc7185eecd74c,0.6666666666666666,1.0
task_0013,family_02,template_02,0.75,0.6667,10,NC1-SHUFFLED,1,0,1,1,1344,1344,103.45419231964229,14,2430,150,120,9,0,0,0,0.40719033852536346,2,1,0,0,1,1,1,0,0,0,1,0,0,0,6e6fc7185eecd74c,0.0,0.0
task_0013,family_02,template_02,0.75,0.6667,10,NC2-RANDOM,1,0,0,1,1185,1185,87.54695291347909,14,1435,150,30,10,1,1,0,0.4530787252357491,2,0,1,1,0,0,1,0,0,1,0,1,1,1,6e6fc7185eecd74c,0.6666666666666666,1.0
task_0013,family_02,template_02,0.75,0.6667,10,NC3-LENGTH,1,0,0,1,5050,5050,500.0,21,10120,0,120,0,0,1,0,0.55,2,0,0,0,0,0,0,0,0,0,0,0,0,0,,0.6666666666666666,0.0
task_0013,family_02,template_02,0.75,0.6667,10,NC4-ABLATION,0,1,0,1,880,880,57.0,14,1435,150,30,10,1,1,0,0.9526,4,0,1,1,1,0,1,0,0,1,0,1,1,1,6e6fc7185eecd74c,0.6666666666666666,1.0
task_0014,family_02,template_02,1.0,1.0,10,B-COLD,1,0,0,1,5050,5050,505.0,21,10120,0,120,0,0,1,0,0.9716,4,0,0,0,0,0,0,0,0,0,0,0,0,0,,0.5,0.0
task_0014,family_02,template_02,1.0,1.0,10,B-RAG-EMBED,1,0,0,1,5250,5250,505.0,22,10270,150,120,0,0,1,0,0.9716,4,0,0,0,0,0,0,0,0,0,0,1,0,0,,0.5,0.0
task_0014,family_02,template_02,1.0,1.0,10,B-STAGEHAND-CACHE,1,0,0,1,5050,5050,505.0,21,10120,0,120,0,0,1,0,0.9716,4,0,0,0,0,0,0,0,0,0,0,1,0,0,,0.5,0.0
task_0014,family_02,template_02,1.0,1.0,10,B-TERX-REPLAY,1,0,0,1,5050,5050,505.0,21,10120,0,120,0,0,1,0,0.9716,4,0,0,0,0,0,0,0,0,0,0,1,0,0,,0.5,0.0
task_0014,family_02,template_02,1.0,1.0,10,P-SPIDER-MEA-BATCHED,1,0,1,1,920,920,61.0,14,1525,150,120,10,0,0,0,0.0393,0,1,0,0,0,1,1,1,0,1,0,1,0,0,c3924a1aab641562,0.5,0.5
task_0014,family_02,template_02,1.0,1.0,10,NC1-SHUFFLED,1,0,1,1,1116,1116,80.65618202345071,14,2365,150,120,9,0,0,0,0.44205541979498775,2,0,0,0,0,1,1,0,0,0,1,0,0,0,c3924a1aab641562,0.0,0.0
task_0014,family_02,template_02,1.0,1.0,10,NC2-RANDOM,0,0,0,1,1167,1167,85.72266722491952,16,4035,150,30,7,0,0,0,0.5052984006997416,2,0,0,0,1,1,1,0,0,1,0,0,0,0,c3924a1aab641562,0.0,0.0
task_0014,family_02,template_02,1.0,1.0,10,NC3-LENGTH,1,0,0,1,5050,5050,500.0,21,10120,0,120,0,0,1,0,0.55,2,0,0,0,0,0,0,0,0,0,0,0,0,0,,0.5,0.0
task_0014,family_02,template_02,1.0,1.0,10,NC4-ABLATION,0,1,0,1,880,880,57.0,14,1435,150,30,10,0,0,0,0.01,0,1,1,1,1,0,1,0,0,1,0,1,0,0,c3924a1aab641562,0.5,0.5
task_0015,family_02,template_02,0.25,0.3333,10,B-COLD,1,0,0,1,5050,5050,505.0,21,10120,0,120,0,0,1,0,0.9819,4,0,0,0,0,0,0,0,0,0,0,0,0,0,,1.0,0.0
task_0015,family_02,template_02,0.25,0.3333,10,B-RAG-EMBED,1,0,0,1,2100,2100,190.0,15,4110,150,120,7,1,1,0,0.9819,4,0,0,0,0,0,0,0,0,0,0,1,1,0,,1.0,0.0
task_0015,family_02,template_02,0.25,0.3333,10,B-STAGEHAND-CACHE,1,0,0,1,5050,5050,505.0,21,10120,0,120,0,0,1,0,0.9819,4,0,0,0,0,0,0,0,0,0,0,1,0,0,,1.0,0.0
task_0015,family_02,template_02,0.25,0.3333,10,B-TERX-REPLAY,1,0,0,1,5050,5050,505.0,21,10120,0,120,0,0,1,0,0.9819,4,0,0,0,0,0,0,0,0,0,0,1,0,0,,1.0,0.0
task_0015,family_02,template_02,0.25,0.3333,10,P-SPIDER-MEA-BATCHED,1,0,0,1,880,880,57.0,14,1435,150,30,10,1,1,0,0.99,4,0,1,1,1,0,1,1,0,1,0,1,1,1,bbcdb71b78162d3c,1.0,1.0
task_0015,family_02,template_02,0.25,0.3333,10,NC1-SHUFFLED,1,0,1,1,1377,1377,106.74346894080111,14,2275,150,30,9,0,0,0,0.37063275298654785,1,0,1,1,1,1,1,0,0,0,1,0,0,0,bbcdb71b78162d3c,0.2,0.0
task_0015,family_02,template_02,0.25,0.3333,10,NC2-RANDOM,1,0,0,1,1352,1352,104.2524457187782,16,4035,150,30,7,0,0,0,0.7160453668142432,3,0,1,1,1,1,1,0,0,1,0,0,0,0,bbcdb71b78162d3c,0.2,0.0
task_0015,family_02,template_02,0.25,0.3333,10,NC3-LENGTH,1,0,0,1,5050,5050,500.0,21,10120,0,120,0,0,1,0,0.55,2,0,0,0,0,0,0,0,0,0,0,0,0,0,,1.0,0.0
task_0015,family_02,template_02,0.25,0.3333,10,NC4-ABLATION,0,1,0,1,880,880,57.0,14,1435,150,30,10,0,0,0,0.01,0,1,1,1,1,0,1,0,0,1,0,1,0,0,bbcdb71b78162d3c,1.0,1.0
task_0016,family_02,template_02,0.5,0.6667,10,B-COLD,1,0,0,1,5050,5050,505.0,21,10120,0,120,0,0,1,0,0.99,4,0,0,0,0,0,0,0,0,0,0,0,0,0,,0.8333333333333334,0.0
task_0016,family_02,template_02,0.5,0.6667,10,B-RAG-EMBED,1,0,0,1,3900,3900,370.0,19,7630,150,120,3,1,1,0,0.99,4,0,0,0,0,0,0,0,0,0,0,1,1,0,,0.8333333333333334,0.0
task_0016,family_02,template_02,0.5,0.6667,10,B-STAGEHAND-CACHE,1,0,0,1,5050,5050,505.0,21,10120,0,120,0,0,1,0,0.99,4,0,0,0,0,0,0,0,0,0,0,1,0,0,,0.8333333333333334,0.0
task_0016,family_02,template_02,0.5,0.6667,10,B-TERX-REPLAY,1,0,0,1,5050,5050,505.0,21,10120,0,120,0,0,1,0,0.99,4,0,0,0,0,0,0,0,0,0,0,1,0,0,,0.8333333333333334,0.0
task_0016,family_02,template_02,0.5,0.6667,10,P-SPIDER-MEA-BATCHED,1,0,0,1,920,920,61.0,14,1525,150,120,10,1,1,0,0.99,4,0,0,0,0,0,1,1,0,1,0,1,1,1,9a254d45929833aa,0.8333333333333334,1.0
task_0016,family_02,template_02,0.5,0.6667,10,NC1-SHUFFLED,1,0,1,1,1274,1274,96.44217327918486,14,2365,150,120,9,0,0,0,0.39610085538128387,1,0,0,0,0,1,1,0,0,1,0,0,0,0,9a254d45929833aa,0.0,0.0
task_0016,family_02,template_02,0.5,0.6667,10,NC2-RANDOM,0,1,0,1,1450,1450,114.01005482978505,14,2365,150,120,9,0,0,0,0.8122254303080598,4,0,0,0,0,1,1,1,0,0,0,0,0,0,9a254d45929833aa,0.0,0.0
task_0016,family_02,template_02,0.5,0.6667,10,NC3-LENGTH,1,0,0,1,5050,5050,500.0,21,10120,0,120,0,0,1,0,0.55,2,0,0,0,0,0,0,0,0,0,0,0,0,0,,0.8333333333333334,0.0
task_0016,family_02,template_02,0.5,0.6667,10,NC4-ABLATION,1,0,0,1,920,920,61.0,14,1525,150,120,10,1,1,0,0.9744,4,0,0,0,0,0,1,0,0,1,0,1,1,1,9a254d45929833aa,0.8333333333333334,1.0
task_0017,family_02,template_02,0.75,0.6667,10,B-COLD,1,0,0,1,5050,5050,505.0,21,10120,0,120,0,0,1,0,0.9736,4,0,0,0,0,0,0,0,0,0,0,0,0,0,,0.8333333333333334,0.0
task_0017,family_02,template_02,0.75,0.6667,10,B-RAG-EMBED,1,0,0,1,3900,3900,370.0,19,7630,150,120,3,1,1,0,0.9736,4,0,0,0,0,0,0,0,0,0,0,1,1,0,,0.8333333333333334,0.0
task_0017,family_02,template_02,0.75,0.6667,10,B-STAGEHAND-CACHE,1,0,0,1,5050,5050,505.0,21,10120,0,120,0,0,1,0,0.9736,4,0,0,0,0,0,0,0,0,0,0,1,0,0,,0.8333333333333334,0.0
task_0017,family_02,template_02,0.75,0.6667,10,B-TERX-REPLAY,1,0,0,1,5050,5050,505.0,21,10120,0,120,0,0,1,0,0.9736,4,0,0,0,0,0,0,0,0,0,0,1,0,0,,0.8333333333333334,0.0
task_0017,family_02,template_02,0.75,0.6667,10,P-SPIDER-MEA-BATCHED,1,0,0,1,920,920,61.0,14,1525,150,120,10,1,1,0,0.9872,4,0,0,0,0,0,1,1,0,1,0,1,1,1,fffbc0960abd7e7d,0.8333333333333334,1.0
task_0017,family_02,template_02,0.75,0.6667,10,NC1-SHUFFLED,1,0,1,1,1343,1343,103.30416834187288,14,2365,150,120,9,0,0,0,0.4924381538536823,2,0,0,0,0,1,1,0,0,0,1,0,0,0,fffbc0960abd7e7d,0.0,0.0
task_0017,family_02,template_02,0.75,0.6667,10,NC2-RANDOM,1,0,0,1,1268,1268,95.81751430045351,15,3245,150,120,8,0,0,0,0.7405690315663273,3,1,1,1,0,1,1,0,0,0,0,0,0,0,fffbc0960abd7e7d,0.1,0.0
task_0017,family_02,template_02,0.75,0.6667,10,NC3-LENGTH,1,0,0,1,5050,5050,500.0,21,10120,0,120,0,0,1,0,0.55,2,0,0,0,0,0,0,0,0,0,0,0,0,0,,0.8333333333333334,0.0
task_0017,family_02,template_02,0.75,0.6667,10,NC4-ABLATION,1,0,0,1,920,920,61.0,14,1525,150,120,10,1,1,0,0.9813,4,0,0,0,1,0,1,0,0,1,0,1,1,1,fffbc0960abd7e7d,0.8333333333333334,1.0
task_0018,family_03,template_03,0.0,0.0,11,B-COLD,1,0,0,1,5550,5550,504.54545454545456,23,11120,0,120,0,0,1,0,0.99,4,0,0,0,0,0,0,0,0,0,0,0,0,0,,1.0,0.0
task_0018,family_03,template_03,0.0,0.0,11,B-RAG-EMBED,1,0,0,1,800,800,54.54545454545455,13,1590,150,120,11,1,1,0,0.99,4,0,0,0,0,0,0,0,0,0,0,1,1,0,,1.0,0.0
task_0018,family_03,template_03,0.0,0.0,11,B-STAGEHAND-CACHE,1,0,0,1,600,600,54.54545454545455,12,1440,0,120,11,1,1,0,0.99,4,0,0,0,0,0,0,0,0,0,0,1,1,0,,1.0,0.0
task_0018,family_03,template_03,0.0,0.0,11,B-TERX-REPLAY,1,0,0,1,600,600,54.54545454545455,12,1440,0,120,11,1,1,0,0.99,4,0,0,0,0,0,0,0,0,0,0,1,1,0,,1.0,0.0
task_0018,family_03,template_03,0.0,0.0,11,P-SPIDER-MEA-BATCHED,1,0,0,1,1060,1060,68.18181818181819,15,1710,150,120,11,1,1,0,0.99,4,0,0,0,0,0,1,1,0,0,1,1,1,1,6225c83352e8aacf,1.0,1.0
task_0018,family_03,template_03,0.0,0.0,11,NC1-SHUFFLED,1,0,1,1,1427,1427,101.56531469778037,14,1605,150,120,8,0,0,0,0.503318789954737,2,0,0,0,0,1,1,0,0,0,1,0,0,0,6225c83352e8aacf,0.06666666666666667,0.0
task_0018,family_03,template_03,0.0,0.0,11,NC2-RANDOM,0,1,0,1,1265,1265,86.90119542933286,14,1515,150,30,8,0,0,0,0.7087764115692955,3,0,0,1,0,1,1,0,0,1,0,0,0,0,6225c83352e8aacf,0.06666666666666667,0.0
task_0018,family_03,template_03,0.0,0.0,11,NC3-LENGTH,1,0,0,1,5550,5550,500.0,23,11120,0,120,0,0,1,0,0.55,2,0,0,0,0,0,0,0,0,0,0,0,0,0,,1.0,0.0
task_0018,family_03,template_03,0.0,0.0,11,NC4-ABLATION,0,1,0,1,930,930,56.36363636363637,15,1555,150,30,11,1,1,0,0.962,4,0,1,1,1,0,1,0,0,1,0,1,1,1,6225c83352e8aacf,1.0,1.0
task_0019,family_03,template_03,1.0,1.0,11,B-COLD,1,0,0,1,5550,5550,504.54545454545456,23,11120,0,120,0,0,1,0,0.9858,4,0,0,0,0,0,0,0,0,0,0,0,0,0,,0.14285714285714285,0.0
task_0019,family_03,template_03,1.0,1.0,11,B-RAG-EMBED,1,0,0,1,5750,5750,504.54545454545456,24,11270,150,120,0,0,1,0,0.9858,4,0,0,0,0,0,0,0,0,0,0,0,0,0,,0.14285714285714285,0.0
task_0019,family_03,template_03,1.0,1.0,11,B-STAGEHAND-CACHE,1,0,0,1,5550,5550,504.54545454545456,23,11120,0,120,0,0,1,0,0.9858,4,0,0,0,0,0,0,0,0,0,0,0,0,0,,0.14285714285714285,0.0
task_0019,family_03,template_03,1.0,1.0,11,B-TERX-REPLAY,1,0,0,1,5550,5550,504.54545454545456,23,11120,0,120,0,0,1,0,0.9858,4,0,0,0,0,0,0,0,0,0,0,0,0,0,,0.14285714285714285,0.0
task_0019,family_03,template_03,1.0,1.0,11,P-SPIDER-MEA-BATCHED,1,0,1,1,1330,1330,92.72727272727273,15,2395,150,30,10,0,0,0,0.01,0,1,1,1,1,1,1,0,0,1,0,0,0,0,bcd00c60b0477d69,0.14285714285714285,0.14285714285714285
task_0019,family_03,template_03,1.0,1.0,11,NC1-SHUFFLED,1,0,0,1,1268,1268,87.12292951832924,17,4155,150,30,8,0,0,0,0.7662432884587609,3,0,1,1,1,1,1,0,0,1,0,0,0,0,bcd00c60b0477d69,0.0,0.0
task_0019,family_03,template_03,1.0,1.0,11,NC2-RANDOM,1,0,0,1,1606,1606,117.85942027299508,15,2460,150,30,10,0,0,0,0.7060766980085702,3,1,1,1,0,1,1,1,0,0,1,0,0,0,bcd00c60b0477d69,0.0,0.0
task_0019,family_03,template_03,1.0,1.0,11,NC3-LENGTH,1,0,0,1,5550,5550,500.0,23,11120,0,120,0,0,1,0,0.55,2,0,0,0,0,0,0,0,0,0,0,0,0,0,,0.14285714285714285,0.0
task_0019,family_03,template_03,1.0,1.0,11,NC4-ABLATION,1,0,1,1,1370,1370,96.36363636363636,15,2485,150,120,10,0,0,0,0.0484,0,1,0,0,1,1,1,0,0,1,0,0,0,0,bcd00c60b0477d69,0.14285714285714285,0.14285714285714285
task_0020,family_03,template_03,0.25,0.0,11,B-COLD,1,0,0,1,5550,5550,504.54545454545456,23,11120,0,120,0,0,1,0,0.99,4,0,0,0,0,0,0,0,0,0,0,0,0,0,,1.0,0.0
task_0020,family_03,template_03,0.25,0.0,11,B-RAG-EMBED,1,0,0,1,800,800,54.54545454545455,13,1590,150,120,11,1,1,0,0.99,4,0,0,0,0,0,0,0,0,0,0,1,1,0,,1.0,0.0
task_0020,family_03,template_03,0.25,0.0,11,B-STAGEHAND-CACHE,1,0,0,1,5550,5550,504.54545454545456,23,11120,0,120,0,0,1,0,0.99,4,0,0,0,0,0,0,0,0,0,0,1,0,0,,1.0,0.0
task_0020,family_03,template_03,0.25,0.0,11,B-TERX-REPLAY,1,0,0,1,5550,5550,504.54545454545456,23,11120,0,120,0,0,1,0,0.99,4,0,0,0,0,0,0,0,0,0,0,1,0,0,,1.0,0.0
task_0020,family_03,template_03,0.25,0.0,11,P-SPIDER-MEA-BATCHED,1,0,0,1,970,970,60.0,15,1645,150,120,11,1,1,0,0.99,4,0,0,0,0,0,1,1,0,1,0,1,1,1,161b85ec1f57edf7,1.0,1.0
task_0020,family_03,template_03,0.25,0.0,11,NC1-SHUFFLED,1,0,1,1,1252,1252,85.72317296866925,14,1605,150,120,8,0,0,0,0.4978930409721203,2,0,0,0,0,1,1,0,0,0,1,0,0,0,161b85ec1f57edf7,0.06666666666666667,0.0
task_0020,family_03,template_03,0.25,0.0,11,NC2-RANDOM,1,0,0,1,1325,1325,92.35361295998158,14,1605,150,120,9,0,0,0,0.5003205735917857,2,0,1,0,0,1,1,1,0,0,0,0,0,0,161b85ec1f57edf7,0.125,0.0
task_0020,family_03,template_03,0.25,0.0,11,NC3-LENGTH,1,0,0,1,5550,5550,500.0,23,11120,0,120,0,0,1,0,0.55,2,0,0,0,0,0,0,0,0,0,0,0,0,0,,1.0,0.0
task_0020,family_03,template_03,0.25,0.0,11,NC4-ABLATION,1,0,0,1,970,970,60.0,15,1645,150,120,11,1,1,0,0.99,4,0,0,0,0,0,1,0,0,1,0,1,1,1,161b85ec1f57edf7,1.0,1.0
task_0021,family_03,template_03,0.5,1.0,11,B-COLD,1,0,0,1,5550,5550,504.54545454545456,23,11120,0,120,0,0,1,0,0.99,4,0,0,0,0,0,0,0,0,0,0,0,0,0,,0.14285714285714285,0.0
task_0021,family_03,template_03,0.5,1.0,11,B-RAG-EMBED,1,0,0,1,5750,5750,504.54545454545456,24,11270,150,120,0,0,1,0,0.99,4,0,0,0,0,0,0,0,0,0,0,0,0,0,,0.14285714285714285,0.0
task_0021,family_03,template_03,0.5,1.0,11,B-STAGEHAND-CACHE,1,0,0,1,5550,5550,504.54545454545456,23,11120,0,120,0,0,1,0,0.99,4,0,0,0,0,0,0,0,0,0,0,0,0,0,,0.14285714285714285,0.0
task_0021,family_03,template_03,0.5,1.0,11,B-TERX-REPLAY,1,0,0,1,5550,5550,504.54545454545456,23,11120,0,120,0,0,1,0,0.99,4,0,0,0,0,0,0,0,0,0,0,0,0,0,,0.14285714285714285,0.0
task_0021,family_03,template_03,0.5,1.0,11,P-SPIDER-MEA-BATCHED,1,0,0,1,1330,1330,92.72727272727273,15,2395,150,30,10,1,1,0,0.9789,4,0,1,1,1,0,1,0,0,1,0,0,0,0,0ef992db7c622975,0.14285714285714285,0.14285714285714285
task_0021,family_03,template_03,0.5,1.0,11,NC1-SHUFFLED,1,0,1,1,1291,1291,89.24647254411896,17,4245,150,120,8,0,0,0,0.3557436208278423,1,0,0,0,0,1,1,0,0,0,1,0,0,0,0ef992db7c622975,0.0,0.0
task_0021,family_03,template_03,0.5,1.0,11,NC2-RANDOM,1,0,0,1,1362,1362,95.72558046125293,17,4245,150,120,8,0,0,0,0.6761859103003014,3,1,1,1,0,1,1,0,0,1,0,0,0,0,0ef992db7c622975,0.0,0.0
task_0021,family_03,template_03,0.5,1.0,11,NC3-LENGTH,1,0,0,1,5550,5550,500.0,23,11120,0,120,0,0,1,0,0.55,2,0,0,0,0,0,0,0,0,0,0,0,0,0,,0.14285714285714285,0.0
task_0021,family_03,template_03,0.5,1.0,11,NC4-ABLATION,0,1,0,1,1330,1330,92.72727272727273,15,2395,150,30,10,1,1,0,0.9543,4,0,1,1,1,0,1,0,0,1,0,0,0,0,0ef992db7c622975,0.14285714285714285,0.14285714285714285
task_0022,family_03,template_03,0.75,1.0,11,B-COLD,1,0,0,1,5550,5550,504.54545454545456,23,11120,0,120,0,0,1,0,0.99,4,0,0,0,0,0,0,0,0,0,0,0,0,0,,0.14285714285714285,0.0
task_0022,family_03,template_03,0.75,1.0,11,B-RAG-EMBED,1,0,0,1,5750,5750,504.54545454545456,24,11270,150,120,0,0,1,0,0.99,4,0,0,0,0,0,0,0,0,0,0,0,0,0,,0.14285714285714285,0.0
task_0022,family_03,template_03,0.75,1.0,11,B-STAGEHAND-CACHE,1,0,0,1,5550,5550,504.54545454545456,23,11120,0,120,0,0,1,0,0.99,4,0,0,0,0,0,0,0,0,0,0,0,0,0,,0.14285714285714285,0.0
task_0022,family_03,template_03,0.75,1.0,11,B-TERX-REPLAY,1,0,0,1,5550,5550,504.54545454545456,23,11120,0,120,0,0,1,0,0.99,4,0,0,0,0,0,0,0,0,0,0,0,0,0,,0.14285714285714285,0.0
task_0022,family_03,template_03,0.75,1.0,11,P-SPIDER-MEA-BATCHED,1,0,0,1,1370,1370,96.36363636363636,15,2485,150,120,10,1,1,0,0.99,4,0,0,0,0,0,1,0,0,1,0,0,0,0,6d436104d0e26f2d,0.14285714285714285,0.14285714285714285
task_0022,family_03,template_03,0.75,1.0,11,NC1-SHUFFLED,1,0,0,1,1430,1430,101.82006492436426,17,4245,150,120,8,0,0,0,0.7277593890453368,3,0,0,0,0,1,1,0,0,0,1,0,0,0,6d436104d0e26f2d,0.0,0.0
task_0022,family_03,template_03,0.75,1.0,11,NC2-RANDOM,0,1,0,1,1623,1623,119.37278119256806,17,4245,150,120,8,0,0,0,0.7211346837361529,3,0,0,0,1,1,1,0,0,1,0,0,0,0,6d436104d0e26f2d,0.0,0.0
task_0022,family_03,template_03,0.75,1.0,11,NC3-LENGTH,1,0,0,1,5550,5550,500.0,23,11120,0,120,0,0,1,0,0.55,2,0,0,0,0,0,0,0,0,0,0,0,0,0,,0.14285714285714285,0.0
task_0022,family_03,template_03,0.75,1.0,11,NC4-ABLATION,1,0,1,1,1370,1370,96.36363636363636,15,2485,150,120,10,0,0,0,0.0334,0,1,0,0,0,1,1,0,0,1,0,0,0,0,6d436104d0e26f2d,0.14285714285714285,0.14285714285714285
task_0023,family_03,template_03,1.0,1.0,11,B-COLD,1,0,0,1,5550,5550,504.54545454545456,23,11120,0,120,0,0,1,0,0.9605,4,0,0,0,0,0,0,0,0,0,0,0,0,0,,0.14285714285714285,0.0
task_0023,family_03,template_03,1.0,1.0,11,B-RAG-EMBED,1,0,0,1,5750,5750,504.54545454545456,24,11270,150,120,0,0,1,0,0.9605,4,0,0,0,0,0,0,0,0,0,0,0,0,0,,0.14285714285714285,0.0
task_0023,family_03,template_03,1.0,1.0,11,B-STAGEHAND-CACHE,1,0,0,1,5550,5550,504.54545454545456,23,11120,0,120,0,0,1,0,0.9605,4,0,0,0,0,0,0,0,0,0,0,0,0,0,,0.14285714285714285,0.0
task_0023,family_03,template_03,1.0,1.0,11,B-TERX-REPLAY,1,0,0,1,5550,5550,504.54545454545456,23,11120,0,120,0,0,1,0,0.9605,4,0,0,0,0,0,0,0,0,0,0,0,0,0,,0.14285714285714285,0.0
task_0023,family_03,template_03,1.0,1.0,11,P-SPIDER-MEA-BATCHED,1,0,0,1,1330,1330,92.72727272727273,15,2395,150,30,10,1,1,0,0.9705,4,0,1,1,1,0,1,0,0,1,0,0,0,0,ae650464202e99e8,0.14285714285714285,0.14285714285714285
task_0023,family_03,template_03,1.0,1.0,11,NC1-SHUFFLED,1,0,1,1,1507,1507,108.83347807497515,17,4245,150,120,8,0,0,0,0.3613362770882665,1,0,0,0,0,1,1,0,0,1,0,0,0,0,ae650464202e99e8,0.0,0.0
task_0023,family_03,template_03,1.0,1.0,11,NC2-RANDOM,1,0,0,1,1451,1451,103.7487576043887,16,3365,150,120,9,0,0,0,0.46036416486327947,2,1,0,0,1,1,1,0,0,1,0,0,0,0,ae650464202e99e8,0.0,0.0
task_0023,family_03,template_03,1.0,1.0,11,NC3-LENGTH,1,0,0,1,5550,5550,500.0,23,11120,0,120,0,0,1,0,0.55,2,0,0,0,0,0,0,0,0,0,0,0,0,0,,0.14285714285714285,0.0
task_0023,family_03,template_03,1.0,1.0,11,NC4-ABLATION,1,0,1,1,1370,1370,96.36363636363636,15,2485,150,120,10,0,0,0,0.01,0,1,0,0,1,1,1,0,0,1,0,0,0,0,ae650464202e99e8,0.14285714285714285,0.14285714285714285
task_0024,family_04,template_04,0.0,0.0,12,B-COLD,1,0,0,1,6050,6050,504.1666666666667,25,12120,0,120,0,0,1,0,0.99,4,0,0,0,0,0,0,0,0,0,0,0,0,0,,1.0,0.0
task_0024,family_04,template_04,0.0,0.0,12,B-RAG-EMBED,1,0,0,1,850,850,54.166666666666664,14,1710,150,120,12,1,1,0,0.99,4,0,0,0,0,0,0,0,0,0,0,1,1,0,,1.0,0.0
task_0024,family_04,template_04,0.0,0.0,12,B-STAGEHAND-CACHE,1,0,0,1,650,650,54.166666666666664,13,1560,0,120,12,1,1,0,0.99,4,0,0,0,0,0,0,0,0,0,0,1,1,0,,1.0,0.0
task_0024,family_04,template_04,0.0,0.0,12,B-TERX-REPLAY,1,0,0,1,650,650,54.166666666666664,13,1560,0,120,12,1,1,0,0.99,4,0,0,0,0,0,0,0,0,0,0,1,1,0,,1.0,0.0
task_0024,family_04,template_04,0.0,0.0,12,P-SPIDER-MEA-BATCHED,1,0,0,1,1020,1020,59.166666666666664,16,1765,150,120,12,1,1,0,0.99,4,0,0,0,0,0,1,1,0,1,0,1,1,1,bf4b9358f8c1a0eb,1.0,1.0
task_0024,family_04,template_04,0.0,0.0,12,NC1-SHUFFLED,1,0,1,1,1539,1539,102.43498493324486,15,1635,150,30,10,0,0,0,0.41494539807833075,2,0,1,1,1,1,1,0,0,1,0,0,0,0,bf4b9358f8c1a0eb,0.2,0.0
task_0024,family_04,template_04,0.0,0.0,12,NC2-RANDOM,1,0,0,1,1370,1370,88.37527637792077,15,1635,150,30,10,0,0,0,0.6039767702176008,3,0,1,0,0,1,1,1,0,0,0,0,0,0,bf4b9358f8c1a0eb,0.2,0.0
task_0024,family_04,template_04,0.0,0.0,12,NC3-LENGTH,1,0,0,1,6050,6050,500.0,25,12120,0,120,0,0,1,0,0.55,2,0,0,0,0,0,0,0,0,0,0,0,0,0,,1.0,0.0
task_0024,family_04,template_04,0.0,0.0,12,NC4-ABLATION,0,0,0,1,1110,1110,66.66666666666667,16,1830,150,120,12,1,1,0,0.99,4,0,0,0,0,0,1,0,0,0,1,1,1,1,bf4b9358f8c1a0eb,1.0,1.0
task_0025,family_04,template_04,0.25,0.5,12,B-COLD,1,0,0,1,6050,6050,504.1666666666667,25,12120,0,120,0,0,1,0,0.99,4,0,0,0,0,0,0,0,0,0,0,0,0,0,,0.75,0.0
task_0025,family_04,template_04,0.25,0.5,12,B-RAG-EMBED,1,0,0,1,3550,3550,279.1666666666667,20,6990,150,120,6,1,1,0,0.99,4,0,0,0,0,0,0,0,0,0,0,1,1,0,,0.75,0.0
task_0025,family_04,template_04,0.25,0.5,12,B-STAGEHAND-CACHE,1,0,0,1,6050,6050,504.1666666666667,25,12120,0,120,0,0,1,0,0.99,4,0,0,0,0,0,0,0,0,0,0,1,0,0,,0.75,0.0
task_0025,family_04,template_04,0.25,0.5,12,B-TERX-REPLAY,1,0,0,1,6050,6050,504.1666666666667,25,12120,0,120,0,0,1,0,0.99,4,0,0,0,0,0,0,0,0,0,0,1,0,0,,0.75,0.0
task_0025,family_04,template_04,0.25,0.5,12,P-SPIDER-MEA-BATCHED,1,0,0,1,1070,1070,63.333333333333336,16,1740,150,30,12,1,1,0,0.99,4,0,1,1,1,0,1,1,0,0,1,1,1,1,5ad30018b17f8f3d,0.75,1.0
task_0025,family_04,template_04,0.25,0.5,12,NC1-SHUFFLED,1,0,1,1,1316,1316,83.90495647491512,17,3485,150,120,10,0,0,0,0.3510974531984652,1,1,0,0,0,1,1,0,0,1,0,0,0,0,5ad30018b17f8f3d,0.1,0.0
task_0025,family_04,template_04,0.25,0.5,12,NC2-RANDOM,1,0,0,1,1521,1521,100.92135016326837,17,3485,150,120,10,0,0,0,0.6652175220045975,3,0,1,0,1,1,1,0,0,1,0,0,0,0,5ad30018b17f8f3d,0.1,0.0
task_0025,family_04,template_04,0.25,0.5,12,NC3-LENGTH,1,0,0,1,6050,6050,500.0,25,12120,0,120,0,0,1,0,0.55,2,0,0,0,0,0,0,0,0,0,0,0,0,0,,0.75,0.0
task_0025,family_04,template_04,0.25,0.5,12,NC4-ABLATION,0,1,0,1,1020,1020,59.166666666666664,16,1765,150,120,12,1,1,0,0.9884,4,0,0,0,0,0,1,0,0,1,0,1,1,1,5ad30018b17f8f3d,0.75,1.0
task_0026,family_04,template_04,0.5,0.5,12,B-COLD,1,0,0,1,6050,6050,504.1666666666667,25,12120,0,120,0,0,1,0,0.9556,4,0,0,0,0,0,0,0,0,0,0,0,0,0,,0.75,0.0
task_0026,family_04,template_04,0.5,0.5,12,B-RAG-EMBED,1,0,0,1,3550,3550,279.1666666666667,20,6990,150,120,6,1,1,0,0.9556,4,0,0,0,0,0,0,0,0,0,0,1,1,0,,0.75,0.0
task_0026,family_04,template_04,0.5,0.5,12,B-STAGEHAND-CACHE,1,0,0,1,6050,6050,504.1666666666667,25,12120,0,120,0,0,1,0,0.9556,4,0,0,0,0,0,0,0,0,0,0,1,0,0,,0.75,0.0
task_0026,family_04,template_04,0.5,0.5,12,B-TERX-REPLAY,1,0,0,1,6050,6050,504.1666666666667,25,12120,0,120,0,0,1,0,0.9556,4,0,0,0,0,0,0,0,0,0,0,1,0,0,,0.75,0.0
task_0026,family_04,template_04,0.5,0.5,12,P-SPIDER-MEA-BATCHED,1,0,0,1,1020,1020,59.166666666666664,16,1765,150,120,12,1,1,0,0.99,4,0,0,0,0,0,1,1,0,1,0,1,1,1,f06ebdd2e4b73dd8,0.75,1.0
task_0026,family_04,template_04,0.5,0.5,12,NC1-SHUFFLED,1,0,1,1,1508,1508,99.90431094881625,17,3485,150,120,10,0,0,0,0.4923336534347671,2,0,0,0,0,1,1,0,0,0,1,0,0,0,f06ebdd2e4b73dd8,0.1,0.0
task_0026,family_04,template_04,0.5,0.5,12,NC2-RANDOM,0,0,0,1,1524,1524,101.19928667777432,16,2515,150,30,11,0,0,0,0.6835995677950073,3,1,1,0,1,1,1,0,0,0,0,0,0,0,f06ebdd2e4b73dd8,0.0,0.0
task_0026,family_04,template_04,0.5,0.5,12,NC3-LENGTH,1,0,0,1,6050,6050,500.0,25,12120,0,120,0,0,1,0,0.55,2,0,0,0,0,0,0,0,0,0,0,0,0,0,,0.75,0.0
task_0026,family_04,template_04,0.5,0.5,12,NC4-ABLATION,1,0,0,1,1020,1020,59.166666666666664,16,1765,150,120,12,1,1,0,0.9719,4,0,0,0,1,0,1,0,0,1,0,1,1,1,f06ebdd2e4b73dd8,0.75,1.0
task_0027,family_04,template_04,0.75,1.0,12,B-COLD,1,0,0,1,6050,6050,504.1666666666667,25,12120,0,120,0,0,1,0,0.99,4,0,0,0,0,0,0,0,0,0,0,0,0,0,,0.5,0.0
task_0027,family_04,template_04,0.75,1.0,12,B-RAG-EMBED,1,0,0,1,6250,6250,504.1666666666667,26,12270,150,120,0,0,1,0,0.99,4,0,0,0,0,0,0,0,0,0,0,1,0,0,,0.5,0.0
task_0027,family_04,template_04,0.75,1.0,12,B-STAGEHAND-CACHE,1,0,0,1,6050,6050,504.1666666666667,25,12120,0,120,0,0,1,0,0.99,4,0,0,0,0,0,0,0,0,0,0,1,0,0,,0.5,0.0
task_0027,family_04,template_04,0.75,1.0,12,B-TERX-REPLAY,1,0,0,1,6050,6050,504.1666666666667,25,12120,0,120,0,0,1,0,0.99,4,0,0,0,0,0,0,0,0,0,0,1,0,0,,0.5,0.0
task_0027,family_04,template_04,0.75,1.0,12,P-SPIDER-MEA-BATCHED,1,0,0,1,1020,1020,59.166666666666664,16,1765,150,120,12,1,1,0,0.9644,4,0,0,0,0,0,1,1,0,1,0,1,1,1,30351e39a6ed4538,0.5,0.5
task_0027,family_04,template_04,0.75,1.0,12,NC1-SHUFFLED,1,1,0,1,1575,1575,105.44135120374378,17,3485,150,120,10,0,0,0,0.6977655105604869,3,1,0,0,0,1,1,0,0,1,0,0,0,0,30351e39a6ed4538,0.0,0.0
task_0027,family_04,template_04,0.75,1.0,12,NC2-RANDOM,0,1,0,1,1531,1531,101.80381868779116,17,3485,150,120,10,0,0,0,0.6616268753722895,3,0,0,0,0,1,1,0,0,0,0,0,0,0,30351e39a6ed4538,0.0,0.0
task_0027,family_04,template_04,0.75,1.0,12,NC3-LENGTH,1,0,0,1,6050,6050,500.0,25,12120,0,120,0,0,1,0,0.55,2,0,0,0,0,0,0,0,0,0,0,0,0,0,,0.5,0.0
task_0027,family_04,template_04,0.75,1.0,12,NC4-ABLATION,0,1,0,1,1020,1020,59.166666666666664,16,1765,150,120,12,1,1,0,0.9588,4,0,0,0,0,0,1,0,0,1,0,1,1,1,30351e39a6ed4538,0.5,0.5
task_0028,family_04,template_04,1.0,1.0,12,B-COLD,1,0,0,1,6050,6050,504.1666666666667,25,12120,0,120,0,0,1,0,0.9617,4,0,0,0,0,0,0,0,0,0,0,0,0,0,,0.75,0.0
task_0028,family_04,template_04,1.0,1.0,12,B-RAG-EMBED,1,0,0,1,6250,6250,504.1666666666667,26,12270,150,120,0,0,1,0,0.9617,4,0,0,0,0,0,0,0,0,0,0,1,0,0,,0.75,0.0
task_0028,family_04,template_04,1.0,1.0,12,B-STAGEHAND-CACHE,1,0,0,1,6050,6050,504.1666666666667,25,12120,0,120,0,0,1,0,0.9617,4,0,0,0,0,0,0,0,0,0,0,1,0,0,,0.75,0.0
task_0028,family_04,template_04,1.0,1.0,12,B-TERX-REPLAY,1,0,0,1,6050,6050,504.1666666666667,25,12120,0,120,0,0,1,0,0.9617,4,0,0,0,0,0,0,0,0,0,0,1,0,0,,0.75,0.0
task_0028,family_04,template_04,1.0,1.0,12,P-SPIDER-MEA-BATCHED,1,0,0,1,980,980,55.833333333333336,16,1675,150,30,12,1,1,0,0.9776,4,0,1,1,1,0,1,1,0,1,0,1,1,1,8e9f902d1bd34d59,0.75,1.0
task_0028,family_04,template_04,1.0,1.0,12,NC1-SHUFFLED,1,0,1,1,1498,1498,99.05665322786612,17,3395,150,30,10,0,0,0,0.4973102141157796,2,0,1,1,1,1,1,0,0,0,1,0,0,0,8e9f902d1bd34d59,0.1,0.0
task_0028,family_04,template_04,1.0,1.0,12,NC2-RANDOM,1,0,0,1,1574,1574,105.36554866368473,17,3395,150,30,10,0,0,0,0.4579888318217761,2,1,1,1,1,1,1,0,0,0,0,0,0,0,8e9f902d1bd34d59,0.1,0.0
task_0028,family_04,template_04,1.0,1.0,12,NC3-LENGTH,1,0,0,1,6050,6050,500.0,25,12120,0,120,0,0,1,0,0.55,2,0,0,0,0,0,0,0,0,0,0,0,0,0,,0.75,0.0
task_0028,family_04,template_04,1.0,1.0,12,NC4-ABLATION,0,1,0,1,980,980,55.833333333333336,16,1675,150,30,12,1,1,0,0.9791,4,0,1,1,1,0,1,0,0,1,0,1,1,1,8e9f902d1bd34d59,0.75,1.0
task_0029,family_04,template_04,0.25,0.5,12,B-COLD,1,0,0,1,6050,6050,504.1666666666667,25,12120,0,120,0,0,1,0,0.99,4,0,0,0,0,0,0,0,0,0,0,0,0,0,,0.75,0.0
task_0029,family_04,template_04,0.25,0.5,12,B-RAG-EMBED,1,0,0,1,3550,3550,279.1666666666667,20,6990,150,120,6,1,1,0,0.99,4,0,0,0,0,0,0,0,0,0,0,1,1,0,,0.75,0.0
task_0029,family_04,template_04,0.25,0.5,12,B-STAGEHAND-CACHE,1,0,0,1,6050,6050,504.1666666666667,25,12120,0,120,0,0,1,0,0.99,4,0,0,0,0,0,0,0,0,0,0,1,0,0,,0.75,0.0
task_0029,family_04,template_04,0.25,0.5,12,B-TERX-REPLAY,1,0,0,1,6050,6050,504.1666666666667,25,12120,0,120,0,0,1,0,0.99,4,0,0,0,0,0,0,0,0,0,0,1,0,0,,0.75,0.0
task_0029,family_04,template_04,0.25,0.5,12,P-SPIDER-MEA-BATCHED,1,0,0,1,1020,1020,59.166666666666664,16,1765,150,120,12,1,1,0,0.9795,4,0,0,0,1,0,1,1,0,1,0,1,1,1,58cddd91770cbc28,0.75,1.0
task_0029,family_04,template_04,0.25,0.5,12,NC1-SHUFFLED,1,0,1,1,1411,1411,91.78967432248484,17,3485,150,120,10,0,0,0,0.5414050144782802,2,1,0,0,1,1,1,0,0,0,1,0,0,0,58cddd91770cbc28,0.1,0.0
task_0029,family_04,template_04,0.25,0.5,12,NC2-RANDOM,1,0,0,1,1703,1703,116.11349518551076,16,2605,150,120,11,0,0,0,0.6436316842687421,3,0,1,1,0,1,1,1,0,0,0,0,0,0,58cddd91770cbc28,0.0,0.0
task_0029,family_04,template_04,0.25,0.5,12,NC3-LENGTH,1,0,0,1,6050,6050,500.0,25,12120,0,120,0,0,1,0,0.55,2,0,0,0,0,0,0,0,0,0,0,0,0,0,,0.75,0.0
task_0029,family_04,template_04,0.25,0.5,12,NC4-ABLATION,0,1,0,1,1020,1020,59.166666666666664,16,1765,150,120,12,1,1,0,0.99,4,0,0,0,0,0,1,0,0,1,0,1,1,1,58cddd91770cbc28,0.75,1.0
task_0030,family_05,template_05,0.0,0.0,13,B-COLD,1,0,0,1,6550,6550,503.84615384615387,27,13120,0,120,0,0,1,0,0.9764,4,0,0,0,0,0,0,0,0,0,0,0,0,0,,1.0,0.0
task_0030,family_05,template_05,0.0,0.0,13,B-RAG-EMBED,1,0,0,1,900,900,53.84615384615385,15,1830,150,120,13,1,1,0,0.9764,4,0,0,0,0,0,0,0,0,0,0,1,1,0,,1.0,0.0
task_0030,family_05,template_05,0.0,0.0,13,B-STAGEHAND-CACHE,1,0,0,1,700,700,53.84615384615385,14,1680,0,120,13,1,1,0,0.9764,4,0,0,0,0,0,0,0,0,0,0,1,1,0,,1.0,0.0
task_0030,family_05,template_05,0.0,0.0,13,B-TERX-REPLAY,1,0,0,1,700,700,53.84615384615385,14,1680,0,120,13,1,1,0,0.9764,4,0,0,0,0,0,0,0,0,0,0,1,1,0,,1.0,0.0
task_0030,family_05,template_05,0.0,0.0,13,P-SPIDER-MEA-BATCHED,1,0,0,1,1030,1030,55.38461538461539,17,1795,150,30,13,1,1,0,0.9773,4,0,1,1,1,0,1,1,0,1,0,1,1,1,58a3ab4df2b7158a,1.0,1.0
task_0030,family_05,template_05,0.0,0.0,13,NC1-SHUFFLED,1,0,0,1,1496,1496,91.28396577895948,16,1845,150,120,11,0,0,0,0.846547725152304,4,0,0,0,0,1,1,0,0,1,0,0,0,0,58a3ab4df2b7158a,0.2,0.0
task_0030,family_05,template_05,0.0,0.0,13,NC2-RANDOM,0,1,0,1,1651,1651,103.19131239226691,16,1755,150,30,11,0,0,0,0.6587675849190898,3,0,0,1,1,1,1,0,0,1,0,0,0,0,58a3ab4df2b7158a,0.2,0.0
task_0030,family_05,template_05,0.0,0.0,13,NC3-LENGTH,1,0,0,1,6550,6550,500.0,27,13120,0,120,0,0,1,0,0.55,2,0,0,0,0,0,0,0,0,0,0,0,0,0,,1.0,0.0
task_0030,family_05,template_05,0.0,0.0,13,NC4-ABLATION,1,0,0,1,1030,1030,55.38461538461539,17,1795,150,30,13,1,1,0,0.99,4,0,1,1,1,0,1,0,0,1,0,1,1,1,58a3ab4df2b7158a,1.0,1.0
task_0031,family_05,template_05,0.5,0.5,13,B-COLD,1,0,0,1,6550,6550,503.84615384615387,27,13120,0,120,0,0,1,0,0.99,4,0,0,0,0,0,0,0,0,0,0,0,0,0,,0.5714285714285714,0.0
task_0031,family_05,template_05,0.5,0.5,13,B-RAG-EMBED,1,0,0,1,3600,3600,261.53846153846155,21,7110,150,120,7,1,1,0,0.99,4,0,0,0,0,0,0,0,0,0,0,1,1,0,,0.5714285714285714,0.0
task_0031,family_05,template_05,0.5,0.5,13,B-STAGEHAND-CACHE,1,0,0,1,6550,6550,503.84615384615387,27,13120,0,120,0,0,1,0,0.99,4,0,0,0,0,0,0,0,0,0,0,1,0,0,,0.5714285714285714,0.0
task_0031,family_05,template_05,0.5,0.5,13,B-TERX-REPLAY,1,0,0,1,6550,6550,503.84615384615387,27,13120,0,120,0,0,1,0,0.99,4,0,0,0,0,0,0,0,0,0,0,1,0,0,,0.5714285714285714,0.0
task_0031,family_05,template_05,0.5,0.5,13,P-SPIDER-MEA-BATCHED,1,0,0,1,1160,1160,65.38461538461539,17,1950,150,120,13,1,1,0,0.99,4,0,0,0,0,0,1,1,0,0,1,1,1,1,8bd89201dd1df7db,0.5714285714285714,1.0
task_0031,family_05,template_05,0.5,0.5,13,NC1-SHUFFLED,1,0,1,1,1590,1590,98.51684991939558,18,3580,150,30,11,0,0,0,0.4614980261256455,2,0,1,1,1,1,1,0,0,1,0,0,0,0,8bd89201dd1df7db,0.1,0.0
task_0031,family_05,template_05,0.5,0.5,13,NC2-RANDOM,1,0,0,1,1508,1508,92.21723115707523,18,3605,150,120,11,0,0,0,0.7049759510692087,3,1,0,0,0,1,1,1,0,0,0,0,0,0,8bd89201dd1df7db,0.0,0.0
task_0031,family_05,template_05,0.5,0.5,13,NC3-LENGTH,1,0,0,1,6550,6550,500.0,27,13120,0,120,0,0,1,0,0.55,2,0,0,0,0,0,0,0,0,0,0,0,0,0,,0.5714285714285714,0.0
task_0031,family_05,template_05,0.5,0.5,13,NC4-ABLATION,0,0,0,1,1030,1030,55.38461538461539,17,1795,150,30,13,1,1,0,0.975,4,0,1,1,1,0,1,0,0,1,0,1,1,1,8bd89201dd1df7db,0.5714285714285714,1.0
task_0032,family_05,template_05,0.75,1.0,13,B-COLD,1,0,0,1,6550,6550,503.84615384615387,27,13120,0,120,0,0,1,0,0.99,4,0,0,0,0,0,0,0,0,0,0,0,0,0,,0.14285714285714285,0.0
task_0032,family_05,template_05,0.75,1.0,13,B-RAG-EMBED,1,0,0,1,6750,6750,503.84615384615387,28,13270,150,120,0,0,1,0,0.99,4,0,0,0,0,0,0,0,0,0,0,0,0,0,,0.14285714285714285,0.0
task_0032,family_05,template_05,0.75,1.0,13,B-STAGEHAND-CACHE,1,0,0,1,6550,6550,503.84615384615387,27,13120,0,120,0,0,1,0,0.99,4,0,0,0,0,0,0,0,0,0,0,0,0,0,,0.14285714285714285,0.0
task_0032,family_05,template_05,0.75,1.0,13,B-TERX-REPLAY,1,0,0,1,6550,6550,503.84615384615387,27,13120,0,120,0,0,1,0,0.99,4,0,0,0,0,0,0,0,0,0,0,0,0,0,,0.14285714285714285,0.0
task_0032,family_05,template_05,0.75,1.0,13,P-SPIDER-MEA-BATCHED,1,0,0,1,1880,1880,120.76923076923077,18,3515,150,30,11,1,1,0,0.99,4,0,1,1,1,0,1,0,0,1,0,0,0,0,a054f05111207d76,0.14285714285714285,0.14285714285714285
task_0032,family_05,template_05,0.75,1.0,13,NC1-SHUFFLED,1,0,1,1,1599,1599,99.17661811609631,18,3605,150,120,11,0,0,0,0.4790893813375606,2,0,0,0,0,1,1,0,0,0,1,0,0,0,a054f05111207d76,0.0,0.0
task_0032,family_05,template_05,0.75,1.0,13,NC2-RANDOM,1,0,0,1,1472,1472,89.43352110900847,19,4395,150,30,10,0,0,0,0.48882280432625164,2,0,0,0,0,1,1,0,0,1,0,0,0,0,a054f05111207d76,0.0,0.0
task_0032,family_05,template_05,0.75,1.0,13,NC3-LENGTH,1,0,0,1,6550,6550,500.0,27,13120,0,120,0,0,1,0,0.55,2,0,0,0,0,0,0,0,0,0,0,0,0,0,,0.14285714285714285,0.0
task_0032,family_05,template_05,0.75,1.0,13,NC4-ABLATION,1,0,1,1,1920,1920,123.84615384615384,18,3605,150,120,11,0,0,0,0.0259,0,1,0,0,0,1,1,0,0,1,0,0,0,0,a054f05111207d76,0.14285714285714285,0.14285714285714285
task_0033,family_05,template_05,1.0,1.0,13,B-COLD,1,0,0,1,6550,6550,503.84615384615387,27,13120,0,120,0,0,1,0,0.9649,4,0,0,0,0,0,0,0,0,0,0,0,0,0,,0.14285714285714285,0.0
task_0033,family_05,template_05,1.0,1.0,13,B-RAG-EMBED,1,0,0,1,6750,6750,503.84615384615387,28,13270,150,120,0,0,1,0,0.9649,4,0,0,0,0,0,0,0,0,0,0,0,0,0,,0.14285714285714285,0.0
task_0033,family_05,template_05,1.0,1.0,13,B-STAGEHAND-CACHE,1,0,0,1,6550,6550,503.84615384615387,27,13120,0,120,0,0,1,0,0.9649,4,0,0,0,0,0,0,0,0,0,0,0,0,0,,0.14285714285714285,0.0
task_0033,family_05,template_05,1.0,1.0,13,B-TERX-REPLAY,1,0,0,1,6550,6550,503.84615384615387,27,13120,0,120,0,0,1,0,0.9649,4,0,0,0,0,0,0,0,0,0,0,0,0,0,,0.14285714285714285,0.0
task_0033,family_05,template_05,1.0,1.0,13,P-SPIDER-MEA-BATCHED,1,0,1,1,1920,1920,123.84615384615384,18,3605,150,120,11,0,0,0,0.01,0,1,0,0,0,1,1,0,0,1,0,0,0,0,e6d3e03d427d2ddf,0.14285714285714285,0.14285714285714285
task_0033,family_05,template_05,1.0,1.0,13,NC1-SHUFFLED,1,0,1,1,1632,1632,101.73144477739487,18,3605,150,120,11,0,0,0,0.4811521365919017,2,0,0,0,0,1,1,0,0,1,0,0,0,0,e6d3e03d427d2ddf,0.0,0.0
task_0033,family_05,template_05,1.0,1.0,13,NC2-RANDOM,0,1,0,1,1901,1901,122.44565629296187,18,3605,150,120,11,0,0,0,0.6366354634019733,3,0,1,0,0,1,1,0,0,1,0,0,0,0,e6d3e03d427d2ddf,0.0,0.0
task_0033,family_05,template_05,1.0,1.0,13,NC3-LENGTH,1,0,0,1,6550,6550,500.0,27,13120,0,120,0,0,1,0,0.55,2,0,0,0,0,0,0,0,0,0,0,0,0,0,,0.14285714285714285,0.0
task_0033,family_05,template_05,1.0,1.0,13,NC4-ABLATION,1,0,0,1,1920,1920,123.84615384615384,18,3605,150,120,11,1,1,0,0.99,4,0,0,0,0,0,1,0,0,1,0,0,0,0,e6d3e03d427d2ddf,0.14285714285714285,0.14285714285714285
task_0034,family_05,template_05,0.25,0.5,13,B-COLD,1,0,0,1,6550,6550,503.84615384615387,27,13120,0,120,0,0,1,0,0.99,4,0,0,0,0,0,0,0,0,0,0,0,0,0,,0.5714285714285714,0.0
task_0034,family_05,template_05,0.25,0.5,13,B-RAG-EMBED,1,0,0,1,3600,3600,261.53846153846155,21,7110,150,120,7,1,1,0,0.99,4,0,0,0,0,0,0,0,0,0,0,1,1,0,,0.5714285714285714,0.0
task_0034,family_05,template_05,0.25,0.5,13,B-STAGEHAND-CACHE,1,0,0,1,6550,6550,503.84615384615387,27,13120,0,120,0,0,1,0,0.99,4,0,0,0,0,0,0,0,0,0,0,1,0,0,,0.5714285714285714,0.0
task_0034,family_05,template_05,0.25,0.5,13,B-TERX-REPLAY,1,0,0,1,6550,6550,503.84615384615387,27,13120,0,120,0,0,1,0,0.99,4,0,0,0,0,0,0,0,0,0,0,1,0,0,,0.5714285714285714,0.0
task_0034,family_05,template_05,0.25,0.5,13,P-SPIDER-MEA-BATCHED,1,0,0,1,1030,1030,55.38461538461539,17,1795,150,30,13,1,1,0,0.9696,4,0,1,1,1,0,1,1,0,1,0,1,1,1,f0dd7a79a61308c9,0.5714285714285714,1.0
task_0034,family_05,template_05,0.25,0.5,13,NC1-SHUFFLED,1,0,1,1,1579,1579,97.67227956068118,18,3515,150,30,11,0,0,0,0.3929050703723897,1,0,1,1,1,1,1,0,0,0,1,0,0,0,f0dd7a79a61308c9,0.1,0.0
task_0034,family_05,template_05,0.25,0.5,13,NC2-RANDOM,1,0,0,1,1886,1886,121.25713100137804,18,3605,150,120,11,0,0,0,0.5040411251626875,2,1,1,1,0,1,1,0,0,1,0,0,0,0,f0dd7a79a61308c9,0.1,0.0
task_0034,family_05,template_05,0.25,0.5,13,NC3-LENGTH,1,0,0,1,6550,6550,500.0,27,13120,0,120,0,0,1,0,0.55,2,0,0,0,0,0,0,0,0,0,0,0,0,0,,0.5714285714285714,0.0
task_0034,family_05,template_05,0.25,0.5,13,NC4-ABLATION,1,0,0,1,1070,1070,58.46153846153846,17,1885,150,120,13,1,1,0,0.99,4,0,0,0,0,0,1,0,0,1,0,1,1,1,f0dd7a79a61308c9,0.5714285714285714,1.0
task_0035,family_05,template_05,0.5,0.5,13,B-COLD,1,0,0,1,6550,6550,503.84615384615387,27,13120,0,120,0,0,1,0,0.9503,4,0,0,0,0,0,0,0,0,0,0,0,0,0,,0.3214285714285714,0.0
task_0035,family_05,template_05,0.5,0.5,13,B-RAG-EMBED,1,0,0,1,3600,3600,261.53846153846155,21,7110,150,120,7,1,1,0,0.9503,4,0,0,0,0,0,0,0,0,0,0,1,1,0,,0.3214285714285714,0.0
task_0035,family_05,template_05,0.5,0.5,13,B-STAGEHAND-CACHE,1,0,0,1,6550,6550,503.84615384615387,27,13120,0,120,0,0,1,0,0.9503,4,0,0,0,0,0,0,0,0,0,0,1,0,0,,0.3214285714285714,0.0
task_0035,family_05,template_05,0.5,0.5,13,B-TERX-REPLAY,1,0,0,1,6550,6550,503.84615384615387,27,13120,0,120,0,0,1,0,0.9503,4,0,0,0,0,0,0,0,0,0,0,1,0,0,,0.3214285714285714,0.0
task_0035,family_05,template_05,0.5,0.5,13,P-SPIDER-MEA-BATCHED,1,0,0,1,1070,1070,58.46153846153846,17,1885,150,120,13,1,1,0,0.9743,4,0,0,0,1,0,1,1,0,1,0,1,1,1,ca9b397883da899c,0.3214285714285714,0.5
task_0035,family_05,template_05,0.5,0.5,13,NC1-SHUFFLED,1,0,1,1,1780,1780,113.14528532759107,18,3605,150,120,11,0,0,0,0.5005411581218471,2,1,0,0,0,1,1,0,0,0,1,0,0,0,ca9b397883da899c,0.0,0.0
task_0035,family_05,template_05,0.5,0.5,13,NC2-RANDOM,0,0,0,1,1899,1899,122.26615829049555,19,4485,150,120,10,0,0,0,0.460005997549212,2,0,0,0,1,1,1,0,0,0,0,0,0,0,ca9b397883da899c,0.0,0.0
task_0035,family_05,template_05,0.5,0.5,13,NC3-LENGTH,1,0,0,1,6550,6550,500.0,27,13120,0,120,0,0,1,0,0.55,2,0,0,0,0,0,0,0,0,0,0,0,0,0,,0.3214285714285714,0.0
task_0035,family_05,template_05,0.5,0.5,13,NC4-ABLATION,1,0,0,1,1030,1030,55.38461538461539,17,1795,150,30,13,1,1,0,0.99,4,0,1,1,1,0,1,0,0,1,0,1,1,1,ca9b397883da899c,0.3214285714285714,0.5
task_0036,family_06,template_06,0.0,0.0,14,B-COLD,1,0,0,1,7050,7050,503.57142857142856,29,14120,0,120,0,0,1,0,0.99,4,0,0,0,0,0,0,0,0,0,0,0,0,0,,1.0,0.0
task_0036,family_06,template_06,0.0,0.0,14,B-RAG-EMBED,1,0,0,1,950,950,53.57142857142857,16,1950,150,120,14,1,1,0,0.99,4,0,0,0,0,0,0,0,0,0,0,1,1,0,,1.0,0.0
task_0036,family_06,template_06,0.0,0.0,14,B-STAGEHAND-CACHE,1,0,0,1,750,750,53.57142857142857,15,1800,0,120,14,1,1,0,0.99,4,0,0,0,0,0,0,0,0,0,0,1,1,0,,1.0,0.0
task_0036,family_06,template_06,0.0,0.0,14,B-TERX-REPLAY,1,0,0,1,750,750,53.57142857142857,15,1800,0,120,14,1,1,0,0.99,4,0,0,0,0,0,0,0,0,0,0,1,1,0,,1.0,0.0
task_0036,family_06,template_06,0.0,0.0,14,P-SPIDER-MEA-BATCHED,1,0,0,1,1170,1170,61.42857142857143,18,1980,150,30,14,1,1,0,0.99,4,0,1,1,1,0,1,1,0,0,1,1,1,1,a6a9d203eccaade4,1.0,1.0
task_0036,family_06,template_06,0.0,0.0,14,NC1-SHUFFLED,1,0,0,1,1716,1716,100.45309526799406,17,1940,150,30,11,0,0,0,0.7135922502926966,3,0,1,1,1,1,1,0,0,0,1,0,0,0,a6a9d203eccaade4,0.2,0.0
task_0036,family_06,template_06,0.0,0.0,14,NC2-RANDOM,1,0,0,1,1914,1914,114.59048986679144,18,2005,150,120,14,1,1,0,0.5347808516681123,2,0,1,0,1,0,1,0,0,0,0,1,1,1,a6a9d203eccaade4,1.0,1.0
task_0036,family_06,template_06,0.0,0.0,14,NC3-LENGTH,1,0,0,1,7050,7050,500.0,29,14120,0,120,0,0,1,0,0.55,2,0,0,0,0,0,0,0,0,0,0,0,0,0,,1.0,0.0
task_0036,family_06,template_06,0.0,0.0,14,NC4-ABLATION,1,0,0,1,1080,1080,55.0,18,1915,150,30,14,1,1,0,0.99,4,0,1,1,1,0,1,0,0,1,0,1,1,1,a6a9d203eccaade4,1.0,1.0
task_0037,family_06,template_06,0.75,0.6667,14,B-COLD,1,0,0,1,7050,7050,503.57142857142856,29,14120,0,120,0,0,1,0,0.9714,4,0,0,0,0,0,0,0,0,0,0,0,0,0,,0.6666666666666666,0.0
task_0037,family_06,template_06,0.75,0.6667,14,B-RAG-EMBED,1,0,0,1,5000,5000,342.85714285714283,25,9870,150,120,5,1,1,0,0.9714,4,0,0,0,0,0,0,0,0,0,0,1,1,0,,0.6666666666666666,0.0
task_0037,family_06,template_06,0.75,0.6667,14,B-STAGEHAND-CACHE,1,0,0,1,7050,7050,503.57142857142856,29,14120,0,120,0,0,1,0,0.9714,4,0,0,0,0,0,0,0,0,0,0,1,0,0,,0.6666666666666666,0.0
task_0037,family_06,template_06,0.75,0.6667,14,B-TERX-REPLAY,1,0,0,1,7050,7050,503.57142857142856,29,14120,0,120,0,0,1,0,0.9714,4,0,0,0,0,0,0,0,0,0,0,1,0,0,,0.6666666666666666,0.0
task_0037,family_06,template_06,0.75,0.6667,14,P-SPIDER-MEA-BATCHED,1,0,0,1,1120,1120,57.857142857142854,18,2005,150,120,14,1,1,0,0.99,4,0,0,0,1,0,1,1,0,1,0,1,1,1,91aaf9d2b2efce84,0.6666666666666666,1.0
task_0037,family_06,template_06,0.75,0.6667,14,NC1-SHUFFLED,1,0,1,1,1930,1930,115.74240752270521,20,4605,150,120,11,0,0,0,0.42213580634265063,2,0,0,0,0,1,1,0,0,1,0,0,0,0,91aaf9d2b2efce84,0.06666666666666667,0.0
task_0037,family_06,template_06,0.75,0.6667,14,NC2-RANDOM,1,0,0,1,1739,1739,102.12625779843914,19,3635,150,30,12,0,0,0,0.545408073199456,2,0,0,1,0,1,1,0,0,1,0,0,0,0,91aaf9d2b2efce84,0.1,0.0
task_0037,family_06,template_06,0.75,0.6667,14,NC3-LENGTH,1,0,0,1,7050,7050,500.0,29,14120,0,120,0,0,1,0,0.55,2,0,0,0,0,0,0,0,0,0,0,0,0,0,,0.6666666666666666,0.0
task_0037,family_06,template_06,0.75,0.6667,14,NC4-ABLATION,0,1,0,1,1080,1080,55.0,18,1915,150,30,14,1,1,0,0.99,4,0,1,1,1,0,1,0,0,1,0,1,1,1,91aaf9d2b2efce84,0.6666666666666666,1.0
task_0038,family_06,template_06,1.0,1.0,14,B-COLD,1,0,0,1,7050,7050,503.57142857142856,29,14120,0,120,0,0,1,0,0.99,4,0,0,0,0,0,0,0,0,0,0,0,0,0,,0.5,0.0
task_0038,family_06,template_06,1.0,1.0,14,B-RAG-EMBED,1,0,0,1,7250,7250,503.57142857142856,30,14270,150,120,0,0,1,0,0.99,4,0,0,0,0,0,0,0,0,0,0,1,0,0,,0.5,0.0
task_0038,family_06,template_06,1.0,1.0,14,B-STAGEHAND-CACHE,1,0,0,1,7050,7050,503.57142857142856,29,14120,0,120,0,0,1,0,0.99,4,0,0,0,0,0,0,0,0,0,0,1,0,0,,0.5,0.0
task_0038,family_06,template_06,1.0,1.0,14,B-TERX-REPLAY,1,0,0,1,7050,7050,503.57142857142856,29,14120,0,120,0,0,1,0,0.99,4,0,0,0,0,0,0,0,0,0,0,1,0,0,,0.5,0.0
task_0038,family_06,template_06,1.0,1.0,14,P-SPIDER-MEA-BATCHED,1,0,0,1,1120,1120,57.857142857142854,18,2005,150,120,14,1,1,0,0.99,4,0,0,0,0,0,1,1,0,1,0,1,1,1,1611f8aa24d348a1,0.5,0.5
task_0038,family_06,template_06,1.0,1.0,14,NC1-SHUFFLED,1,0,1,1,1834,1834,108.88909288341883,20,4515,150,30,11,0,0,0,0.492052458728808,2,0,1,1,1,1,1,0,0,0,1,0,0,0,1611f8aa24d348a1,0.0,0.0
task_0038,family_06,template_06,1.0,1.0,14,NC2-RANDOM,1,0,0,1,1671,1671,97.2509462700192,18,2755,150,30,13,0,0,0,0.5729761778682987,2,0,0,1,1,1,1,0,0,1,0,0,0,0,1611f8aa24d348a1,0.0,0.0
task_0038,family_06,template_06,1.0,1.0,14,NC3-LENGTH,1,0,0,1,7050,7050,500.0,29,14120,0,120,0,0,1,0,0.55,2,0,0,0,0,0,0,0,0,0,0,0,0,0,,0.5,0.0
task_0038,family_06,template_06,1.0,1.0,14,NC4-ABLATION,1,0,0,1,1080,1080,55.0,18,1915,150,30,14,1,1,0,0.99,4,0,1,1,1,0,1,0,0,1,0,1,1,1,1611f8aa24d348a1,0.5,0.5
task_0039,family_06,template_06,0.25,0.3333,14,B-COLD,1,0,0,1,7050,7050,503.57142857142856,29,14120,0,120,0,0,1,0,0.99,4,0,0,0,0,0,0,0,0,0,0,0,0,0,,0.8333333333333334,0.0
task_0039,family_06,template_06,0.25,0.3333,14,B-RAG-EMBED,1,0,0,1,3200,3200,214.28571428571428,21,6350,150,120,9,1,1,0,0.99,4,0,0,0,0,0,0,0,0,0,0,1,1,0,,0.8333333333333334,0.0
task_0039,family_06,template_06,0.25,0.3333,14,B-STAGEHAND-CACHE,1,0,0,1,7050,7050,503.57142857142856,29,14120,0,120,0,0,1,0,0.99,4,0,0,0,0,0,0,0,0,0,0,1,0,0,,0.8333333333333334,0.0
task_0039,family_06,template_06,0.25,0.3333,14,B-TERX-REPLAY,1,0,0,1,7050,7050,503.57142857142856,29,14120,0,120,0,0,1,0,0.99,4,0,0,0,0,0,0,0,0,0,0,1,0,0,,0.8333333333333334,0.0
task_0039,family_06,template_06,0.25,0.3333,14,P-SPIDER-MEA-BATCHED,1,0,0,1,1120,1120,57.857142857142854,18,2005,150,120,14,1,1,0,0.9866,4,0,0,0,1,0,1,1,0,1,0,1,1,1,1578e2e371e41b10,0.8333333333333334,1.0
task_0039,family_06,template_06,0.25,0.3333,14,NC1-SHUFFLED,1,0,1,1,1548,1548,88.44481558817341,20,4605,150,120,11,0,0,0,0.4133357288477998,2,0,0,0,0,1,1,0,0,0,1,0,0,0,1578e2e371e41b10,0.13333333333333333,0.0
task_0039,family_06,template_06,0.25,0.3333,14,NC2-RANDOM,1,0,0,1,1614,1614,93.18547055277526,19,3635,150,30,12,0,0,0,0.4666554176756079,2,0,0,0,0,1,1,0,0,0,0,0,0,0,1578e2e371e41b10,0.0,0.0
task_0039,family_06,template_06,0.25,0.3333,14,NC3-LENGTH,1,0,0,1,7050,7050,500.0,29,14120,0,120,0,0,1,0,0.55,2,0,0,0,0,0,0,0,0,0,0,0,0,0,,0.8333333333333334,0.0
task_0039,family_06,template_06,0.25,0.3333,14,NC4-ABLATION,0,1,0,1,1120,1120,57.857142857142854,18,2005,150,120,14,1,1,0,0.972,4,0,0,0,1,0,1,0,0,1,0,1,1,1,1578e2e371e41b10,0.8333333333333334,1.0
task_0040,family_06,template_06,0.5,0.6667,14,B-COLD,1,0,0,1,7050,7050,503.57142857142856,29,14120,0,120,0,0,1,0,0.9505,4,0,0,0,0,0,0,0,0,0,0,0,0,0,,1.0,0.0
task_0040,family_06,template_06,0.5,0.6667,14,B-RAG-EMBED,1,0,0,1,5000,5000,342.85714285714283,25,9870,150,120,5,1,1,0,0.9505,4,0,0,0,0,0,0,0,0,0,0,1,1,0,,1.0,0.0
task_0040,family_06,template_06,0.5,0.6667,14,B-STAGEHAND-CACHE,1,0,0,1,7050,7050,503.57142857142856,29,14120,0,120,0,0,1,0,0.9505,4,0,0,0,0,0,0,0,0,0,0,1,0,0,,1.0,0.0
task_0040,family_06,template_06,0.5,0.6667,14,B-TERX-REPLAY,1,0,0,1,7050,7050,503.57142857142856,29,14120,0,120,0,0,1,0,0.9505,4,0,0,0,0,0,0,0,0,0,0,1,0,0,,1.0,0.0
task_0040,family_06,template_06,0.5,0.6667,14,P-SPIDER-MEA-BATCHED,1,0,0,1,1120,1120,57.857142857142854,18,2005,150,120,14,1,1,0,0.99,4,0,0,0,1,0,1,1,0,1,0,1,1,1,2a74024692c56800,1.0,1.0
task_0040,family_06,template_06,0.5,0.6667,14,NC1-SHUFFLED,1,0,1,1,1820,1820,107.91971458043933,20,4515,150,30,11,0,0,0,0.5107545983664945,2,0,1,1,1,1,1,0,0,0,1,0,0,0,2a74024692c56800,0.2,0.0
task_0040,family_06,template_06,0.5,0.6667,14,NC2-RANDOM,0,1,0,1,1998,1998,120.57932096905269,19,3725,150,120,12,0,0,0,0.7142502295436203,3,0,1,0,0,1,1,0,0,0,0,0,0,0,2a74024692c56800,0.1,0.0
task_0040,family_06,template_06,0.5,0.6667,14,NC3-LENGTH,1,0,0,1,7050,7050,500.0,29,14120,0,120,0,0,1,0,0.55,2,0,0,0,0,0,0,0,0,0,0,0,0,0,,1.0,0.0
task_0040,family_06,template_06,0.5,0.6667,14,NC4-ABLATION,0,0,0,1,1080,1080,55.0,18,1915,150,30,14,1,1,0,0.9513,4,0,1,1,1,0,1,0,0,1,0,1,1,1,2a74024692c56800,1.0,1.0
task_0041,family_06,template_06,0.75,0.6667,14,B-COLD,1,0,0,1,7050,7050,503.57142857142856,29,14120,0,120,0,0,1,0,0.9504,4,0,0,0,0,0,0,0,0,0,0,0,0,0,,0.8333333333333334,0.0
task_0041,family_06,template_06,0.75,0.6667,14,B-RAG-EMBED,1,0,0,1,5000,5000,342.85714285714283,25,9870,150,120,5,1,1,0,0.9504,4,0,0,0,0,0,0,0,0,0,0,1,1,0,,0.8333333333333334,0.0
task_0041,family_06,template_06,0.75,0.6667,14,B-STAGEHAND-CACHE,1,0,0,1,7050,7050,503.57142857142856,29,14120,0,120,0,0,1,0,0.9504,4,0,0,0,0,0,0,0,0,0,0,1,0,0,,0.8333333333333334,0.0
task_0041,family_06,template_06,0.75,0.6667,14,B-TERX-REPLAY,1,0,0,1,7050,7050,503.57142857142856,29,14120,0,120,0,0,1,0,0.9504,4,0,0,0,0,0,0,0,0,0,0,1,0,0,,0.8333333333333334,0.0
task_0041,family_06,template_06,0.75,0.6667,14,P-SPIDER-MEA-BATCHED,1,0,0,1,1120,1120,57.857142857142854,18,2005,150,120,14,1,1,0,0.99,4,0,0,0,0,0,1,1,0,1,0,1,1,1,b54c8f4b21db449f,0.8333333333333334,1.0
task_0041,family_06,template_06,0.75,0.6667,14,NC1-SHUFFLED,1,0,0,1,1764,1764,103.9184327929521,20,4605,150,120,11,0,0,0,0.8207029353934431,4,1,0,0,0,1,1,0,0,0,1,0,0,0,b54c8f4b21db449f,0.13333333333333333,0.0
task_0041,family_06,template_06,0.75,0.6667,14,NC2-RANDOM,1,0,0,1,1898,1898,113.44045895611768,19,3725,150,120,12,0,0,0,0.5062451467708692,2,0,0,1,1,1,1,0,0,0,0,0,0,0,b54c8f4b21db449f,0.1,0.0
task_0041,family_06,template_06,0.75,0.6667,14,NC3-LENGTH,1,0,0,1,7050,7050,500.0,29,14120,0,120,0,0,1,0,0.55,2,0,0,0,0,0,0,0,0,0,0,0,0,0,,0.8333333333333334,0.0
task_0041,family_06,template_06,0.75,0.6667,14,NC4-ABLATION,0,0,0,1,1080,1080,55.0,18,1915,150,30,14,1,1,0,0.99,4,0,1,1,1,0,1,0,0,1,0,1,1,1,b54c8f4b21db449f,0.8333333333333334,1.0
task_0042,family_07,template_07,0.0,0.0,8,B-COLD,1,0,0,1,4050,4050,506.25,17,8120,0,120,0,0,1,0,0.99,4,0,0,0,0,0,0,0,0,0,0,0,0,0,,1.0,0.0
task_0042,family_07,template_07,0.0,0.0,8,B-RAG-EMBED,1,0,0,1,650,650,56.25,10,1230,150,120,8,1,1,0,0.99,4,0,0,0,0,0,0,0,0,0,0,1,1,0,,1.0,0.0
task_0042,family_07,template_07,0.0,0.0,8,B-STAGEHAND-CACHE,1,0,0,1,450,450,56.25,9,1080,0,120,8,1,1,0,0.99,4,0,0,0,0,0,0,0,0,0,0,1,1,0,,1.0,0.0
task_0042,family_07,template_07,0.0,0.0,8,B-TERX-REPLAY,1,0,0,1,450,450,56.25,9,1080,0,120,8,1,1,0,0.99,4,0,0,0,0,0,0,0,0,0,0,1,1,0,,1.0,0.0
task_0042,family_07,template_07,0.0,0.0,8,P-SPIDER-MEA-BATCHED,1,0,0,1,780,780,58.75,12,1195,150,30,8,1,1,0,0.99,4,0,1,1,1,0,1,1,0,1,0,1,1,1,ba383e1085b1e2b0,1.0,1.0
task_0042,family_07,template_07,0.0,0.0,8,NC1-SHUFFLED,1,0,1,1,1117,1117,100.94384201206996,11,1155,150,30,7,0,0,0,0.35782911078499086,1,0,1,1,1,1,1,0,0,0,1,0,0,0,ba383e1085b1e2b0,0.2,0.0
task_0042,family_07,template_07,0.0,0.0,8,NC2-RANDOM,1,0,0,1,1035,1035,90.74751209844402,11,1310,150,120,6,0,0,0,0.6777677861749882,3,0,1,1,1,1,1,0,0,1,1,0,0,0,ba383e1085b1e2b0,0.1,0.0
task_0042,family_07,template_07,0.0,0.0,8,NC3-LENGTH,1,0,0,1,4050,4050,500.0,17,8120,0,120,0,0,1,0,0.55,2,0,0,0,0,0,0,0,0,0,0,0,0,0,,1.0,0.0
task_0042,family_07,template_07,0.0,0.0,8,NC4-ABLATION,0,0,0,1,820,820,63.75,12,1285,150,120,8,1,1,0,0.9766,4,0,0,0,0,0,1,0,0,1,0,1,1,1,ba383e1085b1e2b0,1.0,1.0
task_0043,family_07,template_07,1.0,1.0,8,B-COLD,1,0,0,1,4050,4050,506.25,17,8120,0,120,0,0,1,0,0.99,4,0,0,0,0,0,0,0,0,0,0,0,0,0,,0.14285714285714285,0.0
task_0043,family_07,template_07,1.0,1.0,8,B-RAG-EMBED,1,0,0,1,4250,4250,506.25,18,8270,150,120,0,0,1,0,0.99,4,0,0,0,0,0,0,0,0,0,0,0,0,0,,0.14285714285714285,0.0
task_0043,family_07,template_07,1.0,1.0,8,B-STAGEHAND-CACHE,1,0,0,1,4050,4050,506.25,17,8120,0,120,0,0,1,0,0.99,4,0,0,0,0,0,0,0,0,0,0,0,0,0,,0.14285714285714285,0.0
task_0043,family_07,template_07,1.0,1.0,8,B-TERX-REPLAY,1,0,0,1,4050,4050,506.25,17,8120,0,120,0,0,1,0,0.99,4,0,0,0,0,0,0,0,0,0,0,0,0,0,,0.14285714285714285,0.0
task_0043,family_07,template_07,1.0,1.0,8,P-SPIDER-MEA-BATCHED,1,0,0,1,1270,1270,120.0,12,2100,150,30,7,1,1,0,0.99,4,0,1,1,1,0,1,0,0,0,1,0,0,0,d3391342641f6534,0.14285714285714285,0.14285714285714285
task_0043,family_07,template_07,1.0,1.0,8,NC1-SHUFFLED,1,0,1,1,1055,1055,93.24906455731222,12,2035,150,30,7,0,0,0,0.5200932875970125,2,1,1,1,1,1,1,0,0,0,1,0,0,0,d3391342641f6534,0.0,0.0
task_0043,family_07,template_07,1.0,1.0,8,NC2-RANDOM,1,0,0,1,1247,1247,117.16392283082217,12,2125,150,120,7,0,0,0,0.5694110997594453,2,0,1,0,1,1,1,0,0,1,0,0,0,0,d3391342641f6534,0.0,0.0
task_0043,family_07,template_07,1.0,1.0,8,NC3-LENGTH,1,0,0,1,4050,4050,500.0,17,8120,0,120,0,0,1,0,0.55,2,0,0,0,0,0,0,0,0,0,0,0,0,0,,0.14285714285714285,0.0
task_0043,family_07,template_07,1.0,1.0,8,NC4-ABLATION,0,1,0,1,1220,1220,113.75,12,2125,150,120,7,1,1,0,0.99,4,0,0,0,0,0,1,0,0,1,0,0,0,0,d3391342641f6534,0.14285714285714285,0.14285714285714285
task_0044,family_07,template_07,0.25,0.0,8,B-COLD,1,0,0,1,4050,4050,506.25,17,8120,0,120,0,0,1,0,0.981,4,0,0,0,0,0,0,0,0,0,0,0,0,0,,1.0,0.0
task_0044,family_07,template_07,0.25,0.0,8,B-RAG-EMBED,1,0,0,1,650,650,56.25,10,1230,150,120,8,1,1,0,0.981,4,0,0,0,0,0,0,0,0,0,0,1,1,0,,1.0,0.0
task_0044,family_07,template_07,0.25,0.0,8,B-STAGEHAND-CACHE,1,0,0,1,4050,4050,506.25,17,8120,0,120,0,0,1,0,0.981,4,0,0,0,0,0,0,0,0,0,0,1,0,0,,1.0,0.0
task_0044,family_07,template_07,0.25,0.0,8,B-TERX-REPLAY,1,0,0,1,4050,4050,506.25,17,8120,0,120,0,0,1,0,0.981,4,0,0,0,0,0,0,0,0,0,0,1,0,0,,1.0,0.0
task_0044,family_07,template_07,0.25,0.0,8,P-SPIDER-MEA-BATCHED,1,0,0,1,820,820,63.75,12,1285,150,120,8,1,1,0,0.9599,4,0,0,0,0,0,1,1,0,1,0,1,1,1,c67436732fd9e749,1.0,1.0
task_0044,family_07,template_07,0.25,0.0,8,NC1-SHUFFLED,1,0,1,1,1135,1135,103.19493024114473,11,1245,150,120,7,0,0,0,0.356465808306084,1,0,0,0,0,1,1,0,0,1,0,0,0,0,c67436732fd9e749,0.2,0.0
task_0044,family_07,template_07,0.25,0.0,8,NC2-RANDOM,0,0,0,1,1148,1148,104.75629944274448,12,1285,150,120,8,1,1,0,0.6932220891748262,3,0,1,0,0,0,1,0,0,0,0,1,1,1,c67436732fd9e749,1.0,1.0
task_0044,family_07,template_07,0.25,0.0,8,NC3-LENGTH,1,0,0,1,4050,4050,500.0,17,8120,0,120,0,0,1,0,0.55,2,0,0,0,0,0,0,0,0,0,0,0,0,0,,1.0,0.0
task_0044,family_07,template_07,0.25,0.0,8,NC4-ABLATION,0,1,0,1,820,820,63.75,12,1285,150,120,8,1,1,0,0.988,4,0,0,0,0,0,1,0,0,1,0,1,1,1,c67436732fd9e749,1.0,1.0
task_0045,family_07,template_07,0.5,1.0,8,B-COLD,1,0,0,1,4050,4050,506.25,17,8120,0,120,0,0,1,0,0.9766,4,0,0,0,0,0,0,0,0,0,0,0,0,0,,0.14285714285714285,0.0
task_0045,family_07,template_07,0.5,1.0,8,B-RAG-EMBED,1,0,0,1,4250,4250,506.25,18,8270,150,120,0,0,1,0,0.9766,4,0,0,0,0,0,0,0,0,0,0,0,0,0,,0.14285714285714285,0.0
task_0045,family_07,template_07,0.5,1.0,8,B-STAGEHAND-CACHE,1,0,0,1,4050,4050,506.25,17,8120,0,120,0,0,1,0,0.9766,4,0,0,0,0,0,0,0,0,0,0,0,0,0,,0.14285714285714285,0.0
task_0045,family_07,template_07,0.5,1.0,8,B-TERX-REPLAY,1,0,0,1,4050,4050,506.25,17,8120,0,120,0,0,1,0,0.9766,4,0,0,0,0,0,0,0,0,0,0,0,0,0,,0.14285714285714285,0.0
task_0045,family_07,template_07,0.5,1.0,8,P-SPIDER-MEA-BATCHED,1,0,0,1,1220,1220,113.75,12,2125,150,120,7,1,1,0,0.9635,4,0,0,0,0,0,1,0,0,1,0,0,0,0,84cb3d252e350a60,0.14285714285714285,0.14285714285714285
task_0045,family_07,template_07,0.5,1.0,8,NC1-SHUFFLED,1,0,1,1,1074,1074,95.57470449583741,12,2035,150,30,7,0,0,0,0.488562610339016,2,0,1,1,1,1,1,0,0,1,0,0,0,0,84cb3d252e350a60,0.0,0.0
task_0045,family_07,template_07,0.5,1.0,8,NC2-RANDOM,1,0,0,1,1107,1107,99.72798990958135,13,3005,150,120,6,0,0,0,0.6291714365922602,3,1,0,0,0,1,1,0,0,0,0,0,0,0,84cb3d252e350a60,0.0,0.0
task_0045,family_07,template_07,0.5,1.0,8,NC3-LENGTH,1,0,0,1,4050,4050,500.0,17,8120,0,120,0,0,1,0,0.55,2,0,0,0,0,0,0,0,0,0,0,0,0,0,,0.14285714285714285,0.0
task_0045,family_07,template_07,0.5,1.0,8,NC4-ABLATION,0,1,0,1,1180,1180,108.75,12,2035,150,30,7,1,1,0,0.99,4,0,1,1,1,0,1,0,0,1,0,0,0,0,84cb3d252e350a60,0.14285714285714285,0.14285714285714285
task_0046,family_07,template_07,0.75,1.0,8,B-COLD,1,0,0,1,4050,4050,506.25,17,8120,0,120,0,0,1,0,0.99,4,0,0,0,0,0,0,0,0,0,0,0,0,0,,0.14285714285714285,0.0
task_0046,family_07,template_07,0.75,1.0,8,B-RAG-EMBED,1,0,0,1,4250,4250,506.25,18,8270,150,120,0,0,1,0,0.99,4,0,0,0,0,0,0,0,0,0,0,0,0,0,,0.14285714285714285,0.0
task_0046,family_07,template_07,0.75,1.0,8,B-STAGEHAND-CACHE,1,0,0,1,4050,4050,506.25,17,8120,0,120,0,0,1,0,0.99,4,0,0,0,0,0,0,0,0,0,0,0,0,0,,0.14285714285714285,0.0
task_0046,family_07,template_07,0.75,1.0,8,B-TERX-REPLAY,1,0,0,1,4050,4050,506.25,17,8120,0,120,0,0,1,0,0.99,4,0,0,0,0,0,0,0,0,0,0,0,0,0,,0.14285714285714285,0.0
task_0046,family_07,template_07,0.75,1.0,8,P-SPIDER-MEA-BATCHED,1,0,0,1,1220,1220,113.75,12,2125,150,120,7,1,1,0,0.9504,4,0,0,0,0,0,1,0,0,1,0,0,0,0,43f12c45459ad841,0.14285714285714285,0.14285714285714285
task_0046,family_07,template_07,0.75,1.0,8,NC1-SHUFFLED,1,0,1,1,1075,1075,95.68395688289475,12,2035,150,30,7,0,0,0,0.47576768880519643,2,1,1,1,1,1,1,0,0,1,0,0,0,0,43f12c45459ad841,0.0,0.0
task_0046,family_07,template_07,0.75,1.0,8,NC2-RANDOM,1,0,0,1,1053,1053,92.94049825518039,13,2915,150,30,6,0,0,0,0.7212797716250676,3,0,1,1,1,1,1,1,0,0,0,0,0,0,43f12c45459ad841,0.0,0.0
task_0046,family_07,template_07,0.75,1.0,8,NC3-LENGTH,1,0,0,1,4050,4050,500.0,17,8120,0,120,0,0,1,0,0.55,2,0,0,0,0,0,0,0,0,0,0,0,0,0,,0.14285714285714285,0.0
task_0046,family_07,template_07,0.75,1.0,8,NC4-ABLATION,1,0,0,1,1180,1180,108.75,12,2035,150,30,7,1,1,0,0.99,4,0,1,1,1,0,1,0,0,1,0,0,0,0,43f12c45459ad841,0.14285714285714285,0.14285714285714285
task_0047,family_07,template_07,1.0,1.0,8,B-COLD,1,0,0,1,4050,4050,506.25,17,8120,0,120,0,0,1,0,0.9897,4,0,0,0,0,0,0,0,0,0,0,0,0,0,,0.14285714285714285,0.0
task_0047,family_07,template_07,1.0,1.0,8,B-RAG-EMBED,1,0,0,1,4250,4250,506.25,18,8270,150,120,0,0,1,0,0.9897,4,0,0,0,0,0,0,0,0,0,0,0,0,0,,0.14285714285714285,0.0
task_0047,family_07,template_07,1.0,1.0,8,B-STAGEHAND-CACHE,1,0,0,1,4050,4050,506.25,17,8120,0,120,0,0,1,0,0.9897,4,0,0,0,0,0,0,0,0,0,0,0,0,0,,0.14285714285714285,0.0
task_0047,family_07,template_07,1.0,1.0,8,B-TERX-REPLAY,1,0,0,1,4050,4050,506.25,17,8120,0,120,0,0,1,0,0.9897,4,0,0,0,0,0,0,0,0,0,0,0,0,0,,0.14285714285714285,0.0
task_0047,family_07,template_07,1.0,1.0,8,P-SPIDER-MEA-BATCHED,1,0,0,1,1220,1220,113.75,12,2125,150,120,7,1,1,0,0.9822,4,0,0,0,0,0,1,0,0,1,0,0,0,0,969cc3f166f30ca8,0.14285714285714285,0.14285714285714285
task_0047,family_07,template_07,1.0,1.0,8,NC1-SHUFFLED,1,0,1,1,1153,1153,105.48068070502173,12,2125,150,120,7,0,0,0,0.4269049240322389,2,0,0,0,0,1,1,0,0,1,0,0,0,0,969cc3f166f30ca8,0.0,0.0
task_0047,family_07,template_07,1.0,1.0,8,NC2-RANDOM,1,0,0,1,1123,1123,101.62861122187836,13,3005,150,120,6,0,0,0,0.6757626872814572,3,1,1,1,0,1,1,0,0,0,0,0,0,0,969cc3f166f30ca8,0.0,0.0
task_0047,family_07,template_07,1.0,1.0,8,NC3-LENGTH,1,0,0,1,4050,4050,500.0,17,8120,0,120,0,0,1,0,0.55,2,0,0,0,0,0,0,0,0,0,0,0,0,0,,0.14285714285714285,0.0
task_0047,family_07,template_07,1.0,1.0,8,NC4-ABLATION,0,1,0,1,1220,1220,113.75,12,2125,150,120,7,1,1,0,0.99,4,0,0,0,0,0,1,0,0,1,0,0,0,0,969cc3f166f30ca8,0.14285714285714285,0.14285714285714285
task_0048,family_08,template_08,0.0,0.0,9,B-COLD,1,0,0,1,4550,4550,505.55555555555554,19,9120,0,120,0,0,1,0,0.9512,4,0,0,0,0,0,0,0,0,0,0,0,0,0,,1.0,0.0
task_0048,family_08,template_08,0.0,0.0,9,B-RAG-EMBED,1,0,0,1,700,700,55.55555555555556,11,1350,150,120,9,1,1,0,0.9512,4,0,0,0,0,0,0,0,0,0,0,1,1,0,,1.0,0.0
task_0048,family_08,template_08,0.0,0.0,9,B-STAGEHAND-CACHE,1,0,0,1,500,500,55.55555555555556,10,1200,0,120,9,1,1,0,0.9512,4,0,0,0,0,0,0,0,0,0,0,1,1,0,,1.0,0.0
task_0048,family_08,template_08,0.0,0.0,9,B-TERX-REPLAY,1,0,0,1,500,500,55.55555555555556,10,1200,0,120,9,1,1,0,0.9512,4,0,0,0,0,0,0,0,0,0,0,1,1,0,,1.0,0.0
task_0048,family_08,template_08,0.0,0.0,9,P-SPIDER-MEA-BATCHED,1,0,0,1,830,830,57.77777777777778,13,1315,150,30,9,1,1,0,0.9529,4,0,1,1,1,0,1,1,0,1,0,1,1,1,348dc925a6fc6451,1.0,1.0
task_0048,family_08,template_08,0.0,0.0,9,NC1-SHUFFLED,1,0,1,1,1043,1043,81.46665286859898,12,1365,150,120,8,0,0,0,0.5404433463447094,2,0,0,0,0,1,1,0,0,1,0,0,0,0,348dc925a6fc6451,0.2,0.0
task_0048,family_08,template_08,0.0,0.0,9,NC2-RANDOM,1,0,0,1,1323,1323,112.63128124229176,12,1275,150,30,8,0,0,0,0.5340329007551678,2,0,0,0,0,1,1,1,0,1,0,0,0,0,348dc925a6fc6451,0.2,0.0
task_0048,family_08,template_08,0.0,0.0,9,NC3-LENGTH,1,0,0,1,4550,4550,500.0,19,9120,0,120,0,0,1,0,0.55,2,0,0,0,0,0,0,0,0,0,0,0,0,0,,1.0,0.0
task_0048,family_08,template_08,0.0,0.0,9,NC4-ABLATION,1,0,0,1,830,830,57.77777777777778,13,1315,150,30,9,1,1,0,0.9647,4,0,1,1,1,0,1,0,0,1,0,1,1,1,348dc925a6fc6451,1.0,1.0
task_0049,family_08,template_08,0.25,0.5,9,B-COLD,1,0,0,1,4550,4550,505.55555555555554,19,9120,0,120,0,0,1,0,0.99,4,0,0,0,0,0,0,0,0,0,0,0,0,0,,0.75,0.0
task_0049,family_08,template_08,0.25,0.5,9,B-RAG-EMBED,1,0,0,1,2500,2500,255.55555555555554,15,4870,150,120,5,1,1,0,0.99,4,0,0,0,0,0,0,0,0,0,0,1,1,0,,0.75,0.0
task_0049,family_08,template_08,0.25,0.5,9,B-STAGEHAND-CACHE,1,0,0,1,4550,4550,505.55555555555554,19,9120,0,120,0,0,1,0,0.99,4,0,0,0,0,0,0,0,0,0,0,1,0,0,,0.75,0.0
task_0049,family_08,template_08,0.25,0.5,9,B-TERX-REPLAY,1,0,0,1,4550,4550,505.55555555555554,19,9120,0,120,0,0,1,0,0.99,4,0,0,0,0,0,0,0,0,0,0,1,0,0,,0.75,0.0
task_0049,family_08,template_08,0.25,0.5,9,P-SPIDER-MEA-BATCHED,1,0,0,1,830,830,57.77777777777778,13,1315,150,30,9,1,1,0,0.99,4,0,1,1,1,0,1,1,0,1,0,1,1,1,bf2552c19d373d7d,0.75,1.0
task_0049,family_08,template_08,0.25,0.5,9,NC1-SHUFFLED,1,0,1,1,1084,1084,86.10907458487554,13,2245,150,120,8,0,0,0,0.3842812188144325,1,0,0,0,0,1,1,0,0,1,0,0,0,0,bf2552c19d373d7d,0.2,0.0
task_0049,family_08,template_08,0.25,0.5,9,NC2-RANDOM,0,1,0,1,1354,1354,116.07288785541226,15,4005,150,120,6,0,0,0,0.6526434838878946,3,1,0,1,1,1,1,0,0,0,0,0,0,0,bf2552c19d373d7d,0.06666666666666667,0.0
task_0049,family_08,template_08,0.25,0.5,9,NC3-LENGTH,1,0,0,1,4550,4550,500.0,19,9120,0,120,0,0,1,0,0.55,2,0,0,0,0,0,0,0,0,0,0,0,0,0,,0.75,0.0
task_0049,family_08,template_08,0.25,0.5,9,NC4-ABLATION,1,0,0,1,830,830,57.77777777777778,13,1315,150,30,9,1,1,0,0.9556,4,0,1,1,1,0,1,0,0,1,0,1,1,1,bf2552c19d373d7d,0.75,1.0
task_0050,family_08,template_08,0.5,0.5,9,B-COLD,1,0,0,1,4550,4550,505.55555555555554,19,9120,0,120,0,0,1,0,0.99,4,0,0,0,0,0,0,0,0,0,0,0,0,0,,0.75,0.0
task_0050,family_08,template_08,0.5,0.5,9,B-RAG-EMBED,1,0,0,1,2500,2500,255.55555555555554,15,4870,150,120,5,1,1,0,0.99,4,0,0,0,0,0,0,0,0,0,0,1,1,0,,0.75,0.0
task_0050,family_08,template_08,0.5,0.5,9,B-STAGEHAND-CACHE,1,0,0,1,4550,4550,505.55555555555554,19,9120,0,120,0,0,1,0,0.99,4,0,0,0,0,0,0,0,0,0,0,1,0,0,,0.75,0.0
task_0050,family_08,template_08,0.5,0.5,9,B-TERX-REPLAY,1,0,0,1,4550,4550,505.55555555555554,19,9120,0,120,0,0,1,0,0.99,4,0,0,0,0,0,0,0,0,0,0,1,0,0,,0.75,0.0
task_0050,family_08,template_08,0.5,0.5,9,P-SPIDER-MEA-BATCHED,1,0,0,1,870,870,62.22222222222222,13,1405,150,120,9,1,1,0,0.99,4,0,0,0,0,0,1,1,0,1,0,1,1,1,f2652599e0a73d9d,0.75,1.0
task_0050,family_08,template_08,0.5,0.5,9,NC1-SHUFFLED,1,0,1,1,1084,1084,86.02899147245351,13,2155,150,30,8,0,0,0,0.462402527048161,2,0,1,1,1,1,1,0,0,1,0,0,0,0,f2652599e0a73d9d,0.0,0.0
task_0050,family_08,template_08,0.5,0.5,9,NC2-RANDOM,1,0,0,1,1375,1375,118.37482620259293,13,2155,150,30,8,0,0,0,0.5030708695622399,2,0,1,1,0,1,1,0,0,0,0,0,0,0,f2652599e0a73d9d,0.0,0.0
task_0050,family_08,template_08,0.5,0.5,9,NC3-LENGTH,1,0,0,1,4550,4550,500.0,19,9120,0,120,0,0,1,0,0.55,2,0,0,0,0,0,0,0,0,0,0,0,0,0,,0.75,0.0
task_0050,family_08,template_08,0.5,0.5,9,NC4-ABLATION,0,1,0,1,870,870,62.22222222222222,13,1405,150,120,9,1,1,0,0.99,4,0,0,0,0,0,1,0,0,1,0,1,1,1,f2652599e0a73d9d,0.75,1.0
task_0051,family_08,template_08,0.75,1.0,9,B-COLD,1,0,0,1,4550,4550,505.55555555555554,19,9120,0,120,0,0,1,0,0.99,4,0,0,0,0,0,0,0,0,0,0,0,0,0,,0.5,0.0
task_0051,family_08,template_08,0.75,1.0,9,B-RAG-EMBED,1,0,0,1,4750,4750,505.55555555555554,20,9270,150,120,0,0,1,0,0.99,4,0,0,0,0,0,0,0,0,0,0,1,0,0,,0.5,0.0
task_0051,family_08,template_08,0.75,1.0,9,B-STAGEHAND-CACHE,1,0,0,1,4550,4550,505.55555555555554,19,9120,0,120,0,0,1,0,0.99,4,0,0,0,0,0,0,0,0,0,0,1,0,0,,0.5,0.0
task_0051,family_08,template_08,0.75,1.0,9,B-TERX-REPLAY,1,0,0,1,4550,4550,505.55555555555554,19,9120,0,120,0,0,1,0,0.99,4,0,0,0,0,0,0,0,0,0,0,1,0,0,,0.5,0.0
task_0051,family_08,template_08,0.75,1.0,9,P-SPIDER-MEA-BATCHED,1,0,0,1,960,960,72.22222222222223,13,1470,150,120,9,1,1,0,0.9846,4,0,0,0,0,0,1,1,0,0,1,1,1,1,42d3b5c64304bb46,0.5,0.5
task_0051,family_08,template_08,0.75,1.0,9,NC1-SHUFFLED,1,0,1,1,1202,1202,99.22088905568071,13,2220,150,30,8,0,0,0,0.48389838168019805,2,1,1,1,1,1,1,0,0,1,0,0,0,0,42d3b5c64304bb46,0.0,0.0
task_0051,family_08,template_08,0.75,1.0,9,NC2-RANDOM,1,0,0,1,1252,1252,104.75113550179462,15,3915,150,30,6,0,0,0,0.6273975261458927,3,1,1,0,0,1,1,0,0,0,0,0,0,0,42d3b5c64304bb46,0.0,0.0
task_0051,family_08,template_08,0.75,1.0,9,NC3-LENGTH,1,0,0,1,4550,4550,500.0,19,9120,0,120,0,0,1,0,0.55,2,0,0,0,0,0,0,0,0,0,0,0,0,0,,0.5,0.0
task_0051,family_08,template_08,0.75,1.0,9,NC4-ABLATION,1,0,0,1,830,830,57.77777777777778,13,1315,150,30,9,1,1,0,0.9754,4,0,1,1,1,0,1,0,0,1,0,1,1,1,42d3b5c64304bb46,0.5,0.5
task_0052,family_08,template_08,1.0,1.0,9,B-COLD,1,0,0,1,4550,4550,505.55555555555554,19,9120,0,120,0,0,1,0,0.99,4,0,0,0,0,0,0,0,0,0,0,0,0,0,,0.75,0.0
task_0052,family_08,template_08,1.0,1.0,9,B-RAG-EMBED,1,0,0,1,4750,4750,505.55555555555554,20,9270,150,120,0,0,1,0,0.99,4,0,0,0,0,0,0,0,0,0,0,1,0,0,,0.75,0.0
task_0052,family_08,template_08,1.0,1.0,9,B-STAGEHAND-CACHE,1,0,0,1,4550,4550,505.55555555555554,19,9120,0,120,0,0,1,0,0.99,4,0,0,0,0,0,0,0,0,0,0,1,0,0,,0.75,0.0
task_0052,family_08,template_08,1.0,1.0,9,B-TERX-REPLAY,1,0,0,1,4550,4550,505.55555555555554,19,9120,0,120,0,0,1,0,0.99,4,0,0,0,0,0,0,0,0,0,0,1,0,0,,0.75,0.0
task_0052,family_08,template_08,1.0,1.0,9,P-SPIDER-MEA-BATCHED,1,0,0,1,830,830,57.77777777777778,13,1315,150,30,9,1,1,0,0.9516,4,0,1,1,1,0,1,1,0,1,0,1,1,1,b4a13182144f2b8c,0.75,1.0
task_0052,family_08,template_08,1.0,1.0,9,NC1-SHUFFLED,1,0,1,1,1149,1149,93.26173563752093,13,2155,150,30,8,0,0,0,0.38548654813914085,1,1,1,1,1,1,1,0,0,1,0,0,0,0,b4a13182144f2b8c,0.0,0.0
task_0052,family_08,template_08,1.0,1.0,9,NC2-RANDOM,1,0,0,1,1299,1299,109.94399761547429,14,3035,150,30,7,0,0,0,0.6195191503991807,3,0,0,1,0,1,1,0,0,0,0,0,0,0,b4a13182144f2b8c,0.1,0.0
task_0052,family_08,template_08,1.0,1.0,9,NC3-LENGTH,1,0,0,1,4550,4550,500.0,19,9120,0,120,0,0,1,0,0.55,2,0,0,0,0,0,0,0,0,0,0,0,0,0,,0.75,0.0
task_0052,family_08,template_08,1.0,1.0,9,NC4-ABLATION,0,1,0,1,830,830,57.77777777777778,13,1315,150,30,9,1,1,0,0.9643,4,0,1,1,1,0,1,0,0,1,0,1,1,1,b4a13182144f2b8c,0.75,1.0
task_0053,family_08,template_08,0.25,0.5,9,B-COLD,1,0,0,1,4550,4550,505.55555555555554,19,9120,0,120,0,0,1,0,0.99,4,0,0,0,0,0,0,0,0,0,0,0,0,0,,0.75,0.0
task_0053,family_08,template_08,0.25,0.5,9,B-RAG-EMBED,1,0,0,1,2500,2500,255.55555555555554,15,4870,150,120,5,1,1,0,0.99,4,0,0,0,0,0,0,0,0,0,0,1,1,0,,0.75,0.0
task_0053,family_08,template_08,0.25,0.5,9,B-STAGEHAND-CACHE,1,0,0,1,4550,4550,505.55555555555554,19,9120,0,120,0,0,1,0,0.99,4,0,0,0,0,0,0,0,0,0,0,1,0,0,,0.75,0.0
task_0053,family_08,template_08,0.25,0.5,9,B-TERX-REPLAY,1,0,0,1,4550,4550,505.55555555555554,19,9120,0,120,0,0,1,0,0.99,4,0,0,0,0,0,0,0,0,0,0,1,0,0,,0.75,0.0
task_0053,family_08,template_08,0.25,0.5,9,P-SPIDER-MEA-BATCHED,1,0,0,1,870,870,62.22222222222222,13,1405,150,120,9,1,1,0,0.9802,4,0,0,0,0,0,1,1,0,1,0,1,1,1,15361db58fe4f273,0.75,1.0
task_0053,family_08,template_08,0.25,0.5,9,NC1-SHUFFLED,1,0,1,1,1220,1220,101.19967451083075,13,2155,150,30,8,0,0,0,0.40829488585417945,2,0,1,1,1,1,1,0,0,1,0,0,0,0,15361db58fe4f273,0.0,0.0
task_0053,family_08,template_08,0.25,0.5,9,NC2-RANDOM,1,0,0,1,1104,1104,88.30395363026611,15,3915,150,30,6,0,0,0,0.5479934957400705,2,1,1,1,1,1,1,0,0,0,0,0,0,0,15361db58fe4f273,0.06666666666666667,0.0
task_0053,family_08,template_08,0.25,0.5,9,NC3-LENGTH,1,0,0,1,4550,4550,500.0,19,9120,0,120,0,0,1,0,0.55,2,0,0,0,0,0,0,0,0,0,0,0,0,0,,0.75,0.0
task_0053,family_08,template_08,0.25,0.5,9,NC4-ABLATION,1,0,0,1,830,830,57.77777777777778,13,1315,150,30,9,1,1,0,0.99,4,0,1,1,1,0,1,0,0,1,0,1,1,1,15361db58fe4f273,0.75,1.0
task_0054,family_09,template_09,0.0,0.0,10,B-COLD,1,0,0,1,5050,5050,505.0,21,10120,0,120,0,0,1,0,0.99,4,0,0,0,0,0,0,0,0,0,0,0,0,0,,1.0,0.0
task_0054,family_09,template_09,0.0,0.0,10,B-RAG-EMBED,1,0,0,1,750,750,55.0,12,1470,150,120,10,1,1,0,0.99,4,0,0,0,0,0,0,0,0,0,0,1,1,0,,1.0,0.0
task_0054,family_09,template_09,0.0,0.0,10,B-STAGEHAND-CACHE,1,0,0,1,550,550,55.0,11,1320,0,120,10,1,1,0,0.99,4,0,0,0,0,0,0,0,0,0,0,1,1,0,,1.0,0.0
task_0054,family_09,template_09,0.0,0.0,10,B-TERX-REPLAY,1,0,0,1,550,550,55.0,11,1320,0,120,10,1,1,0,0.99,4,0,0,0,0,0,0,0,0,0,0,1,1,0,,1.0,0.0
task_0054,family_09,template_09,0.0,0.0,10,P-SPIDER-MEA-BATCHED,1,0,0,1,970,970,66.0,14,1500,150,30,10,1,1,0,0.99,4,0,1,1,1,0,1,1,0,0,1,1,1,1,7664d7bea13b0908,1.0,1.0
task_0054,family_09,template_09,0.0,0.0,10,NC1-SHUFFLED,1,0,1,1,1290,1290,98.05535155139367,13,1395,150,30,8,0,0,0,0.4788169017350724,2,0,1,1,1,1,1,0,0,1,0,0,0,0,7664d7bea13b0908,0.2,0.0
task_0054,family_09,template_09,0.0,0.0,10,NC2-RANDOM,0,0,0,1,1255,1255,94.59853454129866,13,1485,150,120,8,0,0,0,0.6794645046030308,3,0,1,0,0,1,1,0,0,0,0,0,0,0,7664d7bea13b0908,0.2,0.0
task_0054,family_09,template_09,0.0,0.0,10,NC3-LENGTH,1,0,0,1,5050,5050,500.0,21,10120,0,120,0,0,1,0,0.55,2,0,0,0,0,0,0,0,0,0,0,0,0,0,,1.0,0.0
task_0054,family_09,template_09,0.0,0.0,10,NC4-ABLATION,0,0,0,1,920,920,61.0,14,1525,150,120,10,1,1,0,0.99,4,0,0,0,1,0,1,0,0,1,0,1,1,1,7664d7bea13b0908,1.0,1.0
task_0055,family_09,template_09,0.5,0.5,10,B-COLD,1,0,0,1,5050,5050,505.0,21,10120,0,120,0,0,1,0,0.9592,4,0,0,0,0,0,0,0,0,0,0,0,0,0,,0.5714285714285714,0.0
task_0055,family_09,template_09,0.5,0.5,10,B-RAG-EMBED,1,0,0,1,3000,3000,280.0,17,5870,150,120,5,1,1,0,0.9592,4,0,0,0,0,0,0,0,0,0,0,1,1,0,,0.5714285714285714,0.0
task_0055,family_09,template_09,0.5,0.5,10,B-STAGEHAND-CACHE,1,0,0,1,5050,5050,505.0,21,10120,0,120,0,0,1,0,0.9592,4,0,0,0,0,0,0,0,0,0,0,1,0,0,,0.5714285714285714,0.0
task_0055,family_09,template_09,0.5,0.5,10,B-TERX-REPLAY,1,0,0,1,5050,5050,505.0,21,10120,0,120,0,0,1,0,0.9592,4,0,0,0,0,0,0,0,0,0,0,1,0,0,,0.5714285714285714,0.0
task_0055,family_09,template_09,0.5,0.5,10,P-SPIDER-MEA-BATCHED,1,0,1,1,920,920,61.0,14,1525,150,120,10,0,0,0,0.0227,0,1,0,0,0,1,1,1,0,1,0,1,0,0,d5f0a6500ff6a95c,0.5714285714285714,1.0
task_0055,family_09,template_09,0.5,0.5,10,NC1-SHUFFLED,1,0,1,1,1300,1300,99.08884188300027,15,3245,150,120,8,0,0,0,0.36274494554268844,1,0,0,0,0,1,1,0,0,0,1,0,0,0,d5f0a6500ff6a95c,0.1,0.0
task_0055,family_09,template_09,0.5,0.5,10,NC2-RANDOM,0,0,0,1,1501,1501,119.19434187492814,15,3155,150,30,8,0,0,0,0.7432938763478814,3,0,0,1,1,1,1,1,0,0,0,0,0,0,d5f0a6500ff6a95c,0.0,0.0
task_0055,family_09,template_09,0.5,0.5,10,NC3-LENGTH,1,0,0,1,5050,5050,500.0,21,10120,0,120,0,0,1,0,0.55,2,0,0,0,0,0,0,0,0,0,0,0,0,0,,0.5714285714285714,0.0
task_0055,family_09,template_09,0.5,0.5,10,NC4-ABLATION,0,1,0,1,1010,1010,70.0,14,1590,150,120,10,1,1,0,0.99,4,0,0,0,0,0,1,0,0,0,1,1,1,1,d5f0a6500ff6a95c,0.5714285714285714,1.0
task_0056,family_09,template_09,0.75,1.0,10,B-COLD,1,0,0,1,5050,5050,505.0,21,10120,0,120,0,0,1,0,0.9852,4,0,0,0,0,0,0,0,0,0,0,0,0,0,,0.14285714285714285,0.0
task_0056,family_09,template_09,0.75,1.0,10,B-RAG-EMBED,1,0,0,1,5250,5250,505.0,22,10270,150,120,0,0,1,0,0.9852,4,0,0,0,0,0,0,0,0,0,0,0,0,0,,0.14285714285714285,0.0
task_0056,family_09,template_09,0.75,1.0,10,B-STAGEHAND-CACHE,1,0,0,1,5050,5050,505.0,21,10120,0,120,0,0,1,0,0.9852,4,0,0,0,0,0,0,0,0,0,0,0,0,0,,0.14285714285714285,0.0
task_0056,family_09,template_09,0.75,1.0,10,B-TERX-REPLAY,1,0,0,1,5050,5050,505.0,21,10120,0,120,0,0,1,0,0.9852,4,0,0,0,0,0,0,0,0,0,0,0,0,0,,0.14285714285714285,0.0
task_0056,family_09,template_09,0.75,1.0,10,P-SPIDER-MEA-BATCHED,1,0,0,1,1730,1730,142.0,15,3155,150,30,8,1,1,0,0.99,4,0,1,1,1,0,1,0,0,1,0,0,0,0,0aaec8d55f35ce6f,0.14285714285714285,0.14285714285714285
task_0056,family_09,template_09,0.75,1.0,10,NC1-SHUFFLED,1,0,1,1,1210,1210,90.00107204607623,15,3245,150,120,8,0,0,0,0.5239615877223922,2,0,0,0,0,1,1,0,0,1,0,0,0,0,0aaec8d55f35ce6f,0.0,0.0
task_0056,family_09,template_09,0.75,1.0,10,NC2-RANDOM,0,1,0,1,1382,1382,107.21481647598682,16,4125,150,120,7,0,0,0,0.7127263583565111,3,1,0,0,0,1,1,0,0,1,0,0,0,0,0aaec8d55f35ce6f,0.0,0.0
task_0056,family_09,template_09,0.75,1.0,10,NC3-LENGTH,1,0,0,1,5050,5050,500.0,21,10120,0,120,0,0,1,0,0.55,2,0,0,0,0,0,0,0,0,0,0,0,0,0,,0.14285714285714285,0.0
task_0056,family_09,template_09,0.75,1.0,10,NC4-ABLATION,0,1,0,1,1730,1730,142.0,15,3155,150,30,8,0,0,0,0.0153,0,1,1,1,1,0,1,0,0,1,0,0,0,0,0aaec8d55f35ce6f,0.14285714285714285,0.14285714285714285
task_0057,family_09,template_09,1.0,1.0,10,B-COLD,1,0,0,1,5050,5050,505.0,21,10120,0,120,0,0,1,0,0.99,4,0,0,0,0,0,0,0,0,0,0,0,0,0,,0.14285714285714285,0.0
task_0057,family_09,template_09,1.0,1.0,10,B-RAG-EMBED,1,0,0,1,5250,5250,505.0,22,10270,150,120,0,0,1,0,0.99,4,0,0,0,0,0,0,0,0,0,0,0,0,0,,0.14285714285714285,0.0
task_0057,family_09,template_09,1.0,1.0,10,B-STAGEHAND-CACHE,1,0,0,1,5050,5050,505.0,21,10120,0,120,0,0,1,0,0.99,4,0,0,0,0,0,0,0,0,0,0,0,0,0,,0.14285714285714285,0.0
task_0057,family_09,template_09,1.0,1.0,10,B-TERX-REPLAY,1,0,0,1,5050,5050,505.0,21,10120,0,120,0,0,1,0,0.99,4,0,0,0,0,0,0,0,0,0,0,0,0,0,,0.14285714285714285,0.0
task_0057,family_09,template_09,1.0,1.0,10,P-SPIDER-MEA-BATCHED,1,0,1,1,1730,1730,142.0,15,3155,150,30,8,0,0,0,0.034,0,1,1,1,1,1,1,0,0,1,0,0,0,0,0ca14449a1a0b93a,0.14285714285714285,0.14285714285714285
task_0057,family_09,template_09,1.0,1.0,10,NC1-SHUFFLED,1,0,1,1,1229,1229,91.98054686832361,15,3245,150,120,8,0,0,0,0.362286987845617,1,0,0,0,0,1,1,0,0,0,1,0,0,0,0ca14449a1a0b93a,0.0,0.0
task_0057,family_09,template_09,1.0,1.0,10,NC2-RANDOM,1,0,0,1,1160,1160,85.0075236506158,16,4035,150,30,7,0,0,0,0.6271892971559346,3,0,0,0,1,1,1,0,0,1,0,0,0,0,0ca14449a1a0b93a,0.0,0.0
task_0057,family_09,template_09,1.0,1.0,10,NC3-LENGTH,1,0,0,1,5050,5050,500.0,21,10120,0,120,0,0,1,0,0.55,2,0,0,0,0,0,0,0,0,0,0,0,0,0,,0.14285714285714285,0.0
task_0057,family_09,template_09,1.0,1.0,10,NC4-ABLATION,1,0,1,1,1730,1730,142.0,15,3155,150,30,8,0,0,0,0.0317,0,1,1,1,1,1,1,0,0,1,0,0,0,0,0ca14449a1a0b93a,0.14285714285714285,0.14285714285714285
task_0058,family_09,template_09,0.25,0.5,10,B-COLD,1,0,0,1,5050,5050,505.0,21,10120,0,120,0,0,1,0,0.99,4,0,0,0,0,0,0,0,0,0,0,0,0,0,,0.5714285714285714,0.0
task_0058,family_09,template_09,0.25,0.5,10,B-RAG-EMBED,1,0,0,1,3000,3000,280.0,17,5870,150,120,5,1,1,0,0.99,4,0,0,0,0,0,0,0,0,0,0,1,1,0,,0.5714285714285714,0.0
task_0058,family_09,template_09,0.25,0.5,10,B-STAGEHAND-CACHE,1,0,0,1,5050,5050,505.0,21,10120,0,120,0,0,1,0,0.99,4,0,0,0,0,0,0,0,0,0,0,1,0,0,,0.5714285714285714,0.0
task_0058,family_09,template_09,0.25,0.5,10,B-TERX-REPLAY,1,0,0,1,5050,5050,505.0,21,10120,0,120,0,0,1,0,0.99,4,0,0,0,0,0,0,0,0,0,0,1,0,0,,0.5714285714285714,0.0
task_0058,family_09,template_09,0.25,0.5,10,P-SPIDER-MEA-BATCHED,1,0,0,1,920,920,61.0,14,1525,150,120,10,1,1,0,0.99,4,0,0,0,1,0,1,1,0,1,0,1,1,1,4f4e58b9654d619f,0.5714285714285714,1.0
task_0058,family_09,template_09,0.25,0.5,10,NC1-SHUFFLED,1,0,1,1,1319,1319,100.94748454654206,15,3245,150,120,8,0,0,0,0.39185669468824313,1,0,0,0,1,1,1,0,0,0,1,0,0,0,4f4e58b9654d619f,0.1,0.0
task_0058,family_09,template_09,0.25,0.5,10,NC2-RANDOM,1,0,0,1,1428,1428,111.8379025671417,15,3155,150,30,8,0,0,0,0.6963087669986789,3,0,1,0,1,1,1,0,0,0,0,0,0,0,4f4e58b9654d619f,0.1,0.0
task_0058,family_09,template_09,0.25,0.5,10,NC3-LENGTH,1,0,0,1,5050,5050,500.0,21,10120,0,120,0,0,1,0,0.55,2,0,0,0,0,0,0,0,0,0,0,0,0,0,,0.5714285714285714,0.0
task_0058,family_09,template_09,0.25,0.5,10,NC4-ABLATION,1,0,0,1,920,920,61.0,14,1525,150,120,10,1,1,0,0.99,4,0,0,0,0,0,1,0,0,1,0,1,1,1,4f4e58b9654d619f,0.5714285714285714,1.0
task_0059,family_09,template_09,0.5,0.5,10,B-COLD,1,0,0,1,5050,5050,505.0,21,10120,0,120,0,0,1,0,0.99,4,0,0,0,0,0,0,0,0,0,0,0,0,0,,0.3214285714285714,0.0
task_0059,family_09,template_09,0.5,0.5,10,B-RAG-EMBED,1,0,0,1,3000,3000,280.0,17,5870,150,120,5,1,1,0,0.99,4,0,0,0,0,0,0,0,0,0,0,1,1,0,,0.3214285714285714,0.0
task_0059,family_09,template_09,0.5,0.5,10,B-STAGEHAND-CACHE,1,0,0,1,5050,5050,505.0,21,10120,0,120,0,0,1,0,0.99,4,0,0,0,0,0,0,0,0,0,0,1,0,0,,0.3214285714285714,0.0
task_0059,family_09,template_09,0.5,0.5,10,B-TERX-REPLAY,1,0,0,1,5050,5050,505.0,21,10120,0,120,0,0,1,0,0.99,4,0,0,0,0,0,0,0,0,0,0,1,0,0,,0.3214285714285714,0.0
task_0059,family_09,template_09,0.5,0.5,10,P-SPIDER-MEA-BATCHED,1,0,0,1,880,880,57.0,14,1435,150,30,10,1,1,0,0.9678,4,0,1,1,1,0,1,1,0,1,0,1,1,1,c5e1d118010527f2,0.3214285714285714,0.5
task_0059,family_09,template_09,0.5,0.5,10,NC1-SHUFFLED,1,0,1,1,1238,1238,92.87624547415875,15,3155,150,30,8,0,0,0,0.5430051443080897,2,1,1,1,1,1,1,0,0,0,1,0,0,0,c5e1d118010527f2,0.0,0.0
task_0059,family_09,template_09,0.5,0.5,10,NC2-RANDOM,0,1,0,1,1390,1390,108.0307794058078,15,3245,150,120,8,0,0,0,0.7304493008524406,3,0,0,0,0,1,1,0,0,1,0,0,0,0,c5e1d118010527f2,0.0,0.0
task_0059,family_09,template_09,0.5,0.5,10,NC3-LENGTH,1,0,0,1,5050,5050,500.0,21,10120,0,120,0,0,1,0,0.55,2,0,0,0,0,0,0,0,0,0,0,0,0,0,,0.3214285714285714,0.0
task_0059,family_09,template_09,0.5,0.5,10,NC4-ABLATION,1,0,0,1,920,920,61.0,14,1525,150,120,10,1,1,0,0.99,4,0,0,0,0,0,1,0,0,1,0,1,1,1,c5e1d118010527f2,0.3214285714285714,0.5
task_0060,family_10,template_10,0.0,0.0,11,B-COLD,1,0,0,1,5550,5550,504.54545454545456,23,11120,0,120,0,0,1,0,0.99,4,0,0,0,0,0,0,0,0,0,0,0,0,0,,1.0,0.0
task_0060,family_10,template_10,0.0,0.0,11,B-RAG-EMBED,1,0,0,1,800,800,54.54545454545455,13,1590,150,120,11,1,1,0,0.99,4,0,0,0,0,0,0,0,0,0,0,1,1,0,,1.0,0.0
task_0060,family_10,template_10,0.0,0.0,11,B-STAGEHAND-CACHE,1,0,0,1,600,600,54.54545454545455,12,1440,0,120,11,1,1,0,0.99,4,0,0,0,0,0,0,0,0,0,0,1,1,0,,1.0,0.0
task_0060,family_10,template_10,0.0,0.0,11,B-TERX-REPLAY,1,0,0,1,600,600,54.54545454545455,12,1440,0,120,11,1,1,0,0.99,4,0,0,0,0,0,0,0,0,0,0,1,1,0,,1.0,0.0
task_0060,family_10,template_10,0.0,0.0,11,P-SPIDER-MEA-BATCHED,1,0,0,1,1060,1060,68.18181818181819,15,1710,150,120,11,1,1,0,0.965,4,0,0,0,0,0,1,1,0,0,1,1,1,1,b902d1d0fa9990d8,1.0,1.0
task_0060,family_10,template_10,0.0,0.0,11,NC1-SHUFFLED,1,0,0,1,1486,1486,106.99953563662098,14,1515,150,30,9,0,0,0,0.751602675414445,3,0,1,1,1,1,1,0,0,0,1,0,0,0,b902d1d0fa9990d8,0.25,0.0
task_0060,family_10,template_10,0.0,0.0,11,NC2-RANDOM,1,0,0,1,1494,1494,107.70204846083877,14,1670,150,120,9,0,0,0,0.7417466127167608,3,0,0,0,0,1,1,0,0,0,1,0,0,0,b902d1d0fa9990d8,0.1,0.0
task_0060,family_10,template_10,0.0,0.0,11,NC3-LENGTH,1,0,0,1,5550,5550,500.0,23,11120,0,120,0,0,1,0,0.55,2,0,0,0,0,0,0,0,0,0,0,0,0,0,,1.0,0.0
task_0060,family_10,template_10,0.0,0.0,11,NC4-ABLATION,1,0,0,1,930,930,56.36363636363637,15,1555,150,30,11,1,1,0,0.99,4,0,1,1,1,0,1,0,0,1,0,1,1,1,b902d1d0fa9990d8,1.0,1.0
task_0061,family_10,template_10,0.75,0.6667,11,B-COLD,1,0,0,1,5550,5550,504.54545454545456,23,11120,0,120,0,0,1,0,0.99,4,0,0,0,0,0,0,0,0,0,0,0,0,0,,0.6666666666666666,0.0
task_0061,family_10,template_10,0.75,0.6667,11,B-RAG-EMBED,1,0,0,1,3950,3950,340.90909090909093,20,7750,150,120,4,1,1,0,0.99,4,0,0,0,0,0,0,0,0,0,0,1,1,0,,0.6666666666666666,0.0
task_0061,family_10,template_10,0.75,0.6667,11,B-STAGEHAND-CACHE,1,0,0,1,5550,5550,504.54545454545456,23,11120,0,120,0,0,1,0,0.99,4,0,0,0,0,0,0,0,0,0,0,1,0,0,,0.6666666666666666,0.0
task_0061,family_10,template_10,0.75,0.6667,11,B-TERX-REPLAY,1,0,0,1,5550,5550,504.54545454545456,23,11120,0,120,0,0,1,0,0.99,4,0,0,0,0,0,0,0,0,0,0,1,0,0,,0.6666666666666666,0.0
task_0061,family_10,template_10,0.75,0.6667,11,P-SPIDER-MEA-BATCHED,1,0,0,1,970,970,60.0,15,1645,150,120,11,1,1,0,0.99,4,0,0,0,0,0,1,1,0,1,0,1,1,1,4da8f466e233026a,0.6666666666666666,1.0
task_0061,family_10,template_10,0.75,0.6667,11,NC1-SHUFFLED,1,0,1,1,1527,1527,110.68929696624338,16,3275,150,30,9,0,0,0,0.44669490521470556,2,1,1,1,1,1,1,0,0,0,1,0,0,0,4da8f466e233026a,0.125,0.0
task_0061,family_10,template_10,0.75,0.6667,11,NC2-RANDOM,1,0,0,1,1294,1294,89.53768464375406,17,4245,150,120,8,0,0,0,0.49914307086881704,2,1,0,0,1,1,1,0,0,0,0,0,0,0,4da8f466e233026a,0.06666666666666667,0.0
task_0061,family_10,template_10,0.75,0.6667,11,NC3-LENGTH,1,0,0,1,5550,5550,500.0,23,11120,0,120,0,0,1,0,0.55,2,0,0,0,0,0,0,0,0,0,0,0,0,0,,0.6666666666666666,0.0
task_0061,family_10,template_10,0.75,0.6667,11,NC4-ABLATION,0,1,0,1,930,930,56.36363636363637,15,1555,150,30,11,1,1,0,0.99,4,0,1,1,1,0,1,0,0,1,0,1,1,1,4da8f466e233026a,0.6666666666666666,1.0
task_0062,family_10,template_10,1.0,1.0,11,B-COLD,1,0,0,1,5550,5550,504.54545454545456,23,11120,0,120,0,0,1,0,0.99,4,0,0,0,0,0,0,0,0,0,0,0,0,0,,0.5,0.0
task_0062,family_10,template_10,1.0,1.0,11,B-RAG-EMBED,1,0,0,1,5750,5750,504.54545454545456,24,11270,150,120,0,0,1,0,0.99,4,0,0,0,0,0,0,0,0,0,0,1,0,0,,0.5,0.0
task_0062,family_10,template_10,1.0,1.0,11,B-STAGEHAND-CACHE,1,0,0,1,5550,5550,504.54545454545456,23,11120,0,120,0,0,1,0,0.99,4,0,0,0,0,0,0,0,0,0,0,1,0,0,,0.5,0.0
task_0062,family_10,template_10,1.0,1.0,11,B-TERX-REPLAY,1,0,0,1,5550,5550,504.54545454545456,23,11120,0,120,0,0,1,0,0.99,4,0,0,0,0,0,0,0,0,0,0,1,0,0,,0.5,0.0
task_0062,family_10,template_10,1.0,1.0,11,P-SPIDER-MEA-BATCHED,1,0,0,1,930,930,56.36363636363637,15,1555,150,30,11,1,1,0,0.99,4,0,1,1,1,0,1,1,0,1,0,1,1,1,fb797703c8ded027,0.5,0.5
task_0062,family_10,template_10,1.0,1.0,11,NC1-SHUFFLED,1,0,1,1,1271,1271,87.36674081754727,16,3275,150,30,9,0,0,0,0.38998110138534514,1,1,1,1,1,1,1,0,0,1,0,0,0,0,fb797703c8ded027,0.0,0.0
task_0062,family_10,template_10,1.0,1.0,11,NC2-RANDOM,1,0,0,1,1496,1496,107.84168692788262,15,2395,150,30,10,0,0,0,0.5490412905460994,2,1,1,1,0,1,1,0,0,1,0,0,0,0,fb797703c8ded027,0.0,0.0
task_0062,family_10,template_10,1.0,1.0,11,NC3-LENGTH,1,0,0,1,5550,5550,500.0,23,11120,0,120,0,0,1,0,0.55,2,0,0,0,0,0,0,0,0,0,0,0,0,0,,0.5,0.0
task_0062,family_10,template_10,1.0,1.0,11,NC4-ABLATION,1,0,0,1,930,930,56.36363636363637,15,1555,150,30,11,1,1,0,0.985,4,0,1,1,1,0,1,0,0,1,0,1,1,1,fb797703c8ded027,0.5,0.5
task_0063,family_10,template_10,0.25,0.3333,11,B-COLD,1,0,0,1,5550,5550,504.54545454545456,23,11120,0,120,0,0,1,0,0.9558,4,0,0,0,0,0,0,0,0,0,0,0,0,0,,0.8333333333333334,0.0
task_0063,family_10,template_10,0.25,0.3333,11,B-RAG-EMBED,1,0,0,1,2600,2600,218.1818181818182,17,5110,150,120,7,1,1,0,0.9558,4,0,0,0,0,0,0,0,0,0,0,1,1,0,,0.8333333333333334,0.0
task_0063,family_10,template_10,0.25,0.3333,11,B-STAGEHAND-CACHE,1,0,0,1,5550,5550,504.54545454545456,23,11120,0,120,0,0,1,0,0.9558,4,0,0,0,0,0,0,0,0,0,0,1,0,0,,0.8333333333333334,0.0
task_0063,family_10,template_10,0.25,0.3333,11,B-TERX-REPLAY,1,0,0,1,5550,5550,504.54545454545456,23,11120,0,120,0,0,1,0,0.9558,4,0,0,0,0,0,0,0,0,0,0,1,0,0,,0.8333333333333334,0.0
task_0063,family_10,template_10,0.25,0.3333,11,P-SPIDER-MEA-BATCHED,1,0,0,1,970,970,60.0,15,1645,150,120,11,1,1,0,0.99,4,0,0,0,0,0,1,1,0,1,0,1,1,1,f8b37be050a0a63b,0.8333333333333334,1.0
task_0063,family_10,template_10,0.25,0.3333,11,NC1-SHUFFLED,1,0,1,1,1275,1275,87.75457830173531,16,3275,150,30,9,0,0,0,0.366855121308477,1,0,1,1,1,1,1,0,0,0,1,0,0,0,f8b37be050a0a63b,0.125,0.0
task_0063,family_10,template_10,0.25,0.3333,11,NC2-RANDOM,0,0,0,1,1297,1297,89.74805646012064,16,3275,150,30,9,0,0,0,0.5371289787539094,2,0,1,0,1,1,1,0,0,0,0,0,0,0,f8b37be050a0a63b,0.1,0.0
task_0063,family_10,template_10,0.25,0.3333,11,NC3-LENGTH,1,0,0,1,5550,5550,500.0,23,11120,0,120,0,0,1,0,0.55,2,0,0,0,0,0,0,0,0,0,0,0,0,0,,0.8333333333333334,0.0
task_0063,family_10,template_10,0.25,0.3333,11,NC4-ABLATION,0,1,0,1,930,930,56.36363636363637,15,1555,150,30,11,1,1,0,0.99,4,0,1,1,1,0,1,0,0,1,0,1,1,1,f8b37be050a0a63b,0.8333333333333334,1.0
task_0064,family_10,template_10,0.5,0.6667,11,B-COLD,1,0,0,1,5550,5550,504.54545454545456,23,11120,0,120,0,0,1,0,0.9603,4,0,0,0,0,0,0,0,0,0,0,0,0,0,,0.8333333333333334,0.0
task_0064,family_10,template_10,0.5,0.6667,11,B-RAG-EMBED,1,0,0,1,3950,3950,340.90909090909093,20,7750,150,120,4,1,1,0,0.9603,4,0,0,0,0,0,0,0,0,0,0,1,1,0,,0.8333333333333334,0.0
task_0064,family_10,template_10,0.5,0.6667,11,B-STAGEHAND-CACHE,1,0,0,1,5550,5550,504.54545454545456,23,11120,0,120,0,0,1,0,0.9603,4,0,0,0,0,0,0,0,0,0,0,1,0,0,,0.8333333333333334,0.0
task_0064,family_10,template_10,0.5,0.6667,11,B-TERX-REPLAY,1,0,0,1,5550,5550,504.54545454545456,23,11120,0,120,0,0,1,0,0.9603,4,0,0,0,0,0,0,0,0,0,0,1,0,0,,0.8333333333333334,0.0
task_0064,family_10,template_10,0.5,0.6667,11,P-SPIDER-MEA-BATCHED,1,0,0,1,970,970,60.0,15,1645,150,120,11,1,1,0,0.99,4,0,0,0,0,0,1,1,0,1,0,1,1,1,760d6f8634bf0d5d,0.8333333333333334,1.0
task_0064,family_10,template_10,0.5,0.6667,11,NC1-SHUFFLED,1,0,1,1,1532,1532,111.17800731382623,16,3365,150,120,9,0,0,0,0.5311767943196057,2,0,0,0,0,1,1,0,0,0,1,0,0,0,760d6f8634bf0d5d,0.125,0.0
task_0064,family_10,template_10,0.5,0.6667,11,NC2-RANDOM,1,0,0,1,1407,1407,99.7946499018667,16,3275,150,30,9,0,0,0,0.6226985292514502,3,1,0,1,0,1,1,0,0,1,0,0,0,0,760d6f8634bf0d5d,0.1,0.0
task_0064,family_10,template_10,0.5,0.6667,11,NC3-LENGTH,1,0,0,1,5550,5550,500.0,23,11120,0,120,0,0,1,0,0.55,2,0,0,0,0,0,0,0,0,0,0,0,0,0,,0.8333333333333334,0.0
task_0064,family_10,template_10,0.5,0.6667,11,NC4-ABLATION,1,0,0,1,970,970,60.0,15,1645,150,120,11,1,1,0,0.99,4,0,0,0,0,0,1,0,0,1,0,1,1,1,760d6f8634bf0d5d,0.8333333333333334,1.0
task_0065,family_10,template_10,0.75,0.6667,11,B-COLD,1,0,0,1,5550,5550,504.54545454545456,23,11120,0,120,0,0,1,0,0.971,4,0,0,0,0,0,0,0,0,0,0,0,0,0,,0.8333333333333334,0.0
task_0065,family_10,template_10,0.75,0.6667,11,B-RAG-EMBED,1,0,0,1,3950,3950,340.90909090909093,20,7750,150,120,4,1,1,0,0.971,4,0,0,0,0,0,0,0,0,0,0,1,1,0,,0.8333333333333334,0.0
task_0065,family_10,template_10,0.75,0.6667,11,B-STAGEHAND-CACHE,1,0,0,1,5550,5550,504.54545454545456,23,11120,0,120,0,0,1,0,0.971,4,0,0,0,0,0,0,0,0,0,0,1,0,0,,0.8333333333333334,0.0
task_0065,family_10,template_10,0.75,0.6667,11,B-TERX-REPLAY,1,0,0,1,5550,5550,504.54545454545456,23,11120,0,120,0,0,1,0,0.971,4,0,0,0,0,0,0,0,0,0,0,1,0,0,,0.8333333333333334,0.0
task_0065,family_10,template_10,0.75,0.6667,11,P-SPIDER-MEA-BATCHED,1,0,0,1,930,930,56.36363636363637,15,1555,150,30,11,1,1,0,0.99,4,0,1,1,1,0,1,1,0,1,0,1,1,1,0d817ba92963c7fc,0.8333333333333334,1.0
task_0065,family_10,template_10,0.75,0.6667,11,NC1-SHUFFLED,1,0,1,1,1452,1452,103.82361309511768,16,3365,150,120,9,0,0,0,0.3853080700659798,1,0,0,0,0,1,1,0,0,1,0,0,0,0,0d817ba92963c7fc,0.25,0.0
task_0065,family_10,template_10,0.75,0.6667,11,NC2-RANDOM,0,1,0,1,1534,1534,111.27603945778681,15,2485,150,120,10,0,0,0,0.7009481648888202,3,0,0,1,0,1,1,1,0,0,0,0,0,0,0d817ba92963c7fc,0.2,0.0
task_0065,family_10,template_10,0.75,0.6667,11,NC3-LENGTH,1,0,0,1,5550,5550,500.0,23,11120,0,120,0,0,1,0,0.55,2,0,0,0,0,0,0,0,0,0,0,0,0,0,,0.8333333333333334,0.0
task_0065,family_10,template_10,0.75,0.6667,11,NC4-ABLATION,0,1,0,1,930,930,56.36363636363637,15,1555,150,30,11,1,1,0,0.99,4,0,1,1,1,0,1,0,0,1,0,1,1,1,0d817ba92963c7fc,0.8333333333333334,1.0
task_0066,family_11,template_11,0.0,0.0,12,B-COLD,1,0,0,1,6050,6050,504.1666666666667,25,12120,0,120,0,0,1,0,0.99,4,0,0,0,0,0,0,0,0,0,0,0,0,0,,1.0,0.0
task_0066,family_11,template_11,0.0,0.0,12,B-RAG-EMBED,1,0,0,1,850,850,54.166666666666664,14,1710,150,120,12,1,1,0,0.99,4,0,0,0,0,0,0,0,0,0,0,1,1,0,,1.0,0.0
task_0066,family_11,template_11,0.0,0.0,12,B-STAGEHAND-CACHE,1,0,0,1,650,650,54.166666666666664,13,1560,0,120,12,1,1,0,0.99,4,0,0,0,0,0,0,0,0,0,0,1,1,0,,1.0,0.0
task_0066,family_11,template_11,0.0,0.0,12,B-TERX-REPLAY,1,0,0,1,650,650,54.166666666666664,13,1560,0,120,12,1,1,0,0.99,4,0,0,0,0,0,0,0,0,0,0,1,1,0,,1.0,0.0
task_0066,family_11,template_11,0.0,0.0,12,P-SPIDER-MEA-BATCHED,1,0,0,1,1110,1110,66.66666666666667,16,1830,150,120,12,1,1,0,0.9684,4,0,0,0,0,0,1,1,0,0,1,1,1,1,3a9d360c2f7a3ca3,1.0,1.0
task_0066,family_11,template_11,0.0,0.0,12,NC1-SHUFFLED,1,0,1,1,1491,1491,98.4632407523429,15,1635,150,30,9,0,0,0,0.36232577120002846,1,0,1,1,1,1,1,0,0,0,1,0,0,0,3a9d360c2f7a3ca3,0.06666666666666667,0.0
task_0066,family_11,template_11,0.0,0.0,12,NC2-RANDOM,1,0,0,1,1632,1632,110.2325943183179,15,1725,150,120,9,0,0,0,0.706878058609733,3,0,0,0,1,1,1,1,0,1,0,0,0,0,3a9d360c2f7a3ca3,0.06666666666666667,0.0
task_0066,family_11,template_11,0.0,0.0,12,NC3-LENGTH,1,0,0,1,6050,6050,500.0,25,12120,0,120,0,0,1,0,0.55,2,0,0,0,0,0,0,0,0,0,0,0,0,0,,1.0,0.0
task_0066,family_11,template_11,0.0,0.0,12,NC4-ABLATION,1,0,0,1,980,980,55.833333333333336,16,1675,150,30,12,1,1,0,0.9671,4,0,1,1,1,0,1,0,0,1,0,1,1,1,3a9d360c2f7a3ca3,1.0,1.0
task_0067,family_11,template_11,1.0,1.0,12,B-COLD,1,0,0,1,6050,6050,504.1666666666667,25,12120,0,120,0,0,1,0,0.9745,4,0,0,0,0,0,0,0,0,0,0,0,0,0,,0.14285714285714285,0.0
task_0067,family_11,template_11,1.0,1.0,12,B-RAG-EMBED,1,0,0,1,6250,6250,504.1666666666667,26,12270,150,120,0,0,1,0,0.9745,4,0,0,0,0,0,0,0,0,0,0,0,0,0,,0.14285714285714285,0.0
task_0067,family_11,template_11,1.0,1.0,12,B-STAGEHAND-CACHE,1,0,0,1,6050,6050,504.1666666666667,25,12120,0,120,0,0,1,0,0.9745,4,0,0,0,0,0,0,0,0,0,0,0,0,0,,0.14285714285714285,0.0
task_0067,family_11,template_11,1.0,1.0,12,B-TERX-REPLAY,1,0,0,1,6050,6050,504.1666666666667,25,12120,0,120,0,0,1,0,0.9745,4,0,0,0,0,0,0,0,0,0,0,0,0,0,,0.14285714285714285,0.0
task_0067,family_11,template_11,1.0,1.0,12,P-SPIDER-MEA-BATCHED,1,0,1,1,1380,1380,89.16666666666667,16,2515,150,30,11,0,0,0,0.01,0,1,1,1,1,1,1,0,0,1,0,0,0,0,d8e8f91dd7c119b6,0.14285714285714285,0.14285714285714285
task_0067,family_11,template_11,1.0,1.0,12,NC1-SHUFFLED,1,0,0,1,1467,1467,96.4630111776622,18,4365,150,120,9,0,0,0,0.7702122935175276,3,0,0,0,0,1,1,0,0,0,1,0,0,0,d8e8f91dd7c119b6,0.0,0.0
task_0067,family_11,template_11,1.0,1.0,12,NC2-RANDOM,1,0,0,1,1393,1393,90.3288662191876,16,2605,150,120,11,0,0,0,0.5082313728037547,2,1,1,1,0,1,1,0,0,1,0,0,0,0,d8e8f91dd7c119b6,0.0,0.0
task_0067,family_11,template_11,1.0,1.0,12,NC3-LENGTH,1,0,0,1,6050,6050,500.0,25,12120,0,120,0,0,1,0,0.55,2,0,0,0,0,0,0,0,0,0,0,0,0,0,,0.14285714285714285,0.0
task_0067,family_11,template_11,1.0,1.0,12,NC4-ABLATION,0,0,0,1,1470,1470,96.66666666666667,16,2580,150,30,11,1,1,0,0.9808,4,0,1,1,1,0,1,0,0,0,1,0,0,0,d8e8f91dd7c119b6,0.14285714285714285,0.14285714285714285
task_0068,family_11,template_11,0.25,0.0,12,B-COLD,1,0,0,1,6050,6050,504.1666666666667,25,12120,0,120,0,0,1,0,0.9889,4,0,0,0,0,0,0,0,0,0,0,0,0,0,,1.0,0.0
task_0068,family_11,template_11,0.25,0.0,12,B-RAG-EMBED,1,0,0,1,850,850,54.166666666666664,14,1710,150,120,12,1,1,0,0.9889,4,0,0,0,0,0,0,0,0,0,0,1,1,0,,1.0,0.0
task_0068,family_11,template_11,0.25,0.0,12,B-STAGEHAND-CACHE,1,0,0,1,6050,6050,504.1666666666667,25,12120,0,120,0,0,1,0,0.9889,4,0,0,0,0,0,0,0,0,0,0,1,0,0,,1.0,0.0
task_0068,family_11,template_11,0.25,0.0,12,B-TERX-REPLAY,1,0,0,1,6050,6050,504.1666666666667,25,12120,0,120,0,0,1,0,0.9889,4,0,0,0,0,0,0,0,0,0,0,1,0,0,,1.0,0.0
task_0068,family_11,template_11,0.25,0.0,12,P-SPIDER-MEA-BATCHED,1,0,0,1,980,980,55.833333333333336,16,1675,150,30,12,1,1,0,0.99,4,0,1,1,1,0,1,1,0,1,0,1,1,1,a9ffeac67ebad289,1.0,1.0
task_0068,family_11,template_11,0.25,0.0,12,NC1-SHUFFLED,1,0,1,1,1483,1483,97.80786270672198,15,1635,150,30,9,0,0,0,0.4733424107303824,2,0,1,1,1,1,1,0,0,1,0,0,0,0,a9ffeac67ebad289,0.06666666666666667,0.0
task_0068,family_11,template_11,0.25,0.0,12,NC2-RANDOM,0,1,0,1,1481,1481,97.65207488913003,15,1725,150,120,10,0,0,0,0.7745679926048581,3,0,1,0,1,1,1,1,0,0,0,0,0,0,a9ffeac67ebad289,0.1,0.0
task_0068,family_11,template_11,0.25,0.0,12,NC3-LENGTH,1,0,0,1,6050,6050,500.0,25,12120,0,120,0,0,1,0,0.55,2,0,0,0,0,0,0,0,0,0,0,0,0,0,,1.0,0.0
task_0068,family_11,template_11,0.25,0.0,12,NC4-ABLATION,1,0,0,1,1020,1020,59.166666666666664,16,1765,150,120,12,1,1,0,0.9693,4,0,0,0,1,0,1,0,0,1,0,1,1,1,a9ffeac67ebad289,1.0,1.0
task_0069,family_11,template_11,0.5,1.0,12,B-COLD,1,0,0,1,6050,6050,504.1666666666667,25,12120,0,120,0,0,1,0,0.99,4,0,0,0,0,0,0,0,0,0,0,0,0,0,,0.14285714285714285,0.0
task_0069,family_11,template_11,0.5,1.0,12,B-RAG-EMBED,1,0,0,1,6250,6250,504.1666666666667,26,12270,150,120,0,0,1,0,0.99,4,0,0,0,0,0,0,0,0,0,0,0,0,0,,0.14285714285714285,0.0
task_0069,family_11,template_11,0.5,1.0,12,B-STAGEHAND-CACHE,1,0,0,1,6050,6050,504.1666666666667,25,12120,0,120,0,0,1,0,0.99,4,0,0,0,0,0,0,0,0,0,0,0,0,0,,0.14285714285714285,0.0
task_0069,family_11,template_11,0.5,1.0,12,B-TERX-REPLAY,1,0,0,1,6050,6050,504.1666666666667,25,12120,0,120,0,0,1,0,0.99,4,0,0,0,0,0,0,0,0,0,0,0,0,0,,0.14285714285714285,0.0
task_0069,family_11,template_11,0.5,1.0,12,P-SPIDER-MEA-BATCHED,1,0,0,1,1380,1380,89.16666666666667,16,2515,150,30,11,1,1,0,0.99,4,0,1,1,1,0,1,0,0,1,0,0,0,0,f7ac02df3ad45fbe,0.14285714285714285,0.14285714285714285
task_0069,family_11,template_11,0.5,1.0,12,NC1-SHUFFLED,1,0,1,1,1614,1614,108.68412649461703,18,4365,150,120,9,0,0,0,0.4235579630340288,2,1,0,0,1,1,1,0,0,1,0,0,0,0,f7ac02df3ad45fbe,0.0,0.0
task_0069,family_11,template_11,0.5,1.0,12,NC2-RANDOM,1,0,0,1,1668,1668,113.19669105644888,18,4365,150,120,9,0,0,0,0.4640861130292039,2,1,1,1,1,1,1,0,0,1,0,0,0,0,f7ac02df3ad45fbe,0.0,0.0
task_0069,family_11,template_11,0.5,1.0,12,NC3-LENGTH,1,0,0,1,6050,6050,500.0,25,12120,0,120,0,0,1,0,0.55,2,0,0,0,0,0,0,0,0,0,0,0,0,0,,0.14285714285714285,0.0
task_0069,family_11,template_11,0.5,1.0,12,NC4-ABLATION,0,1,0,1,1420,1420,92.5,16,2605,150,120,11,0,0,0,0.0451,0,1,0,0,1,0,1,0,0,1,0,0,0,0,f7ac02df3ad45fbe,0.14285714285714285,0.14285714285714285
task_0070,family_11,template_11,0.75,1.0,12,B-COLD,1,0,0,1,6050,6050,504.1666666666667,25,12120,0,120,0,0,1,0,0.99,4,0,0,0,0,0,0,0,0,0,0,0,0,0,,0.14285714285714285,0.0
task_0070,family_11,template_11,0.75,1.0,12,B-RAG-EMBED,1,0,0,1,6250,6250,504.1666666666667,26,12270,150,120,0,0,1,0,0.99,4,0,0,0,0,0,0,0,0,0,0,0,0,0,,0.14285714285714285,0.0
task_0070,family_11,template_11,0.75,1.0,12,B-STAGEHAND-CACHE,1,0,0,1,6050,6050,504.1666666666667,25,12120,0,120,0,0,1,0,0.99,4,0,0,0,0,0,0,0,0,0,0,0,0,0,,0.14285714285714285,0.0
task_0070,family_11,template_11,0.75,1.0,12,B-TERX-REPLAY,1,0,0,1,6050,6050,504.1666666666667,25,12120,0,120,0,0,1,0,0.99,4,0,0,0,0,0,0,0,0,0,0,0,0,0,,0.14285714285714285,0.0
task_0070,family_11,template_11,0.75,1.0,12,P-SPIDER-MEA-BATCHED,1,0,1,1,1420,1420,92.5,16,2605,150,120,11,0,0,0,0.01,0,1,0,0,0,1,1,0,0,1,0,0,0,0,b6b6ecb4de2a2025,0.14285714285714285,0.14285714285714285
task_0070,family_11,template_11,0.75,1.0,12,NC1-SHUFFLED,0,0,0,1,1537,1537,102.29488892990952,18,4365,150,120,9,0,0,0,0.6562700802392907,3,0,0,0,0,1,1,0,0,1,0,0,0,0,b6b6ecb4de2a2025,0.0,0.0
task_0070,family_11,template_11,0.75,1.0,12,NC2-RANDOM,0,1,0,1,1726,1726,118.05296122855971,18,4365,150,120,9,0,0,0,0.6450860431564598,3,1,1,1,1,1,1,0,0,1,0,0,0,0,b6b6ecb4de2a2025,0.0,0.0
task_0070,family_11,template_11,0.75,1.0,12,NC3-LENGTH,1,0,0,1,6050,6050,500.0,25,12120,0,120,0,0,1,0,0.55,2,0,0,0,0,0,0,0,0,0,0,0,0,0,,0.14285714285714285,0.0
task_0070,family_11,template_11,0.75,1.0,12,NC4-ABLATION,1,0,0,1,1420,1420,92.5,16,2605,150,120,11,1,1,0,0.99,4,0,0,0,0,0,1,0,0,1,0,0,0,0,b6b6ecb4de2a2025,0.14285714285714285,0.14285714285714285
task_0071,family_11,template_11,1.0,1.0,12,B-COLD,1,0,0,1,6050,6050,504.1666666666667,25,12120,0,120,0,0,1,0,0.9819,4,0,0,0,0,0,0,0,0,0,0,0,0,0,,0.14285714285714285,0.0
task_0071,family_11,template_11,1.0,1.0,12,B-RAG-EMBED,1,0,0,1,6250,6250,504.1666666666667,26,12270,150,120,0,0,1,0,0.9819,4,0,0,0,0,0,0,0,0,0,0,0,0,0,,0.14285714285714285,0.0
task_0071,family_11,template_11,1.0,1.0,12,B-STAGEHAND-CACHE,1,0,0,1,6050,6050,504.1666666666667,25,12120,0,120,0,0,1,0,0.9819,4,0,0,0,0,0,0,0,0,0,0,0,0,0,,0.14285714285714285,0.0
task_0071,family_11,template_11,1.0,1.0,12,B-TERX-REPLAY,1,0,0,1,6050,6050,504.1666666666667,25,12120,0,120,0,0,1,0,0.9819,4,0,0,0,0,0,0,0,0,0,0,0,0,0,,0.14285714285714285,0.0
task_0071,family_11,template_11,1.0,1.0,12,P-SPIDER-MEA-BATCHED,1,0,1,1,1380,1380,89.16666666666667,16,2515,150,30,11,0,0,0,0.01,0,1,1,1,1,1,1,0,0,1,0,0,0,0,703f2bc07da73b9a,0.14285714285714285,0.14285714285714285
task_0071,family_11,template_11,1.0,1.0,12,NC1-SHUFFLED,1,1,0,1,1335,1335,85.47394981246788,18,4365,150,120,9,0,0,0,0.66388517717142,3,0,0,0,0,1,1,0,0,1,0,0,0,0,703f2bc07da73b9a,0.0,0.0
task_0071,family_11,template_11,1.0,1.0,12,NC2-RANDOM,1,0,0,1,1751,1751,120.15073922344018,18,4275,150,30,9,0,0,0,0.5299989179155057,2,1,0,1,0,1,1,0,0,0,0,0,0,0,703f2bc07da73b9a,0.0,0.0
task_0071,family_11,template_11,1.0,1.0,12,NC3-LENGTH,1,0,0,1,6050,6050,500.0,25,12120,0,120,0,0,1,0,0.55,2,0,0,0,0,0,0,0,0,0,0,0,0,0,,0.14285714285714285,0.0
task_0071,family_11,template_11,1.0,1.0,12,NC4-ABLATION,0,1,0,1,1380,1380,89.16666666666667,16,2515,150,30,11,1,1,0,0.9764,4,0,1,1,1,0,1,0,0,1,0,0,0,0,703f2bc07da73b9a,0.14285714285714285,0.14285714285714285
task_0072,family_12,template_12,0.0,0.0,13,B-COLD,1,0,0,1,6550,6550,503.84615384615387,27,13120,0,120,0,0,1,0,0.99,4,0,0,0,0,0,0,0,0,0,0,0,0,0,,1.0,0.0
task_0072,family_12,template_12,0.0,0.0,13,B-RAG-EMBED,1,0,0,1,900,900,53.84615384615385,15,1830,150,120,13,1,1,0,0.99,4,0,0,0,0,0,0,0,0,0,0,1,1,0,,1.0,0.0
task_0072,family_12,template_12,0.0,0.0,13,B-STAGEHAND-CACHE,1,0,0,1,700,700,53.84615384615385,14,1680,0,120,13,1,1,0,0.99,4,0,0,0,0,0,0,0,0,0,0,1,1,0,,1.0,0.0
task_0072,family_12,template_12,0.0,0.0,13,B-TERX-REPLAY,1,0,0,1,700,700,53.84615384615385,14,1680,0,120,13,1,1,0,0.99,4,0,0,0,0,0,0,0,0,0,0,1,1,0,,1.0,0.0
task_0072,family_12,template_12,0.0,0.0,13,P-SPIDER-MEA-BATCHED,1,0,0,1,1030,1030,55.38461538461539,17,1795,150,30,13,1,1,0,0.9799,4,0,1,1,1,0,1,1,0,1,0,1,1,1,3becef34cece1e49,1.0,1.0
task_0072,family_12,template_12,0.0,0.0,13,NC1-SHUFFLED,1,0,1,1,1692,1692,106.34082928412681,16,1755,150,30,12,0,0,0,0.4597280286904234,2,0,1,1,1,1,1,0,0,0,1,0,0,0,3becef34cece1e49,0.2,0.0
task_0072,family_12,template_12,0.0,0.0,13,NC2-RANDOM,1,0,0,1,1496,1496,91.28720612100392,16,1755,150,30,12,0,0,0,0.6946576684368889,3,0,1,1,1,1,1,1,0,1,0,0,0,0,3becef34cece1e49,0.2,0.0
task_0072,family_12,template_12,0.0,0.0,13,NC3-LENGTH,1,0,0,1,6550,6550,500.0,27,13120,0,120,0,0,1,0,0.55,2,0,0,0,0,0,0,0,0,0,0,0,0,0,,1.0,0.0
task_0072,family_12,template_12,0.0,0.0,13,NC4-ABLATION,1,0,0,1,1120,1120,62.30769230769231,17,1860,150,30,13,1,1,0,0.99,4,0,1,1,1,0,1,0,0,0,1,1,1,1,3becef34cece1e49,1.0,1.0
task_0073,family_12,template_12,0.25,0.5,13,B-COLD,1,0,0,1,6550,6550,503.84615384615387,27,13120,0,120,0,0,1,0,0.9817,4,0,0,0,0,0,0,0,0,0,0,0,0,0,,0.75,0.0
task_0073,family_12,template_12,0.25,0.5,13,B-RAG-EMBED,1,0,0,1,3600,3600,261.53846153846155,21,7110,150,120,7,1,1,0,0.9817,4,0,0,0,0,0,0,0,0,0,0,1,1,0,,0.75,0.0
task_0073,family_12,template_12,0.25,0.5,13,B-STAGEHAND-CACHE,1,0,0,1,6550,6550,503.84615384615387,27,13120,0,120,0,0,1,0,0.9817,4,0,0,0,0,0,0,0,0,0,0,1,0,0,,0.75,0.0
task_0073,family_12,template_12,0.25,0.5,13,B-TERX-REPLAY,1,0,0,1,6550,6550,503.84615384615387,27,13120,0,120,0,0,1,0,0.9817,4,0,0,0,0,0,0,0,0,0,0,1,0,0,,0.75,0.0
task_0073,family_12,template_12,0.25,0.5,13,P-SPIDER-MEA-BATCHED,1,0,0,1,1030,1030,55.38461538461539,17,1795,150,30,13,1,1,0,0.99,4,0,1,1,1,0,1,1,0,1,0,1,1,1,3b5de1194be29d34,0.75,1.0
task_0073,family_12,template_12,0.25,0.5,13,NC1-SHUFFLED,1,0,0,1,1566,1566,96.66174138989173,17,2725,150,120,12,0,0,0,0.8151444242012467,4,0,0,0,0,1,1,0,0,0,1,0,0,0,3b5de1194be29d34,0.2,0.0
task_0073,family_12,template_12,0.25,0.5,13,NC2-RANDOM,1,0,0,1,1867,1867,119.77137254448982,18,3515,150,30,11,0,0,0,0.6531443484326058,3,0,0,1,1,1,1,0,0,1,0,0,0,0,3b5de1194be29d34,0.1,0.0
task_0073,family_12,template_12,0.25,0.5,13,NC3-LENGTH,1,0,0,1,6550,6550,500.0,27,13120,0,120,0,0,1,0,0.55,2,0,0,0,0,0,0,0,0,0,0,0,0,0,,0.75,0.0
task_0073,family_12,template_12,0.25,0.5,13,NC4-ABLATION,1,0,0,1,1070,1070,58.46153846153846,17,1885,150,120,13,1,1,0,0.9525,4,0,0,0,1,0,1,0,0,1,0,1,1,1,3b5de1194be29d34,0.75,1.0
task_0074,family_12,template_12,0.5,0.5,13,B-COLD,1,0,0,1,6550,6550,503.84615384615387,27,13120,0,120,0,0,1,0,0.9646,4,0,0,0,0,0,0,0,0,0,0,0,0,0,,0.75,0.0
task_0074,family_12,template_12,0.5,0.5,13,B-RAG-EMBED,1,0,0,1,3600,3600,261.53846153846155,21,7110,150,120,7,1,1,0,0.9646,4,0,0,0,0,0,0,0,0,0,0,1,1,0,,0.75,0.0
task_0074,family_12,template_12,0.5,0.5,13,B-STAGEHAND-CACHE,1,0,0,1,6550,6550,503.84615384615387,27,13120,0,120,0,0,1,0,0.9646,4,0,0,0,0,0,0,0,0,0,0,1,0,0,,0.75,0.0
task_0074,family_12,template_12,0.5,0.5,13,B-TERX-REPLAY,1,0,0,1,6550,6550,503.84615384615387,27,13120,0,120,0,0,1,0,0.9646,4,0,0,0,0,0,0,0,0,0,0,1,0,0,,0.75,0.0
task_0074,family_12,template_12,0.5,0.5,13,P-SPIDER-MEA-BATCHED,1,0,0,1,1030,1030,55.38461538461539,17,1795,150,30,13,1,1,0,0.9519,4,0,1,1,1,0,1,1,0,1,0,1,1,1,0933d194dcb1a671,0.75,1.0
task_0074,family_12,template_12,0.5,0.5,13,NC1-SHUFFLED,1,0,1,1,1680,1680,105.43506576063257,17,2635,150,30,12,0,0,0,0.5123295813334461,2,0,1,1,1,1,1,0,0,1,0,0,0,0,0933d194dcb1a671,0.0,0.0
task_0074,family_12,template_12,0.5,0.5,13,NC2-RANDOM,0,1,0,1,1650,1650,103.13153602958957,18,3515,150,30,11,0,0,0,0.6518643630046111,3,0,0,1,1,1,1,0,0,1,0,0,0,0,0933d194dcb1a671,0.0,0.0
task_0074,family_12,template_12,0.5,0.5,13,NC3-LENGTH,1,0,0,1,6550,6550,500.0,27,13120,0,120,0,0,1,0,0.55,2,0,0,0,0,0,0,0,0,0,0,0,0,0,,0.75,0.0
task_0074,family_12,template_12,0.5,0.5,13,NC4-ABLATION,0,0,0,1,1070,1070,58.46153846153846,17,1885,150,120,13,1,1,0,0.9746,4,0,0,0,1,0,1,0,0,1,0,1,1,1,0933d194dcb1a671,0.75,1.0
task_0075,family_12,template_12,0.75,1.0,13,B-COLD,1,0,0,1,6550,6550,503.84615384615387,27,13120,0,120,0,0,1,0,0.99,4,0,0,0,0,0,0,0,0,0,0,0,0,0,,0.5,0.0
task_0075,family_12,template_12,0.75,1.0,13,B-RAG-EMBED,1,0,0,1,6750,6750,503.84615384615387,28,13270,150,120,0,0,1,0,0.99,4,0,0,0,0,0,0,0,0,0,0,1,0,0,,0.5,0.0
task_0075,family_12,template_12,0.75,1.0,13,B-STAGEHAND-CACHE,1,0,0,1,6550,6550,503.84615384615387,27,13120,0,120,0,0,1,0,0.99,4,0,0,0,0,0,0,0,0,0,0,1,0,0,,0.5,0.0
task_0075,family_12,template_12,0.75,1.0,13,B-TERX-REPLAY,1,0,0,1,6550,6550,503.84615384615387,27,13120,0,120,0,0,1,0,0.99,4,0,0,0,0,0,0,0,0,0,0,1,0,0,,0.5,0.0
task_0075,family_12,template_12,0.75,1.0,13,P-SPIDER-MEA-BATCHED,1,0,0,1,1160,1160,65.38461538461539,17,1950,150,120,13,1,1,0,0.983,4,0,0,0,1,0,1,1,0,0,1,1,1,1,8b1c8b8dfb6d9cc6,0.5,0.5
task_0075,family_12,template_12,0.75,1.0,13,NC1-SHUFFLED,1,0,0,1,1467,1467,89.02402762344218,17,2725,150,120,12,0,0,0,0.6657190208913468,3,0,0,0,1,1,1,0,0,1,0,0,0,0,8b1c8b8dfb6d9cc6,0.0,0.0
task_0075,family_12,template_12,0.75,1.0,13,NC2-RANDOM,1,0,0,1,1512,1512,92.51021496721597,19,4395,150,30,10,0,0,0,0.5963019637767489,2,0,1,1,1,1,1,0,0,1,0,0,0,0,8b1c8b8dfb6d9cc6,0.0,0.0
task_0075,family_12,template_12,0.75,1.0,13,NC3-LENGTH,1,0,0,1,6550,6550,500.0,27,13120,0,120,0,0,1,0,0.55,2,0,0,0,0,0,0,0,0,0,0,0,0,0,,0.5,0.0
task_0075,family_12,template_12,0.75,1.0,13,NC4-ABLATION,1,0,0,1,1030,1030,55.38461538461539,17,1795,150,30,13,1,1,0,0.99,4,0,1,1,1,0,1,0,0,1,0,1,1,1,8b1c8b8dfb6d9cc6,0.5,0.5
task_0076,family_12,template_12,1.0,1.0,13,B-COLD,1,0,0,1,6550,6550,503.84615384615387,27,13120,0,120,0,0,1,0,0.99,4,0,0,0,0,0,0,0,0,0,0,0,0,0,,0.75,0.0
task_0076,family_12,template_12,1.0,1.0,13,B-RAG-EMBED,1,0,0,1,6750,6750,503.84615384615387,28,13270,150,120,0,0,1,0,0.99,4,0,0,0,0,0,0,0,0,0,0,1,0,0,,0.75,0.0
task_0076,family_12,template_12,1.0,1.0,13,B-STAGEHAND-CACHE,1,0,0,1,6550,6550,503.84615384615387,27,13120,0,120,0,0,1,0,0.99,4,0,0,0,0,0,0,0,0,0,0,1,0,0,,0.75,0.0
task_0076,family_12,template_12,1.0,1.0,13,B-TERX-REPLAY,1,0,0,1,6550,6550,503.84615384615387,27,13120,0,120,0,0,1,0,0.99,4,0,0,0,0,0,0,0,0,0,0,1,0,0,,0.75,0.0
task_0076,family_12,template_12,1.0,1.0,13,P-SPIDER-MEA-BATCHED,1,0,0,1,1070,1070,58.46153846153846,17,1885,150,120,13,1,1,0,0.99,4,0,0,0,0,0,1,1,0,1,0,1,1,1,1d10b9a109e2bef6,0.75,1.0
task_0076,family_12,template_12,1.0,1.0,13,NC1-SHUFFLED,1,0,1,1,1683,1683,105.61765651899992,17,2635,150,30,12,0,0,0,0.42317622415351064,2,0,1,1,1,1,1,0,0,1,0,0,0,0,1d10b9a109e2bef6,0.0,0.0
task_0076,family_12,template_12,1.0,1.0,13,NC2-RANDOM,0,1,0,1,1887,1887,121.3763480504805,18,3605,150,120,11,0,0,0,0.7705961866766055,3,1,0,1,1,1,1,0,0,0,0,0,0,0,1d10b9a109e2bef6,0.0,0.0
task_0076,family_12,template_12,1.0,1.0,13,NC3-LENGTH,1,0,0,1,6550,6550,500.0,27,13120,0,120,0,0,1,0,0.55,2,0,0,0,0,0,0,0,0,0,0,0,0,0,,0.75,0.0
task_0076,family_12,template_12,1.0,1.0,13,NC4-ABLATION,1,0,0,1,1070,1070,58.46153846153846,17,1885,150,120,13,1,1,0,0.99,4,0,0,0,0,0,1,0,0,1,0,1,1,1,1d10b9a109e2bef6,0.75,1.0
task_0077,family_13,template_13,0.0,0.0,14,B-COLD,1,0,0,1,7050,7050,503.57142857142856,29,14120,0,120,0,0,1,0,0.9781,4,0,0,0,0,0,0,0,0,0,0,0,0,0,,1.0,0.0
task_0077,family_13,template_13,0.0,0.0,14,B-RAG-EMBED,1,0,0,1,950,950,53.57142857142857,16,1950,150,120,14,1,1,0,0.9781,4,0,0,0,0,0,0,0,0,0,0,1,1,0,,1.0,0.0
task_0077,family_13,template_13,0.0,0.0,14,B-STAGEHAND-CACHE,1,0,0,1,750,750,53.57142857142857,15,1800,0,120,14,1,1,0,0.9781,4,0,0,0,0,0,0,0,0,0,0,1,1,0,,1.0,0.0
task_0077,family_13,template_13,0.0,0.0,14,B-TERX-REPLAY,1,0,0,1,750,750,53.57142857142857,15,1800,0,120,14,1,1,0,0.9781,4,0,0,0,0,0,0,0,0,0,0,1,1,0,,1.0,0.0
task_0077,family_13,template_13,0.0,0.0,14,P-SPIDER-MEA-BATCHED,1,0,0,1,1120,1120,57.857142857142854,18,2005,150,120,14,1,1,0,0.99,4,0,0,0,1,0,1,1,0,1,0,1,1,1,5bfc6291399331a9,1.0,1.0
task_0077,family_13,template_13,0.0,0.0,14,NC1-SHUFFLED,1,0,1,1,1919,1919,114.96810362697653,17,1875,150,30,13,0,0,0,0.4459406886719225,2,0,1,1,1,1,1,0,0,1,0,0,0,0,5bfc6291399331a9,0.2,0.0
task_0077,family_13,template_13,0.0,0.0,14,NC2-RANDOM,1,0,0,1,1737,1737,101.94178547398383,17,1965,150,120,13,0,0,0,0.4882532801607543,2,0,1,0,1,1,1,0,0,0,0,0,0,0,5bfc6291399331a9,0.2,0.0
task_0077,family_13,template_13,0.0,0.0,14,NC3-LENGTH,1,0,0,1,7050,7050,500.0,29,14120,0,120,0,0,1,0,0.55,2,0,0,0,0,0,0,0,0,0,0,0,0,0,,1.0,0.0
task_0077,family_13,template_13,0.0,0.0,14,NC4-ABLATION,0,1,0,1,1080,1080,55.0,18,1915,150,30,14,1,1,0,0.9716,4,0,1,1,1,0,1,0,0,1,0,1,1,1,5bfc6291399331a9,1.0,1.0
task_0078,family_13,template_13,0.5,0.5,14,B-COLD,1,0,0,1,7050,7050,503.57142857142856,29,14120,0,120,0,0,1,0,0.99,4,0,0,0,0,0,0,0,0,0,0,0,0,0,,0.5714285714285714,0.0
task_0078,family_13,template_13,0.5,0.5,14,B-RAG-EMBED,1,0,0,1,4100,4100,278.57142857142856,23,8110,150,120,7,1,1,0,0.99,4,0,0,0,0,0,0,0,0,0,0,1,1,0,,0.5714285714285714,0.0
task_0078,family_13,template_13,0.5,0.5,14,B-STAGEHAND-CACHE,1,0,0,1,7050,7050,503.57142857142856,29,14120,0,120,0,0,1,0,0.99,4,0,0,0,0,0,0,0,0,0,0,1,0,0,,0.5714285714285714,0.0
task_0078,family_13,template_13,0.5,0.5,14,B-TERX-REPLAY,1,0,0,1,7050,7050,503.57142857142856,29,14120,0,120,0,0,1,0,0.99,4,0,0,0,0,0,0,0,0,0,0,1,0,0,,0.5714285714285714,0.0
task_0078,family_13,template_13,0.5,0.5,14,P-SPIDER-MEA-BATCHED,1,0,1,1,1080,1080,55.0,18,1915,150,30,14,0,0,0,0.01,0,1,1,1,1,1,1,1,0,1,0,1,0,0,e86d69b542a4426b,0.5714285714285714,1.0
task_0078,family_13,template_13,0.5,0.5,14,NC1-SHUFFLED,1,0,1,1,1705,1705,99.69726349543706,18,2845,150,120,13,0,0,0,0.5081057182230079,2,0,0,0,0,1,1,0,0,0,1,0,0,0,e86d69b542a4426b,0.0,0.0
task_0078,family_13,template_13,0.5,0.5,14,NC2-RANDOM,1,0,0,1,1570,1570,90.04945701752243,20,4670,150,120,11,0,0,0,0.7317603928221088,3,0,0,0,0,1,1,0,0,1,1,0,0,0,e86d69b542a4426b,0.0,0.0
task_0078,family_13,template_13,0.5,0.5,14,NC3-LENGTH,1,0,0,1,7050,7050,500.0,29,14120,0,120,0,0,1,0,0.55,2,0,0,0,0,0,0,0,0,0,0,0,0,0,,0.5714285714285714,0.0
task_0078,family_13,template_13,0.5,0.5,14,NC4-ABLATION,1,0,0,1,1080,1080,55.0,18,1915,150,30,14,1,1,0,0.99,4,0,1,1,1,0,1,0,0,1,0,1,1,1,e86d69b542a4426b,0.5714285714285714,1.0
task_0079,family_13,template_13,0.75,1.0,14,B-COLD,1,0,0,1,7050,7050,503.57142857142856,29,14120,0,120,0,0,1,0,0.9523,4,0,0,0,0,0,0,0,0,0,0,0,0,0,,0.14285714285714285,0.0
task_0079,family_13,template_13,0.75,1.0,14,B-RAG-EMBED,1,0,0,1,7250,7250,503.57142857142856,30,14270,150,120,0,0,1,0,0.9523,4,0,0,0,0,0,0,0,0,0,0,0,0,0,,0.14285714285714285,0.0
task_0079,family_13,template_13,0.75,1.0,14,B-STAGEHAND-CACHE,1,0,0,1,7050,7050,503.57142857142856,29,14120,0,120,0,0,1,0,0.9523,4,0,0,0,0,0,0,0,0,0,0,0,0,0,,0.14285714285714285,0.0
task_0079,family_13,template_13,0.75,1.0,14,B-TERX-REPLAY,1,0,0,1,7050,7050,503.57142857142856,29,14120,0,120,0,0,1,0,0.9523,4,0,0,0,0,0,0,0,0,0,0,0,0,0,,0.14285714285714285,0.0
task_0079,family_13,template_13,0.75,1.0,14,P-SPIDER-MEA-BATCHED,1,0,1,1,1930,1930,115.71428571428571,19,3635,150,30,12,0,0,0,0.033,0,1,1,1,1,1,1,0,0,1,0,0,0,0,75ce9f140093a09c,0.14285714285714285,0.14285714285714285
task_0079,family_13,template_13,0.75,1.0,14,NC1-SHUFFLED,1,0,1,1,1539,1539,87.79813559869622,18,2845,150,120,13,0,0,0,0.3620607478764534,1,1,0,0,0,1,1,0,0,0,1,0,0,0,75ce9f140093a09c,0.0,0.0
task_0079,family_13,template_13,0.75,1.0,14,NC2-RANDOM,1,0,0,1,1886,1886,112.62163395934692,20,4515,150,30,11,0,0,0,0.7274255282706831,3,0,1,1,0,1,1,1,0,1,0,0,0,0,75ce9f140093a09c,0.0,0.0
task_0079,family_13,template_13,0.75,1.0,14,NC3-LENGTH,1,0,0,1,7050,7050,500.0,29,14120,0,120,0,0,1,0,0.55,2,0,0,0,0,0,0,0,0,0,0,0,0,0,,0.14285714285714285,0.0
task_0079,family_13,template_13,0.75,1.0,14,NC4-ABLATION,0,1,0,1,1970,1970,118.57142857142857,19,3725,150,120,12,0,0,0,0.01,0,1,0,0,0,0,1,0,0,1,0,0,0,0,75ce9f140093a09c,0.14285714285714285,0.14285714285714285
task_0080,family_13,template_13,1.0,1.0,14,B-COLD,1,0,0,1,7050,7050,503.57142857142856,29,14120,0,120,0,0,1,0,0.9544,4,0,0,0,0,0,0,0,0,0,0,0,0,0,,0.14285714285714285,0.0
task_0080,family_13,template_13,1.0,1.0,14,B-RAG-EMBED,1,0,0,1,7250,7250,503.57142857142856,30,14270,150,120,0,0,1,0,0.9544,4,0,0,0,0,0,0,0,0,0,0,0,0,0,,0.14285714285714285,0.0
task_0080,family_13,template_13,1.0,1.0,14,B-STAGEHAND-CACHE,1,0,0,1,7050,7050,503.57142857142856,29,14120,0,120,0,0,1,0,0.9544,4,0,0,0,0,0,0,0,0,0,0,0,0,0,,0.14285714285714285,0.0
task_0080,family_13,template_13,1.0,1.0,14,B-TERX-REPLAY,1,0,0,1,7050,7050,503.57142857142856,29,14120,0,120,0,0,1,0,0.9544,4,0,0,0,0,0,0,0,0,0,0,0,0,0,,0.14285714285714285,0.0
task_0080,family_13,template_13,1.0,1.0,14,P-SPIDER-MEA-BATCHED,1,0,0,1,1930,1930,115.71428571428571,19,3635,150,30,12,1,1,0,0.99,4,0,1,1,1,0,1,0,0,1,0,0,0,0,ea8c74fba1d17cb2,0.14285714285714285,0.14285714285714285
task_0080,family_13,template_13,1.0,1.0,14,NC1-SHUFFLED,1,0,1,1,1788,1788,105.59049757914683,18,2755,150,30,13,0,0,0,0.45469669459923595,2,0,1,1,1,1,1,0,0,0,1,0,0,0,ea8c74fba1d17cb2,0.0,0.0
task_0080,family_13,template_13,1.0,1.0,14,NC2-RANDOM,1,0,0,1,1598,1598,92.04222989172827,20,4515,150,30,11,0,0,0,0.5813062762593646,2,0,0,0,1,1,1,0,0,1,0,0,0,0,ea8c74fba1d17cb2,0.0,0.0
task_0080,family_13,template_13,1.0,1.0,14,NC3-LENGTH,1,0,0,1,7050,7050,500.0,29,14120,0,120,0,0,1,0,0.55,2,0,0,0,0,0,0,0,0,0,0,0,0,0,,0.14285714285714285,0.0
task_0080,family_13,template_13,1.0,1.0,14,NC4-ABLATION,0,1,0,1,1930,1930,115.71428571428571,19,3635,150,30,12,0,0,0,0.0361,0,1,1,1,1,0,1,0,0,1,0,0,0,0,ea8c74fba1d17cb2,0.14285714285714285,0.14285714285714285
task_0081,family_13,template_13,0.25,0.5,14,B-COLD,1,0,0,1,7050,7050,503.57142857142856,29,14120,0,120,0,0,1,0,0.99,4,0,0,0,0,0,0,0,0,0,0,0,0,0,,0.5714285714285714,0.0
task_0081,family_13,template_13,0.25,0.5,14,B-RAG-EMBED,1,0,0,1,4100,4100,278.57142857142856,23,8110,150,120,7,1,1,0,0.99,4,0,0,0,0,0,0,0,0,0,0,1,1,0,,0.5714285714285714,0.0
task_0081,family_13,template_13,0.25,0.5,14,B-STAGEHAND-CACHE,1,0,0,1,7050,7050,503.57142857142856,29,14120,0,120,0,0,1,0,0.99,4,0,0,0,0,0,0,0,0,0,0,1,0,0,,0.5714285714285714,0.0
task_0081,family_13,template_13,0.25,0.5,14,B-TERX-REPLAY,1,0,0,1,7050,7050,503.57142857142856,29,14120,0,120,0,0,1,0,0.99,4,0,0,0,0,0,0,0,0,0,0,1,0,0,,0.5714285714285714,0.0
task_0081,family_13,template_13,0.25,0.5,14,P-SPIDER-MEA-BATCHED,1,0,0,1,1080,1080,55.0,18,1915,150,30,14,1,1,0,0.966,4,0,1,1,1,0,1,1,0,1,0,1,1,1,dfe01589973c9584,0.5714285714285714,1.0
task_0081,family_13,template_13,0.25,0.5,14,NC1-SHUFFLED,1,0,0,1,1547,1547,88.37216495753722,18,2755,150,30,13,0,0,0,0.8069389440813043,4,0,1,1,1,1,1,0,0,0,1,0,0,0,dfe01589973c9584,0.2,0.0
task_0081,family_13,template_13,0.25,0.5,14,NC2-RANDOM,0,0,0,1,1928,1928,115.60522775889734,20,4515,150,30,11,0,0,0,0.5194160261085904,2,0,1,0,0,1,1,1,0,0,0,0,0,0,dfe01589973c9584,0.06666666666666667,0.0
task_0081,family_13,template_13,0.25,0.5,14,NC3-LENGTH,1,0,0,1,7050,7050,500.0,29,14120,0,120,0,0,1,0,0.55,2,0,0,0,0,0,0,0,0,0,0,0,0,0,,0.5714285714285714,0.0
task_0081,family_13,template_13,0.25,0.5,14,NC4-ABLATION,0,1,0,1,1120,1120,57.857142857142854,18,2005,150,120,14,1,1,0,0.9891,4,0,0,0,0,0,1,0,0,1,0,1,1,1,dfe01589973c9584,0.5714285714285714,1.0
task_0082,family_14,template_14,0.0,0.0,8,B-COLD,1,0,0,1,4050,4050,506.25,17,8120,0,120,0,0,1,0,0.99,4,0,0,0,0,0,0,0,0,0,0,0,0,0,,1.0,0.0
task_0082,family_14,template_14,0.0,0.0,8,B-RAG-EMBED,1,0,0,1,650,650,56.25,10,1230,150,120,8,1,1,0,0.99,4,0,0,0,0,0,0,0,0,0,0,1,1,0,,1.0,0.0
task_0082,family_14,template_14,0.0,0.0,8,B-STAGEHAND-CACHE,1,0,0,1,450,450,56.25,9,1080,0,120,8,1,1,0,0.99,4,0,0,0,0,0,0,0,0,0,0,1,1,0,,1.0,0.0
task_0082,family_14,template_14,0.0,0.0,8,B-TERX-REPLAY,1,0,0,1,450,450,56.25,9,1080,0,120,8,1,1,0,0.99,4,0,0,0,0,0,0,0,0,0,0,1,1,0,,1.0,0.0
task_0082,family_14,template_14,0.0,0.0,8,P-SPIDER-MEA-BATCHED,1,0,0,1,780,780,58.75,12,1195,150,30,8,1,1,0,0.963,4,0,1,1,1,0,1,1,0,1,0,1,1,1,fcd9599e4e962025,1.0,1.0
task_0082,family_14,template_14,0.0,0.0,8,NC1-SHUFFLED,1,0,1,1,1015,1015,88.19961707170434,11,1310,150,120,5,0,0,0,0.42773431036650067,2,0,0,0,1,1,1,0,0,1,0,0,0,0,fcd9599e4e962025,0.2,0.0
task_0082,family_14,template_14,0.0,0.0,8,NC2-RANDOM,0,1,0,1,1094,1094,98.05449690191455,11,1245,150,120,7,0,0,0,0.7774850849788907,3,0,0,0,0,1,1,1,0,1,0,0,0,0,fcd9599e4e962025,0.2,0.0
task_0082,family_14,template_14,0.0,0.0,8,NC3-LENGTH,1,0,0,1,4050,4050,500.0,17,8120,0,120,0,0,1,0,0.55,2,0,0,0,0,0,0,0,0,0,0,0,0,0,,1.0,0.0
task_0082,family_14,template_14,0.0,0.0,8,NC4-ABLATION,1,0,0,1,820,820,63.75,12,1285,150,120,8,1,1,0,0.99,4,0,0,0,0,0,1,0,0,1,0,1,1,1,fcd9599e4e962025,1.0,1.0
task_0083,family_14,template_14,0.75,0.6667,8,B-COLD,1,0,0,1,4050,4050,506.25,17,8120,0,120,0,0,1,0,0.9503,4,0,0,0,0,0,0,0,0,0,0,0,0,0,,0.6666666666666666,0.0
task_0083,family_14,template_14,0.75,0.6667,8,B-RAG-EMBED,1,0,0,1,2900,2900,337.5,15,5630,150,120,3,1,1,0,0.9503,4,0,0,0,0,0,0,0,0,0,0,1,1,0,,0.6666666666666666,0.0
task_0083,family_14,template_14,0.75,0.6667,8,B-STAGEHAND-CACHE,1,0,0,1,4050,4050,506.25,17,8120,0,120,0,0,1,0,0.9503,4,0,0,0,0,0,0,0,0,0,0,1,0,0,,0.6666666666666666,0.0
task_0083,family_14,template_14,0.75,0.6667,8,B-TERX-REPLAY,1,0,0,1,4050,4050,506.25,17,8120,0,120,0,0,1,0,0.9503,4,0,0,0,0,0,0,0,0,0,0,1,0,0,,0.6666666666666666,0.0
task_0083,family_14,template_14,0.75,0.6667,8,P-SPIDER-MEA-BATCHED,1,0,1,1,780,780,58.75,12,1195,150,30,8,0,0,0,0.0406,0,1,1,1,1,1,1,1,0,1,0,1,0,0,133cb881592253df,0.6666666666666666,1.0
task_0083,family_14,template_14,0.75,0.6667,8,NC1-SHUFFLED,1,0,1,1,1093,1093,97.89416011919516,14,3885,150,120,5,0,0,0,0.35011942066932633,1,0,0,0,0,1,1,0,0,0,1,0,0,0,133cb881592253df,0.06666666666666667,0.0
task_0083,family_14,template_14,0.75,0.6667,8,NC2-RANDOM,1,0,0,1,1183,1183,109.23297360174001,13,3005,150,120,6,0,0,0,0.5842771237232102,2,0,1,0,1,1,1,0,0,0,0,0,0,0,133cb881592253df,0.0,0.0
task_0083,family_14,template_14,0.75,0.6667,8,NC3-LENGTH,1,0,0,1,4050,4050,500.0,17,8120,0,120,0,0,1,0,0.55,2,0,0,0,0,0,0,0,0,0,0,0,0,0,,0.6666666666666666,0.0
task_0083,family_14,template_14,0.75,0.6667,8,NC4-ABLATION,0,1,0,1,820,820,63.75,12,1285,150,120,8,1,1,0,0.9749,4,0,0,0,0,0,1,0,0,1,0,1,1,1,133cb881592253df,0.6666666666666666,1.0
task_0084,family_14,template_14,1.0,1.0,8,B-COLD,1,0,0,1,4050,4050,506.25,17,8120,0,120,0,0,1,0,0.99,4,0,0,0,0,0,0,0,0,0,0,0,0,0,,0.5,0.0
task_0084,family_14,template_14,1.0,1.0,8,B-RAG-EMBED,1,0,0,1,4250,4250,506.25,18,8270,150,120,0,0,1,0,0.99,4,0,0,0,0,0,0,0,0,0,0,1,0,0,,0.5,0.0
task_0084,family_14,template_14,1.0,1.0,8,B-STAGEHAND-CACHE,1,0,0,1,4050,4050,506.25,17,8120,0,120,0,0,1,0,0.99,4,0,0,0,0,0,0,0,0,0,0,1,0,0,,0.5,0.0
task_0084,family_14,template_14,1.0,1.0,8,B-TERX-REPLAY,1,0,0,1,4050,4050,506.25,17,8120,0,120,0,0,1,0,0.99,4,0,0,0,0,0,0,0,0,0,0,1,0,0,,0.5,0.0
task_0084,family_14,template_14,1.0,1.0,8,P-SPIDER-MEA-BATCHED,1,0,0,1,910,910,75.0,12,1350,150,120,8,1,1,0,0.9829,4,0,0,0,0,0,1,1,0,0,1,1,1,1,c1093449cc81da75,0.5,0.5
task_0084,family_14,template_14,1.0,1.0,8,NC1-SHUFFLED,1,0,0,1,1072,1072,95.3496266284521,14,3885,150,120,5,0,0,0,0.8484855467573368,4,1,0,0,0,1,1,0,0,0,1,0,0,0,c1093449cc81da75,0.0,0.0
task_0084,family_14,template_14,1.0,1.0,8,NC2-RANDOM,0,1,0,1,1137,1137,103.38832714067878,14,3795,150,30,5,0,0,0,0.7517345246448656,3,0,1,1,0,1,1,1,0,0,0,0,0,0,c1093449cc81da75,0.0,0.0
task_0084,family_14,template_14,1.0,1.0,8,NC3-LENGTH,1,0,0,1,4050,4050,500.0,17,8120,0,120,0,0,1,0,0.55,2,0,0,0,0,0,0,0,0,0,0,0,0,0,,0.5,0.0
task_0084,family_14,template_14,1.0,1.0,8,NC4-ABLATION,1,0,1,1,820,820,63.75,12,1285,150,120,8,0,0,0,0.01,0,1,0,0,0,1,1,0,0,1,0,1,0,0,c1093449cc81da75,0.5,0.5
task_0085,family_14,template_14,0.25,0.3333,8,B-COLD,1,0,0,1,4050,4050,506.25,17,8120,0,120,0,0,1,0,0.9577,4,0,0,0,0,0,0,0,0,0,0,0,0,0,,1.0,0.0
task_0085,family_14,template_14,0.25,0.3333,8,B-RAG-EMBED,1,0,0,1,2000,2000,225.0,13,3870,150,120,5,1,1,0,0.9577,4,0,0,0,0,0,0,0,0,0,0,1,1,0,,1.0,0.0
task_0085,family_14,template_14,0.25,0.3333,8,B-STAGEHAND-CACHE,1,0,0,1,4050,4050,506.25,17,8120,0,120,0,0,1,0,0.9577,4,0,0,0,0,0,0,0,0,0,0,1,0,0,,1.0,0.0
task_0085,family_14,template_14,0.25,0.3333,8,B-TERX-REPLAY,1,0,0,1,4050,4050,506.25,17,8120,0,120,0,0,1,0,0.9577,4,0,0,0,0,0,0,0,0,0,0,1,0,0,,1.0,0.0
task_0085,family_14,template_14,0.25,0.3333,8,P-SPIDER-MEA-BATCHED,1,0,0,1,780,780,58.75,12,1195,150,30,8,1,1,0,0.9805,4,0,1,1,1,0,1,1,0,1,0,1,1,1,6fa79d83ac20e290,1.0,1.0
task_0085,family_14,template_14,0.25,0.3333,8,NC1-SHUFFLED,1,0,1,1,953,953,80.46819622710265,14,3885,150,120,5,0,0,0,0.4984969243987039,2,0,0,0,0,1,1,0,0,0,1,0,0,0,6fa79d83ac20e290,0.2,0.0
task_0085,family_14,template_14,0.25,0.3333,8,NC2-RANDOM,0,0,0,1,1012,1012,87.78637404750805,13,3005,150,120,6,0,0,0,0.5507610527947355,2,0,0,0,1,1,1,0,0,0,0,0,0,0,6fa79d83ac20e290,0.2,0.0
task_0085,family_14,template_14,0.25,0.3333,8,NC3-LENGTH,1,0,0,1,4050,4050,500.0,17,8120,0,120,0,0,1,0,0.55,2,0,0,0,0,0,0,0,0,0,0,0,0,0,,1.0,0.0
task_0085,family_14,template_14,0.25,0.3333,8,NC4-ABLATION,0,1,0,1,780,780,58.75,12,1195,150,30,8,1,1,0,0.98,4,0,1,1,1,0,1,0,0,1,0,1,1,1,6fa79d83ac20e290,1.0,1.0
task_0086,family_14,template_14,0.5,0.6667,8,B-COLD,1,0,0,1,4050,4050,506.25,17,8120,0,120,0,0,1,0,0.99,4,0,0,0,0,0,0,0,0,0,0,0,0,0,,0.8333333333333334,0.0
task_0086,family_14,template_14,0.5,0.6667,8,B-RAG-EMBED,1,0,0,1,2900,2900,337.5,15,5630,150,120,3,1,1,0,0.99,4,0,0,0,0,0,0,0,0,0,0,1,1,0,,0.8333333333333334,0.0
task_0086,family_14,template_14,0.5,0.6667,8,B-STAGEHAND-CACHE,1,0,0,1,4050,4050,506.25,17,8120,0,120,0,0,1,0,0.99,4,0,0,0,0,0,0,0,0,0,0,1,0,0,,0.8333333333333334,0.0
task_0086,family_14,template_14,0.5,0.6667,8,B-TERX-REPLAY,1,0,0,1,4050,4050,506.25,17,8120,0,120,0,0,1,0,0.99,4,0,0,0,0,0,0,0,0,0,0,1,0,0,,0.8333333333333334,0.0
task_0086,family_14,template_14,0.5,0.6667,8,P-SPIDER-MEA-BATCHED,1,0,0,1,820,820,63.75,12,1285,150,120,8,1,1,0,0.9527,4,0,0,0,0,0,1,1,0,1,0,1,1,1,63d0e16bb07f8be0,0.8333333333333334,1.0
task_0086,family_14,template_14,0.5,0.6667,8,NC1-SHUFFLED,1,0,1,1,1138,1138,103.58498746082466,14,3795,150,30,5,0,0,0,0.40218477385018025,2,0,1,1,1,1,1,0,0,0,1,0,0,0,63d0e16bb07f8be0,0.13333333333333333,0.0
task_0086,family_14,template_14,0.5,0.6667,8,NC2-RANDOM,1,0,0,1,1198,1198,111.04426397736057,14,3885,150,120,5,0,0,0,0.6588532325973178,3,0,1,0,1,1,1,0,0,1,0,0,0,0,63d0e16bb07f8be0,0.13333333333333333,0.0
task_0086,family_14,template_14,0.5,0.6667,8,NC3-LENGTH,1,0,0,1,4050,4050,500.0,17,8120,0,120,0,0,1,0,0.55,2,0,0,0,0,0,0,0,0,0,0,0,0,0,,0.8333333333333334,0.0
task_0086,family_14,template_14,0.5,0.6667,8,NC4-ABLATION,0,0,0,1,820,820,63.75,12,1285,150,120,8,1,1,0,0.99,4,0,0,0,0,0,1,0,0,1,0,1,1,1,63d0e16bb07f8be0,0.8333333333333334,1.0
task_0087,family_15,template_15,0.0,0.0,9,B-COLD,1,0,0,1,4550,4550,505.55555555555554,19,9120,0,120,0,0,1,0,0.97,4,0,0,0,0,0,0,0,0,0,0,0,0,0,,1.0,0.0
task_0087,family_15,template_15,0.0,0.0,9,B-RAG-EMBED,1,0,0,1,700,700,55.55555555555556,11,1350,150,120,9,1,1,0,0.97,4,0,0,0,0,0,0,0,0,0,0,1,1,0,,1.0,0.0
task_0087,family_15,template_15,0.0,0.0,9,B-STAGEHAND-CACHE,1,0,0,1,500,500,55.55555555555556,10,1200,0,120,9,1,1,0,0.97,4,0,0,0,0,0,0,0,0,0,0,1,1,0,,1.0,0.0
task_0087,family_15,template_15,0.0,0.0,9,B-TERX-REPLAY,1,0,0,1,500,500,55.55555555555556,10,1200,0,120,9,1,1,0,0.97,4,0,0,0,0,0,0,0,0,0,0,1,1,0,,1.0,0.0
task_0087,family_15,template_15,0.0,0.0,9,P-SPIDER-MEA-BATCHED,1,0,0,1,830,830,57.77777777777778,13,1315,150,30,9,1,1,0,0.983,4,0,1,1,1,0,1,1,0,1,0,1,1,1,463bdfb371aa0e4c,1.0,1.0
task_0087,family_15,template_15,0.0,0.0,9,NC1-SHUFFLED,1,0,1,1,1167,1167,95.25567684050544,12,1430,150,120,7,0,0,0,0.48308406696983597,2,0,0,0,0,1,1,0,0,1,0,0,0,0,463bdfb371aa0e4c,0.1,0.0
task_0087,family_15,template_15,0.0,0.0,9,NC2-RANDOM,1,0,0,1,1070,1070,84.49217575969399,12,1365,150,120,7,0,0,0,0.45249701731853464,2,0,0,0,1,1,1,0,0,0,0,0,0,0,463bdfb371aa0e4c,0.1,0.0
task_0087,family_15,template_15,0.0,0.0,9,NC3-LENGTH,1,0,0,1,4550,4550,500.0,19,9120,0,120,0,0,1,0,0.55,2,0,0,0,0,0,0,0,0,0,0,0,0,0,,1.0,0.0
task_0087,family_15,template_15,0.0,0.0,9,NC4-ABLATION,1,0,0,1,830,830,57.77777777777778,13,1315,150,30,9,1,1,0,0.953,4,0,1,1,1,0,1,0,0,1,0,1,1,1,463bdfb371aa0e4c,1.0,1.0
task_0088,family_15,template_15,1.0,1.0,9,B-COLD,1,0,0,1,4550,4550,505.55555555555554,19,9120,0,120,0,0,1,0,0.99,4,0,0,0,0,0,0,0,0,0,0,0,0,0,,0.14285714285714285,0.0
task_0088,family_15,template_15,1.0,1.0,9,B-RAG-EMBED,1,0,0,1,4750,4750,505.55555555555554,20,9270,150,120,0,0,1,0,0.99,4,0,0,0,0,0,0,0,0,0,0,0,0,0,,0.14285714285714285,0.0
task_0088,family_15,template_15,1.0,1.0,9,B-STAGEHAND-CACHE,1,0,0,1,4550,4550,505.55555555555554,19,9120,0,120,0,0,1,0,0.99,4,0,0,0,0,0,0,0,0,0,0,0,0,0,,0.14285714285714285,0.0
task_0088,family_15,template_15,1.0,1.0,9,B-TERX-REPLAY,1,0,0,1,4550,4550,505.55555555555554,19,9120,0,120,0,0,1,0,0.99,4,0,0,0,0,0,0,0,0,0,0,0,0,0,,0.14285714285714285,0.0
task_0088,family_15,template_15,1.0,1.0,9,P-SPIDER-MEA-BATCHED,1,0,0,1,1320,1320,112.22222222222223,13,2220,150,30,8,1,1,0,0.9579,4,0,1,1,1,0,1,0,0,0,1,0,0,0,60acc5911753ad4b,0.14285714285714285,0.14285714285714285
task_0088,family_15,template_15,1.0,1.0,9,NC1-SHUFFLED,1,0,1,1,1126,1126,90.67249981108024,14,3125,150,120,7,0,0,0,0.5164573778767616,2,0,0,0,0,1,1,0,0,0,1,0,0,0,60acc5911753ad4b,0.0,0.0
task_0088,family_15,template_15,1.0,1.0,9,NC2-RANDOM,1,0,0,1,1345,1345,115.09516028702308,15,4005,150,120,6,0,0,0,0.47639045311228045,2,0,1,1,1,1,1,0,0,1,0,0,0,0,60acc5911753ad4b,0.0,0.0
task_0088,family_15,template_15,1.0,1.0,9,NC3-LENGTH,1,0,0,1,4550,4550,500.0,19,9120,0,120,0,0,1,0,0.55,2,0,0,0,0,0,0,0,0,0,0,0,0,0,,0.14285714285714285,0.0
task_0088,family_15,template_15,1.0,1.0,9,NC4-ABLATION,1,0,0,1,1230,1230,102.22222222222223,13,2155,150,30,8,1,1,0,0.99,4,0,1,1,1,0,1,0,0,1,0,0,0,0,60acc5911753ad4b,0.14285714285714285,0.14285714285714285
task_0089,family_15,template_15,0.25,0.0,9,B-COLD,1,0,0,1,4550,4550,505.55555555555554,19,9120,0,120,0,0,1,0,0.98,4,0,0,0,0,0,0,0,0,0,0,0,0,0,,1.0,0.0
task_0089,family_15,template_15,0.25,0.0,9,B-RAG-EMBED,1,0,0,1,700,700,55.55555555555556,11,1350,150,120,9,1,1,0,0.98,4,0,0,0,0,0,0,0,0,0,0,1,1,0,,1.0,0.0
task_0089,family_15,template_15,0.25,0.0,9,B-STAGEHAND-CACHE,1,0,0,1,4550,4550,505.55555555555554,19,9120,0,120,0,0,1,0,0.98,4,0,0,0,0,0,0,0,0,0,0,1,0,0,,1.0,0.0
task_0089,family_15,template_15,0.25,0.0,9,B-TERX-REPLAY,1,0,0,1,4550,4550,505.55555555555554,19,9120,0,120,0,0,1,0,0.98,4,0,0,0,0,0,0,0,0,0,0,1,0,0,,1.0,0.0
task_0089,family_15,template_15,0.25,0.0,9,P-SPIDER-MEA-BATCHED,1,0,0,1,870,870,62.22222222222222,13,1405,150,120,9,1,1,0,0.9546,4,0,0,0,0,0,1,1,0,1,0,1,1,1,448e13ad72e2e890,1.0,1.0
task_0089,family_15,template_15,0.25,0.0,9,NC1-SHUFFLED,1,0,1,1,1257,1257,105.32474320976053,12,1275,150,30,7,0,0,0,0.36996454718533844,1,0,1,1,1,1,1,0,0,1,0,0,0,0,448e13ad72e2e890,0.1,0.0
task_0089,family_15,template_15,0.25,0.0,9,NC2-RANDOM,0,1,0,1,1142,1142,92.49823719770077,12,1365,150,120,7,0,0,0,0.6660798677258928,3,0,0,0,1,1,1,1,0,1,0,0,0,0,448e13ad72e2e890,0.1,0.0
task_0089,family_15,template_15,0.25,0.0,9,NC3-LENGTH,1,0,0,1,4550,4550,500.0,19,9120,0,120,0,0,1,0,0.55,2,0,0,0,0,0,0,0,0,0,0,0,0,0,,1.0,0.0
task_0089,family_15,template_15,0.25,0.0,9,NC4-ABLATION,1,0,0,1,830,830,57.77777777777778,13,1315,150,30,9,1,1,0,0.99,4,0,1,1,1,0,1,0,0,1,0,1,1,1,448e13ad72e2e890,1.0,1.0
task_0090,family_15,template_15,0.5,1.0,9,B-COLD,1,0,0,1,4550,4550,505.55555555555554,19,9120,0,120,0,0,1,0,0.99,4,0,0,0,0,0,0,0,0,0,0,0,0,0,,0.14285714285714285,0.0
task_0090,family_15,template_15,0.5,1.0,9,B-RAG-EMBED,1,0,0,1,4750,4750,505.55555555555554,20,9270,150,120,0,0,1,0,0.99,4,0,0,0,0,0,0,0,0,0,0,0,0,0,,0.14285714285714285,0.0
task_0090,family_15,template_15,0.5,1.0,9,B-STAGEHAND-CACHE,1,0,0,1,4550,4550,505.55555555555554,19,9120,0,120,0,0,1,0,0.99,4,0,0,0,0,0,0,0,0,0,0,0,0,0,,0.14285714285714285,0.0
task_0090,family_15,template_15,0.5,1.0,9,B-TERX-REPLAY,1,0,0,1,4550,4550,505.55555555555554,19,9120,0,120,0,0,1,0,0.99,4,0,0,0,0,0,0,0,0,0,0,0,0,0,,0.14285714285714285,0.0
task_0090,family_15,template_15,0.5,1.0,9,P-SPIDER-MEA-BATCHED,1,0,0,1,1270,1270,106.66666666666667,13,2245,150,120,8,1,1,0,0.9859,4,0,0,0,0,0,1,0,0,1,0,0,0,0,1b34706bdb6f25d4,0.14285714285714285,0.14285714285714285
task_0090,family_15,template_15,0.5,1.0,9,NC1-SHUFFLED,1,0,1,1,1094,1094,87.13233722056229,14,3125,150,120,7,0,0,0,0.43140974362625106,2,0,0,0,0,1,1,0,0,0,1,0,0,0,1b34706bdb6f25d4,0.0,0.0
task_0090,family_15,template_15,0.5,1.0,9,NC2-RANDOM,0,1,0,1,1129,1129,91.04670038723464,14,3125,150,120,7,0,0,0,0.621590124439503,3,0,1,0,1,1,1,0,0,0,0,0,0,0,1b34706bdb6f25d4,0.0,0.0
task_0090,family_15,template_15,0.5,1.0,9,NC3-LENGTH,1,0,0,1,4550,4550,500.0,19,9120,0,120,0,0,1,0,0.55,2,0,0,0,0,0,0,0,0,0,0,0,0,0,,0.14285714285714285,0.0
task_0090,family_15,template_15,0.5,1.0,9,NC4-ABLATION,0,1,0,1,1230,1230,102.22222222222223,13,2155,150,30,8,1,1,0,0.99,4,0,1,1,1,0,1,0,0,1,0,0,0,0,1b34706bdb6f25d4,0.14285714285714285,0.14285714285714285
task_0091,family_15,template_15,0.75,1.0,9,B-COLD,1,0,0,1,4550,4550,505.55555555555554,19,9120,0,120,0,0,1,0,0.95,4,0,0,0,0,0,0,0,0,0,0,0,0,0,,0.14285714285714285,0.0
task_0091,family_15,template_15,0.75,1.0,9,B-RAG-EMBED,1,0,0,1,4750,4750,505.55555555555554,20,9270,150,120,0,0,1,0,0.95,4,0,0,0,0,0,0,0,0,0,0,0,0,0,,0.14285714285714285,0.0
task_0091,family_15,template_15,0.75,1.0,9,B-STAGEHAND-CACHE,1,0,0,1,4550,4550,505.55555555555554,19,9120,0,120,0,0,1,0,0.95,4,0,0,0,0,0,0,0,0,0,0,0,0,0,,0.14285714285714285,0.0
task_0091,family_15,template_15,0.75,1.0,9,B-TERX-REPLAY,1,0,0,1,4550,4550,505.55555555555554,19,9120,0,120,0,0,1,0,0.95,4,0,0,0,0,0,0,0,0,0,0,0,0,0,,0.14285714285714285,0.0
task_0091,family_15,template_15,0.75,1.0,9,P-SPIDER-MEA-BATCHED,1,0,1,1,1270,1270,106.66666666666667,13,2245,150,120,8,0,0,0,0.01,0,1,0,0,0,1,1,0,0,1,0,0,0,0,d73612d714a8055b,0.14285714285714285,0.14285714285714285
task_0091,family_15,template_15,0.75,1.0,9,NC1-SHUFFLED,1,0,1,1,1159,1159,94.40408814594147,14,3125,150,120,7,0,0,0,0.3855848260778355,1,1,0,0,0,1,1,0,0,1,0,0,0,0,d73612d714a8055b,0.0,0.0
task_0091,family_15,template_15,0.75,1.0,9,NC2-RANDOM,0,1,0,1,1296,1296,109.62940605315404,15,3915,150,30,6,0,0,0,0.788207697809104,3,0,0,0,0,1,1,1,0,0,0,0,0,0,d73612d714a8055b,0.0,0.0
task_0091,family_15,template_15,0.75,1.0,9,NC3-LENGTH,1,0,0,1,4550,4550,500.0,19,9120,0,120,0,0,1,0,0.55,2,0,0,0,0,0,0,0,0,0,0,0,0,0,,0.14285714285714285,0.0
task_0091,family_15,template_15,0.75,1.0,9,NC4-ABLATION,1,0,0,1,1230,1230,102.22222222222223,13,2155,150,30,8,1,1,0,0.99,4,0,1,1,1,0,1,0,0,1,0,0,0,0,d73612d714a8055b,0.14285714285714285,0.14285714285714285
task_0092,family_16,template_16,0.0,0.0,10,B-COLD,1,0,0,1,5050,5050,505.0,21,10120,0,120,0,0,1,0,0.9686,4,0,0,0,0,0,0,0,0,0,0,0,0,0,,1.0,0.0
task_0092,family_16,template_16,0.0,0.0,10,B-RAG-EMBED,1,0,0,1,750,750,55.0,12,1470,150,120,10,1,1,0,0.9686,4,0,0,0,0,0,0,0,0,0,0,1,1,0,,1.0,0.0
task_0092,family_16,template_16,0.0,0.0,10,B-STAGEHAND-CACHE,1,0,0,1,550,550,55.0,11,1320,0,120,10,1,1,0,0.9686,4,0,0,0,0,0,0,0,0,0,0,1,1,0,,1.0,0.0
task_0092,family_16,template_16,0.0,0.0,10,B-TERX-REPLAY,1,0,0,1,550,550,55.0,11,1320,0,120,10,1,1,0,0.9686,4,0,0,0,0,0,0,0,0,0,0,1,1,0,,1.0,0.0
task_0092,family_16,template_16,0.0,0.0,10,P-SPIDER-MEA-BATCHED,1,0,0,1,920,920,61.0,14,1525,150,120,10,1,1,0,0.99,4,0,0,0,0,0,1,1,0,1,0,1,1,1,c6146b4eeb735ef4,1.0,1.0
task_0092,family_16,template_16,0.0,0.0,10,NC1-SHUFFLED,1,0,0,1,1256,1256,94.63426873811493,13,1550,150,120,8,0,0,0,0.7252090191945045,3,0,0,0,0,1,1,0,0,1,0,0,0,0,c6146b4eeb735ef4,0.1,0.0
task_0092,family_16,template_16,0.0,0.0,10,NC2-RANDOM,0,1,0,1,1422,1422,111.27630192864319,13,1485,150,120,8,0,0,0,0.6402571612614244,3,0,1,1,0,1,1,0,0,0,0,0,0,0,c6146b4eeb735ef4,0.1,0.0
task_0092,family_16,template_16,0.0,0.0,10,NC3-LENGTH,1,0,0,1,5050,5050,500.0,21,10120,0,120,0,0,1,0,0.55,2,0,0,0,0,0,0,0,0,0,0,0,0,0,,1.0,0.0
task_0092,family_16,template_16,0.0,0.0,10,NC4-ABLATION,0,1,0,1,920,920,61.0,14,1525,150,120,10,1,1,0,0.99,4,0,0,0,0,0,1,0,0,1,0,1,1,1,c6146b4eeb735ef4,1.0,1.0
task_0093,family_16,template_16,0.25,0.5,10,B-COLD,1,0,0,1,5050,5050,505.0,21,10120,0,120,0,0,1,0,0.99,4,0,0,0,0,0,0,0,0,0,0,0,0,0,,0.75,0.0
task_0093,family_16,template_16,0.25,0.5,10,B-RAG-EMBED,1,0,0,1,3000,3000,280.0,17,5870,150,120,5,1,1,0,0.99,4,0,0,0,0,0,0,0,0,0,0,1,1,0,,0.75,0.0
task_0093,family_16,template_16,0.25,0.5,10,B-STAGEHAND-CACHE,1,0,0,1,5050,5050,505.0,21,10120,0,120,0,0,1,0,0.99,4,0,0,0,0,0,0,0,0,0,0,1,0,0,,0.75,0.0
task_0093,family_16,template_16,0.25,0.5,10,B-TERX-REPLAY,1,0,0,1,5050,5050,505.0,21,10120,0,120,0,0,1,0,0.99,4,0,0,0,0,0,0,0,0,0,0,1,0,0,,0.75,0.0
task_0093,family_16,template_16,0.25,0.5,10,P-SPIDER-MEA-BATCHED,1,0,0,1,1010,1010,70.0,14,1590,150,120,10,1,1,0,0.9603,4,0,0,0,0,0,1,1,0,0,1,1,1,1,5b76003be8a0ee84,0.75,1.0
task_0093,family_16,template_16,0.25,0.5,10,NC1-SHUFFLED,1,0,1,1,1219,1219,90.96707561148979,15,3245,150,120,8,0,0,0,0.5000325372576335,2,0,0,0,0,1,1,0,0,1,0,0,0,0,5b76003be8a0ee84,0.1,0.0
task_0093,family_16,template_16,0.25,0.5,10,NC2-RANDOM,1,0,0,1,1317,1317,100.78292920831606,15,3155,150,30,8,0,0,0,0.6378196930406128,3,0,0,0,1,1,1,0,0,1,0,0,0,0,5b76003be8a0ee84,0.1,0.0
task_0093,family_16,template_16,0.25,0.5,10,NC3-LENGTH,1,0,0,1,5050,5050,500.0,21,10120,0,120,0,0,1,0,0.55,2,0,0,0,0,0,0,0,0,0,0,0,0,0,,0.75,0.0
task_0093,family_16,template_16,0.25,0.5,10,NC4-ABLATION,0,1,0,1,920,920,61.0,14,1525,150,120,10,1,1,0,0.9763,4,0,0,0,0,0,1,0,0,1,0,1,1,1,5b76003be8a0ee84,0.75,1.0
task_0094,family_16,template_16,0.5,0.5,10,B-COLD,1,0,0,1,5050,5050,505.0,21,10120,0,120,0,0,1,0,0.9584,4,0,0,0,0,0,0,0,0,0,0,0,0,0,,0.75,0.0
task_0094,family_16,template_16,0.5,0.5,10,B-RAG-EMBED,1,0,0,1,3000,3000,280.0,17,5870,150,120,5,1,1,0,0.9584,4,0,0,0,0,0,0,0,0,0,0,1,1,0,,0.75,0.0
task_0094,family_16,template_16,0.5,0.5,10,B-STAGEHAND-CACHE,1,0,0,1,5050,5050,505.0,21,10120,0,120,0,0,1,0,0.9584,4,0,0,0,0,0,0,0,0,0,0,1,0,0,,0.75,0.0
task_0094,family_16,template_16,0.5,0.5,10,B-TERX-REPLAY,1,0,0,1,5050,5050,505.0,21,10120,0,120,0,0,1,0,0.9584,4,0,0,0,0,0,0,0,0,0,0,1,0,0,,0.75,0.0
task_0094,family_16,template_16,0.5,0.5,10,P-SPIDER-MEA-BATCHED,1,0,0,1,880,880,57.0,14,1435,150,30,10,1,1,0,0.9553,4,0,1,1,1,0,1,1,0,1,0,1,1,1,d5b8249ef30a8272,0.75,1.0
task_0094,family_16,template_16,0.5,0.5,10,NC1-SHUFFLED,1,0,0,1,1164,1164,85.40186659906107,15,3245,150,120,8,0,0,0,0.783115329202696,3,0,0,0,0,1,1,0,0,1,0,0,0,0,d5b8249ef30a8272,0.0,0.0
task_0094,family_16,template_16,0.5,0.5,10,NC2-RANDOM,1,0,0,1,1177,1177,86.71131745389488,15,3155,150,30,8,0,0,0,0.7095564805197889,3,1,1,0,1,1,1,0,0,1,0,0,0,0,d5b8249ef30a8272,0.125,0.0
task_0094,family_16,template_16,0.5,0.5,10,NC3-LENGTH,1,0,0,1,5050,5050,500.0,21,10120,0,120,0,0,1,0,0.55,2,0,0,0,0,0,0,0,0,0,0,0,0,0,,0.75,0.0
task_0094,family_16,template_16,0.5,0.5,10,NC4-ABLATION,1,0,0,1,920,920,61.0,14,1525,150,120,10,1,1,0,0.98,4,0,0,0,1,0,1,0,0,1,0,1,1,1,d5b8249ef30a8272,0.75,1.0
task_0095,family_16,template_16,0.75,1.0,10,B-COLD,1,0,0,1,5050,5050,505.0,21,10120,0,120,0,0,1,0,0.9525,4,0,0,0,0,0,0,0,0,0,0,0,0,0,,0.5,0.0
task_0095,family_16,template_16,0.75,1.0,10,B-RAG-EMBED,1,0,0,1,5250,5250,505.0,22,10270,150,120,0,0,1,0,0.9525,4,0,0,0,0,0,0,0,0,0,0,1,0,0,,0.5,0.0
task_0095,family_16,template_16,0.75,1.0,10,B-STAGEHAND-CACHE,1,0,0,1,5050,5050,505.0,21,10120,0,120,0,0,1,0,0.9525,4,0,0,0,0,0,0,0,0,0,0,1,0,0,,0.5,0.0
task_0095,family_16,template_16,0.75,1.0,10,B-TERX-REPLAY,1,0,0,1,5050,5050,505.0,21,10120,0,120,0,0,1,0,0.9525,4,0,0,0,0,0,0,0,0,0,0,1,0,0,,0.5,0.0
task_0095,family_16,template_16,0.75,1.0,10,P-SPIDER-MEA-BATCHED,1,0,0,1,880,880,57.0,14,1435,150,30,10,1,1,0,0.9535,4,0,1,1,1,0,1,1,0,1,0,1,1,1,1aee2953b9bbdbe8,0.5,0.5
task_0095,family_16,template_16,0.75,1.0,10,NC1-SHUFFLED,1,0,0,1,1384,1384,107.41378008564035,15,3245,150,120,8,0,0,0,0.8478656351621514,4,0,0,0,0,1,1,0,0,0,1,0,0,0,1aee2953b9bbdbe8,0.0,0.0
task_0095,family_16,template_16,0.75,1.0,10,NC2-RANDOM,1,0,0,1,1369,1369,105.99902853310167,14,2275,150,30,9,0,0,0,0.5426859204040526,2,0,0,1,0,1,1,0,0,0,0,0,0,0,1aee2953b9bbdbe8,0.0,0.0
task_0095,family_16,template_16,0.75,1.0,10,NC3-LENGTH,1,0,0,1,5050,5050,500.0,21,10120,0,120,0,0,1,0,0.55,2,0,0,0,0,0,0,0,0,0,0,0,0,0,,0.5,0.0
task_0095,family_16,template_16,0.75,1.0,10,NC4-ABLATION,0,1,0,1,880,880,57.0,14,1435,150,30,10,0,0,0,0.01,0,1,1,1,1,0,1,0,0,1,0,1,0,0,1aee2953b9bbdbe8,0.5,0.5
task_0096,family_16,template_16,1.0,1.0,10,B-COLD,1,0,0,1,5050,5050,505.0,21,10120,0,120,0,0,1,0,0.9681,4,0,0,0,0,0,0,0,0,0,0,0,0,0,,0.75,0.0
task_0096,family_16,template_16,1.0,1.0,10,B-RAG-EMBED,1,0,0,1,5250,5250,505.0,22,10270,150,120,0,0,1,0,0.9681,4,0,0,0,0,0,0,0,0,0,0,1,0,0,,0.75,0.0
task_0096,family_16,template_16,1.0,1.0,10,B-STAGEHAND-CACHE,1,0,0,1,5050,5050,505.0,21,10120,0,120,0,0,1,0,0.9681,4,0,0,0,0,0,0,0,0,0,0,1,0,0,,0.75,0.0
task_0096,family_16,template_16,1.0,1.0,10,B-TERX-REPLAY,1,0,0,1,5050,5050,505.0,21,10120,0,120,0,0,1,0,0.9681,4,0,0,0,0,0,0,0,0,0,0,1,0,0,,0.75,0.0
task_0096,family_16,template_16,1.0,1.0,10,P-SPIDER-MEA-BATCHED,1,0,0,1,920,920,61.0,14,1525,150,120,10,1,1,0,0.99,4,0,0,0,0,0,1,1,0,1,0,1,1,1,90bb993586aea01f,0.75,1.0
task_0096,family_16,template_16,1.0,1.0,10,NC1-SHUFFLED,1,0,1,1,1326,1326,101.60198278262925,15,3155,150,30,8,0,0,0,0.4327826983699119,2,0,1,1,1,1,1,0,0,0,1,0,0,0,90bb993586aea01f,0.0,0.0
task_0096,family_16,template_16,1.0,1.0,10,NC2-RANDOM,0,1,0,1,1320,1320,101.00394860877368,15,3155,150,30,8,0,0,0,0.6803236371130554,3,0,1,0,0,1,1,0,0,1,0,0,0,0,90bb993586aea01f,0.0,0.0
task_0096,family_16,template_16,1.0,1.0,10,NC3-LENGTH,1,0,0,1,5050,5050,500.0,21,10120,0,120,0,0,1,0,0.55,2,0,0,0,0,0,0,0,0,0,0,0,0,0,,0.75,0.0
task_0096,family_16,template_16,1.0,1.0,10,NC4-ABLATION,1,0,0,1,880,880,57.0,14,1435,150,30,10,1,1,0,0.99,4,0,1,1,1,0,1,0,0,1,0,1,1,1,90bb993586aea01f,0.75,1.0
task_0097,family_17,template_17,0.0,0.0,11,B-COLD,1,0,0,1,5550,5550,504.54545454545456,23,11120,0,120,0,0,1,0,0.9876,4,0,0,0,0,0,0,0,0,0,0,0,0,0,,1.0,0.0
task_0097,family_17,template_17,0.0,0.0,11,B-RAG-EMBED,1,0,0,1,800,800,54.54545454545455,13,1590,150,120,11,1,1,0,0.9876,4,0,0,0,0,0,0,0,0,0,0,1,1,0,,1.0,0.0
task_0097,family_17,template_17,0.0,0.0,11,B-STAGEHAND-CACHE,1,0,0,1,600,600,54.54545454545455,12,1440,0,120,11,1,1,0,0.9876,4,0,0,0,0,0,0,0,0,0,0,1,1,0,,1.0,0.0
task_0097,family_17,template_17,0.0,0.0,11,B-TERX-REPLAY,1,0,0,1,600,600,54.54545454545455,12,1440,0,120,11,1,1,0,0.9876,4,0,0,0,0,0,0,0,0,0,0,1,1,0,,1.0,0.0
task_0097,family_17,template_17,0.0,0.0,11,P-SPIDER-MEA-BATCHED,1,0,0,1,970,970,60.0,15,1645,150,120,11,1,1,0,0.9774,4,0,0,0,0,0,1,1,0,1,0,1,1,1,6651010cb8b20e52,1.0,1.0
task_0097,family_17,template_17,0.0,0.0,11,NC1-SHUFFLED,1,0,1,1,1253,1253,85.79952421223406,14,1515,150,30,9,0,0,0,0.36965930257761004,1,0,1,1,1,1,1,0,0,1,0,0,0,0,6651010cb8b20e52,0.2,0.0
task_0097,family_17,template_17,0.0,0.0,11,NC2-RANDOM,1,0,0,1,1411,1411,100.10828450977301,14,1670,150,120,9,0,0,0,0.5379738272776899,2,0,1,0,1,1,1,1,0,1,1,0,0,0,6651010cb8b20e52,0.1,0.0
task_0097,family_17,template_17,0.0,0.0,11,NC3-LENGTH,1,0,0,1,5550,5550,500.0,23,11120,0,120,0,0,1,0,0.55,2,0,0,0,0,0,0,0,0,0,0,0,0,0,,1.0,0.0
task_0097,family_17,template_17,0.0,0.0,11,NC4-ABLATION,0,1,0,1,930,930,56.36363636363637,15,1555,150,30,11,1,1,0,0.9764,4,0,1,1,1,0,1,0,0,1,0,1,1,1,6651010cb8b20e52,1.0,1.0
task_0098,family_17,template_17,0.5,0.5,11,B-COLD,1,0,0,1,5550,5550,504.54545454545456,23,11120,0,120,0,0,1,0,0.99,4,0,0,0,0,0,0,0,0,0,0,0,0,0,,0.5714285714285714,0.0
task_0098,family_17,template_17,0.5,0.5,11,B-RAG-EMBED,1,0,0,1,3500,3500,300.0,19,6870,150,120,5,1,1,0,0.99,4,0,0,0,0,0,0,0,0,0,0,1,1,0,,0.5714285714285714,0.0
task_0098,family_17,template_17,0.5,0.5,11,B-STAGEHAND-CACHE,1,0,0,1,5550,5550,504.54545454545456,23,11120,0,120,0,0,1,0,0.99,4,0,0,0,0,0,0,0,0,0,0,1,0,0,,0.5714285714285714,0.0
task_0098,family_17,template_17,0.5,0.5,11,B-TERX-REPLAY,1,0,0,1,5550,5550,504.54545454545456,23,11120,0,120,0,0,1,0,0.99,4,0,0,0,0,0,0,0,0,0,0,1,0,0,,0.5714285714285714,0.0
task_0098,family_17,template_17,0.5,0.5,11,P-SPIDER-MEA-BATCHED,1,0,1,1,1020,1020,64.54545454545455,15,1620,150,30,11,0,0,0,0.01,0,1,1,1,1,1,1,1,0,0,1,1,0,0,08ec0d03e4dcb46e,0.5714285714285714,1.0
task_0098,family_17,template_17,0.5,0.5,11,NC1-SHUFFLED,1,0,1,1,1275,1275,87.78161307902282,16,3275,150,30,9,0,0,0,0.4487969484374935,2,0,1,1,1,1,1,0,0,0,1,0,0,0,08ec0d03e4dcb46e,0.1,0.0
task_0098,family_17,template_17,0.5,0.5,11,NC2-RANDOM,0,0,0,1,1284,1284,88.62026233671517,16,3365,150,120,9,0,0,0,0.592013418270869,2,0,1,0,0,1,1,0,0,1,0,0,0,0,08ec0d03e4dcb46e,0.1,0.0
task_0098,family_17,template_17,0.5,0.5,11,NC3-LENGTH,1,0,0,1,5550,5550,500.0,23,11120,0,120,0,0,1,0,0.55,2,0,0,0,0,0,0,0,0,0,0,0,0,0,,0.5714285714285714,0.0
task_0098,family_17,template_17,0.5,0.5,11,NC4-ABLATION,1,0,1,1,970,970,60.0,15,1645,150,120,11,0,0,0,0.01,0,1,0,0,0,1,1,0,0,1,0,1,0,0,08ec0d03e4dcb46e,0.5714285714285714,1.0
task_0099,family_17,template_17,0.75,1.0,11,B-COLD,1,0,0,1,5550,5550,504.54545454545456,23,11120,0,120,0,0,1,0,0.9657,4,0,0,0,0,0,0,0,0,0,0,0,0,0,,0.14285714285714285,0.0
task_0099,family_17,template_17,0.75,1.0,11,B-RAG-EMBED,1,0,0,1,5750,5750,504.54545454545456,24,11270,150,120,0,0,1,0,0.9657,4,0,0,0,0,0,0,0,0,0,0,0,0,0,,0.14285714285714285,0.0
task_0099,family_17,template_17,0.75,1.0,11,B-STAGEHAND-CACHE,1,0,0,1,5550,5550,504.54545454545456,23,11120,0,120,0,0,1,0,0.9657,4,0,0,0,0,0,0,0,0,0,0,0,0,0,,0.14285714285714285,0.0
task_0099,family_17,template_17,0.75,1.0,11,B-TERX-REPLAY,1,0,0,1,5550,5550,504.54545454545456,23,11120,0,120,0,0,1,0,0.9657,4,0,0,0,0,0,0,0,0,0,0,0,0,0,,0.14285714285714285,0.0
task_0099,family_17,template_17,0.75,1.0,11,P-SPIDER-MEA-BATCHED,1,0,1,1,1820,1820,137.27272727272728,16,3365,150,120,9,0,0,0,0.01,0,1,0,0,0,1,1,0,0,1,0,0,0,0,98046811b5910e5b,0.14285714285714285,0.14285714285714285
task_0099,family_17,template_17,0.75,1.0,11,NC1-SHUFFLED,1,0,1,1,1357,1357,95.24741965249731,16,3365,150,120,9,0,0,0,0.3745334868046621,1,0,0,0,0,1,1,0,0,1,0,0,0,0,98046811b5910e5b,0.0,0.0
task_0099,family_17,template_17,0.75,1.0,11,NC2-RANDOM,1,0,0,1,1461,1461,104.68995067556419,16,3365,150,120,9,0,0,0,0.6833422471652657,3,1,1,0,0,1,1,0,0,0,0,0,0,0,98046811b5910e5b,0.0,0.0
task_0099,family_17,template_17,0.75,1.0,11,NC3-LENGTH,1,0,0,1,5550,5550,500.0,23,11120,0,120,0,0,1,0,0.55,2,0,0,0,0,0,0,0,0,0,0,0,0,0,,0.14285714285714285,0.0
task_0099,family_17,template_17,0.75,1.0,11,NC4-ABLATION,1,0,0,1,1780,1780,133.63636363636363,16,3275,150,30,9,1,1,0,0.9752,4,0,1,1,1,0,1,0,0,1,0,0,0,0,98046811b5910e5b,0.14285714285714285,0.14285714285714285
task_0100,family_17,template_17,1.0,1.0,11,B-COLD,1,0,0,1,5550,5550,504.54545454545456,23,11120,0,120,0,0,1,0,0.99,4,0,0,0,0,0,0,0,0,0,0,0,0,0,,0.14285714285714285,0.0
task_0100,family_17,template_17,1.0,1.0,11,B-RAG-EMBED,1,0,0,1,5750,5750,504.54545454545456,24,11270,150,120,0,0,1,0,0.99,4,0,0,0,0,0,0,0,0,0,0,0,0,0,,0.14285714285714285,0.0
task_0100,family_17,template_17,1.0,1.0,11,B-STAGEHAND-CACHE,1,0,0,1,5550,5550,504.54545454545456,23,11120,0,120,0,0,1,0,0.99,4,0,0,0,0,0,0,0,0,0,0,0,0,0,,0.14285714285714285,0.0
task_0100,family_17,template_17,1.0,1.0,11,B-TERX-REPLAY,1,0,0,1,5550,5550,504.54545454545456,23,11120,0,120,0,0,1,0,0.99,4,0,0,0,0,0,0,0,0,0,0,0,0,0,,0.14285714285714285,0.0
task_0100,family_17,template_17,1.0,1.0,11,P-SPIDER-MEA-BATCHED,1,0,0,1,1780,1780,133.63636363636363,16,3275,150,30,9,1,1,0,0.99,4,0,1,1,1,0,1,0,0,1,0,0,0,0,e7176a884d174a5a,0.14285714285714285,0.14285714285714285
task_0100,family_17,template_17,1.0,1.0,11,NC1-SHUFFLED,1,0,1,1,1380,1380,97.33945557624278,16,3365,150,120,9,0,0,0,0.4838740423293306,2,1,0,0,0,1,1,0,0,1,0,0,0,0,e7176a884d174a5a,0.0,0.0
task_0100,family_17,template_17,1.0,1.0,11,NC2-RANDOM,1,0,0,1,1340,1340,93.65585858547135,16,3365,150,120,9,0,0,0,0.48152519109505937,2,0,1,1,1,1,1,0,0,1,0,0,0,0,e7176a884d174a5a,0.0,0.0
task_0100,family_17,template_17,1.0,1.0,11,NC3-LENGTH,1,0,0,1,5550,5550,500.0,23,11120,0,120,0,0,1,0,0.55,2,0,0,0,0,0,0,0,0,0,0,0,0,0,,0.14285714285714285,0.0
task_0100,family_17,template_17,1.0,1.0,11,NC4-ABLATION,1,0,1,1,1820,1820,137.27272727272728,16,3365,150,120,9,0,0,0,0.015,0,1,0,0,0,1,1,0,0,1,0,0,0,0,e7176a884d174a5a,0.14285714285714285,0.14285714285714285
task_0101,family_17,template_17,0.25,0.5,11,B-COLD,1,0,0,1,5550,5550,504.54545454545456,23,11120,0,120,0,0,1,0,0.9769,4,0,0,0,0,0,0,0,0,0,0,0,0,0,,0.5714285714285714,0.0
task_0101,family_17,template_17,0.25,0.5,11,B-RAG-EMBED,1,0,0,1,3500,3500,300.0,19,6870,150,120,5,1,1,0,0.9769,4,0,0,0,0,0,0,0,0,0,0,1,1,0,,0.5714285714285714,0.0
task_0101,family_17,template_17,0.25,0.5,11,B-STAGEHAND-CACHE,1,0,0,1,5550,5550,504.54545454545456,23,11120,0,120,0,0,1,0,0.9769,4,0,0,0,0,0,0,0,0,0,0,1,0,0,,0.5714285714285714,0.0
task_0101,family_17,template_17,0.25,0.5,11,B-TERX-REPLAY,1,0,0,1,5550,5550,504.54545454545456,23,11120,0,120,0,0,1,0,0.9769,4,0,0,0,0,0,0,0,0,0,0,1,0,0,,0.5714285714285714,0.0
task_0101,family_17,template_17,0.25,0.5,11,P-SPIDER-MEA-BATCHED,1,0,0,1,930,930,56.36363636363637,15,1555,150,30,11,1,1,0,0.9715,4,0,1,1,1,0,1,1,0,1,0,1,1,1,f28a0667964bc002,0.5714285714285714,1.0
task_0101,family_17,template_17,0.25,0.5,11,NC1-SHUFFLED,1,0,1,1,1392,1392,98.40037895687004,16,3365,150,120,9,0,0,0,0.5235519704554622,2,1,0,0,1,1,1,0,0,0,1,0,0,0,f28a0667964bc002,0.1,0.0
task_0101,family_17,template_17,0.25,0.5,11,NC2-RANDOM,1,0,0,1,1355,1355,95.07416081914496,17,4155,150,30,8,0,0,0,0.7307337964914759,3,0,1,0,1,1,1,0,0,1,0,0,0,0,f28a0667964bc002,0.06666666666666667,0.0
task_0101,family_17,template_17,0.25,0.5,11,NC3-LENGTH,1,0,0,1,5550,5550,500.0,23,11120,0,120,0,0,1,0,0.55,2,0,0,0,0,0,0,0,0,0,0,0,0,0,,0.5714285714285714,0.0
task_0101,family_17,template_17,0.25,0.5,11,NC4-ABLATION,1,0,0,1,930,930,56.36363636363637,15,1555,150,30,11,1,1,0,0.99,4,0,1,1,1,0,1,0,0,1,0,1,1,1,f28a0667964bc002,0.5714285714285714,1.0
task_0102,family_18,template_18,0.0,0.0,12,B-COLD,1,0,0,1,6050,6050,504.1666666666667,25,12120,0,120,0,0,1,0,0.9719,4,0,0,0,0,0,0,0,0,0,0,0,0,0,,1.0,0.0
task_0102,family_18,template_18,0.0,0.0,12,B-RAG-EMBED,1,0,0,1,850,850,54.166666666666664,14,1710,150,120,12,1,1,0,0.9719,4,0,0,0,0,0,0,0,0,0,0,1,1,0,,1.0,0.0
task_0102,family_18,template_18,0.0,0.0,12,B-STAGEHAND-CACHE,1,0,0,1,650,650,54.166666666666664,13,1560,0,120,12,1,1,0,0.9719,4,0,0,0,0,0,0,0,0,0,0,1,1,0,,1.0,0.0
task_0102,family_18,template_18,0.0,0.0,12,B-TERX-REPLAY,1,0,0,1,650,650,54.166666666666664,13,1560,0,120,12,1,1,0,0.9719,4,0,0,0,0,0,0,0,0,0,0,1,1,0,,1.0,0.0
task_0102,family_18,template_18,0.0,0.0,12,P-SPIDER-MEA-BATCHED,1,0,0,1,1020,1020,59.166666666666664,16,1765,150,120,12,1,1,0,0.98,4,0,0,0,1,0,1,1,0,1,0,1,1,1,ce11e4f4c61bffb5,1.0,1.0
task_0102,family_18,template_18,0.0,0.0,12,NC1-SHUFFLED,0,0,0,1,1427,1427,93.10070676069884,15,1635,150,30,9,0,0,0,0.6771728335179084,3,0,1,1,1,1,1,0,0,0,1,0,0,0,ce11e4f4c61bffb5,0.2,0.0
task_0102,family_18,template_18,0.0,0.0,12,NC2-RANDOM,1,0,0,1,1497,1497,98.9708187155103,15,1725,150,120,10,0,0,0,0.6788315356263644,3,0,0,0,1,1,1,0,0,1,0,0,0,0,ce11e4f4c61bffb5,0.25,0.0
task_0102,family_18,template_18,0.0,0.0,12,NC3-LENGTH,1,0,0,1,6050,6050,500.0,25,12120,0,120,0,0,1,0,0.55,2,0,0,0,0,0,0,0,0,0,0,0,0,0,,1.0,0.0
task_0102,family_18,template_18,0.0,0.0,12,NC4-ABLATION,1,0,0,1,980,980,55.833333333333336,16,1675,150,30,12,1,1,0,0.99,4,0,1,1,1,0,1,0,0,1,0,1,1,1,ce11e4f4c61bffb5,1.0,1.0
task_0103,family_18,template_18,0.75,0.6667,12,B-COLD,1,0,0,1,6050,6050,504.1666666666667,25,12120,0,120,0,0,1,0,0.9657,4,0,0,0,0,0,0,0,0,0,0,0,0,0,,0.6666666666666666,0.0
task_0103,family_18,template_18,0.75,0.6667,12,B-RAG-EMBED,1,0,0,1,4450,4450,354.1666666666667,22,8750,150,120,4,1,1,0,0.9657,4,0,0,0,0,0,0,0,0,0,0,1,1,0,,0.6666666666666666,0.0
task_0103,family_18,template_18,0.75,0.6667,12,B-STAGEHAND-CACHE,1,0,0,1,6050,6050,504.1666666666667,25,12120,0,120,0,0,1,0,0.9657,4,0,0,0,0,0,0,0,0,0,0,1,0,0,,0.6666666666666666,0.0
task_0103,family_18,template_18,0.75,0.6667,12,B-TERX-REPLAY,1,0,0,1,6050,6050,504.1666666666667,25,12120,0,120,0,0,1,0,0.9657,4,0,0,0,0,0,0,0,0,0,0,1,0,0,,0.6666666666666666,0.0
task_0103,family_18,template_18,0.75,0.6667,12,P-SPIDER-MEA-BATCHED,1,0,0,1,1020,1020,59.166666666666664,16,1765,150,120,12,1,1,0,0.9558,4,0,0,0,0,0,1,1,0,1,0,1,1,1,6f895f19cfe28d47,0.6666666666666666,1.0
task_0103,family_18,template_18,0.75,0.6667,12,NC1-SHUFFLED,1,0,1,1,1622,1622,109.40332462519537,18,4275,150,30,9,0,0,0,0.5094423216993417,2,1,1,1,1,1,1,0,0,0,1,0,0,0,6f895f19cfe28d47,0.06666666666666667,0.0
task_0103,family_18,template_18,0.75,0.6667,12,NC2-RANDOM,1,0,0,1,1470,1470,96.68182483583705,17,3485,150,120,10,0,0,0,0.4596575812819826,2,0,1,1,1,1,1,1,0,0,0,0,0,0,6f895f19cfe28d47,0.1,0.0
task_0103,family_18,template_18,0.75,0.6667,12,NC3-LENGTH,1,0,0,1,6050,6050,500.0,25,12120,0,120,0,0,1,0,0.55,2,0,0,0,0,0,0,0,0,0,0,0,0,0,,0.6666666666666666,0.0
task_0103,family_18,template_18,0.75,0.6667,12,NC4-ABLATION,1,0,0,1,1020,1020,59.166666666666664,16,1765,150,120,12,1,1,0,0.99,4,0,0,0,1,0,1,0,0,1,0,1,1,1,6f895f19cfe28d47,0.6666666666666666,1.0
task_0104,family_18,template_18,1.0,1.0,12,B-COLD,1,0,0,1,6050,6050,504.1666666666667,25,12120,0,120,0,0,1,0,0.99,4,0,0,0,0,0,0,0,0,0,0,0,0,0,,0.5,0.0
task_0104,family_18,template_18,1.0,1.0,12,B-RAG-EMBED,1,0,0,1,6250,6250,504.1666666666667,26,12270,150,120,0,0,1,0,0.99,4,0,0,0,0,0,0,0,0,0,0,1,0,0,,0.5,0.0
task_0104,family_18,template_18,1.0,1.0,12,B-STAGEHAND-CACHE,1,0,0,1,6050,6050,504.1666666666667,25,12120,0,120,0,0,1,0,0.99,4,0,0,0,0,0,0,0,0,0,0,1,0,0,,0.5,0.0
task_0104,family_18,template_18,1.0,1.0,12,B-TERX-REPLAY,1,0,0,1,6050,6050,504.1666666666667,25,12120,0,120,0,0,1,0,0.99,4,0,0,0,0,0,0,0,0,0,0,1,0,0,,0.5,0.0
task_0104,family_18,template_18,1.0,1.0,12,P-SPIDER-MEA-BATCHED,1,0,1,1,1110,1110,66.66666666666667,16,1830,150,120,12,0,0,0,0.01,0,1,0,0,0,1,1,1,0,0,1,1,0,0,eb7f8f5d42417a67,0.5,0.5
task_0104,family_18,template_18,1.0,1.0,12,NC1-SHUFFLED,1,0,1,1,1644,1644,111.22535620724906,18,4340,150,30,9,0,0,0,0.42765976537475303,2,0,1,1,1,1,1,0,0,1,0,0,0,0,eb7f8f5d42417a67,0.0,0.0
task_0104,family_18,template_18,1.0,1.0,12,NC2-RANDOM,0,1,0,1,1646,1646,111.39545347066397,17,3395,150,30,10,0,0,0,0.6282917948204174,3,0,0,0,0,1,1,1,0,1,0,0,0,0,eb7f8f5d42417a67,0.0,0.0
task_0104,family_18,template_18,1.0,1.0,12,NC3-LENGTH,1,0,0,1,6050,6050,500.0,25,12120,0,120,0,0,1,0,0.55,2,0,0,0,0,0,0,0,0,0,0,0,0,0,,0.5,0.0
task_0104,family_18,template_18,1.0,1.0,12,NC4-ABLATION,1,0,1,1,980,980,55.833333333333336,16,1675,150,30,12,0,0,0,0.0273,0,1,1,1,1,1,1,0,0,1,0,1,0,0,eb7f8f5d42417a67,0.5,0.5
task_0105,family_18,template_18,0.25,0.3333,12,B-COLD,1,0,0,1,6050,6050,504.1666666666667,25,12120,0,120,0,0,1,0,0.99,4,0,0,0,0,0,0,0,0,0,0,0,0,0,,0.8333333333333334,0.0
task_0105,family_18,template_18,0.25,0.3333,12,B-RAG-EMBED,1,0,0,1,2650,2650,204.16666666666666,18,5230,150,120,8,1,1,0,0.99,4,0,0,0,0,0,0,0,0,0,0,1,1,0,,0.8333333333333334,0.0
task_0105,family_18,template_18,0.25,0.3333,12,B-STAGEHAND-CACHE,1,0,0,1,6050,6050,504.1666666666667,25,12120,0,120,0,0,1,0,0.99,4,0,0,0,0,0,0,0,0,0,0,1,0,0,,0.8333333333333334,0.0
task_0105,family_18,template_18,0.25,0.3333,12,B-TERX-REPLAY,1,0,0,1,6050,6050,504.1666666666667,25,12120,0,120,0,0,1,0,0.99,4,0,0,0,0,0,0,0,0,0,0,1,0,0,,0.8333333333333334,0.0
task_0105,family_18,template_18,0.25,0.3333,12,P-SPIDER-MEA-BATCHED,1,0,0,1,980,980,55.833333333333336,16,1675,150,30,12,1,1,0,0.99,4,0,1,1,1,0,1,1,0,1,0,1,1,1,6c8f8adc805c1653,0.8333333333333334,1.0
task_0105,family_18,template_18,0.25,0.3333,12,NC1-SHUFFLED,1,0,1,1,1439,1439,94.14609689550447,18,4365,150,120,9,0,0,0,0.5215211041788563,2,0,0,0,1,1,1,0,0,0,1,0,0,0,6c8f8adc805c1653,0.13333333333333333,0.0
task_0105,family_18,template_18,0.25,0.3333,12,NC2-RANDOM,0,0,0,1,1635,1635,110.43037874765035,16,2515,150,30,11,0,0,0,0.5747865861737209,2,0,0,1,0,1,1,0,0,1,0,0,0,0,6c8f8adc805c1653,0.0,0.0
task_0105,family_18,template_18,0.25,0.3333,12,NC3-LENGTH,1,0,0,1,6050,6050,500.0,25,12120,0,120,0,0,1,0,0.55,2,0,0,0,0,0,0,0,0,0,0,0,0,0,,0.8333333333333334,0.0
task_0105,family_18,template_18,0.25,0.3333,12,NC4-ABLATION,1,0,0,1,980,980,55.833333333333336,16,1675,150,30,12,1,1,0,0.99,4,0,1,1,1,0,1,0,0,1,0,1,1,1,6c8f8adc805c1653,0.8333333333333334,1.0
task_0106,family_18,template_18,0.5,0.6667,12,B-COLD,1,0,0,1,6050,6050,504.1666666666667,25,12120,0,120,0,0,1,0,0.99,4,0,0,0,0,0,0,0,0,0,0,0,0,0,,1.0,0.0
task_0106,family_18,template_18,0.5,0.6667,12,B-RAG-EMBED,1,0,0,1,4450,4450,354.1666666666667,22,8750,150,120,4,1,1,0,0.99,4,0,0,0,0,0,0,0,0,0,0,1,1,0,,1.0,0.0
task_0106,family_18,template_18,0.5,0.6667,12,B-STAGEHAND-CACHE,1,0,0,1,6050,6050,504.1666666666667,25,12120,0,120,0,0,1,0,0.99,4,0,0,0,0,0,0,0,0,0,0,1,0,0,,1.0,0.0
task_0106,family_18,template_18,0.5,0.6667,12,B-TERX-REPLAY,1,0,0,1,6050,6050,504.1666666666667,25,12120,0,120,0,0,1,0,0.99,4,0,0,0,0,0,0,0,0,0,0,1,0,0,,1.0,0.0
task_0106,family_18,template_18,0.5,0.6667,12,P-SPIDER-MEA-BATCHED,1,0,0,1,980,980,55.833333333333336,16,1675,150,30,12,1,1,0,0.9568,4,0,1,1,1,0,1,1,0,1,0,1,1,1,7a90daa9a011a384,1.0,1.0
task_0106,family_18,template_18,0.5,0.6667,12,NC1-SHUFFLED,1,0,1,1,1566,1566,104.67741577104454,18,4275,150,30,9,0,0,0,0.5024193056539908,2,0,1,1,1,1,1,0,0,1,0,0,0,0,7a90daa9a011a384,0.2,0.0
task_0106,family_18,template_18,0.5,0.6667,12,NC2-RANDOM,0,1,0,1,1359,1359,87.42995493599372,17,3485,150,120,10,0,0,0,0.6400055123221502,3,0,0,1,1,1,1,0,0,1,0,0,0,0,7a90daa9a011a384,0.2,0.0
task_0106,family_18,template_18,0.5,0.6667,12,NC3-LENGTH,1,0,0,1,6050,6050,500.0,25,12120,0,120,0,0,1,0,0.55,2,0,0,0,0,0,0,0,0,0,0,0,0,0,,1.0,0.0
task_0106,family_18,template_18,0.5,0.6667,12,NC4-ABLATION,0,0,0,1,1020,1020,59.166666666666664,16,1765,150,120,12,1,1,0,0.959,4,0,0,0,0,0,1,0,0,1,0,1,1,1,7a90daa9a011a384,1.0,1.0
task_0107,family_19,template_19,0.0,0.0,13,B-COLD,1,0,0,1,6550,6550,503.84615384615387,27,13120,0,120,0,0,1,0,0.9684,4,0,0,0,0,0,0,0,0,0,0,0,0,0,,1.0,0.0
task_0107,family_19,template_19,0.0,0.0,13,B-RAG-EMBED,1,0,0,1,900,900,53.84615384615385,15,1830,150,120,13,1,1,0,0.9684,4,0,0,0,0,0,0,0,0,0,0,1,1,0,,1.0,0.0
task_0107,family_19,template_19,0.0,0.0,13,B-STAGEHAND-CACHE,1,0,0,1,700,700,53.84615384615385,14,1680,0,120,13,1,1,0,0.9684,4,0,0,0,0,0,0,0,0,0,0,1,1,0,,1.0,0.0
task_0107,family_19,template_19,0.0,0.0,13,B-TERX-REPLAY,1,0,0,1,700,700,53.84615384615385,14,1680,0,120,13,1,1,0,0.9684,4,0,0,0,0,0,0,0,0,0,0,1,1,0,,1.0,0.0
task_0107,family_19,template_19,0.0,0.0,13,P-SPIDER-MEA-BATCHED,1,0,0,1,1030,1030,55.38461538461539,17,1795,150,30,13,1,1,0,0.99,4,0,1,1,1,0,1,1,0,1,0,1,1,1,fec73a7058a47bf8,1.0,1.0
task_0107,family_19,template_19,0.0,0.0,13,NC1-SHUFFLED,1,0,1,1,1780,1780,113.12976917751615,16,1845,150,120,11,0,0,0,0.4295614176709508,2,0,0,0,0,1,1,0,0,0,1,0,0,0,fec73a7058a47bf8,0.1,0.0
task_0107,family_19,template_19,0.0,0.0,13,NC2-RANDOM,1,0,0,1,1525,1525,93.52369327382941,16,1845,150,120,10,0,0,0,0.513757091959882,2,0,1,0,0,1,1,0,0,1,0,0,0,0,fec73a7058a47bf8,0.06666666666666667,0.0
task_0107,family_19,template_19,0.0,0.0,13,NC3-LENGTH,1,0,0,1,6550,6550,500.0,27,13120,0,120,0,0,1,0,0.55,2,0,0,0,0,0,0,0,0,0,0,0,0,0,,1.0,0.0
task_0107,family_19,template_19,0.0,0.0,13,NC4-ABLATION,0,1,0,1,1070,1070,58.46153846153846,17,1885,150,120,13,1,1,0,0.99,4,0,0,0,1,0,1,0,0,1,0,1,1,1,fec73a7058a47bf8,1.0,1.0
task_0108,family_19,template_19,1.0,1.0,13,B-COLD,1,0,0,1,6550,6550,503.84615384615387,27,13120,0,120,0,0,1,0,0.99,4,0,0,0,0,0,0,0,0,0,0,0,0,0,,0.14285714285714285,0.0
task_0108,family_19,template_19,1.0,1.0,13,B-RAG-EMBED,1,0,0,1,6750,6750,503.84615384615387,28,13270,150,120,0,0,1,0,0.99,4,0,0,0,0,0,0,0,0,0,0,0,0,0,,0.14285714285714285,0.0
task_0108,family_19,template_19,1.0,1.0,13,B-STAGEHAND-CACHE,1,0,0,1,6550,6550,503.84615384615387,27,13120,0,120,0,0,1,0,0.99,4,0,0,0,0,0,0,0,0,0,0,0,0,0,,0.14285714285714285,0.0
task_0108,family_19,template_19,1.0,1.0,13,B-TERX-REPLAY,1,0,0,1,6550,6550,503.84615384615387,27,13120,0,120,0,0,1,0,0.99,4,0,0,0,0,0,0,0,0,0,0,0,0,0,,0.14285714285714285,0.0
task_0108,family_19,template_19,1.0,1.0,13,P-SPIDER-MEA-BATCHED,1,0,0,1,1560,1560,96.15384615384616,17,2790,150,120,12,1,1,0,0.99,4,0,0,0,1,0,1,0,0,0,1,0,0,0,16080e805a369de3,0.14285714285714285,0.14285714285714285
task_0108,family_19,template_19,1.0,1.0,13,NC1-SHUFFLED,1,0,1,1,1528,1528,93.7502979450618,18,3580,150,30,11,0,0,0,0.46239955787936643,2,0,1,1,1,1,1,0,0,0,1,0,0,0,16080e805a369de3,0.0,0.0
task_0108,family_19,template_19,1.0,1.0,13,NC2-RANDOM,0,1,0,1,1673,1673,104.91619471317378,17,2635,150,30,12,0,0,0,0.7992947970703729,3,0,0,1,1,1,1,0,0,1,0,0,0,0,16080e805a369de3,0.0,0.0
task_0108,family_19,template_19,1.0,1.0,13,NC3-LENGTH,1,0,0,1,6550,6550,500.0,27,13120,0,120,0,0,1,0,0.55,2,0,0,0,0,0,0,0,0,0,0,0,0,0,,0.14285714285714285,0.0
task_0108,family_19,template_19,1.0,1.0,13,NC4-ABLATION,1,0,1,1,1470,1470,89.23076923076923,17,2725,150,120,12,0,0,0,0.01,0,1,0,0,0,1,1,0,0,1,0,0,0,0,16080e805a369de3,0.14285714285714285,0.14285714285714285
task_0109,family_19,template_19,0.25,0.0,13,B-COLD,1,0,0,1,6550,6550,503.84615384615387,27,13120,0,120,0,0,1,0,0.99,4,0,0,0,0,0,0,0,0,0,0,0,0,0,,1.0,0.0
task_0109,family_19,template_19,0.25,0.0,13,B-RAG-EMBED,1,0,0,1,900,900,53.84615384615385,15,1830,150,120,13,1,1,0,0.99,4,0,0,0,0,0,0,0,0,0,0,1,1,0,,1.0,0.0
task_0109,family_19,template_19,0.25,0.0,13,B-STAGEHAND-CACHE,1,0,0,1,6550,6550,503.84615384615387,27,13120,0,120,0,0,1,0,0.99,4,0,0,0,0,0,0,0,0,0,0,1,0,0,,1.0,0.0
task_0109,family_19,template_19,0.25,0.0,13,B-TERX-REPLAY,1,0,0,1,6550,6550,503.84615384615387,27,13120,0,120,0,0,1,0,0.99,4,0,0,0,0,0,0,0,0,0,0,1,0,0,,1.0,0.0
task_0109,family_19,template_19,0.25,0.0,13,P-SPIDER-MEA-BATCHED,1,0,0,1,1070,1070,58.46153846153846,17,1885,150,120,13,1,1,0,0.99,4,0,0,0,0,0,1,1,0,1,0,1,1,1,e428a7d8f5c268b1,1.0,1.0
task_0109,family_19,template_19,0.25,0.0,13,NC1-SHUFFLED,1,0,1,1,1664,1664,104.15906799380474,16,1845,150,120,11,0,0,0,0.36025527783320754,1,0,0,0,1,1,1,0,0,1,0,0,0,0,e428a7d8f5c268b1,0.1,0.0
task_0109,family_19,template_19,0.25,0.0,13,NC2-RANDOM,0,1,0,1,1676,1676,105.10705140419236,16,1755,150,30,11,0,0,0,0.6933886987495171,3,0,0,0,1,1,1,0,0,0,0,0,0,0,e428a7d8f5c268b1,0.1,0.0
task_0109,family_19,template_19,0.25,0.0,13,NC3-LENGTH,1,0,0,1,6550,6550,500.0,27,13120,0,120,0,0,1,0,0.55,2,0,0,0,0,0,0,0,0,0,0,0,0,0,,1.0,0.0
task_0109,family_19,template_19,0.25,0.0,13,NC4-ABLATION,1,0,0,1,1030,1030,55.38461538461539,17,1795,150,30,13,1,1,0,0.99,4,0,1,1,1,0,1,0,0,1,0,1,1,1,e428a7d8f5c268b1,1.0,1.0
task_0110,family_19,template_19,0.5,1.0,13,B-COLD,1,0,0,1,6550,6550,503.84615384615387,27,13120,0,120,0,0,1,0,0.99,4,0,0,0,0,0,0,0,0,0,0,0,0,0,,0.14285714285714285,0.0
task_0110,family_19,template_19,0.5,1.0,13,B-RAG-EMBED,1,0,0,1,6750,6750,503.84615384615387,28,13270,150,120,0,0,1,0,0.99,4,0,0,0,0,0,0,0,0,0,0,0,0,0,,0.14285714285714285,0.0
task_0110,family_19,template_19,0.5,1.0,13,B-STAGEHAND-CACHE,1,0,0,1,6550,6550,503.84615384615387,27,13120,0,120,0,0,1,0,0.99,4,0,0,0,0,0,0,0,0,0,0,0,0,0,,0.14285714285714285,0.0
task_0110,family_19,template_19,0.5,1.0,13,B-TERX-REPLAY,1,0,0,1,6550,6550,503.84615384615387,27,13120,0,120,0,0,1,0,0.99,4,0,0,0,0,0,0,0,0,0,0,0,0,0,,0.14285714285714285,0.0
task_0110,family_19,template_19,0.5,1.0,13,P-SPIDER-MEA-BATCHED,1,0,0,1,1470,1470,89.23076923076923,17,2725,150,120,12,1,1,0,0.952,4,0,0,0,0,0,1,0,0,1,0,0,0,0,d3a105608c0d16ef,0.14285714285714285,0.14285714285714285
task_0110,family_19,template_19,0.5,1.0,13,NC1-SHUFFLED,1,0,1,1,1792,1792,114.07042096604818,18,3605,150,120,11,0,0,0,0.37311290903528427,1,0,0,0,0,1,1,0,0,0,1,0,0,0,d3a105608c0d16ef,0.0,0.0
task_0110,family_19,template_19,0.5,1.0,13,NC2-RANDOM,1,0,0,1,1878,1878,120.688522908458,18,3605,150,120,11,0,0,0,0.704541339051059,3,0,0,1,1,1,1,0,0,1,0,0,0,0,d3a105608c0d16ef,0.0,0.0
task_0110,family_19,template_19,0.5,1.0,13,NC3-LENGTH,1,0,0,1,6550,6550,500.0,27,13120,0,120,0,0,1,0,0.55,2,0,0,0,0,0,0,0,0,0,0,0,0,0,,0.14285714285714285,0.0
task_0110,family_19,template_19,0.5,1.0,13,NC4-ABLATION,1,0,1,1,1470,1470,89.23076923076923,17,2725,150,120,12,0,0,0,0.01,0,1,0,0,0,1,1,0,0,1,0,0,0,0,d3a105608c0d16ef,0.14285714285714285,0.14285714285714285
task_0111,family_19,template_19,0.75,1.0,13,B-COLD,1,0,0,1,6550,6550,503.84615384615387,27,13120,0,120,0,0,1,0,0.99,4,0,0,0,0,0,0,0,0,0,0,0,0,0,,0.14285714285714285,0.0
task_0111,family_19,template_19,0.75,1.0,13,B-RAG-EMBED,1,0,0,1,6750,6750,503.84615384615387,28,13270,150,120,0,0,1,0,0.99,4,0,0,0,0,0,0,0,0,0,0,0,0,0,,0.14285714285714285,0.0
task_0111,family_19,template_19,0.75,1.0,13,B-STAGEHAND-CACHE,1,0,0,1,6550,6550,503.84615384615387,27,13120,0,120,0,0,1,0,0.99,4,0,0,0,0,0,0,0,0,0,0,0,0,0,,0.14285714285714285,0.0
task_0111,family_19,template_19,0.75,1.0,13,B-TERX-REPLAY,1,0,0,1,6550,6550,503.84615384615387,27,13120,0,120,0,0,1,0,0.99,4,0,0,0,0,0,0,0,0,0,0,0,0,0,,0.14285714285714285,0.0
task_0111,family_19,template_19,0.75,1.0,13,P-SPIDER-MEA-BATCHED,1,0,0,1,1430,1430,86.15384615384616,17,2635,150,30,12,1,1,0,0.9801,4,0,1,1,1,0,1,0,0,1,0,0,0,0,135d4b3b9a375d56,0.14285714285714285,0.14285714285714285
task_0111,family_19,template_19,0.75,1.0,13,NC1-SHUFFLED,1,0,1,1,1555,1555,95.83431978075645,18,3515,150,30,11,0,0,0,0.5009551769632881,2,1,1,1,1,1,1,0,0,1,0,0,0,0,135d4b3b9a375d56,0.0,0.0
task_0111,family_19,template_19,0.75,1.0,13,NC2-RANDOM,1,0,0,1,1578,1578,97.56765310947111,18,3515,150,30,11,0,0,0,0.6707308491481949,3,0,0,1,0,1,1,1,0,1,0,0,0,0,135d4b3b9a375d56,0.0,0.0
task_0111,family_19,template_19,0.75,1.0,13,NC3-LENGTH,1,0,0,1,6550,6550,500.0,27,13120,0,120,0,0,1,0,0.55,2,0,0,0,0,0,0,0,0,0,0,0,0,0,,0.14285714285714285,0.0
task_0111,family_19,template_19,0.75,1.0,13,NC4-ABLATION,0,1,0,1,1430,1430,86.15384615384616,17,2635,150,30,12,1,1,0,0.99,4,0,1,1,1,0,1,0,0,1,0,0,0,0,135d4b3b9a375d56,0.14285714285714285,0.14285714285714285
task_0112,family_20,template_20,0.0,0.0,14,B-COLD,1,0,0,1,7050,7050,503.57142857142856,29,14120,0,120,0,0,1,0,0.9569,4,0,0,0,0,0,0,0,0,0,0,0,0,0,,1.0,0.0
task_0112,family_20,template_20,0.0,0.0,14,B-RAG-EMBED,1,0,0,1,950,950,53.57142857142857,16,1950,150,120,14,1,1,0,0.9569,4,0,0,0,0,0,0,0,0,0,0,1,1,0,,1.0,0.0
task_0112,family_20,template_20,0.0,0.0,14,B-STAGEHAND-CACHE,1,0,0,1,750,750,53.57142857142857,15,1800,0,120,14,1,1,0,0.9569,4,0,0,0,0,0,0,0,0,0,0,1,1,0,,1.0,0.0
task_0112,family_20,template_20,0.0,0.0,14,B-TERX-REPLAY,1,0,0,1,750,750,53.57142857142857,15,1800,0,120,14,1,1,0,0.9569,4,0,0,0,0,0,0,0,0,0,0,1,1,0,,1.0,0.0
task_0112,family_20,template_20,0.0,0.0,14,P-SPIDER-MEA-BATCHED,1,0,0,1,1120,1120,57.857142857142854,18,2005,150,120,14,1,1,0,0.99,4,0,0,0,0,0,1,1,0,1,0,1,1,1,96fa9eb405aeb12a,1.0,1.0
task_0112,family_20,template_20,0.0,0.0,14,NC1-SHUFFLED,1,0,1,1,1784,1784,105.34868984975013,17,1965,150,120,11,0,0,0,0.3593650047512517,1,0,0,0,0,1,1,0,0,1,0,0,0,0,96fa9eb405aeb12a,0.13333333333333333,0.0
task_0112,family_20,template_20,0.0,0.0,14,NC2-RANDOM,0,1,0,1,1791,1791,105.79888195906382,17,1965,150,120,13,0,0,0,0.8004620489448168,4,0,1,1,0,1,1,0,0,1,0,0,0,0,96fa9eb405aeb12a,0.2,0.0
task_0112,family_20,template_20,0.0,0.0,14,NC3-LENGTH,1,0,0,1,7050,7050,500.0,29,14120,0,120,0,0,1,0,0.55,2,0,0,0,0,0,0,0,0,0,0,0,0,0,,1.0,0.0
task_0112,family_20,template_20,0.0,0.0,14,NC4-ABLATION,0,1,0,1,1210,1210,64.28571428571429,18,2070,150,120,14,1,1,0,0.99,4,0,0,0,1,0,1,0,0,0,1,1,1,1,96fa9eb405aeb12a,1.0,1.0
task_0113,family_20,template_20,0.25,0.5,14,B-COLD,1,0,0,1,7050,7050,503.57142857142856,29,14120,0,120,0,0,1,0,0.9691,4,0,0,0,0,0,0,0,0,0,0,0,0,0,,0.75,0.0
task_0113,family_20,template_20,0.25,0.5,14,B-RAG-EMBED,1,0,0,1,4100,4100,278.57142857142856,23,8110,150,120,7,1,1,0,0.9691,4,0,0,0,0,0,0,0,0,0,0,1,1,0,,0.75,0.0
task_0113,family_20,template_20,0.25,0.5,14,B-STAGEHAND-CACHE,1,0,0,1,7050,7050,503.57142857142856,29,14120,0,120,0,0,1,0,0.9691,4,0,0,0,0,0,0,0,0,0,0,1,0,0,,0.75,0.0
task_0113,family_20,template_20,0.25,0.5,14,B-TERX-REPLAY,1,0,0,1,7050,7050,503.57142857142856,29,14120,0,120,0,0,1,0,0.9691,4,0,0,0,0,0,0,0,0,0,0,1,0,0,,0.75,0.0
task_0113,family_20,template_20,0.25,0.5,14,P-SPIDER-MEA-BATCHED,1,0,1,1,1080,1080,55.0,18,1915,150,30,14,0,0,0,0.0225,0,1,1,1,1,1,1,1,0,1,0,1,0,0,0e65d94da84a73b3,0.75,1.0
task_0113,family_20,template_20,0.25,0.5,14,NC1-SHUFFLED,1,0,1,1,1607,1607,92.66019422515782,20,4605,150,120,11,0,0,0,0.44779841911752216,2,0,0,0,0,1,1,0,0,0,1,0,0,0,0e65d94da84a73b3,0.06666666666666667,0.0
task_0113,family_20,template_20,0.25,0.5,14,NC2-RANDOM,0,0,0,1,1575,1575,90.37056379416174,18,2755,150,30,13,0,0,0,0.4913859113446253,2,0,1,0,0,1,1,0,0,1,0,0,0,0,0e65d94da84a73b3,0.2,0.0
task_0113,family_20,template_20,0.25,0.5,14,NC3-LENGTH,1,0,0,1,7050,7050,500.0,29,14120,0,120,0,0,1,0,0.55,2,0,0,0,0,0,0,0,0,0,0,0,0,0,,0.75,0.0
task_0113,family_20,template_20,0.25,0.5,14,NC4-ABLATION,0,0,0,1,1120,1120,57.857142857142854,18,2005,150,120,14,1,1,0,0.99,4,0,0,0,0,0,1,0,0,1,0,1,1,1,0e65d94da84a73b3,0.75,1.0
task_0114,family_20,template_20,0.5,0.5,14,B-COLD,1,0,0,1,7050,7050,503.57142857142856,29,14120,0,120,0,0,1,0,0.99,4,0,0,0,0,0,0,0,0,0,0,0,0,0,,0.75,0.0
task_0114,family_20,template_20,0.5,0.5,14,B-RAG-EMBED,1,0,0,1,4100,4100,278.57142857142856,23,8110,150,120,7,1,1,0,0.99,4,0,0,0,0,0,0,0,0,0,0,1,1,0,,0.75,0.0
task_0114,family_20,template_20,0.5,0.5,14,B-STAGEHAND-CACHE,1,0,0,1,7050,7050,503.57142857142856,29,14120,0,120,0,0,1,0,0.99,4,0,0,0,0,0,0,0,0,0,0,1,0,0,,0.75,0.0
task_0114,family_20,template_20,0.5,0.5,14,B-TERX-REPLAY,1,0,0,1,7050,7050,503.57142857142856,29,14120,0,120,0,0,1,0,0.99,4,0,0,0,0,0,0,0,0,0,0,1,0,0,,0.75,0.0
task_0114,family_20,template_20,0.5,0.5,14,P-SPIDER-MEA-BATCHED,1,0,0,1,1080,1080,55.0,18,1915,150,30,14,1,1,0,0.99,4,0,1,1,1,0,1,1,0,1,0,1,1,1,686f454a14fdeee9,0.75,1.0
task_0114,family_20,template_20,0.5,0.5,14,NC1-SHUFFLED,1,0,1,1,1531,1531,87.27899697414762,20,4605,150,120,11,0,0,0,0.3840318410747049,1,0,0,0,0,1,1,0,0,1,0,0,0,0,686f454a14fdeee9,0.06666666666666667,0.0
task_0114,family_20,template_20,0.5,0.5,14,NC2-RANDOM,1,0,0,1,1990,1990,120.06173937126013,19,3725,150,120,12,0,0,0,0.5811267595325398,2,1,0,1,0,1,1,0,0,0,0,0,0,0,686f454a14fdeee9,0.1,0.0
task_0114,family_20,template_20,0.5,0.5,14,NC3-LENGTH,1,0,0,1,7050,7050,500.0,29,14120,0,120,0,0,1,0,0.55,2,0,0,0,0,0,0,0,0,0,0,0,0,0,,0.75,0.0
task_0114,family_20,template_20,0.5,0.5,14,NC4-ABLATION,1,0,0,1,1120,1120,57.857142857142854,18,2005,150,120,14,1,1,0,0.9822,4,0,0,0,0,0,1,0,0,1,0,1,1,1,686f454a14fdeee9,0.75,1.0
task_0115,family_20,template_20,0.75,1.0,14,B-COLD,1,0,0,1,7050,7050,503.57142857142856,29,14120,0,120,0,0,1,0,0.9805,4,0,0,0,0,0,0,0,0,0,0,0,0,0,,0.5,0.0
task_0115,family_20,template_20,0.75,1.0,14,B-RAG-EMBED,1,0,0,1,7250,7250,503.57142857142856,30,14270,150,120,0,0,1,0,0.9805,4,0,0,0,0,0,0,0,0,0,0,1,0,0,,0.5,0.0
task_0115,family_20,template_20,0.75,1.0,14,B-STAGEHAND-CACHE,1,0,0,1,7050,7050,503.57142857142856,29,14120,0,120,0,0,1,0,0.9805,4,0,0,0,0,0,0,0,0,0,0,1,0,0,,0.5,0.0
task_0115,family_20,template_20,0.75,1.0,14,B-TERX-REPLAY,1,0,0,1,7050,7050,503.57142857142856,29,14120,0,120,0,0,1,0,0.9805,4,0,0,0,0,0,0,0,0,0,0,1,0,0,,0.5,0.0
task_0115,family_20,template_20,0.75,1.0,14,P-SPIDER-MEA-BATCHED,1,0,0,1,1080,1080,55.0,18,1915,150,30,14,1,1,0,0.99,4,0,1,1,1,0,1,1,0,1,0,1,1,1,e083ca642175ec63,0.5,0.5
task_0115,family_20,template_20,0.75,1.0,14,NC1-SHUFFLED,1,0,1,1,1548,1548,88.49143552423061,20,4515,150,30,11,0,0,0,0.4065367942696132,2,1,1,1,1,1,1,0,0,0,1,0,0,0,e083ca642175ec63,0.0,0.0
task_0115,family_20,template_20,0.75,1.0,14,NC2-RANDOM,1,0,0,1,1986,1986,119.75982293443226,19,3635,150,30,12,0,0,0,0.592288125203686,2,0,1,0,1,1,1,1,0,0,0,0,0,0,e083ca642175ec63,0.0,0.0
task_0115,family_20,template_20,0.75,1.0,14,NC3-LENGTH,1,0,0,1,7050,7050,500.0,29,14120,0,120,0,0,1,0,0.55,2,0,0,0,0,0,0,0,0,0,0,0,0,0,,0.5,0.0
task_0115,family_20,template_20,0.75,1.0,14,NC4-ABLATION,1,0,0,1,1120,1120,57.857142857142854,18,2005,150,120,14,1,1,0,0.9721,4,0,0,0,0,0,1,0,0,1,0,1,1,1,e083ca642175ec63,0.5,0.5
task_0116,family_20,template_20,1.0,1.0,14,B-COLD,1,0,0,1,7050,7050,503.57142857142856,29,14120,0,120,0,0,1,0,0.9873,4,0,0,0,0,0,0,0,0,0,0,0,0,0,,0.75,0.0
task_0116,family_20,template_20,1.0,1.0,14,B-RAG-EMBED,1,0,0,1,7250,7250,503.57142857142856,30,14270,150,120,0,0,1,0,0.9873,4,0,0,0,0,0,0,0,0,0,0,1,0,0,,0.75,0.0
task_0116,family_20,template_20,1.0,1.0,14,B-STAGEHAND-CACHE,1,0,0,1,7050,7050,503.57142857142856,29,14120,0,120,0,0,1,0,0.9873,4,0,0,0,0,0,0,0,0,0,0,1,0,0,,0.75,0.0
task_0116,family_20,template_20,1.0,1.0,14,B-TERX-REPLAY,1,0,0,1,7050,7050,503.57142857142856,29,14120,0,120,0,0,1,0,0.9873,4,0,0,0,0,0,0,0,0,0,0,1,0,0,,0.75,0.0
task_0116,family_20,template_20,1.0,1.0,14,P-SPIDER-MEA-BATCHED,1,0,0,1,1080,1080,55.0,18,1915,150,30,14,1,1,0,0.99,4,0,1,1,1,0,1,1,0,1,0,1,1,1,39af09350e5465e1,0.75,1.0
task_0116,family_20,template_20,1.0,1.0,14,NC1-SHUFFLED,1,0,1,1,1906,1906,114.0650094539725,20,4605,150,120,11,0,0,0,0.4987146054244812,2,0,0,0,0,1,1,0,0,0,1,0,0,0,39af09350e5465e1,0.06666666666666667,0.0
task_0116,family_20,template_20,1.0,1.0,14,NC2-RANDOM,1,0,0,1,1622,1622,93.77065539018203,18,2755,150,30,13,0,0,0,0.4859427514312409,2,0,0,0,1,1,1,0,0,1,0,0,0,0,39af09350e5465e1,0.0,0.0
task_0116,family_20,template_20,1.0,1.0,14,NC3-LENGTH,1,0,0,1,7050,7050,500.0,29,14120,0,120,0,0,1,0,0.55,2,0,0,0,0,0,0,0,0,0,0,0,0,0,,0.75,0.0
task_0116,family_20,template_20,1.0,1.0,14,NC4-ABLATION,0,1,0,1,1080,1080,55.0,18,1915,150,30,14,0,0,0,0.01,0,1,1,1,1,0,1,0,0,1,0,1,0,0,39af09350e5465e1,0.75,1.0
task_0117,family_21,template_21,0.0,0.0,8,B-COLD,1,0,0,1,4050,4050,506.25,17,8120,0,120,0,0,1,0,0.99,4,0,0,0,0,0,0,0,0,0,0,0,0,0,,1.0,0.0
task_0117,family_21,template_21,0.0,0.0,8,B-RAG-EMBED,1,0,0,1,650,650,56.25,10,1230,150,120,8,1,1,0,0.99,4,0,0,0,0,0,0,0,0,0,0,1,1,0,,1.0,0.0
task_0117,family_21,template_21,0.0,0.0,8,B-STAGEHAND-CACHE,1,0,0,1,450,450,56.25,9,1080,0,120,8,1,1,0,0.99,4,0,0,0,0,0,0,0,0,0,0,1,1,0,,1.0,0.0
task_0117,family_21,template_21,0.0,0.0,8,B-TERX-REPLAY,1,0,0,1,450,450,56.25,9,1080,0,120,8,1,1,0,0.99,4,0,0,0,0,0,0,0,0,0,0,1,1,0,,1.0,0.0
task_0117,family_21,template_21,0.0,0.0,8,P-SPIDER-MEA-BATCHED,1,0,0,1,870,870,70.0,12,1260,150,30,8,1,1,0,0.99,4,0,1,1,1,0,1,1,0,0,1,1,1,1,e16f6816924c617a,1.0,1.0
task_0117,family_21,template_21,0.0,0.0,8,NC1-SHUFFLED,1,0,1,1,1043,1043,91.7455658249766,11,1220,150,30,6,0,0,0,0.3979151659602419,1,0,1,1,1,1,1,0,0,0,1,0,0,0,e16f6816924c617a,0.2,0.0
task_0117,family_21,template_21,0.0,0.0,8,NC2-RANDOM,1,0,0,1,1172,1172,107.84616450604834,11,1245,150,120,5,0,0,0,0.7147342077745048,3,0,0,0,0,1,1,0,0,0,0,0,0,0,e16f6816924c617a,0.06666666666666667,0.0
task_0117,family_21,template_21,0.0,0.0,8,NC3-LENGTH,1,0,0,1,4050,4050,500.0,17,8120,0,120,0,0,1,0,0.55,2,0,0,0,0,0,0,0,0,0,0,0,0,0,,1.0,0.0
task_0117,family_21,template_21,0.0,0.0,8,NC4-ABLATION,1,0,0,1,820,820,63.75,12,1285,150,120,8,1,1,0,0.9705,4,0,0,0,0,0,1,0,0,1,0,1,1,1,e16f6816924c617a,1.0,1.0
task_0118,family_21,template_21,0.5,0.5,8,B-COLD,1,0,0,1,4050,4050,506.25,17,8120,0,120,0,0,1,0,0.99,4,0,0,0,0,0,0,0,0,0,0,0,0,0,,0.5714285714285714,0.0
task_0118,family_21,template_21,0.5,0.5,8,B-RAG-EMBED,1,0,0,1,2450,2450,281.25,14,4750,150,120,4,1,1,0,0.99,4,0,0,0,0,0,0,0,0,0,0,1,1,0,,0.5714285714285714,0.0
task_0118,family_21,template_21,0.5,0.5,8,B-STAGEHAND-CACHE,1,0,0,1,4050,4050,506.25,17,8120,0,120,0,0,1,0,0.99,4,0,0,0,0,0,0,0,0,0,0,1,0,0,,0.5714285714285714,0.0
task_0118,family_21,template_21,0.5,0.5,8,B-TERX-REPLAY,1,0,0,1,4050,4050,506.25,17,8120,0,120,0,0,1,0,0.99,4,0,0,0,0,0,0,0,0,0,0,1,0,0,,0.5714285714285714,0.0
task_0118,family_21,template_21,0.5,0.5,8,P-SPIDER-MEA-BATCHED,1,0,0,1,780,780,58.75,12,1195,150,30,8,1,1,0,0.99,4,0,1,1,1,0,1,1,0,1,0,1,1,1,14625d50d4a1de1a,0.5714285714285714,1.0
task_0118,family_21,template_21,0.5,0.5,8,NC1-SHUFFLED,1,0,1,1,983,983,84.14670660329895,13,3005,150,120,6,0,0,0,0.41869165585925755,2,0,0,0,0,1,1,0,0,0,1,0,0,0,14625d50d4a1de1a,0.1,0.0
task_0118,family_21,template_21,0.5,0.5,8,NC2-RANDOM,1,0,0,1,1084,1084,96.849069497883,14,3885,150,120,5,0,0,0,0.566335636858641,2,0,1,0,1,1,1,0,0,1,0,0,0,0,14625d50d4a1de1a,0.0,0.0
task_0118,family_21,template_21,0.5,0.5,8,NC3-LENGTH,1,0,0,1,4050,4050,500.0,17,8120,0,120,0,0,1,0,0.55,2,0,0,0,0,0,0,0,0,0,0,0,0,0,,0.5714285714285714,0.0
task_0118,family_21,template_21,0.5,0.5,8,NC4-ABLATION,1,0,0,1,780,780,58.75,12,1195,150,30,8,1,1,0,0.9869,4,0,1,1,1,0,1,0,0,1,0,1,1,1,14625d50d4a1de1a,0.5714285714285714,1.0
task_0119,family_21,template_21,0.75,1.0,8,B-COLD,1,0,0,1,4050,4050,506.25,17,8120,0,120,0,0,1,0,0.9593,4,0,0,0,0,0,0,0,0,0,0,0,0,0,,0.14285714285714285,0.0
task_0119,family_21,template_21,0.75,1.0,8,B-RAG-EMBED,1,0,0,1,4250,4250,506.25,18,8270,150,120,0,0,1,0,0.9593,4,0,0,0,0,0,0,0,0,0,0,0,0,0,,0.14285714285714285,0.0
task_0119,family_21,template_21,0.75,1.0,8,B-STAGEHAND-CACHE,1,0,0,1,4050,4050,506.25,17,8120,0,120,0,0,1,0,0.9593,4,0,0,0,0,0,0,0,0,0,0,0,0,0,,0.14285714285714285,0.0
task_0119,family_21,template_21,0.75,1.0,8,B-TERX-REPLAY,1,0,0,1,4050,4050,506.25,17,8120,0,120,0,0,1,0,0.9593,4,0,0,0,0,0,0,0,0,0,0,0,0,0,,0.14285714285714285,0.0
task_0119,family_21,template_21,0.75,1.0,8,P-SPIDER-MEA-BATCHED,1,0,1,1,1630,1630,165.0,13,2915,150,30,6,0,0,0,0.01,0,1,1,1,1,1,1,0,0,1,0,0,0,0,bfbad119e1cb4c6c,0.14285714285714285,0.14285714285714285
task_0119,family_21,template_21,0.75,1.0,8,NC1-SHUFFLED,1,0,1,1,1109,1109,99.91925200308035,13,3005,150,120,6,0,0,0,0.5288796429705913,2,0,0,0,0,1,1,0,0,1,0,0,0,0,bfbad119e1cb4c6c,0.0,0.0
task_0119,family_21,template_21,0.75,1.0,8,NC2-RANDOM,0,1,0,1,1182,1182,109.0128782797407,13,3005,150,120,6,0,0,0,0.7082033924225671,3,0,0,0,1,1,1,0,0,0,0,0,0,0,bfbad119e1cb4c6c,0.0,0.0
task_0119,family_21,template_21,0.75,1.0,8,NC3-LENGTH,1,0,0,1,4050,4050,500.0,17,8120,0,120,0,0,1,0,0.55,2,0,0,0,0,0,0,0,0,0,0,0,0,0,,0.14285714285714285,0.0
task_0119,family_21,template_21,0.75,1.0,8,NC4-ABLATION,1,0,1,1,1630,1630,165.0,13,2915,150,30,6,0,0,0,0.01,0,1,1,1,1,1,1,0,0,1,0,0,0,0,bfbad119e1cb4c6c,0.14285714285714285,0.14285714285714285
task_0120,family_21,template_21,1.0,1.0,8,B-COLD,1,0,0,1,4050,4050,506.25,17,8120,0,120,0,0,1,0,0.99,4,0,0,0,0,0,0,0,0,0,0,0,0,0,,0.14285714285714285,0.0
task_0120,family_21,template_21,1.0,1.0,8,B-RAG-EMBED,1,0,0,1,4250,4250,506.25,18,8270,150,120,0,0,1,0,0.99,4,0,0,0,0,0,0,0,0,0,0,0,0,0,,0.14285714285714285,0.0
task_0120,family_21,template_21,1.0,1.0,8,B-STAGEHAND-CACHE,1,0,0,1,4050,4050,506.25,17,8120,0,120,0,0,1,0,0.99,4,0,0,0,0,0,0,0,0,0,0,0,0,0,,0.14285714285714285,0.0
task_0120,family_21,template_21,1.0,1.0,8,B-TERX-REPLAY,1,0,0,1,4050,4050,506.25,17,8120,0,120,0,0,1,0,0.99,4,0,0,0,0,0,0,0,0,0,0,0,0,0,,0.14285714285714285,0.0
task_0120,family_21,template_21,1.0,1.0,8,P-SPIDER-MEA-BATCHED,1,0,1,1,1670,1670,170.0,13,3005,150,120,6,0,0,0,0.01,0,1,0,0,0,1,1,0,0,1,0,0,0,0,222da1062ba4297a,0.14285714285714285,0.14285714285714285
task_0120,family_21,template_21,1.0,1.0,8,NC1-SHUFFLED,1,0,1,1,939,939,78.67961817117668,13,2915,150,30,6,0,0,0,0.4526753886109697,2,0,1,1,1,1,1,0,0,1,0,0,0,0,222da1062ba4297a,0.0,0.0
task_0120,family_21,template_21,1.0,1.0,8,NC2-RANDOM,0,1,0,1,1156,1156,105.87219267399202,13,3005,150,120,6,0,0,0,0.6725802123409789,3,0,0,0,1,1,1,0,0,1,0,0,0,0,222da1062ba4297a,0.0,0.0
task_0120,family_21,template_21,1.0,1.0,8,NC3-LENGTH,1,0,0,1,4050,4050,500.0,17,8120,0,120,0,0,1,0,0.55,2,0,0,0,0,0,0,0,0,0,0,0,0,0,,0.14285714285714285,0.0
task_0120,family_21,template_21,1.0,1.0,8,NC4-ABLATION,0,0,0,1,1670,1670,170.0,13,3005,150,120,6,1,1,0,0.99,4,0,0,0,1,0,1,0,0,1,0,0,0,0,222da1062ba4297a,0.14285714285714285,0.14285714285714285
task_0121,family_21,template_21,0.25,0.5,8,B-COLD,1,0,0,1,4050,4050,506.25,17,8120,0,120,0,0,1,0,0.99,4,0,0,0,0,0,0,0,0,0,0,0,0,0,,0.5714285714285714,0.0
task_0121,family_21,template_21,0.25,0.5,8,B-RAG-EMBED,1,0,0,1,2450,2450,281.25,14,4750,150,120,4,1,1,0,0.99,4,0,0,0,0,0,0,0,0,0,0,1,1,0,,0.5714285714285714,0.0
task_0121,family_21,template_21,0.25,0.5,8,B-STAGEHAND-CACHE,1,0,0,1,4050,4050,506.25,17,8120,0,120,0,0,1,0,0.99,4,0,0,0,0,0,0,0,0,0,0,1,0,0,,0.5714285714285714,0.0
task_0121,family_21,template_21,0.25,0.5,8,B-TERX-REPLAY,1,0,0,1,4050,4050,506.25,17,8120,0,120,0,0,1,0,0.99,4,0,0,0,0,0,0,0,0,0,0,1,0,0,,0.5714285714285714,0.0
task_0121,family_21,template_21,0.25,0.5,8,P-SPIDER-MEA-BATCHED,1,0,0,1,820,820,63.75,12,1285,150,120,8,1,1,0,0.99,4,0,0,0,0,0,1,1,0,1,0,1,1,1,b32d4b98eea9d540,0.5714285714285714,1.0
task_0121,family_21,template_21,0.25,0.5,8,NC1-SHUFFLED,1,0,1,1,1066,1066,94.56837735008206,13,2915,150,30,6,0,0,0,0.36524043206628176,1,1,1,1,1,1,1,0,0,1,0,0,0,0,b32d4b98eea9d540,0.1,0.0
task_0121,family_21,template_21,0.25,0.5,8,NC2-RANDOM,1,0,0,1,1051,1051,92.63496140258867,13,2915,150,30,6,0,0,0,0.6108647791930345,3,0,0,1,0,1,1,0,0,1,0,0,0,0,b32d4b98eea9d540,0.1,0.0
task_0121,family_21,template_21,0.25,0.5,8,NC3-LENGTH,1,0,0,1,4050,4050,500.0,17,8120,0,120,0,0,1,0,0.55,2,0,0,0,0,0,0,0,0,0,0,0,0,0,,0.5714285714285714,0.0
task_0121,family_21,template_21,0.25,0.5,8,NC4-ABLATION,0,1,0,1,780,780,58.75,12,1195,150,30,8,1,1,0,0.99,4,0,1,1,1,0,1,0,0,1,0,1,1,1,b32d4b98eea9d540,0.5714285714285714,1.0
task_0122,family_22,template_22,0.0,0.0,9,B-COLD,1,0,0,1,4550,4550,505.55555555555554,19,9120,0,120,0,0,1,0,0.99,4,0,0,0,0,0,0,0,0,0,0,0,0,0,,1.0,0.0
task_0122,family_22,template_22,0.0,0.0,9,B-RAG-EMBED,1,0,0,1,700,700,55.55555555555556,11,1350,150,120,9,1,1,0,0.99,4,0,0,0,0,0,0,0,0,0,0,1,1,0,,1.0,0.0
task_0122,family_22,template_22,0.0,0.0,9,B-STAGEHAND-CACHE,1,0,0,1,500,500,55.55555555555556,10,1200,0,120,9,1,1,0,0.99,4,0,0,0,0,0,0,0,0,0,0,1,1,0,,1.0,0.0
task_0122,family_22,template_22,0.0,0.0,9,B-TERX-REPLAY,1,0,0,1,500,500,55.55555555555556,10,1200,0,120,9,1,1,0,0.99,4,0,0,0,0,0,0,0,0,0,0,1,1,0,,1.0,0.0
task_0122,family_22,template_22,0.0,0.0,9,P-SPIDER-MEA-BATCHED,1,0,0,1,960,960,72.22222222222223,13,1470,150,120,9,1,1,0,0.99,4,0,0,0,0,0,1,1,0,0,1,1,1,1,b18094e14fd62aef,1.0,1.0
task_0122,family_22,template_22,0.0,0.0,9,NC1-SHUFFLED,1,0,1,1,1100,1100,87.8212320088438,12,1275,150,30,7,0,0,0,0.4079482704953788,2,0,1,1,1,1,1,0,0,0,1,0,0,0,b18094e14fd62aef,0.1,0.0
task_0122,family_22,template_22,0.0,0.0,9,NC2-RANDOM,1,0,0,1,1140,1140,92.24831768955406,12,1275,150,30,8,0,0,0,0.5084556667751523,2,0,0,0,0,1,1,0,0,0,0,0,0,0,b18094e14fd62aef,0.2,0.0
task_0122,family_22,template_22,0.0,0.0,9,NC3-LENGTH,1,0,0,1,4550,4550,500.0,19,9120,0,120,0,0,1,0,0.55,2,0,0,0,0,0,0,0,0,0,0,0,0,0,,1.0,0.0
task_0122,family_22,template_22,0.0,0.0,9,NC4-ABLATION,0,1,0,1,830,830,57.77777777777778,13,1315,150,30,9,1,1,0,0.99,4,0,1,1,1,0,1,0,0,1,0,1,1,1,b18094e14fd62aef,1.0,1.0
task_0123,family_22,template_22,0.75,0.6667,9,B-COLD,1,0,0,1,4550,4550,505.55555555555554,19,9120,0,120,0,0,1,0,0.9739,4,0,0,0,0,0,0,0,0,0,0,0,0,0,,0.6666666666666666,0.0
task_0123,family_22,template_22,0.75,0.6667,9,B-RAG-EMBED,1,0,0,1,3400,3400,355.55555555555554,17,6630,150,120,3,1,1,0,0.9739,4,0,0,0,0,0,0,0,0,0,0,1,1,0,,0.6666666666666666,0.0
task_0123,family_22,template_22,0.75,0.6667,9,B-STAGEHAND-CACHE,1,0,0,1,4550,4550,505.55555555555554,19,9120,0,120,0,0,1,0,0.9739,4,0,0,0,0,0,0,0,0,0,0,1,0,0,,0.6666666666666666,0.0
task_0123,family_22,template_22,0.75,0.6667,9,B-TERX-REPLAY,1,0,0,1,4550,4550,505.55555555555554,19,9120,0,120,0,0,1,0,0.9739,4,0,0,0,0,0,0,0,0,0,0,1,0,0,,0.6666666666666666,0.0
task_0123,family_22,template_22,0.75,0.6667,9,P-SPIDER-MEA-BATCHED,1,0,1,1,870,870,62.22222222222222,13,1405,150,120,9,0,0,0,0.01,0,1,0,0,1,1,1,1,0,1,0,1,0,0,68a1275a1d274770,0.6666666666666666,1.0
task_0123,family_22,template_22,0.75,0.6667,9,NC1-SHUFFLED,1,0,1,1,1252,1252,104.76921610105583,14,3190,150,120,7,0,0,0,0.44012070403447023,2,1,0,0,0,1,1,0,0,0,1,0,0,0,68a1275a1d274770,0.0,0.0
task_0123,family_22,template_22,0.75,0.6667,9,NC2-RANDOM,1,0,0,1,1253,1253,104.82854930454182,13,1405,150,120,9,1,1,0,0.5745984314192782,2,0,1,1,1,0,1,0,0,1,0,1,1,1,68a1275a1d274770,0.6666666666666666,1.0
task_0123,family_22,template_22,0.75,0.6667,9,NC3-LENGTH,1,0,0,1,4550,4550,500.0,19,9120,0,120,0,0,1,0,0.55,2,0,0,0,0,0,0,0,0,0,0,0,0,0,,0.6666666666666666,0.0
task_0123,family_22,template_22,0.75,0.6667,9,NC4-ABLATION,1,0,1,1,870,870,62.22222222222222,13,1405,150,120,9,0,0,0,0.01,0,1,0,0,0,1,1,0,0,1,0,1,0,0,68a1275a1d274770,0.6666666666666666,1.0
task_0124,family_22,template_22,1.0,1.0,9,B-COLD,1,0,0,1,4550,4550,505.55555555555554,19,9120,0,120,0,0,1,0,0.9573,4,0,0,0,0,0,0,0,0,0,0,0,0,0,,0.5,0.0
task_0124,family_22,template_22,1.0,1.0,9,B-RAG-EMBED,1,0,0,1,4750,4750,505.55555555555554,20,9270,150,120,0,0,1,0,0.9573,4,0,0,0,0,0,0,0,0,0,0,1,0,0,,0.5,0.0
task_0124,family_22,template_22,1.0,1.0,9,B-STAGEHAND-CACHE,1,0,0,1,4550,4550,505.55555555555554,19,9120,0,120,0,0,1,0,0.9573,4,0,0,0,0,0,0,0,0,0,0,1,0,0,,0.5,0.0
task_0124,family_22,template_22,1.0,1.0,9,B-TERX-REPLAY,1,0,0,1,4550,4550,505.55555555555554,19,9120,0,120,0,0,1,0,0.9573,4,0,0,0,0,0,0,0,0,0,0,1,0,0,,0.5,0.0
task_0124,family_22,template_22,1.0,1.0,9,P-SPIDER-MEA-BATCHED,1,0,0,1,830,830,57.77777777777778,13,1315,150,30,9,1,1,0,0.99,4,0,1,1,1,0,1,1,0,1,0,1,1,1,bc142ad7b23bdaba,0.5,0.5
task_0124,family_22,template_22,1.0,1.0,9,NC1-SHUFFLED,1,0,1,1,1069,1069,84.41407235241482,14,3035,150,30,7,0,0,0,0.37948125995389453,1,0,1,1,1,1,1,0,0,0,1,0,0,0,bc142ad7b23bdaba,0.0,0.0
task_0124,family_22,template_22,1.0,1.0,9,NC2-RANDOM,1,0,0,1,1335,1335,113.9573241757352,14,3125,150,120,7,0,0,0,0.5999566255533832,2,1,1,1,0,1,1,1,0,0,0,0,0,0,bc142ad7b23bdaba,0.0,0.0
task_0124,family_22,template_22,1.0,1.0,9,NC3-LENGTH,1,0,0,1,4550,4550,500.0,19,9120,0,120,0,0,1,0,0.55,2,0,0,0,0,0,0,0,0,0,0,0,0,0,,0.5,0.0
task_0124,family_22,template_22,1.0,1.0,9,NC4-ABLATION,0,0,0,1,830,830,57.77777777777778,13,1315,150,30,9,1,1,0,0.9756,4,0,1,1,1,0,1,0,0,1,0,1,1,1,bc142ad7b23bdaba,0.5,0.5
task_0125,family_22,template_22,0.25,0.3333,9,B-COLD,1,0,0,1,4550,4550,505.55555555555554,19,9120,0,120,0,0,1,0,0.99,4,0,0,0,0,0,0,0,0,0,0,0,0,0,,0.8333333333333334,0.0
task_0125,family_22,template_22,0.25,0.3333,9,B-RAG-EMBED,1,0,0,1,2050,2050,205.55555555555554,14,3990,150,120,6,1,1,0,0.99,4,0,0,0,0,0,0,0,0,0,0,1,1,0,,0.8333333333333334,0.0
task_0125,family_22,template_22,0.25,0.3333,9,B-STAGEHAND-CACHE,1,0,0,1,4550,4550,505.55555555555554,19,9120,0,120,0,0,1,0,0.99,4,0,0,0,0,0,0,0,0,0,0,1,0,0,,0.8333333333333334,0.0
task_0125,family_22,template_22,0.25,0.3333,9,B-TERX-REPLAY,1,0,0,1,4550,4550,505.55555555555554,19,9120,0,120,0,0,1,0,0.99,4,0,0,0,0,0,0,0,0,0,0,1,0,0,,0.8333333333333334,0.0
task_0125,family_22,template_22,0.25,0.3333,9,P-SPIDER-MEA-BATCHED,1,0,0,1,870,870,62.22222222222222,13,1405,150,120,9,1,1,0,0.99,4,0,0,0,0,0,1,1,0,1,0,1,1,1,6b0c4d5c2f274462,0.8333333333333334,1.0
task_0125,family_22,template_22,0.25,0.3333,9,NC1-SHUFFLED,1,0,1,1,1026,1026,79.66087307572109,14,3035,150,30,7,0,0,0,0.37225407783828396,1,0,1,1,1,1,1,0,0,0,1,0,0,0,6b0c4d5c2f274462,0.1,0.0
task_0125,family_22,template_22,0.25,0.3333,9,NC2-RANDOM,1,0,0,1,1316,1316,111.78475818647034,14,3035,150,30,7,0,0,0,0.7386388787318716,3,0,1,0,0,1,1,0,0,1,0,0,0,0,6b0c4d5c2f274462,0.1,0.0
task_0125,family_22,template_22,0.25,0.3333,9,NC3-LENGTH,1,0,0,1,4550,4550,500.0,19,9120,0,120,0,0,1,0,0.55,2,0,0,0,0,0,0,0,0,0,0,0,0,0,,0.8333333333333334,0.0
task_0125,family_22,template_22,0.25,0.3333,9,NC4-ABLATION,1,0,0,1,830,830,57.77777777777778,13,1315,150,30,9,1,1,0,0.99,4,0,1,1,1,0,1,0,0,1,0,1,1,1,6b0c4d5c2f274462,0.8333333333333334,1.0
task_0126,family_22,template_22,0.5,0.6667,9,B-COLD,1,0,0,1,4550,4550,505.55555555555554,19,9120,0,120,0,0,1,0,0.99,4,0,0,0,0,0,0,0,0,0,0,0,0,0,,0.8333333333333334,0.0
task_0126,family_22,template_22,0.5,0.6667,9,B-RAG-EMBED,1,0,0,1,3400,3400,355.55555555555554,17,6630,150,120,3,1,1,0,0.99,4,0,0,0,0,0,0,0,0,0,0,1,1,0,,0.8333333333333334,0.0
task_0126,family_22,template_22,0.5,0.6667,9,B-STAGEHAND-CACHE,1,0,0,1,4550,4550,505.55555555555554,19,9120,0,120,0,0,1,0,0.99,4,0,0,0,0,0,0,0,0,0,0,1,0,0,,0.8333333333333334,0.0
task_0126,family_22,template_22,0.5,0.6667,9,B-TERX-REPLAY,1,0,0,1,4550,4550,505.55555555555554,19,9120,0,120,0,0,1,0,0.99,4,0,0,0,0,0,0,0,0,0,0,1,0,0,,0.8333333333333334,0.0
task_0126,family_22,template_22,0.5,0.6667,9,P-SPIDER-MEA-BATCHED,1,0,0,1,830,830,57.77777777777778,13,1315,150,30,9,1,1,0,0.9662,4,0,1,1,1,0,1,1,0,1,0,1,1,1,f5431c6d0a7bc815,0.8333333333333334,1.0
task_0126,family_22,template_22,0.5,0.6667,9,NC1-SHUFFLED,1,0,1,1,1274,1274,107.16228410651966,14,3035,150,30,7,0,0,0,0.4468797470360786,2,1,1,1,1,1,1,0,0,1,0,0,0,0,f5431c6d0a7bc815,0.0,0.0
task_0126,family_22,template_22,0.5,0.6667,9,NC2-RANDOM,1,0,0,1,1214,1214,100.53569263388312,14,3125,150,120,7,0,0,0,0.49517347911606463,2,0,1,0,1,1,1,0,0,0,0,0,0,0,f5431c6d0a7bc815,0.1,0.0
task_0126,family_22,template_22,0.5,0.6667,9,NC3-LENGTH,1,0,0,1,4550,4550,500.0,19,9120,0,120,0,0,1,0,0.55,2,0,0,0,0,0,0,0,0,0,0,0,0,0,,0.8333333333333334,0.0
task_0126,family_22,template_22,0.5,0.6667,9,NC4-ABLATION,1,0,0,1,830,830,57.77777777777778,13,1315,150,30,9,1,1,0,0.9792,4,0,1,1,1,0,1,0,0,1,0,1,1,1,f5431c6d0a7bc815,0.8333333333333334,1.0
task_0127,family_23,template_23,0.0,0.0,10,B-COLD,1,0,0,1,5050,5050,505.0,21,10120,0,120,0,0,1,0,0.99,4,0,0,0,0,0,0,0,0,0,0,0,0,0,,1.0,0.0
task_0127,family_23,template_23,0.0,0.0,10,B-RAG-EMBED,1,0,0,1,750,750,55.0,12,1470,150,120,10,1,1,0,0.99,4,0,0,0,0,0,0,0,0,0,0,1,1,0,,1.0,0.0
task_0127,family_23,template_23,0.0,0.0,10,B-STAGEHAND-CACHE,1,0,0,1,550,550,55.0,11,1320,0,120,10,1,1,0,0.99,4,0,0,0,0,0,0,0,0,0,0,1,1,0,,1.0,0.0
task_0127,family_23,template_23,0.0,0.0,10,B-TERX-REPLAY,1,0,0,1,550,550,55.0,11,1320,0,120,10,1,1,0,0.99,4,0,0,0,0,0,0,0,0,0,0,1,1,0,,1.0,0.0
task_0127,family_23,template_23,0.0,0.0,10,P-SPIDER-MEA-BATCHED,1,0,0,1,970,970,66.0,14,1500,150,30,10,1,1,0,0.9736,4,0,1,1,1,0,1,1,0,0,1,1,1,1,d9ac9f69c9943409,1.0,1.0
task_0127,family_23,template_23,0.0,0.0,10,NC1-SHUFFLED,1,0,1,1,1232,1232,92.2407798184307,13,1460,150,30,8,0,0,0,0.46940219731725696,2,0,1,1,1,1,1,0,0,1,0,0,0,0,d9ac9f69c9943409,0.1,0.0
task_0127,family_23,template_23,0.0,0.0,10,NC2-RANDOM,1,0,0,1,1374,1374,106.44701822478612,13,1485,150,120,8,0,0,0,0.6270274150820228,3,0,0,0,0,1,1,0,0,1,0,0,0,0,d9ac9f69c9943409,0.1,0.0
task_0127,family_23,template_23,0.0,0.0,10,NC3-LENGTH,1,0,0,1,5050,5050,500.0,21,10120,0,120,0,0,1,0,0.55,2,0,0,0,0,0,0,0,0,0,0,0,0,0,,1.0,0.0
task_0127,family_23,template_23,0.0,0.0,10,NC4-ABLATION,1,0,0,1,880,880,57.0,14,1435,150,30,10,1,1,0,0.99,4,0,1,1,1,0,1,0,0,1,0,1,1,1,d9ac9f69c9943409,1.0,1.0
task_0128,family_23,template_23,1.0,1.0,10,B-COLD,1,0,0,1,5050,5050,505.0,21,10120,0,120,0,0,1,0,0.99,4,0,0,0,0,0,0,0,0,0,0,0,0,0,,0.16666666666666666,0.0
task_0128,family_23,template_23,1.0,1.0,10,B-RAG-EMBED,1,0,0,1,5250,5250,505.0,22,10270,150,120,0,0,1,0,0.99,4,0,0,0,0,0,0,0,0,0,0,0,0,0,,0.16666666666666666,0.0
task_0128,family_23,template_23,1.0,1.0,10,B-STAGEHAND-CACHE,1,0,0,1,5050,5050,505.0,21,10120,0,120,0,0,1,0,0.99,4,0,0,0,0,0,0,0,0,0,0,0,0,0,,0.16666666666666666,0.0
task_0128,family_23,template_23,1.0,1.0,10,B-TERX-REPLAY,1,0,0,1,5050,5050,505.0,21,10120,0,120,0,0,1,0,0.99,4,0,0,0,0,0,0,0,0,0,0,0,0,0,,0.16666666666666666,0.0
task_0128,family_23,template_23,1.0,1.0,10,P-SPIDER-MEA-BATCHED,1,0,0,1,1320,1320,101.0,14,2365,150,120,9,1,1,0,0.99,4,0,0,0,1,0,1,0,0,1,0,0,0,0,4682411dec3a970b,0.16666666666666666,0.16666666666666666
task_0128,family_23,template_23,1.0,1.0,10,NC1-SHUFFLED,1,0,1,1,1235,1235,92.50883148254162,15,3155,150,30,8,0,0,0,0.529002097313153,2,0,1,1,1,1,1,0,0,1,0,0,0,0,4682411dec3a970b,0.0,0.0
task_0128,family_23,template_23,1.0,1.0,10,NC2-RANDOM,0,1,0,1,1395,1395,108.5087017551897,16,4035,150,30,7,0,0,0,0.6628357771393918,3,0,1,1,0,1,1,0,0,1,0,0,0,0,4682411dec3a970b,0.0,0.0
task_0128,family_23,template_23,1.0,1.0,10,NC3-LENGTH,1,0,0,1,5050,5050,500.0,21,10120,0,120,0,0,1,0,0.55,2,0,0,0,0,0,0,0,0,0,0,0,0,0,,0.16666666666666666,0.0
task_0128,family_23,template_23,1.0,1.0,10,NC4-ABLATION,1,0,0,1,1280,1280,97.0,14,2275,150,30,9,1,1,0,0.99,4,0,1,1,1,0,1,0,0,1,0,0,0,0,4682411dec3a970b,0.16666666666666666,0.16666666666666666
task_0129,family_23,template_23,0.25,0.0,10,B-COLD,1,0,0,1,5050,5050,505.0,21,10120,0,120,0,0,1,0,0.99,4,0,0,0,0,0,0,0,0,0,0,0,0,0,,1.0,0.0
task_0129,family_23,template_23,0.25,0.0,10,B-RAG-EMBED,1,0,0,1,750,750,55.0,12,1470,150,120,10,1,1,0,0.99,4,0,0,0,0,0,0,0,0,0,0,1,1,0,,1.0,0.0
task_0129,family_23,template_23,0.25,0.0,10,B-STAGEHAND-CACHE,1,0,0,1,5050,5050,505.0,21,10120,0,120,0,0,1,0,0.99,4,0,0,0,0,0,0,0,0,0,0,1,0,0,,1.0,0.0
task_0129,family_23,template_23,0.25,0.0,10,B-TERX-REPLAY,1,0,0,1,5050,5050,505.0,21,10120,0,120,0,0,1,0,0.99,4,0,0,0,0,0,0,0,0,0,0,1,0,0,,1.0,0.0
task_0129,family_23,template_23,0.25,0.0,10,P-SPIDER-MEA-BATCHED,1,0,0,1,920,920,61.0,14,1525,150,120,10,1,1,0,0.9876,4,0,0,0,1,0,1,1,0,1,0,1,1,1,600efc11a1769da2,1.0,1.0
task_0129,family_23,template_23,0.25,0.0,10,NC1-SHUFFLED,1,0,1,1,1119,1119,80.9150342768631,13,1485,150,120,8,0,0,0,0.3578302711485787,1,0,0,0,0,1,1,0,0,0,1,0,0,0,600efc11a1769da2,0.1,0.0
task_0129,family_23,template_23,0.25,0.0,10,NC2-RANDOM,0,1,0,1,1254,1254,94.47114144776543,13,1485,150,120,7,0,0,0,0.6404537258944178,3,0,1,1,1,1,1,1,0,1,0,0,0,0,600efc11a1769da2,0.06666666666666667,0.0
task_0129,family_23,template_23,0.25,0.0,10,NC3-LENGTH,1,0,0,1,5050,5050,500.0,21,10120,0,120,0,0,1,0,0.55,2,0,0,0,0,0,0,0,0,0,0,0,0,0,,1.0,0.0
task_0129,family_23,template_23,0.25,0.0,10,NC4-ABLATION,1,0,0,1,920,920,61.0,14,1525,150,120,10,1,1,0,0.99,4,0,0,0,0,0,1,0,0,1,0,1,1,1,600efc11a1769da2,1.0,1.0
task_0130,family_23,template_23,0.5,1.0,10,B-COLD,1,0,0,1,5050,5050,505.0,21,10120,0,120,0,0,1,0,0.9835,4,0,0,0,0,0,0,0,0,0,0,0,0,0,,0.16666666666666666,0.0
task_0130,family_23,template_23,0.5,1.0,10,B-RAG-EMBED,1,0,0,1,5250,5250,505.0,22,10270,150,120,0,0,1,0,0.9835,4,0,0,0,0,0,0,0,0,0,0,0,0,0,,0.16666666666666666,0.0
task_0130,family_23,template_23,0.5,1.0,10,B-STAGEHAND-CACHE,1,0,0,1,5050,5050,505.0,21,10120,0,120,0,0,1,0,0.9835,4,0,0,0,0,0,0,0,0,0,0,0,0,0,,0.16666666666666666,0.0
task_0130,family_23,template_23,0.5,1.0,10,B-TERX-REPLAY,1,0,0,1,5050,5050,505.0,21,10120,0,120,0,0,1,0,0.9835,4,0,0,0,0,0,0,0,0,0,0,0,0,0,,0.16666666666666666,0.0
task_0130,family_23,template_23,0.5,1.0,10,P-SPIDER-MEA-BATCHED,1,0,0,1,1280,1280,97.0,14,2275,150,30,9,1,1,0,0.9842,4,0,1,1,1,0,1,0,0,1,0,0,0,0,2654f89b49a28b1c,0.16666666666666666,0.16666666666666666
task_0130,family_23,template_23,0.5,1.0,10,NC1-SHUFFLED,1,0,1,1,1395,1395,108.50972795114757,15,3245,150,120,8,0,0,0,0.43703607436108205,2,0,0,0,1,1,1,0,0,0,1,0,0,0,2654f89b49a28b1c,0.0,0.0
task_0130,family_23,template_23,0.5,1.0,10,NC2-RANDOM,1,0,0,1,1342,1342,103.29776738920076,16,4035,150,30,7,0,0,0,0.5562703567496612,2,0,0,0,0,1,1,0,0,1,0,0,0,0,2654f89b49a28b1c,0.0,0.0
task_0130,family_23,template_23,0.5,1.0,10,NC3-LENGTH,1,0,0,1,5050,5050,500.0,21,10120,0,120,0,0,1,0,0.55,2,0,0,0,0,0,0,0,0,0,0,0,0,0,,0.16666666666666666,0.0
task_0130,family_23,template_23,0.5,1.0,10,NC4-ABLATION,1,0,0,1,1320,1320,101.0,14,2365,150,120,9,1,1,0,0.99,4,0,0,0,0,0,1,0,0,1,0,0,0,0,2654f89b49a28b1c,0.16666666666666666,0.16666666666666666
task_0131,family_23,template_23,0.75,1.0,10,B-COLD,1,0,0,1,5050,5050,505.0,21,10120,0,120,0,0,1,0,0.99,4,0,0,0,0,0,0,0,0,0,0,0,0,0,,0.16666666666666666,0.0
task_0131,family_23,template_23,0.75,1.0,10,B-RAG-EMBED,1,0,0,1,5250,5250,505.0,22,10270,150,120,0,0,1,0,0.99,4,0,0,0,0,0,0,0,0,0,0,0,0,0,,0.16666666666666666,0.0
task_0131,family_23,template_23,0.75,1.0,10,B-STAGEHAND-CACHE,1,0,0,1,5050,5050,505.0,21,10120,0,120,0,0,1,0,0.99,4,0,0,0,0,0,0,0,0,0,0,0,0,0,,0.16666666666666666,0.0
task_0131,family_23,template_23,0.75,1.0,10,B-TERX-REPLAY,1,0,0,1,5050,5050,505.0,21,10120,0,120,0,0,1,0,0.99,4,0,0,0,0,0,0,0,0,0,0,0,0,0,,0.16666666666666666,0.0
task_0131,family_23,template_23,0.75,1.0,10,P-SPIDER-MEA-BATCHED,1,0,0,1,1320,1320,101.0,14,2365,150,120,9,1,1,0,0.99,4,0,0,0,0,0,1,0,0,1,0,0,0,0,81dbbad3fbc9cbbb,0.16666666666666666,0.16666666666666666
task_0131,family_23,template_23,0.75,1.0,10,NC1-SHUFFLED,1,0,1,1,1112,1112,80.21589399382435,15,3155,150,30,8,0,0,0,0.3790981317265224,1,0,1,1,1,1,1,0,0,1,0,0,0,0,81dbbad3fbc9cbbb,0.0,0.0
task_0131,family_23,template_23,0.75,1.0,10,NC2-RANDOM,1,0,0,1,1221,1221,91.19324557165352,15,3245,150,120,8,0,0,0,0.49163206202025583,2,1,1,0,1,1,1,0,0,0,0,0,0,0,81dbbad3fbc9cbbb,0.0,0.0
task_0131,family_23,template_23,0.75,1.0,10,NC3-LENGTH,1,0,0,1,5050,5050,500.0,21,10120,0,120,0,0,1,0,0.55,2,0,0,0,0,0,0,0,0,0,0,0,0,0,,0.16666666666666666,0.0
task_0131,family_23,template_23,0.75,1.0,10,NC4-ABLATION,0,1,0,1,1280,1280,97.0,14,2275,150,30,9,1,1,0,0.9627,4,0,1,1,1,0,1,0,0,1,0,0,0,0,81dbbad3fbc9cbbb,0.16666666666666666,0.16666666666666666
task_0132,family_24,template_24,0.0,0.0,11,B-COLD,1,0,0,1,5550,5550,504.54545454545456,23,11120,0,120,0,0,1,0,0.99,4,0,0,0,0,0,0,0,0,0,0,0,0,0,,1.0,0.0
task_0132,family_24,template_24,0.0,0.0,11,B-RAG-EMBED,1,0,0,1,800,800,54.54545454545455,13,1590,150,120,11,1,1,0,0.99,4,0,0,0,0,0,0,0,0,0,0,1,1,0,,1.0,0.0
task_0132,family_24,template_24,0.0,0.0,11,B-STAGEHAND-CACHE,1,0,0,1,600,600,54.54545454545455,12,1440,0,120,11,1,1,0,0.99,4,0,0,0,0,0,0,0,0,0,0,1,1,0,,1.0,0.0
task_0132,family_24,template_24,0.0,0.0,11,B-TERX-REPLAY,1,0,0,1,600,600,54.54545454545455,12,1440,0,120,11,1,1,0,0.99,4,0,0,0,0,0,0,0,0,0,0,1,1,0,,1.0,0.0
task_0132,family_24,template_24,0.0,0.0,11,P-SPIDER-MEA-BATCHED,1,0,0,1,1060,1060,68.18181818181819,15,1710,150,120,11,1,1,0,0.9526,4,0,0,0,0,0,1,1,0,0,1,1,1,1,7bdd579496bdfd9e,1.0,1.0
task_0132,family_24,template_24,0.0,0.0,11,NC1-SHUFFLED,1,0,1,1,1291,1291,89.22347509592561,14,1670,150,120,9,0,0,0,0.43836515977289414,2,0,0,0,1,1,1,0,0,1,0,0,0,0,7bdd579496bdfd9e,0.1,0.0
task_0132,family_24,template_24,0.0,0.0,11,NC2-RANDOM,1,0,0,1,1579,1579,115.40766150762708,14,1515,150,30,9,0,0,0,0.7481434898586166,3,0,0,0,0,1,1,1,0,1,0,0,0,0,7bdd579496bdfd9e,0.2,0.0
task_0132,family_24,template_24,0.0,0.0,11,NC3-LENGTH,1,0,0,1,5550,5550,500.0,23,11120,0,120,0,0,1,0,0.55,2,0,0,0,0,0,0,0,0,0,0,0,0,0,,1.0,0.0
task_0132,family_24,template_24,0.0,0.0,11,NC4-ABLATION,1,0,0,1,930,930,56.36363636363637,15,1555,150,30,11,1,1,0,0.971,4,0,1,1,1,0,1,0,0,1,0,1,1,1,7bdd579496bdfd9e,1.0,1.0
task_0133,family_24,template_24,0.25,0.5,11,B-COLD,1,0,0,1,5550,5550,504.54545454545456,23,11120,0,120,0,0,1,0,0.99,4,0,0,0,0,0,0,0,0,0,0,0,0,0,,0.75,0.0
task_0133,family_24,template_24,0.25,0.5,11,B-RAG-EMBED,1,0,0,1,3500,3500,300.0,19,6870,150,120,5,1,1,0,0.99,4,0,0,0,0,0,0,0,0,0,0,1,1,0,,0.75,0.0
task_0133,family_24,template_24,0.25,0.5,11,B-STAGEHAND-CACHE,1,0,0,1,5550,5550,504.54545454545456,23,11120,0,120,0,0,1,0,0.99,4,0,0,0,0,0,0,0,0,0,0,1,0,0,,0.75,0.0
task_0133,family_24,template_24,0.25,0.5,11,B-TERX-REPLAY,1,0,0,1,5550,5550,504.54545454545456,23,11120,0,120,0,0,1,0,0.99,4,0,0,0,0,0,0,0,0,0,0,1,0,0,,0.75,0.0
task_0133,family_24,template_24,0.25,0.5,11,P-SPIDER-MEA-BATCHED,1,0,0,1,930,930,56.36363636363637,15,1555,150,30,11,1,1,0,0.9723,4,0,1,1,1,0,1,1,0,1,0,1,1,1,ef86b92eebb7dfe5,0.75,1.0
task_0133,family_24,template_24,0.25,0.5,11,NC1-SHUFFLED,1,0,1,1,1414,1414,100.41515335150197,16,3365,150,120,9,0,0,0,0.36094229110684223,1,0,0,0,0,1,1,0,0,1,0,0,0,0,ef86b92eebb7dfe5,0.1,0.0
task_0133,family_24,template_24,0.25,0.5,11,NC2-RANDOM,0,1,0,1,1513,1513,109.44343486901326,16,3275,150,30,9,0,0,0,0.6446940429992106,3,0,0,0,0,1,1,0,0,0,0,0,0,0,ef86b92eebb7dfe5,0.1,0.0
task_0133,family_24,template_24,0.25,0.5,11,NC3-LENGTH,1,0,0,1,5550,5550,500.0,23,11120,0,120,0,0,1,0,0.55,2,0,0,0,0,0,0,0,0,0,0,0,0,0,,0.75,0.0
task_0133,family_24,template_24,0.25,0.5,11,NC4-ABLATION,1,0,0,1,970,970,60.0,15,1645,150,120,11,1,1,0,0.99,4,0,0,0,1,0,1,0,0,1,0,1,1,1,ef86b92eebb7dfe5,0.75,1.0
task_0134,family_24,template_24,0.5,0.5,11,B-COLD,1,0,0,1,5550,5550,504.54545454545456,23,11120,0,120,0,0,1,0,0.99,4,0,0,0,0,0,0,0,0,0,0,0,0,0,,0.75,0.0
task_0134,family_24,template_24,0.5,0.5,11,B-RAG-EMBED,1,0,0,1,3500,3500,300.0,19,6870,150,120,5,1,1,0,0.99,4,0,0,0,0,0,0,0,0,0,0,1,1,0,,0.75,0.0
task_0134,family_24,template_24,0.5,0.5,11,B-STAGEHAND-CACHE,1,0,0,1,5550,5550,504.54545454545456,23,11120,0,120,0,0,1,0,0.99,4,0,0,0,0,0,0,0,0,0,0,1,0,0,,0.75,0.0
task_0134,family_24,template_24,0.5,0.5,11,B-TERX-REPLAY,1,0,0,1,5550,5550,504.54545454545456,23,11120,0,120,0,0,1,0,0.99,4,0,0,0,0,0,0,0,0,0,0,1,0,0,,0.75,0.0
task_0134,family_24,template_24,0.5,0.5,11,P-SPIDER-MEA-BATCHED,1,0,0,1,970,970,60.0,15,1645,150,120,11,1,1,0,0.9729,4,0,0,0,1,0,1,1,0,1,0,1,1,1,d311026ea8f15945,0.75,1.0
task_0134,family_24,template_24,0.5,0.5,11,NC1-SHUFFLED,1,0,1,1,1225,1225,83.23053201847945,16,3365,150,120,9,0,0,0,0.5379693890408539,2,0,0,0,0,1,1,0,0,0,1,0,0,0,d311026ea8f15945,0.0,0.0
task_0134,family_24,template_24,0.5,0.5,11,NC2-RANDOM,0,1,0,1,1492,1492,107.49545000471176,17,4245,150,120,8,0,0,0,0.6445495847396093,3,1,0,1,0,1,1,0,0,1,0,0,0,0,d311026ea8f15945,0.06666666666666667,0.0
task_0134,family_24,template_24,0.5,0.5,11,NC3-LENGTH,1,0,0,1,5550,5550,500.0,23,11120,0,120,0,0,1,0,0.55,2,0,0,0,0,0,0,0,0,0,0,0,0,0,,0.75,0.0
task_0134,family_24,template_24,0.5,0.5,11,NC4-ABLATION,0,1,0,1,970,970,60.0,15,1645,150,120,11,1,1,0,0.99,4,0,0,0,0,0,1,0,0,1,0,1,1,1,d311026ea8f15945,0.75,1.0
task_0135,family_24,template_24,0.75,1.0,11,B-COLD,1,0,0,1,5550,5550,504.54545454545456,23,11120,0,120,0,0,1,0,0.9682,4,0,0,0,0,0,0,0,0,0,0,0,0,0,,0.5,0.0
task_0135,family_24,template_24,0.75,1.0,11,B-RAG-EMBED,1,0,0,1,5750,5750,504.54545454545456,24,11270,150,120,0,0,1,0,0.9682,4,0,0,0,0,0,0,0,0,0,0,1,0,0,,0.5,0.0
task_0135,family_24,template_24,0.75,1.0,11,B-STAGEHAND-CACHE,1,0,0,1,5550,5550,504.54545454545456,23,11120,0,120,0,0,1,0,0.9682,4,0,0,0,0,0,0,0,0,0,0,1,0,0,,0.5,0.0
task_0135,family_24,template_24,0.75,1.0,11,B-TERX-REPLAY,1,0,0,1,5550,5550,504.54545454545456,23,11120,0,120,0,0,1,0,0.9682,4,0,0,0,0,0,0,0,0,0,0,1,0,0,,0.5,0.0
task_0135,family_24,template_24,0.75,1.0,11,P-SPIDER-MEA-BATCHED,1,0,1,1,930,930,56.36363636363637,15,1555,150,30,11,0,0,0,0.01,0,1,1,1,1,1,1,1,0,1,0,1,0,0,72ceefc234409576,0.5,0.5
task_0135,family_24,template_24,0.75,1.0,11,NC1-SHUFFLED,1,0,1,1,1322,1322,92.05100429753753,16,3275,150,30,9,0,0,0,0.44168778502296496,2,0,1,1,1,1,1,0,0,1,0,0,0,0,72ceefc234409576,0.0,0.0
task_0135,family_24,template_24,0.75,1.0,11,NC2-RANDOM,1,0,0,1,1630,1630,120.0536635482911,15,1645,150,120,11,0,0,0,0.538510865820671,2,1,0,0,1,1,1,0,0,1,0,1,0,0,72ceefc234409576,0.5,0.5
task_0135,family_24,template_24,0.75,1.0,11,NC3-LENGTH,1,0,0,1,5550,5550,500.0,23,11120,0,120,0,0,1,0,0.55,2,0,0,0,0,0,0,0,0,0,0,0,0,0,,0.5,0.0
task_0135,family_24,template_24,0.75,1.0,11,NC4-ABLATION,1,0,1,1,930,930,56.36363636363637,15,1555,150,30,11,0,0,0,0.01,0,1,1,1,1,1,1,0,0,1,0,1,0,0,72ceefc234409576,0.5,0.5
task_0136,family_24,template_24,1.0,1.0,11,B-COLD,1,0,0,1,5550,5550,504.54545454545456,23,11120,0,120,0,0,1,0,0.9803,4,0,0,0,0,0,0,0,0,0,0,0,0,0,,0.75,0.0
task_0136,family_24,template_24,1.0,1.0,11,B-RAG-EMBED,1,0,0,1,5750,5750,504.54545454545456,24,11270,150,120,0,0,1,0,0.9803,4,0,0,0,0,0,0,0,0,0,0,1,0,0,,0.75,0.0
task_0136,family_24,template_24,1.0,1.0,11,B-STAGEHAND-CACHE,1,0,0,1,5550,5550,504.54545454545456,23,11120,0,120,0,0,1,0,0.9803,4,0,0,0,0,0,0,0,0,0,0,1,0,0,,0.75,0.0
task_0136,family_24,template_24,1.0,1.0,11,B-TERX-REPLAY,1,0,0,1,5550,5550,504.54545454545456,23,11120,0,120,0,0,1,0,0.9803,4,0,0,0,0,0,0,0,0,0,0,1,0,0,,0.75,0.0
task_0136,family_24,template_24,1.0,1.0,11,P-SPIDER-MEA-BATCHED,1,0,1,1,970,970,60.0,15,1645,150,120,11,0,0,0,0.01,0,1,0,0,0,1,1,1,0,1,0,1,0,0,2e717b1dd6075893,0.75,1.0
task_0136,family_24,template_24,1.0,1.0,11,NC1-SHUFFLED,1,0,1,1,1273,1273,87.54840152591242,16,3275,150,30,9,0,0,0,0.45845696497728217,2,0,1,1,1,1,1,0,0,0,1,0,0,0,2e717b1dd6075893,0.0,0.0
task_0136,family_24,template_24,1.0,1.0,11,NC2-RANDOM,0,1,0,1,1421,1421,101.06562299658887,16,3365,150,120,9,0,0,0,0.6338957954991069,3,0,1,0,1,1,1,1,0,1,0,0,0,0,2e717b1dd6075893,0.0,0.0
task_0136,family_24,template_24,1.0,1.0,11,NC3-LENGTH,1,0,0,1,5550,5550,500.0,23,11120,0,120,0,0,1,0,0.55,2,0,0,0,0,0,0,0,0,0,0,0,0,0,,0.75,0.0
task_0136,family_24,template_24,1.0,1.0,11,NC4-ABLATION,0,1,0,1,930,930,56.36363636363637,15,1555,150,30,11,1,1,0,0.978,4,0,1,1,1,0,1,0,0,1,0,1,1,1,2e717b1dd6075893,0.75,1.0
task_0137,family_25,template_25,0.0,0.0,12,B-COLD,1,0,0,1,6050,6050,504.1666666666667,25,12120,0,120,0,0,1,0,0.99,4,0,0,0,0,0,0,0,0,0,0,0,0,0,,1.0,0.0
task_0137,family_25,template_25,0.0,0.0,12,B-RAG-EMBED,1,0,0,1,850,850,54.166666666666664,14,1710,150,120,12,1,1,0,0.99,4,0,0,0,0,0,0,0,0,0,0,1,1,0,,1.0,0.0
task_0137,family_25,template_25,0.0,0.0,12,B-STAGEHAND-CACHE,1,0,0,1,650,650,54.166666666666664,13,1560,0,120,12,1,1,0,0.99,4,0,0,0,0,0,0,0,0,0,0,1,1,0,,1.0,0.0
task_0137,family_25,template_25,0.0,0.0,12,B-TERX-REPLAY,1,0,0,1,650,650,54.166666666666664,13,1560,0,120,12,1,1,0,0.99,4,0,0,0,0,0,0,0,0,0,0,1,1,0,,1.0,0.0
task_0137,family_25,template_25,0.0,0.0,12,P-SPIDER-MEA-BATCHED,1,0,0,1,1070,1070,63.333333333333336,16,1740,150,30,12,1,1,0,0.9821,4,0,1,1,1,0,1,1,0,0,1,1,1,1,d1628c34484e3511,1.0,1.0
task_0137,family_25,template_25,0.0,0.0,12,NC1-SHUFFLED,0,0,0,1,1404,1404,91.19305975190248,15,1725,150,120,9,0,0,0,0.8260865073299644,4,0,0,0,0,1,1,0,0,0,1,0,0,0,d1628c34484e3511,0.06666666666666667,0.0
task_0137,family_25,template_25,0.0,0.0,12,NC2-RANDOM,1,0,0,1,1740,1740,119.1796736085644,15,1725,150,120,10,0,0,0,0.5748902878128144,2,0,1,0,1,1,1,1,0,1,0,0,0,0,d1628c34484e3511,0.2,0.0
task_0137,family_25,template_25,0.0,0.0,12,NC3-LENGTH,1,0,0,1,6050,6050,500.0,25,12120,0,120,0,0,1,0,0.55,2,0,0,0,0,0,0,0,0,0,0,0,0,0,,1.0,0.0
task_0137,family_25,template_25,0.0,0.0,12,NC4-ABLATION,1,0,0,1,980,980,55.833333333333336,16,1675,150,30,12,1,1,0,0.9768,4,0,1,1,1,0,1,0,0,1,0,1,1,1,d1628c34484e3511,1.0,1.0
task_0138,family_25,template_25,0.5,0.5,12,B-COLD,1,0,0,1,6050,6050,504.1666666666667,25,12120,0,120,0,0,1,0,0.99,4,0,0,0,0,0,0,0,0,0,0,0,0,0,,0.5714285714285714,0.0
task_0138,family_25,template_25,0.5,0.5,12,B-RAG-EMBED,1,0,0,1,3550,3550,279.1666666666667,20,6990,150,120,6,1,1,0,0.99,4,0,0,0,0,0,0,0,0,0,0,1,1,0,,0.5714285714285714,0.0
task_0138,family_25,template_25,0.5,0.5,12,B-STAGEHAND-CACHE,1,0,0,1,6050,6050,504.1666666666667,25,12120,0,120,0,0,1,0,0.99,4,0,0,0,0,0,0,0,0,0,0,1,0,0,,0.5714285714285714,0.0
task_0138,family_25,template_25,0.5,0.5,12,B-TERX-REPLAY,1,0,0,1,6050,6050,504.1666666666667,25,12120,0,120,0,0,1,0,0.99,4,0,0,0,0,0,0,0,0,0,0,1,0,0,,0.5714285714285714,0.0
task_0138,family_25,template_25,0.5,0.5,12,P-SPIDER-MEA-BATCHED,1,0,0,1,1020,1020,59.166666666666664,16,1765,150,120,12,1,1,0,0.99,4,0,0,0,0,0,1,1,0,1,0,1,1,1,9d21fd44643b0be8,0.5714285714285714,1.0
task_0138,family_25,template_25,0.5,0.5,12,NC1-SHUFFLED,1,0,1,1,1541,1541,102.65606958274563,18,4365,150,120,9,0,0,0,0.48013105819653157,2,0,0,0,0,1,1,0,0,0,1,0,0,0,9d21fd44643b0be8,0.0,0.0
task_0138,family_25,template_25,0.5,0.5,12,NC2-RANDOM,1,0,0,1,1401,1401,90.9791619413326,16,2605,150,120,11,0,0,0,0.7200424920802806,3,0,0,0,0,1,1,1,0,1,0,0,0,0,9d21fd44643b0be8,0.0,0.0
task_0138,family_25,template_25,0.5,0.5,12,NC3-LENGTH,1,0,0,1,6050,6050,500.0,25,12120,0,120,0,0,1,0,0.55,2,0,0,0,0,0,0,0,0,0,0,0,0,0,,0.5714285714285714,0.0
task_0138,family_25,template_25,0.5,0.5,12,NC4-ABLATION,0,0,0,1,1110,1110,66.66666666666667,16,1830,150,120,12,1,1,0,0.9527,4,0,0,0,0,0,1,0,0,0,1,1,1,1,9d21fd44643b0be8,0.5714285714285714,1.0
task_0139,family_25,template_25,0.75,1.0,12,B-COLD,1,0,0,1,6050,6050,504.1666666666667,25,12120,0,120,0,0,1,0,0.9746,4,0,0,0,0,0,0,0,0,0,0,0,0,0,,0.14285714285714285,0.0
task_0139,family_25,template_25,0.75,1.0,12,B-RAG-EMBED,1,0,0,1,6250,6250,504.1666666666667,26,12270,150,120,0,0,1,0,0.9746,4,0,0,0,0,0,0,0,0,0,0,0,0,0,,0.14285714285714285,0.0
task_0139,family_25,template_25,0.75,1.0,12,B-STAGEHAND-CACHE,1,0,0,1,6050,6050,504.1666666666667,25,12120,0,120,0,0,1,0,0.9746,4,0,0,0,0,0,0,0,0,0,0,0,0,0,,0.14285714285714285,0.0
task_0139,family_25,template_25,0.75,1.0,12,B-TERX-REPLAY,1,0,0,1,6050,6050,504.1666666666667,25,12120,0,120,0,0,1,0,0.9746,4,0,0,0,0,0,0,0,0,0,0,0,0,0,,0.14285714285714285,0.0
task_0139,family_25,template_25,0.75,1.0,12,P-SPIDER-MEA-BATCHED,1,0,1,1,1870,1870,130.0,17,3485,150,120,10,0,0,0,0.0235,0,1,0,0,0,1,1,0,0,1,0,0,0,0,06f14c4ccd139419,0.14285714285714285,0.14285714285714285
task_0139,family_25,template_25,0.75,1.0,12,NC1-SHUFFLED,1,0,1,1,1375,1375,88.7545455294268,18,4275,150,30,9,0,0,0,0.39454467086823325,1,1,1,1,1,1,1,0,0,1,0,0,0,0,06f14c4ccd139419,0.0,0.0
task_0139,family_25,template_25,0.75,1.0,12,NC2-RANDOM,1,0,0,1,1499,1499,99.12959989119355,16,2605,150,120,11,0,0,0,0.5111922992655318,2,0,0,0,0,1,1,0,0,1,0,0,0,0,06f14c4ccd139419,0.0,0.0
task_0139,family_25,template_25,0.75,1.0,12,NC3-LENGTH,1,0,0,1,6050,6050,500.0,25,12120,0,120,0,0,1,0,0.55,2,0,0,0,0,0,0,0,0,0,0,0,0,0,,0.14285714285714285,0.0
task_0139,family_25,template_25,0.75,1.0,12,NC4-ABLATION,1,0,0,1,1830,1830,126.66666666666667,17,3395,150,30,10,1,1,0,0.99,4,0,1,1,1,0,1,0,0,1,0,0,0,0,06f14c4ccd139419,0.14285714285714285,0.14285714285714285
task_0140,family_25,template_25,1.0,1.0,12,B-COLD,1,0,0,1,6050,6050,504.1666666666667,25,12120,0,120,0,0,1,0,0.9846,4,0,0,0,0,0,0,0,0,0,0,0,0,0,,0.14285714285714285,0.0
task_0140,family_25,template_25,1.0,1.0,12,B-RAG-EMBED,1,0,0,1,6250,6250,504.1666666666667,26,12270,150,120,0,0,1,0,0.9846,4,0,0,0,0,0,0,0,0,0,0,0,0,0,,0.14285714285714285,0.0
task_0140,family_25,template_25,1.0,1.0,12,B-STAGEHAND-CACHE,1,0,0,1,6050,6050,504.1666666666667,25,12120,0,120,0,0,1,0,0.9846,4,0,0,0,0,0,0,0,0,0,0,0,0,0,,0.14285714285714285,0.0
task_0140,family_25,template_25,1.0,1.0,12,B-TERX-REPLAY,1,0,0,1,6050,6050,504.1666666666667,25,12120,0,120,0,0,1,0,0.9846,4,0,0,0,0,0,0,0,0,0,0,0,0,0,,0.14285714285714285,0.0
task_0140,family_25,template_25,1.0,1.0,12,P-SPIDER-MEA-BATCHED,1,0,1,1,1870,1870,130.0,17,3485,150,120,10,0,0,0,0.01,0,1,0,0,0,1,1,0,0,1,0,0,0,0,b2871abb77d44ab0,0.14285714285714285,0.14285714285714285
task_0140,family_25,template_25,1.0,1.0,12,NC1-SHUFFLED,1,0,0,1,1665,1665,112.93128249490391,18,4365,150,120,9,0,0,0,0.7434786852166284,3,1,0,0,0,1,1,0,0,1,0,0,0,0,b2871abb77d44ab0,0.0,0.0
task_0140,family_25,template_25,1.0,1.0,12,NC2-RANDOM,1,0,0,1,1426,1426,93.03156848110767,16,2605,150,120,11,0,0,0,0.7327575704157261,3,0,0,0,1,1,1,0,0,0,0,0,0,0,b2871abb77d44ab0,0.0,0.0
task_0140,family_25,template_25,1.0,1.0,12,NC3-LENGTH,1,0,0,1,6050,6050,500.0,25,12120,0,120,0,0,1,0,0.55,2,0,0,0,0,0,0,0,0,0,0,0,0,0,,0.14285714285714285,0.0
task_0140,family_25,template_25,1.0,1.0,12,NC4-ABLATION,1,0,0,1,1870,1870,130.0,17,3485,150,120,10,1,1,0,0.99,4,0,0,0,0,0,1,0,0,1,0,0,0,0,b2871abb77d44ab0,0.14285714285714285,0.14285714285714285
task_0141,family_25,template_25,0.25,0.5,12,B-COLD,1,0,0,1,6050,6050,504.1666666666667,25,12120,0,120,0,0,1,0,0.952,4,0,0,0,0,0,0,0,0,0,0,0,0,0,,0.5714285714285714,0.0
task_0141,family_25,template_25,0.25,0.5,12,B-RAG-EMBED,1,0,0,1,3550,3550,279.1666666666667,20,6990,150,120,6,1,1,0,0.952,4,0,0,0,0,0,0,0,0,0,0,1,1,0,,0.5714285714285714,0.0
task_0141,family_25,template_25,0.25,0.5,12,B-STAGEHAND-CACHE,1,0,0,1,6050,6050,504.1666666666667,25,12120,0,120,0,0,1,0,0.952,4,0,0,0,0,0,0,0,0,0,0,1,0,0,,0.5714285714285714,0.0
task_0141,family_25,template_25,0.25,0.5,12,B-TERX-REPLAY,1,0,0,1,6050,6050,504.1666666666667,25,12120,0,120,0,0,1,0,0.952,4,0,0,0,0,0,0,0,0,0,0,1,0,0,,0.5714285714285714,0.0
task_0141,family_25,template_25,0.25,0.5,12,P-SPIDER-MEA-BATCHED,1,0,1,1,980,980,55.833333333333336,16,1675,150,30,12,0,0,0,0.01,0,1,1,1,1,1,1,1,0,1,0,1,0,0,4643b370dae45eb0,0.5714285714285714,1.0
task_0141,family_25,template_25,0.25,0.5,12,NC1-SHUFFLED,1,0,1,1,1621,1621,109.3067501596756,18,4275,150,30,9,0,0,0,0.4946865578075632,2,0,1,1,1,1,1,0,0,1,0,0,0,0,4643b370dae45eb0,0.06666666666666667,0.0
task_0141,family_25,template_25,0.25,0.5,12,NC2-RANDOM,0,1,0,1,1603,1603,107.80932019926273,17,3485,150,120,10,0,0,0,0.7946545964504159,3,0,1,1,0,1,1,0,0,1,0,0,0,0,4643b370dae45eb0,0.125,0.0
task_0141,family_25,template_25,0.25,0.5,12,NC3-LENGTH,1,0,0,1,6050,6050,500.0,25,12120,0,120,0,0,1,0,0.55,2,0,0,0,0,0,0,0,0,0,0,0,0,0,,0.5714285714285714,0.0
task_0141,family_25,template_25,0.25,0.5,12,NC4-ABLATION,1,0,1,1,1020,1020,59.166666666666664,16,1765,150,120,12,0,0,0,0.0379,0,1,0,0,0,1,1,0,0,1,0,1,0,0,4643b370dae45eb0,0.5714285714285714,1.0
task_0142,family_26,template_26,0.0,0.0,13,B-COLD,1,0,0,1,6550,6550,503.84615384615387,27,13120,0,120,0,0,1,0,0.9741,4,0,0,0,0,0,0,0,0,0,0,0,0,0,,1.0,0.0
task_0142,family_26,template_26,0.0,0.0,13,B-RAG-EMBED,1,0,0,1,900,900,53.84615384615385,15,1830,150,120,13,1,1,0,0.9741,4,0,0,0,0,0,0,0,0,0,0,1,1,0,,1.0,0.0
task_0142,family_26,template_26,0.0,0.0,13,B-STAGEHAND-CACHE,1,0,0,1,700,700,53.84615384615385,14,1680,0,120,13,1,1,0,0.9741,4,0,0,0,0,0,0,0,0,0,0,1,1,0,,1.0,0.0
task_0142,family_26,template_26,0.0,0.0,13,B-TERX-REPLAY,1,0,0,1,700,700,53.84615384615385,14,1680,0,120,13,1,1,0,0.9741,4,0,0,0,0,0,0,0,0,0,0,1,1,0,,1.0,0.0
task_0142,family_26,template_26,0.0,0.0,13,P-SPIDER-MEA-BATCHED,1,0,0,1,1070,1070,58.46153846153846,17,1885,150,120,13,1,1,0,0.9795,4,0,0,0,0,0,1,1,0,1,0,1,1,1,83532d84bb74c839,1.0,1.0
task_0142,family_26,template_26,0.0,0.0,13,NC1-SHUFFLED,1,0,1,1,1586,1586,98.1575164901214,16,1755,150,30,11,0,0,0,0.40089156219664873,2,0,1,1,1,1,1,0,0,0,1,0,0,0,83532d84bb74c839,0.2,0.0
task_0142,family_26,template_26,0.0,0.0,13,NC2-RANDOM,1,0,0,1,1624,1624,101.1065311724523,17,1795,150,30,13,1,1,0,0.6362556548789864,3,0,0,0,1,0,1,0,0,0,0,1,1,1,83532d84bb74c839,1.0,1.0
task_0142,family_26,template_26,0.0,0.0,13,NC3-LENGTH,1,0,0,1,6550,6550,500.0,27,13120,0,120,0,0,1,0,0.55,2,0,0,0,0,0,0,0,0,0,0,0,0,0,,1.0,0.0
task_0142,family_26,template_26,0.0,0.0,13,NC4-ABLATION,1,0,0,1,1030,1030,55.38461538461539,17,1795,150,30,13,1,1,0,0.99,4,0,1,1,1,0,1,0,0,1,0,1,1,1,83532d84bb74c839,1.0,1.0
task_0143,family_26,template_26,0.75,0.6667,13,B-COLD,1,0,0,1,6550,6550,503.84615384615387,27,13120,0,120,0,0,1,0,0.99,4,0,0,0,0,0,0,0,0,0,0,0,0,0,,0.6666666666666666,0.0
task_0143,family_26,template_26,0.75,0.6667,13,B-RAG-EMBED,1,0,0,1,4950,4950,365.38461538461536,24,9750,150,120,4,1,1,0,0.99,4,0,0,0,0,0,0,0,0,0,0,1,1,0,,0.6666666666666666,0.0
task_0143,family_26,template_26,0.75,0.6667,13,B-STAGEHAND-CACHE,1,0,0,1,6550,6550,503.84615384615387,27,13120,0,120,0,0,1,0,0.99,4,0,0,0,0,0,0,0,0,0,0,1,0,0,,0.6666666666666666,0.0
task_0143,family_26,template_26,0.75,0.6667,13,B-TERX-REPLAY,1,0,0,1,6550,6550,503.84615384615387,27,13120,0,120,0,0,1,0,0.99,4,0,0,0,0,0,0,0,0,0,0,1,0,0,,0.6666666666666666,0.0
task_0143,family_26,template_26,0.75,0.6667,13,P-SPIDER-MEA-BATCHED,1,0,0,1,1030,1030,55.38461538461539,17,1795,150,30,13,1,1,0,0.9534,4,0,1,1,1,0,1,1,0,1,0,1,1,1,baa0b0b0ca626cbb,0.6666666666666666,1.0
task_0143,family_26,template_26,0.75,0.6667,13,NC1-SHUFFLED,1,0,1,1,1704,1704,107.25020694614366,18,3515,150,30,11,0,0,0,0.45606614140635793,2,0,1,1,1,1,1,0,0,0,1,0,0,0,baa0b0b0ca626cbb,0.0,0.0
task_0143,family_26,template_26,0.75,0.6667,13,NC2-RANDOM,1,0,0,1,1495,1495,91.15515073882702,17,2725,150,120,12,0,0,0,0.5093018365560424,2,0,1,0,0,1,1,1,0,1,0,0,0,0,baa0b0b0ca626cbb,0.0,0.0
task_0143,family_26,template_26,0.75,0.6667,13,NC3-LENGTH,1,0,0,1,6550,6550,500.0,27,13120,0,120,0,0,1,0,0.55,2,0,0,0,0,0,0,0,0,0,0,0,0,0,,0.6666666666666666,0.0
task_0143,family_26,template_26,0.75,0.6667,13,NC4-ABLATION,1,0,0,1,1030,1030,55.38461538461539,17,1795,150,30,13,1,1,0,0.99,4,0,1,1,1,0,1,0,0,1,0,1,1,1,baa0b0b0ca626cbb,0.6666666666666666,1.0
task_0144,family_26,template_26,1.0,1.0,13,B-COLD,1,0,0,1,6550,6550,503.84615384615387,27,13120,0,120,0,0,1,0,0.99,4,0,0,0,0,0,0,0,0,0,0,0,0,0,,0.5,0.0
task_0144,family_26,template_26,1.0,1.0,13,B-RAG-EMBED,1,0,0,1,6750,6750,503.84615384615387,28,13270,150,120,0,0,1,0,0.99,4,0,0,0,0,0,0,0,0,0,0,1,0,0,,0.5,0.0
task_0144,family_26,template_26,1.0,1.0,13,B-STAGEHAND-CACHE,1,0,0,1,6550,6550,503.84615384615387,27,13120,0,120,0,0,1,0,0.99,4,0,0,0,0,0,0,0,0,0,0,1,0,0,,0.5,0.0
task_0144,family_26,template_26,1.0,1.0,13,B-TERX-REPLAY,1,0,0,1,6550,6550,503.84615384615387,27,13120,0,120,0,0,1,0,0.99,4,0,0,0,0,0,0,0,0,0,0,1,0,0,,0.5,0.0
task_0144,family_26,template_26,1.0,1.0,13,P-SPIDER-MEA-BATCHED,1,0,1,1,1160,1160,65.38461538461539,17,1950,150,120,13,0,0,0,0.0237,0,1,0,0,0,1,1,1,0,0,1,1,0,0,a6f46462c1bd7210,0.5,0.5
task_0144,family_26,template_26,1.0,1.0,13,NC1-SHUFFLED,1,0,1,1,1462,1462,88.6491554756612,18,3605,150,120,11,0,0,0,0.5045479904421621,2,0,0,0,0,1,1,0,0,1,0,0,0,0,a6f46462c1bd7210,0.0,0.0
task_0144,family_26,template_26,1.0,1.0,13,NC2-RANDOM,0,1,0,1,1643,1643,102.58504797759097,18,3670,150,120,11,0,0,0,0.6721891343813531,3,1,1,1,0,1,1,0,0,0,1,0,0,0,a6f46462c1bd7210,0.0,0.0
task_0144,family_26,template_26,1.0,1.0,13,NC3-LENGTH,1,0,0,1,6550,6550,500.0,27,13120,0,120,0,0,1,0,0.55,2,0,0,0,0,0,0,0,0,0,0,0,0,0,,0.5,0.0
task_0144,family_26,template_26,1.0,1.0,13,NC4-ABLATION,1,0,0,1,1070,1070,58.46153846153846,17,1885,150,120,13,1,1,0,0.99,4,0,0,0,0,0,1,0,0,1,0,1,1,1,a6f46462c1bd7210,0.5,0.5
task_0145,family_26,template_26,0.25,0.3333,13,B-COLD,1,0,0,1,6550,6550,503.84615384615387,27,13120,0,120,0,0,1,0,0.9658,4,0,0,0,0,0,0,0,0,0,0,0,0,0,,1.0,0.0
task_0145,family_26,template_26,0.25,0.3333,13,B-RAG-EMBED,1,0,0,1,2700,2700,192.30769230769232,19,5350,150,120,9,1,1,0,0.9658,4,0,0,0,0,0,0,0,0,0,0,1,1,0,,1.0,0.0
task_0145,family_26,template_26,0.25,0.3333,13,B-STAGEHAND-CACHE,1,0,0,1,6550,6550,503.84615384615387,27,13120,0,120,0,0,1,0,0.9658,4,0,0,0,0,0,0,0,0,0,0,1,0,0,,1.0,0.0
task_0145,family_26,template_26,0.25,0.3333,13,B-TERX-REPLAY,1,0,0,1,6550,6550,503.84615384615387,27,13120,0,120,0,0,1,0,0.9658,4,0,0,0,0,0,0,0,0,0,0,1,0,0,,1.0,0.0
task_0145,family_26,template_26,0.25,0.3333,13,P-SPIDER-MEA-BATCHED,1,0,0,1,1070,1070,58.46153846153846,17,1885,150,120,13,1,1,0,0.9801,4,0,0,0,0,0,1,1,0,1,0,1,1,1,7830c972ff17b7ca,1.0,1.0
task_0145,family_26,template_26,0.25,0.3333,13,NC1-SHUFFLED,1,0,1,1,1483,1483,90.23690114639811,18,3605,150,120,11,0,0,0,0.3588640773130929,1,0,0,0,0,1,1,0,0,0,1,0,0,0,7830c972ff17b7ca,0.2,0.0
task_0145,family_26,template_26,0.25,0.3333,13,NC2-RANDOM,0,1,0,1,1680,1680,105.43532781628684,19,4485,150,120,10,0,0,0,0.8072935310332094,4,0,1,1,1,1,1,1,0,0,0,0,0,0,7830c972ff17b7ca,0.2,0.0
task_0145,family_26,template_26,0.25,0.3333,13,NC3-LENGTH,1,0,0,1,6550,6550,500.0,27,13120,0,120,0,0,1,0,0.55,2,0,0,0,0,0,0,0,0,0,0,0,0,0,,1.0,0.0
task_0145,family_26,template_26,0.25,0.3333,13,NC4-ABLATION,1,0,0,1,1070,1070,58.46153846153846,17,1885,150,120,13,1,1,0,0.99,4,0,0,0,0,0,1,0,0,1,0,1,1,1,7830c972ff17b7ca,1.0,1.0
task_0146,family_26,template_26,0.5,0.6667,13,B-COLD,1,0,0,1,6550,6550,503.84615384615387,27,13120,0,120,0,0,1,0,0.99,4,0,0,0,0,0,0,0,0,0,0,0,0,0,,0.8333333333333334,0.0
task_0146,family_26,template_26,0.5,0.6667,13,B-RAG-EMBED,1,0,0,1,4950,4950,365.38461538461536,24,9750,150,120,4,1,1,0,0.99,4,0,0,0,0,0,0,0,0,0,0,1,1,0,,0.8333333333333334,0.0
task_0146,family_26,template_26,0.5,0.6667,13,B-STAGEHAND-CACHE,1,0,0,1,6550,6550,503.84615384615387,27,13120,0,120,0,0,1,0,0.99,4,0,0,0,0,0,0,0,0,0,0,1,0,0,,0.8333333333333334,0.0
task_0146,family_26,template_26,0.5,0.6667,13,B-TERX-REPLAY,1,0,0,1,6550,6550,503.84615384615387,27,13120,0,120,0,0,1,0,0.99,4,0,0,0,0,0,0,0,0,0,0,1,0,0,,0.8333333333333334,0.0
task_0146,family_26,template_26,0.5,0.6667,13,P-SPIDER-MEA-BATCHED,1,0,0,1,1030,1030,55.38461538461539,17,1795,150,30,13,1,1,0,0.9688,4,0,1,1,1,0,1,1,0,1,0,1,1,1,c199eb7c60baec33,0.8333333333333334,1.0
task_0146,family_26,template_26,0.5,0.6667,13,NC1-SHUFFLED,1,0,1,1,1765,1765,111.94948549815732,18,3515,150,30,11,0,0,0,0.4471186042653947,2,0,1,1,1,1,1,0,0,0,1,0,0,0,c199eb7c60baec33,0.1,0.0
task_0146,family_26,template_26,0.5,0.6667,13,NC2-RANDOM,0,1,0,1,1802,1802,114.81415571568604,18,3515,150,30,11,0,0,0,0.797938214556772,3,0,0,1,0,1,1,1,0,1,0,0,0,0,c199eb7c60baec33,0.1,0.0
task_0146,family_26,template_26,0.5,0.6667,13,NC3-LENGTH,1,0,0,1,6550,6550,500.0,27,13120,0,120,0,0,1,0,0.55,2,0,0,0,0,0,0,0,0,0,0,0,0,0,,0.8333333333333334,0.0
task_0146,family_26,template_26,0.5,0.6667,13,NC4-ABLATION,1,0,1,1,1070,1070,58.46153846153846,17,1885,150,120,13,0,0,0,0.0381,0,1,0,0,0,1,1,0,0,1,0,1,0,0,c199eb7c60baec33,0.8333333333333334,1.0
task_0147,family_27,template_27,0.0,0.0,14,B-COLD,1,0,0,1,7050,7050,503.57142857142856,29,14120,0,120,0,0,1,0,0.99,4,0,0,0,0,0,0,0,0,0,0,0,0,0,,1.0,0.0
task_0147,family_27,template_27,0.0,0.0,14,B-RAG-EMBED,1,0,0,1,950,950,53.57142857142857,16,1950,150,120,14,1,1,0,0.99,4,0,0,0,0,0,0,0,0,0,0,1,1,0,,1.0,0.0
task_0147,family_27,template_27,0.0,0.0,14,B-STAGEHAND-CACHE,1,0,0,1,750,750,53.57142857142857,15,1800,0,120,14,1,1,0,0.99,4,0,0,0,0,0,0,0,0,0,0,1,1,0,,1.0,0.0
task_0147,family_27,template_27,0.0,0.0,14,B-TERX-REPLAY,1,0,0,1,750,750,53.57142857142857,15,1800,0,120,14,1,1,0,0.99,4,0,0,0,0,0,0,0,0,0,0,1,1,0,,1.0,0.0
task_0147,family_27,template_27,0.0,0.0,14,P-SPIDER-MEA-BATCHED,1,0,0,1,1210,1210,64.28571428571429,18,2070,150,120,14,1,1,0,0.9784,4,0,0,0,0,0,1,1,0,0,1,1,1,1,ab4fff2c02cae200,1.0,1.0
task_0147,family_27,template_27,0.0,0.0,14,NC1-SHUFFLED,1,0,1,1,1796,1796,106.20250863637729,17,1965,150,120,13,0,0,0,0.46497316557234636,2,0,0,0,1,1,1,0,0,1,0,0,0,0,ab4fff2c02cae200,0.2,0.0
task_0147,family_27,template_27,0.0,0.0,14,NC2-RANDOM,0,1,0,1,1689,1689,98.50851674020575,17,2030,150,120,11,0,0,0,0.7189382315316433,3,0,1,1,1,1,1,0,0,0,1,0,0,0,ab4fff2c02cae200,0.06666666666666667,0.0
task_0147,family_27,template_27,0.0,0.0,14,NC3-LENGTH,1,0,0,1,7050,7050,500.0,29,14120,0,120,0,0,1,0,0.55,2,0,0,0,0,0,0,0,0,0,0,0,0,0,,1.0,0.0
task_0147,family_27,template_27,0.0,0.0,14,NC4-ABLATION,0,1,0,1,1120,1120,57.857142857142854,18,2005,150,120,14,1,1,0,0.9863,4,0,0,0,0,0,1,0,0,1,0,1,1,1,ab4fff2c02cae200,1.0,1.0
task_0148,family_27,template_27,1.0,1.0,14,B-COLD,1,0,0,1,7050,7050,503.57142857142856,29,14120,0,120,0,0,1,0,0.9733,4,0,0,0,0,0,0,0,0,0,0,0,0,0,,0.14285714285714285,0.0
task_0148,family_27,template_27,1.0,1.0,14,B-RAG-EMBED,1,0,0,1,7250,7250,503.57142857142856,30,14270,150,120,0,0,1,0,0.9733,4,0,0,0,0,0,0,0,0,0,0,0,0,0,,0.14285714285714285,0.0
task_0148,family_27,template_27,1.0,1.0,14,B-STAGEHAND-CACHE,1,0,0,1,7050,7050,503.57142857142856,29,14120,0,120,0,0,1,0,0.9733,4,0,0,0,0,0,0,0,0,0,0,0,0,0,,0.14285714285714285,0.0
task_0148,family_27,template_27,1.0,1.0,14,B-TERX-REPLAY,1,0,0,1,7050,7050,503.57142857142856,29,14120,0,120,0,0,1,0,0.9733,4,0,0,0,0,0,0,0,0,0,0,0,0,0,,0.14285714285714285,0.0
task_0148,family_27,template_27,1.0,1.0,14,P-SPIDER-MEA-BATCHED,1,0,1,1,1520,1520,86.42857142857143,18,2845,150,120,13,0,0,0,0.0182,0,1,0,0,0,1,1,0,0,1,0,0,0,0,a43f76ce8a89f115,0.14285714285714285,0.14285714285714285
task_0148,family_27,template_27,1.0,1.0,14,NC1-SHUFFLED,1,0,1,1,1901,1901,113.68303012320477,18,2845,150,120,13,0,0,0,0.4067997988391954,2,0,0,0,0,1,1,0,0,1,0,0,0,0,a43f76ce8a89f115,0.0,0.0
task_0148,family_27,template_27,1.0,1.0,14,NC2-RANDOM,0,1,0,1,1619,1619,93.50906129330171,18,2845,150,120,13,0,0,0,0.6893403745397283,3,0,0,0,0,1,1,0,0,1,0,0,0,0,a43f76ce8a89f115,0.0,0.0
task_0148,family_27,template_27,1.0,1.0,14,NC3-LENGTH,1,0,0,1,7050,7050,500.0,29,14120,0,120,0,0,1,0,0.55,2,0,0,0,0,0,0,0,0,0,0,0,0,0,,0.14285714285714285,0.0
task_0148,family_27,template_27,1.0,1.0,14,NC4-ABLATION,0,1,0,1,1480,1480,83.57142857142857,18,2755,150,30,13,1,1,0,0.985,4,0,1,1,1,0,1,0,0,1,0,0,0,0,a43f76ce8a89f115,0.14285714285714285,0.14285714285714285
task_0149,family_27,template_27,0.25,0.0,14,B-COLD,1,0,0,1,7050,7050,503.57142857142856,29,14120,0,120,0,0,1,0,0.99,4,0,0,0,0,0,0,0,0,0,0,0,0,0,,1.0,0.0
task_0149,family_27,template_27,0.25,0.0,14,B-RAG-EMBED,1,0,0,1,950,950,53.57142857142857,16,1950,150,120,14,1,1,0,0.99,4,0,0,0,0,0,0,0,0,0,0,1,1,0,,1.0,0.0
task_0149,family_27,template_27,0.25,0.0,14,B-STAGEHAND-CACHE,1,0,0,1,7050,7050,503.57142857142856,29,14120,0,120,0,0,1,0,0.99,4,0,0,0,0,0,0,0,0,0,0,1,0,0,,1.0,0.0
task_0149,family_27,template_27,0.25,0.0,14,B-TERX-REPLAY,1,0,0,1,7050,7050,503.57142857142856,29,14120,0,120,0,0,1,0,0.99,4,0,0,0,0,0,0,0,0,0,0,1,0,0,,1.0,0.0
task_0149,family_27,template_27,0.25,0.0,14,P-SPIDER-MEA-BATCHED,1,0,0,1,1080,1080,55.0,18,1915,150,30,14,1,1,0,0.9803,4,0,1,1,1,0,1,1,0,1,0,1,1,1,90d9bf050de20a7b,1.0,1.0
task_0149,family_27,template_27,0.25,0.0,14,NC1-SHUFFLED,1,0,0,1,1721,1721,100.78887278361742,17,1875,150,30,13,0,0,0,0.829756337186651,4,0,1,1,1,1,1,0,0,0,1,0,0,0,90d9bf050de20a7b,0.2,0.0
task_0149,family_27,template_27,0.25,0.0,14,NC2-RANDOM,0,1,0,1,1701,1701,99.41902120678948,17,1875,150,30,11,0,0,0,0.624592907909765,3,0,0,0,0,1,1,0,0,1,0,0,0,0,90d9bf050de20a7b,0.06666666666666667,0.0
task_0149,family_27,template_27,0.25,0.0,14,NC3-LENGTH,1,0,0,1,7050,7050,500.0,29,14120,0,120,0,0,1,0,0.55,2,0,0,0,0,0,0,0,0,0,0,0,0,0,,1.0,0.0
task_0149,family_27,template_27,0.25,0.0,14,NC4-ABLATION,0,0,0,1,1120,1120,57.857142857142854,18,2005,150,120,14,1,1,0,0.99,4,0,0,0,0,0,1,0,0,1,0,1,1,1,90d9bf050de20a7b,1.0,1.0
task_0150,family_27,template_27,0.5,1.0,14,B-COLD,1,0,0,1,7050,7050,503.57142857142856,29,14120,0,120,0,0,1,0,0.99,4,0,0,0,0,0,0,0,0,0,0,0,0,0,,0.14285714285714285,0.0
task_0150,family_27,template_27,0.5,1.0,14,B-RAG-EMBED,1,0,0,1,7250,7250,503.57142857142856,30,14270,150,120,0,0,1,0,0.99,4,0,0,0,0,0,0,0,0,0,0,0,0,0,,0.14285714285714285,0.0
task_0150,family_27,template_27,0.5,1.0,14,B-STAGEHAND-CACHE,1,0,0,1,7050,7050,503.57142857142856,29,14120,0,120,0,0,1,0,0.99,4,0,0,0,0,0,0,0,0,0,0,0,0,0,,0.14285714285714285,0.0
task_0150,family_27,template_27,0.5,1.0,14,B-TERX-REPLAY,1,0,0,1,7050,7050,503.57142857142856,29,14120,0,120,0,0,1,0,0.99,4,0,0,0,0,0,0,0,0,0,0,0,0,0,,0.14285714285714285,0.0
task_0150,family_27,template_27,0.5,1.0,14,P-SPIDER-MEA-BATCHED,1,0,0,1,1520,1520,86.42857142857143,18,2845,150,120,13,1,1,0,0.99,4,0,0,0,0,0,1,0,0,1,0,0,0,0,82e85559174360b1,0.14285714285714285,0.14285714285714285
task_0150,family_27,template_27,0.5,1.0,14,NC1-SHUFFLED,1,0,1,1,1739,1739,102.13227148375002,18,2845,150,120,13,0,0,0,0.44729442516552775,2,0,0,0,0,1,1,0,0,0,1,0,0,0,82e85559174360b1,0.0,0.0
task_0150,family_27,template_27,0.5,1.0,14,NC2-RANDOM,1,0,0,1,1870,1870,111.46810728684511,20,4515,150,30,11,0,0,0,0.7257949304864902,3,1,0,1,1,1,1,1,0,1,0,0,0,0,82e85559174360b1,0.0,0.0
task_0150,family_27,template_27,0.5,1.0,14,NC3-LENGTH,1,0,0,1,7050,7050,500.0,29,14120,0,120,0,0,1,0,0.55,2,0,0,0,0,0,0,0,0,0,0,0,0,0,,0.14285714285714285,0.0
task_0150,family_27,template_27,0.5,1.0,14,NC4-ABLATION,1,0,0,1,1520,1520,86.42857142857143,18,2845,150,120,13,1,1,0,0.9864,4,0,0,0,0,0,1,0,0,1,0,0,0,0,82e85559174360b1,0.14285714285714285,0.14285714285714285
task_0151,family_27,template_27,0.75,1.0,14,B-COLD,1,0,0,1,7050,7050,503.57142857142856,29,14120,0,120,0,0,1,0,0.99,4,0,0,0,0,0,0,0,0,0,0,0,0,0,,0.14285714285714285,0.0
task_0151,family_27,template_27,0.75,1.0,14,B-RAG-EMBED,1,0,0,1,7250,7250,503.57142857142856,30,14270,150,120,0,0,1,0,0.99,4,0,0,0,0,0,0,0,0,0,0,0,0,0,,0.14285714285714285,0.0
task_0151,family_27,template_27,0.75,1.0,14,B-STAGEHAND-CACHE,1,0,0,1,7050,7050,503.57142857142856,29,14120,0,120,0,0,1,0,0.99,4,0,0,0,0,0,0,0,0,0,0,0,0,0,,0.14285714285714285,0.0
task_0151,family_27,template_27,0.75,1.0,14,B-TERX-REPLAY,1,0,0,1,7050,7050,503.57142857142856,29,14120,0,120,0,0,1,0,0.99,4,0,0,0,0,0,0,0,0,0,0,0,0,0,,0.14285714285714285,0.0
task_0151,family_27,template_27,0.75,1.0,14,P-SPIDER-MEA-BATCHED,1,0,1,1,1520,1520,86.42857142857143,18,2845,150,120,13,0,0,0,0.0155,0,1,0,0,1,1,1,0,0,1,0,0,0,0,59c856717ba4b16e,0.14285714285714285,0.14285714285714285
task_0151,family_27,template_27,0.75,1.0,14,NC1-SHUFFLED,1,0,0,1,1838,1838,109.17567300093893,18,2845,150,120,13,0,0,0,0.7198399715086358,3,0,0,0,0,1,1,0,0,1,0,0,0,0,59c856717ba4b16e,0.0,0.0
task_0151,family_27,template_27,0.75,1.0,14,NC2-RANDOM,0,1,0,1,1929,1929,115.66738127807591,19,3725,150,120,12,0,0,0,0.8174639840764835,4,0,0,0,1,1,1,0,0,1,0,0,0,0,59c856717ba4b16e,0.0,0.0
task_0151,family_27,template_27,0.75,1.0,14,NC3-LENGTH,1,0,0,1,7050,7050,500.0,29,14120,0,120,0,0,1,0,0.55,2,0,0,0,0,0,0,0,0,0,0,0,0,0,,0.14285714285714285,0.0
task_0151,family_27,template_27,0.75,1.0,14,NC4-ABLATION,1,0,1,1,1480,1480,83.57142857142857,18,2755,150,30,13,0,0,0,0.01,0,1,1,1,1,1,1,0,0,1,0,0,0,0,59c856717ba4b16e,0.14285714285714285,0.14285714285714285
task_0152,family_28,template_28,0.0,0.0,8,B-COLD,1,0,0,1,4050,4050,506.25,17,8120,0,120,0,0,1,0,0.9607,4,0,0,0,0,0,0,0,0,0,0,0,0,0,,1.0,0.0
task_0152,family_28,template_28,0.0,0.0,8,B-RAG-EMBED,1,0,0,1,650,650,56.25,10,1230,150,120,8,1,1,0,0.9607,4,0,0,0,0,0,0,0,0,0,0,1,1,0,,1.0,0.0
task_0152,family_28,template_28,0.0,0.0,8,B-STAGEHAND-CACHE,1,0,0,1,450,450,56.25,9,1080,0,120,8,1,1,0,0.9607,4,0,0,0,0,0,0,0,0,0,0,1,1,0,,1.0,0.0
task_0152,family_28,template_28,0.0,0.0,8,B-TERX-REPLAY,1,0,0,1,450,450,56.25,9,1080,0,120,8,1,1,0,0.9607,4,0,0,0,0,0,0,0,0,0,0,1,1,0,,1.0,0.0
task_0152,family_28,template_28,0.0,0.0,8,P-SPIDER-MEA-BATCHED,1,0,0,1,780,780,58.75,12,1195,150,30,8,1,1,0,0.99,4,0,1,1,1,0,1,1,0,1,0,1,1,1,5d98ec23dae3b05e,1.0,1.0
task_0152,family_28,template_28,0.0,0.0,8,NC1-SHUFFLED,1,0,1,1,1073,1073,95.40307415353594,11,1245,150,120,7,0,0,0,0.41430039746504166,2,0,0,0,0,1,1,0,0,0,1,0,0,0,5d98ec23dae3b05e,0.2,0.0
task_0152,family_28,template_28,0.0,0.0,8,NC2-RANDOM,0,1,0,1,1188,1188,109.84735106766337,11,1155,150,30,7,0,0,0,0.7453736733023832,3,0,1,1,0,1,1,0,0,0,0,0,0,0,5d98ec23dae3b05e,0.2,0.0
task_0152,family_28,template_28,0.0,0.0,8,NC3-LENGTH,1,0,0,1,4050,4050,500.0,17,8120,0,120,0,0,1,0,0.55,2,0,0,0,0,0,0,0,0,0,0,0,0,0,,1.0,0.0
task_0152,family_28,template_28,0.0,0.0,8,NC4-ABLATION,1,0,0,1,910,910,75.0,12,1350,150,120,8,1,1,0,0.99,4,0,0,0,0,0,1,0,0,0,1,1,1,1,5d98ec23dae3b05e,1.0,1.0
task_0153,family_28,template_28,0.25,0.5,8,B-COLD,1,0,0,1,4050,4050,506.25,17,8120,0,120,0,0,1,0,0.976,4,0,0,0,0,0,0,0,0,0,0,0,0,0,,0.75,0.0
task_0153,family_28,template_28,0.25,0.5,8,B-RAG-EMBED,1,0,0,1,2450,2450,281.25,14,4750,150,120,4,1,1,0,0.976,4,0,0,0,0,0,0,0,0,0,0,1,1,0,,0.75,0.0
task_0153,family_28,template_28,0.25,0.5,8,B-STAGEHAND-CACHE,1,0,0,1,4050,4050,506.25,17,8120,0,120,0,0,1,0,0.976,4,0,0,0,0,0,0,0,0,0,0,1,0,0,,0.75,0.0
task_0153,family_28,template_28,0.25,0.5,8,B-TERX-REPLAY,1,0,0,1,4050,4050,506.25,17,8120,0,120,0,0,1,0,0.976,4,0,0,0,0,0,0,0,0,0,0,1,0,0,,0.75,0.0
task_0153,family_28,template_28,0.25,0.5,8,P-SPIDER-MEA-BATCHED,1,0,0,1,780,780,58.75,12,1195,150,30,8,1,1,0,0.9817,4,0,1,1,1,0,1,1,0,1,0,1,1,1,c17e661afbbe48ca,0.75,1.0
task_0153,family_28,template_28,0.25,0.5,8,NC1-SHUFFLED,1,0,1,1,1098,1098,98.61842946514588,12,2125,150,120,7,0,0,0,0.3642367187548077,1,0,0,0,1,1,1,0,0,1,0,0,0,0,c17e661afbbe48ca,0.2,0.0
task_0153,family_28,template_28,0.25,0.5,8,NC2-RANDOM,1,0,0,1,1234,1234,115.51345350153386,13,3005,150,120,6,0,0,0,0.4654763231904794,2,0,1,0,1,1,1,0,0,1,0,0,0,0,c17e661afbbe48ca,0.1,0.0
task_0153,family_28,template_28,0.25,0.5,8,NC3-LENGTH,1,0,0,1,4050,4050,500.0,17,8120,0,120,0,0,1,0,0.55,2,0,0,0,0,0,0,0,0,0,0,0,0,0,,0.75,0.0
task_0153,family_28,template_28,0.25,0.5,8,NC4-ABLATION,0,1,0,1,820,820,63.75,12,1285,150,120,8,1,1,0,0.9578,4,0,0,0,0,0,1,0,0,1,0,1,1,1,c17e661afbbe48ca,0.75,1.0
task_0154,family_28,template_28,0.5,0.5,8,B-COLD,1,0,0,1,4050,4050,506.25,17,8120,0,120,0,0,1,0,0.9881,4,0,0,0,0,0,0,0,0,0,0,0,0,0,,0.75,0.0
task_0154,family_28,template_28,0.5,0.5,8,B-RAG-EMBED,1,0,0,1,2450,2450,281.25,14,4750,150,120,4,1,1,0,0.9881,4,0,0,0,0,0,0,0,0,0,0,1,1,0,,0.75,0.0
task_0154,family_28,template_28,0.5,0.5,8,B-STAGEHAND-CACHE,1,0,0,1,4050,4050,506.25,17,8120,0,120,0,0,1,0,0.9881,4,0,0,0,0,0,0,0,0,0,0,1,0,0,,0.75,0.0
task_0154,family_28,template_28,0.5,0.5,8,B-TERX-REPLAY,1,0,0,1,4050,4050,506.25,17,8120,0,120,0,0,1,0,0.9881,4,0,0,0,0,0,0,0,0,0,0,1,0,0,,0.75,0.0
task_0154,family_28,template_28,0.5,0.5,8,P-SPIDER-MEA-BATCHED,1,0,0,1,780,780,58.75,12,1195,150,30,8,1,1,0,0.99,4,0,1,1,1,0,1,1,0,1,0,1,1,1,35e3d11fd90222fb,0.75,1.0
task_0154,family_28,template_28,0.5,0.5,8,NC1-SHUFFLED,1,0,1,1,1083,1083,96.65935241842956,12,2125,150,120,7,0,0,0,0.510035080978197,2,0,0,0,0,1,1,0,0,0,1,0,0,0,35e3d11fd90222fb,0.0,0.0
task_0154,family_28,template_28,0.5,0.5,8,NC2-RANDOM,1,0,0,1,1153,1153,105.48493061836015,12,2125,150,120,7,0,0,0,0.58870900670644,2,0,0,0,1,1,1,1,0,0,0,0,0,0,35e3d11fd90222fb,0.0,0.0
task_0154,family_28,template_28,0.5,0.5,8,NC3-LENGTH,1,0,0,1,4050,4050,500.0,17,8120,0,120,0,0,1,0,0.55,2,0,0,0,0,0,0,0,0,0,0,0,0,0,,0.75,0.0
task_0154,family_28,template_28,0.5,0.5,8,NC4-ABLATION,0,1,0,1,820,820,63.75,12,1285,150,120,8,1,1,0,0.99,4,0,0,0,0,0,1,0,0,1,0,1,1,1,35e3d11fd90222fb,0.75,1.0
task_0155,family_28,template_28,0.75,1.0,8,B-COLD,1,0,0,1,4050,4050,506.25,17,8120,0,120,0,0,1,0,0.99,4,0,0,0,0,0,0,0,0,0,0,0,0,0,,0.5,0.0
task_0155,family_28,template_28,0.75,1.0,8,B-RAG-EMBED,1,0,0,1,4250,4250,506.25,18,8270,150,120,0,0,1,0,0.99,4,0,0,0,0,0,0,0,0,0,0,1,0,0,,0.5,0.0
task_0155,family_28,template_28,0.75,1.0,8,B-STAGEHAND-CACHE,1,0,0,1,4050,4050,506.25,17,8120,0,120,0,0,1,0,0.99,4,0,0,0,0,0,0,0,0,0,0,1,0,0,,0.5,0.0
task_0155,family_28,template_28,0.75,1.0,8,B-TERX-REPLAY,1,0,0,1,4050,4050,506.25,17,8120,0,120,0,0,1,0,0.99,4,0,0,0,0,0,0,0,0,0,0,1,0,0,,0.5,0.0
task_0155,family_28,template_28,0.75,1.0,8,P-SPIDER-MEA-BATCHED,1,0,0,1,820,820,63.75,12,1285,150,120,8,1,1,0,0.9645,4,0,0,0,0,0,1,1,0,1,0,1,1,1,d5fa97ffa622b491,0.5,0.5
task_0155,family_28,template_28,0.75,1.0,8,NC1-SHUFFLED,1,0,1,1,1110,1110,100.03990750179312,12,2125,150,120,7,0,0,0,0.5402176606725737,2,0,0,0,0,1,1,0,0,0,1,0,0,0,d5fa97ffa622b491,0.0,0.0
task_0155,family_28,template_28,0.75,1.0,8,NC2-RANDOM,0,1,0,1,1025,1025,89.41317489163791,13,3005,150,120,6,0,0,0,0.7948972274334857,3,1,1,0,0,1,1,0,0,0,0,0,0,0,d5fa97ffa622b491,0.0,0.0
task_0155,family_28,template_28,0.75,1.0,8,NC3-LENGTH,1,0,0,1,4050,4050,500.0,17,8120,0,120,0,0,1,0,0.55,2,0,0,0,0,0,0,0,0,0,0,0,0,0,,0.5,0.0
task_0155,family_28,template_28,0.75,1.0,8,NC4-ABLATION,0,1,0,1,820,820,63.75,12,1285,150,120,8,0,0,0,0.01,0,1,0,0,0,0,1,0,0,1,0,1,0,0,d5fa97ffa622b491,0.5,0.5
task_0156,family_28,template_28,1.0,1.0,8,B-COLD,1,0,0,1,4050,4050,506.25,17,8120,0,120,0,0,1,0,0.99,4,0,0,0,0,0,0,0,0,0,0,0,0,0,,0.75,0.0
task_0156,family_28,template_28,1.0,1.0,8,B-RAG-EMBED,1,0,0,1,4250,4250,506.25,18,8270,150,120,0,0,1,0,0.99,4,0,0,0,0,0,0,0,0,0,0,1,0,0,,0.75,0.0
task_0156,family_28,template_28,1.0,1.0,8,B-STAGEHAND-CACHE,1,0,0,1,4050,4050,506.25,17,8120,0,120,0,0,1,0,0.99,4,0,0,0,0,0,0,0,0,0,0,1,0,0,,0.75,0.0
task_0156,family_28,template_28,1.0,1.0,8,B-TERX-REPLAY,1,0,0,1,4050,4050,506.25,17,8120,0,120,0,0,1,0,0.99,4,0,0,0,0,0,0,0,0,0,0,1,0,0,,0.75,0.0
task_0156,family_28,template_28,1.0,1.0,8,P-SPIDER-MEA-BATCHED,1,0,0,1,870,870,70.0,12,1260,150,30,8,1,1,0,0.99,4,0,1,1,1,0,1,1,0,0,1,1,1,1,b8c296f64a17003c,0.75,1.0
task_0156,family_28,template_28,1.0,1.0,8,NC1-SHUFFLED,1,0,1,1,952,952,80.3658535040632,12,2035,150,30,7,0,0,0,0.44361636374027036,2,0,1,1,1,1,1,0,0,1,0,0,0,0,b8c296f64a17003c,0.0,0.0
task_0156,family_28,template_28,1.0,1.0,8,NC2-RANDOM,0,0,0,1,1058,1058,93.60934943983654,13,3005,150,120,6,0,0,0,0.5096487744494163,2,0,0,1,0,1,1,1,0,1,0,0,0,0,b8c296f64a17003c,0.1,0.0
task_0156,family_28,template_28,1.0,1.0,8,NC3-LENGTH,1,0,0,1,4050,4050,500.0,17,8120,0,120,0,0,1,0,0.55,2,0,0,0,0,0,0,0,0,0,0,0,0,0,,0.75,0.0
task_0156,family_28,template_28,1.0,1.0,8,NC4-ABLATION,1,0,1,1,820,820,63.75,12,1285,150,120,8,0,0,0,0.01,0,1,0,0,0,1,1,0,0,1,0,1,0,0,b8c296f64a17003c,0.75,1.0
task_0157,family_29,template_29,0.0,0.0,9,B-COLD,1,0,0,1,4550,4550,505.55555555555554,19,9120,0,120,0,0,1,0,0.9542,4,0,0,0,0,0,0,0,0,0,0,0,0,0,,1.0,0.0
task_0157,family_29,template_29,0.0,0.0,9,B-RAG-EMBED,1,0,0,1,700,700,55.55555555555556,11,1350,150,120,9,1,1,0,0.9542,4,0,0,0,0,0,0,0,0,0,0,1,1,0,,1.0,0.0
task_0157,family_29,template_29,0.0,0.0,9,B-STAGEHAND-CACHE,1,0,0,1,500,500,55.55555555555556,10,1200,0,120,9,1,1,0,0.9542,4,0,0,0,0,0,0,0,0,0,0,1,1,0,,1.0,0.0
task_0157,family_29,template_29,0.0,0.0,9,B-TERX-REPLAY,1,0,0,1,500,500,55.55555555555556,10,1200,0,120,9,1,1,0,0.9542,4,0,0,0,0,0,0,0,0,0,0,1,1,0,,1.0,0.0
task_0157,family_29,template_29,0.0,0.0,9,P-SPIDER-MEA-BATCHED,1,0,0,1,830,830,57.77777777777778,13,1315,150,30,9,1,1,0,0.99,4,0,1,1,1,0,1,1,0,1,0,1,1,1,b070fc0c926bb727,1.0,1.0
task_0157,family_29,template_29,0.0,0.0,9,NC1-SHUFFLED,1,0,0,1,1279,1279,107.7184427164198,12,1340,150,30,7,0,0,0,0.7885565274167503,3,0,1,1,1,1,1,0,0,1,0,0,0,0,b070fc0c926bb727,0.1,0.0
task_0157,family_29,template_29,0.0,0.0,9,NC2-RANDOM,0,1,0,1,1373,1373,118.17994415384848,12,1275,150,30,7,0,0,0,0.7761584615673012,3,0,1,0,0,1,1,0,0,0,0,0,0,0,b070fc0c926bb727,0.2,0.0
task_0157,family_29,template_29,0.0,0.0,9,NC3-LENGTH,1,0,0,1,4550,4550,500.0,19,9120,0,120,0,0,1,0,0.55,2,0,0,0,0,0,0,0,0,0,0,0,0,0,,1.0,0.0
task_0157,family_29,template_29,0.0,0.0,9,NC4-ABLATION,0,1,0,1,830,830,57.77777777777778,13,1315,150,30,9,1,1,0,0.99,4,0,1,1,1,0,1,0,0,1,0,1,1,1,b070fc0c926bb727,1.0,1.0
task_0158,family_29,template_29,0.5,0.5,9,B-COLD,1,0,0,1,4550,4550,505.55555555555554,19,9120,0,120,0,0,1,0,0.9823,4,0,0,0,0,0,0,0,0,0,0,0,0,0,,0.5714285714285714,0.0
task_0158,family_29,template_29,0.5,0.5,9,B-RAG-EMBED,1,0,0,1,2500,2500,255.55555555555554,15,4870,150,120,5,1,1,0,0.9823,4,0,0,0,0,0,0,0,0,0,0,1,1,0,,0.5714285714285714,0.0
task_0158,family_29,template_29,0.5,0.5,9,B-STAGEHAND-CACHE,1,0,0,1,4550,4550,505.55555555555554,19,9120,0,120,0,0,1,0,0.9823,4,0,0,0,0,0,0,0,0,0,0,1,0,0,,0.5714285714285714,0.0
task_0158,family_29,template_29,0.5,0.5,9,B-TERX-REPLAY,1,0,0,1,4550,4550,505.55555555555554,19,9120,0,120,0,0,1,0,0.9823,4,0,0,0,0,0,0,0,0,0,0,1,0,0,,0.5714285714285714,0.0
task_0158,family_29,template_29,0.5,0.5,9,P-SPIDER-MEA-BATCHED,1,0,0,1,830,830,57.77777777777778,13,1315,150,30,9,1,1,0,0.9517,4,0,1,1,1,0,1,1,0,1,0,1,1,1,7008a6acd976b00d,0.5714285714285714,1.0
task_0158,family_29,template_29,0.5,0.5,9,NC1-SHUFFLED,1,0,1,1,1201,1201,99.06765220149461,14,3125,150,120,7,0,0,0,0.5462616517030346,2,0,0,0,0,1,1,0,0,0,1,0,0,0,7008a6acd976b00d,0.0,0.0
task_0158,family_29,template_29,0.5,0.5,9,NC2-RANDOM,0,0,0,1,1258,1258,105.39315497656978,14,3035,150,30,7,0,0,0,0.5441450990780806,2,0,0,0,1,1,1,0,0,1,0,0,0,0,7008a6acd976b00d,0.1,0.0
task_0158,family_29,template_29,0.5,0.5,9,NC3-LENGTH,1,0,0,1,4550,4550,500.0,19,9120,0,120,0,0,1,0,0.55,2,0,0,0,0,0,0,0,0,0,0,0,0,0,,0.5714285714285714,0.0
task_0158,family_29,template_29,0.5,0.5,9,NC4-ABLATION,1,0,0,1,870,870,62.22222222222222,13,1405,150,120,9,1,1,0,0.9813,4,0,0,0,0,0,1,0,0,1,0,1,1,1,7008a6acd976b00d,0.5714285714285714,1.0
task_0159,family_29,template_29,0.75,1.0,9,B-COLD,1,0,0,1,4550,4550,505.55555555555554,19,9120,0,120,0,0,1,0,0.99,4,0,0,0,0,0,0,0,0,0,0,0,0,0,,0.14285714285714285,0.0
task_0159,family_29,template_29,0.75,1.0,9,B-RAG-EMBED,1,0,0,1,4750,4750,505.55555555555554,20,9270,150,120,0,0,1,0,0.99,4,0,0,0,0,0,0,0,0,0,0,0,0,0,,0.14285714285714285,0.0
task_0159,family_29,template_29,0.75,1.0,9,B-STAGEHAND-CACHE,1,0,0,1,4550,4550,505.55555555555554,19,9120,0,120,0,0,1,0,0.99,4,0,0,0,0,0,0,0,0,0,0,0,0,0,,0.14285714285714285,0.0
task_0159,family_29,template_29,0.75,1.0,9,B-TERX-REPLAY,1,0,0,1,4550,4550,505.55555555555554,19,9120,0,120,0,0,1,0,0.99,4,0,0,0,0,0,0,0,0,0,0,0,0,0,,0.14285714285714285,0.0
task_0159,family_29,template_29,0.75,1.0,9,P-SPIDER-MEA-BATCHED,1,0,0,1,1810,1810,166.66666666666666,14,3190,150,120,7,1,1,0,0.9524,4,0,0,0,1,0,1,0,0,0,1,0,0,0,b56417df57af6e76,0.14285714285714285,0.14285714285714285
task_0159,family_29,template_29,0.75,1.0,9,NC1-SHUFFLED,1,0,1,1,1255,1255,105.07056804813668,14,3125,150,120,7,0,0,0,0.5064164777432332,2,0,0,0,0,1,1,0,0,1,0,0,0,0,b56417df57af6e76,0.0,0.0
task_0159,family_29,template_29,0.75,1.0,9,NC2-RANDOM,1,0,0,1,1372,1372,118.02383095412549,14,3035,150,30,7,0,0,0,0.4943238462125213,2,1,1,0,1,1,1,0,0,0,0,0,0,0,b56417df57af6e76,0.0,0.0
task_0159,family_29,template_29,0.75,1.0,9,NC3-LENGTH,1,0,0,1,4550,4550,500.0,19,9120,0,120,0,0,1,0,0.55,2,0,0,0,0,0,0,0,0,0,0,0,0,0,,0.14285714285714285,0.0
task_0159,family_29,template_29,0.75,1.0,9,NC4-ABLATION,0,1,0,1,1720,1720,156.66666666666666,14,3125,150,120,7,1,1,0,0.9551,4,0,0,0,0,0,1,0,0,1,0,0,0,0,b56417df57af6e76,0.14285714285714285,0.14285714285714285
task_0160,family_29,template_29,1.0,1.0,9,B-COLD,1,0,0,1,4550,4550,505.55555555555554,19,9120,0,120,0,0,1,0,0.9798,4,0,0,0,0,0,0,0,0,0,0,0,0,0,,0.14285714285714285,0.0
task_0160,family_29,template_29,1.0,1.0,9,B-RAG-EMBED,1,0,0,1,4750,4750,505.55555555555554,20,9270,150,120,0,0,1,0,0.9798,4,0,0,0,0,0,0,0,0,0,0,0,0,0,,0.14285714285714285,0.0
task_0160,family_29,template_29,1.0,1.0,9,B-STAGEHAND-CACHE,1,0,0,1,4550,4550,505.55555555555554,19,9120,0,120,0,0,1,0,0.9798,4,0,0,0,0,0,0,0,0,0,0,0,0,0,,0.14285714285714285,0.0
task_0160,family_29,template_29,1.0,1.0,9,B-TERX-REPLAY,1,0,0,1,4550,4550,505.55555555555554,19,9120,0,120,0,0,1,0,0.9798,4,0,0,0,0,0,0,0,0,0,0,0,0,0,,0.14285714285714285,0.0
task_0160,family_29,template_29,1.0,1.0,9,P-SPIDER-MEA-BATCHED,1,0,0,1,1720,1720,156.66666666666666,14,3125,150,120,7,1,1,0,0.99,4,0,0,0,0,0,1,0,0,1,0,0,0,0,d3a82d09e401afe9,0.14285714285714285,0.14285714285714285
task_0160,family_29,template_29,1.0,1.0,9,NC1-SHUFFLED,1,0,1,1,1110,1110,88.91184214015162,14,3125,150,120,7,0,0,0,0.5025065256470379,2,0,0,0,0,1,1,0,0,0,1,0,0,0,d3a82d09e401afe9,0.0,0.0
task_0160,family_29,template_29,1.0,1.0,9,NC2-RANDOM,1,0,0,1,1310,1310,111.18508329235945,15,3915,150,30,6,0,0,0,0.6402803716451202,3,1,1,1,1,1,1,0,0,0,0,0,0,0,d3a82d09e401afe9,0.0,0.0
task_0160,family_29,template_29,1.0,1.0,9,NC3-LENGTH,1,0,0,1,4550,4550,500.0,19,9120,0,120,0,0,1,0,0.55,2,0,0,0,0,0,0,0,0,0,0,0,0,0,,0.14285714285714285,0.0
task_0160,family_29,template_29,1.0,1.0,9,NC4-ABLATION,0,1,0,1,1680,1680,152.22222222222223,14,3035,150,30,7,1,1,0,0.9779,4,0,1,1,1,0,1,0,0,1,0,0,0,0,d3a82d09e401afe9,0.14285714285714285,0.14285714285714285
task_0161,family_29,template_29,0.25,0.5,9,B-COLD,1,0,0,1,4550,4550,505.55555555555554,19,9120,0,120,0,0,1,0,0.99,4,0,0,0,0,0,0,0,0,0,0,0,0,0,,0.5714285714285714,0.0
task_0161,family_29,template_29,0.25,0.5,9,B-RAG-EMBED,1,0,0,1,2500,2500,255.55555555555554,15,4870,150,120,5,1,1,0,0.99,4,0,0,0,0,0,0,0,0,0,0,1,1,0,,0.5714285714285714,0.0
task_0161,family_29,template_29,0.25,0.5,9,B-STAGEHAND-CACHE,1,0,0,1,4550,4550,505.55555555555554,19,9120,0,120,0,0,1,0,0.99,4,0,0,0,0,0,0,0,0,0,0,1,0,0,,0.5714285714285714,0.0
task_0161,family_29,template_29,0.25,0.5,9,B-TERX-REPLAY,1,0,0,1,4550,4550,505.55555555555554,19,9120,0,120,0,0,1,0,0.99,4,0,0,0,0,0,0,0,0,0,0,1,0,0,,0.5714285714285714,0.0
task_0161,family_29,template_29,0.25,0.5,9,P-SPIDER-MEA-BATCHED,1,0,0,1,870,870,62.22222222222222,13,1405,150,120,9,1,1,0,0.99,4,0,0,0,0,0,1,1,0,1,0,1,1,1,6a50fb791705f61c,0.5714285714285714,1.0
task_0161,family_29,template_29,0.25,0.5,9,NC1-SHUFFLED,1,0,1,1,1060,1060,83.4115553559385,14,3035,150,30,7,0,0,0,0.4012704650161012,2,0,1,1,1,1,1,0,0,1,0,0,0,0,6a50fb791705f61c,0.1,0.0
task_0161,family_29,template_29,0.25,0.5,9,NC2-RANDOM,0,0,0,1,1199,1199,98.8570156211417,15,3915,150,30,6,0,0,0,0.7399564774381528,3,0,0,0,1,1,1,0,0,0,0,0,0,0,6a50fb791705f61c,0.06666666666666667,0.0
task_0161,family_29,template_29,0.25,0.5,9,NC3-LENGTH,1,0,0,1,4550,4550,500.0,19,9120,0,120,0,0,1,0,0.55,2,0,0,0,0,0,0,0,0,0,0,0,0,0,,0.5714285714285714,0.0
task_0161,family_29,template_29,0.25,0.5,9,NC4-ABLATION,0,1,0,1,870,870,62.22222222222222,13,1405,150,120,9,1,1,0,0.99,4,0,0,0,0,0,1,0,0,1,0,1,1,1,6a50fb791705f61c,0.5714285714285714,1.0
task_0162,family_30,template_30,0.0,0.0,10,B-COLD,1,0,0,1,5050,5050,505.0,21,10120,0,120,0,0,1,0,0.99,4,0,0,0,0,0,0,0,0,0,0,0,0,0,,1.0,0.0
task_0162,family_30,template_30,0.0,0.0,10,B-RAG-EMBED,1,0,0,1,750,750,55.0,12,1470,150,120,10,1,1,0,0.99,4,0,0,0,0,0,0,0,0,0,0,1,1,0,,1.0,0.0
task_0162,family_30,template_30,0.0,0.0,10,B-STAGEHAND-CACHE,1,0,0,1,550,550,55.0,11,1320,0,120,10,1,1,0,0.99,4,0,0,0,0,0,0,0,0,0,0,1,1,0,,1.0,0.0
task_0162,family_30,template_30,0.0,0.0,10,B-TERX-REPLAY,1,0,0,1,550,550,55.0,11,1320,0,120,10,1,1,0,0.99,4,0,0,0,0,0,0,0,0,0,0,1,1,0,,1.0,0.0
task_0162,family_30,template_30,0.0,0.0,10,P-SPIDER-MEA-BATCHED,1,0,0,1,920,920,61.0,14,1525,150,120,10,1,1,0,0.99,4,0,0,0,0,0,1,1,0,1,0,1,1,1,ba85934782418cea,1.0,1.0
task_0162,family_30,template_30,0.0,0.0,10,NC1-SHUFFLED,1,0,1,1,1176,1176,86.60604378184712,13,1395,150,30,8,0,0,0,0.5262923971329969,2,0,1,1,1,1,1,0,0,0,1,0,0,0,ba85934782418cea,0.2,0.0
task_0162,family_30,template_30,0.0,0.0,10,NC2-RANDOM,0,0,0,1,1269,1269,95.92744026763765,13,1395,150,30,8,0,0,0,0.4941130478228598,2,0,1,0,1,1,1,0,0,1,0,0,0,0,ba85934782418cea,0.25,0.0
task_0162,family_30,template_30,0.0,0.0,10,NC3-LENGTH,1,0,0,1,5050,5050,500.0,21,10120,0,120,0,0,1,0,0.55,2,0,0,0,0,0,0,0,0,0,0,0,0,0,,1.0,0.0
task_0162,family_30,template_30,0.0,0.0,10,NC4-ABLATION,0,1,0,1,920,920,61.0,14,1525,150,120,10,1,1,0,0.99,4,0,0,0,0,0,1,0,0,1,0,1,1,1,ba85934782418cea,1.0,1.0
task_0163,family_30,template_30,0.75,0.6667,10,B-COLD,1,0,0,1,5050,5050,505.0,21,10120,0,120,0,0,1,0,0.99,4,0,0,0,0,0,0,0,0,0,0,0,0,0,,0.6666666666666666,0.0
task_0163,family_30,template_30,0.75,0.6667,10,B-RAG-EMBED,1,0,0,1,3900,3900,370.0,19,7630,150,120,3,1,1,0,0.99,4,0,0,0,0,0,0,0,0,0,0,1,1,0,,0.6666666666666666,0.0
task_0163,family_30,template_30,0.75,0.6667,10,B-STAGEHAND-CACHE,1,0,0,1,5050,5050,505.0,21,10120,0,120,0,0,1,0,0.99,4,0,0,0,0,0,0,0,0,0,0,1,0,0,,0.6666666666666666,0.0
task_0163,family_30,template_30,0.75,0.6667,10,B-TERX-REPLAY,1,0,0,1,5050,5050,505.0,21,10120,0,120,0,0,1,0,0.99,4,0,0,0,0,0,0,0,0,0,0,1,0,0,,0.6666666666666666,0.0
task_0163,family_30,template_30,0.75,0.6667,10,P-SPIDER-MEA-BATCHED,1,0,0,1,920,920,61.0,14,1525,150,120,10,1,1,0,0.99,4,0,0,0,1,0,1,1,0,1,0,1,1,1,1cfa3f1e96eb6a67,0.6666666666666666,1.0
task_0163,family_30,template_30,0.75,0.6667,10,NC1-SHUFFLED,1,0,1,1,1126,1126,81.6563980551865,15,3220,150,30,8,0,0,0,0.37922665338967,1,0,1,1,1,1,1,0,0,0,1,0,0,0,1cfa3f1e96eb6a67,0.1,0.0
task_0163,family_30,template_30,0.75,0.6667,10,NC2-RANDOM,0,1,0,1,1245,1245,93.50576427542693,15,3245,150,120,8,0,0,0,0.7818749536838945,3,0,1,1,1,1,1,0,0,1,0,0,0,0,1cfa3f1e96eb6a67,0.1,0.0
task_0163,family_30,template_30,0.75,0.6667,10,NC3-LENGTH,1,0,0,1,5050,5050,500.0,21,10120,0,120,0,0,1,0,0.55,2,0,0,0,0,0,0,0,0,0,0,0,0,0,,0.6666666666666666,0.0
task_0163,family_30,template_30,0.75,0.6667,10,NC4-ABLATION,1,0,0,1,920,920,61.0,14,1525,150,120,10,1,1,0,0.99,4,0,0,0,1,0,1,0,0,1,0,1,1,1,1cfa3f1e96eb6a67,0.6666666666666666,1.0
task_0164,family_30,template_30,1.0,1.0,10,B-COLD,1,0,0,1,5050,5050,505.0,21,10120,0,120,0,0,1,0,0.99,4,0,0,0,0,0,0,0,0,0,0,0,0,0,,0.5,0.0
task_0164,family_30,template_30,1.0,1.0,10,B-RAG-EMBED,1,0,0,1,5250,5250,505.0,22,10270,150,120,0,0,1,0,0.99,4,0,0,0,0,0,0,0,0,0,0,1,0,0,,0.5,0.0
task_0164,family_30,template_30,1.0,1.0,10,B-STAGEHAND-CACHE,1,0,0,1,5050,5050,505.0,21,10120,0,120,0,0,1,0,0.99,4,0,0,0,0,0,0,0,0,0,0,1,0,0,,0.5,0.0
task_0164,family_30,template_30,1.0,1.0,10,B-TERX-REPLAY,1,0,0,1,5050,5050,505.0,21,10120,0,120,0,0,1,0,0.99,4,0,0,0,0,0,0,0,0,0,0,1,0,0,,0.5,0.0
task_0164,family_30,template_30,1.0,1.0,10,P-SPIDER-MEA-BATCHED,1,0,0,1,880,880,57.0,14,1435,150,30,10,1,1,0,0.99,4,0,1,1,1,0,1,1,0,1,0,1,1,1,a44044149335d8ca,0.5,0.5
task_0164,family_30,template_30,1.0,1.0,10,NC1-SHUFFLED,1,0,1,1,1182,1182,87.2351893954526,15,3155,150,30,8,0,0,0,0.3634536913094512,1,0,1,1,1,1,1,0,0,0,1,0,0,0,a44044149335d8ca,0.0,0.0
task_0164,family_30,template_30,1.0,1.0,10,NC2-RANDOM,1,0,0,1,1188,1188,87.88373025165839,15,3155,150,30,8,0,0,0,0.7266123934199985,3,0,1,0,0,1,1,1,0,0,0,0,0,0,a44044149335d8ca,0.0,0.0
task_0164,family_30,template_30,1.0,1.0,10,NC3-LENGTH,1,0,0,1,5050,5050,500.0,21,10120,0,120,0,0,1,0,0.55,2,0,0,0,0,0,0,0,0,0,0,0,0,0,,0.5,0.0
task_0164,family_30,template_30,1.0,1.0,10,NC4-ABLATION,1,0,0,1,920,920,61.0,14,1525,150,120,10,1,1,0,0.99,4,0,0,0,0,0,1,0,0,1,0,1,1,1,a44044149335d8ca,0.5,0.5
task_0165,family_30,template_30,0.25,0.3333,10,B-COLD,1,0,0,1,5050,5050,505.0,21,10120,0,120,0,0,1,0,0.9796,4,0,0,0,0,0,0,0,0,0,0,0,0,0,,0.8333333333333334,0.0
task_0165,family_30,template_30,0.25,0.3333,10,B-RAG-EMBED,1,0,0,1,2100,2100,190.0,15,4110,150,120,7,1,1,0,0.9796,4,0,0,0,0,0,0,0,0,0,0,1,1,0,,0.8333333333333334,0.0
task_0165,family_30,template_30,0.25,0.3333,10,B-STAGEHAND-CACHE,1,0,0,1,5050,5050,505.0,21,10120,0,120,0,0,1,0,0.9796,4,0,0,0,0,0,0,0,0,0,0,1,0,0,,0.8333333333333334,0.0
task_0165,family_30,template_30,0.25,0.3333,10,B-TERX-REPLAY,1,0,0,1,5050,5050,505.0,21,10120,0,120,0,0,1,0,0.9796,4,0,0,0,0,0,0,0,0,0,0,1,0,0,,0.8333333333333334,0.0
task_0165,family_30,template_30,0.25,0.3333,10,P-SPIDER-MEA-BATCHED,1,0,1,1,920,920,61.0,14,1525,150,120,10,0,0,0,0.01,0,1,0,0,1,1,1,1,0,1,0,1,0,0,b63963785485050b,0.8333333333333334,1.0
task_0165,family_30,template_30,0.25,0.3333,10,NC1-SHUFFLED,1,0,1,1,1292,1292,98.203907471046,15,3245,150,120,8,0,0,0,0.48645296018527007,2,0,0,0,1,1,1,0,0,0,1,0,0,0,b63963785485050b,0.1,0.0
task_0165,family_30,template_30,0.25,0.3333,10,NC2-RANDOM,0,1,0,1,1456,1456,114.69395639375554,14,2365,150,120,9,0,0,0,0.6600988229183996,3,0,0,1,1,1,1,0,0,0,0,0,0,0,b63963785485050b,0.0,0.0
task_0165,family_30,template_30,0.25,0.3333,10,NC3-LENGTH,1,0,0,1,5050,5050,500.0,21,10120,0,120,0,0,1,0,0.55,2,0,0,0,0,0,0,0,0,0,0,0,0,0,,0.8333333333333334,0.0
task_0165,family_30,template_30,0.25,0.3333,10,NC4-ABLATION,1,0,0,1,880,880,57.0,14,1435,150,30,10,1,1,0,0.9794,4,0,1,1,1,0,1,0,0,1,0,1,1,1,b63963785485050b,0.8333333333333334,1.0
task_0166,family_30,template_30,0.5,0.6667,10,B-COLD,1,0,0,1,5050,5050,505.0,21,10120,0,120,0,0,1,0,0.99,4,0,0,0,0,0,0,0,0,0,0,0,0,0,,1.0,0.0
task_0166,family_30,template_30,0.5,0.6667,10,B-RAG-EMBED,1,0,0,1,3900,3900,370.0,19,7630,150,120,3,1,1,0,0.99,4,0,0,0,0,0,0,0,0,0,0,1,1,0,,1.0,0.0
task_0166,family_30,template_30,0.5,0.6667,10,B-STAGEHAND-CACHE,1,0,0,1,5050,5050,505.0,21,10120,0,120,0,0,1,0,0.99,4,0,0,0,0,0,0,0,0,0,0,1,0,0,,1.0,0.0
task_0166,family_30,template_30,0.5,0.6667,10,B-TERX-REPLAY,1,0,0,1,5050,5050,505.0,21,10120,0,120,0,0,1,0,0.99,4,0,0,0,0,0,0,0,0,0,0,1,0,0,,1.0,0.0
task_0166,family_30,template_30,0.5,0.6667,10,P-SPIDER-MEA-BATCHED,1,0,0,1,880,880,57.0,14,1435,150,30,10,1,1,0,0.99,4,0,1,1,1,0,1,1,0,1,0,1,1,1,4e8dc98393659dc7,1.0,1.0
task_0166,family_30,template_30,0.5,0.6667,10,NC1-SHUFFLED,1,0,1,1,1161,1161,85.12394864738823,15,3155,150,30,8,0,0,0,0.4786111615958243,2,0,1,1,1,1,1,0,0,1,0,0,0,0,4e8dc98393659dc7,0.2,0.0
task_0166,family_30,template_30,0.5,0.6667,10,NC2-RANDOM,0,1,0,1,1463,1463,115.38611809581789,14,2365,150,120,9,0,0,0,0.700266169927019,3,0,1,0,1,1,1,0,0,1,0,0,0,0,4e8dc98393659dc7,0.2,0.0
task_0166,family_30,template_30,0.5,0.6667,10,NC3-LENGTH,1,0,0,1,5050,5050,500.0,21,10120,0,120,0,0,1,0,0.55,2,0,0,0,0,0,0,0,0,0,0,0,0,0,,1.0,0.0
task_0166,family_30,template_30,0.5,0.6667,10,NC4-ABLATION,0,1,0,1,920,920,61.0,14,1525,150,120,10,1,1,0,0.9776,4,0,0,0,0,0,1,0,0,1,0,1,1,1,4e8dc98393659dc7,1.0,1.0
task_0167,family_31,template_31,0.0,0.0,11,B-COLD,1,0,0,1,5550,5550,504.54545454545456,23,11120,0,120,0,0,1,0,0.99,4,0,0,0,0,0,0,0,0,0,0,0,0,0,,1.0,0.0
task_0167,family_31,template_31,0.0,0.0,11,B-RAG-EMBED,1,0,0,1,800,800,54.54545454545455,13,1590,150,120,11,1,1,0,0.99,4,0,0,0,0,0,0,0,0,0,0,1,1,0,,1.0,0.0
task_0167,family_31,template_31,0.0,0.0,11,B-STAGEHAND-CACHE,1,0,0,1,600,600,54.54545454545455,12,1440,0,120,11,1,1,0,0.99,4,0,0,0,0,0,0,0,0,0,0,1,1,0,,1.0,0.0
task_0167,family_31,template_31,0.0,0.0,11,B-TERX-REPLAY,1,0,0,1,600,600,54.54545454545455,12,1440,0,120,11,1,1,0,0.99,4,0,0,0,0,0,0,0,0,0,0,1,1,0,,1.0,0.0
task_0167,family_31,template_31,0.0,0.0,11,P-SPIDER-MEA-BATCHED,1,0,0,1,1060,1060,68.18181818181819,15,1710,150,120,11,1,1,0,0.99,4,0,0,0,0,0,1,1,0,0,1,1,1,1,17a94304ce72884f,1.0,1.0
task_0167,family_31,template_31,0.0,0.0,11,NC1-SHUFFLED,1,0,1,1,1465,1465,105.07491564570611,14,1515,150,30,9,0,0,0,0.4873222988192022,2,0,1,1,1,1,1,0,0,1,0,0,0,0,17a94304ce72884f,0.1,0.0
task_0167,family_31,template_31,0.0,0.0,11,NC2-RANDOM,0,1,0,1,1320,1320,91.8261954798536,14,1515,150,30,8,0,0,0,0.6228950591539648,3,0,1,0,0,1,1,0,0,0,0,0,0,0,17a94304ce72884f,0.06666666666666667,0.0
task_0167,family_31,template_31,0.0,0.0,11,NC3-LENGTH,1,0,0,1,5550,5550,500.0,23,11120,0,120,0,0,1,0,0.55,2,0,0,0,0,0,0,0,0,0,0,0,0,0,,1.0,0.0
task_0167,family_31,template_31,0.0,0.0,11,NC4-ABLATION,1,0,0,1,1020,1020,64.54545454545455,15,1620,150,30,11,1,1,0,0.9856,4,0,1,1,1,0,1,0,0,0,1,1,1,1,17a94304ce72884f,1.0,1.0
task_0168,family_31,template_31,1.0,1.0,11,B-COLD,1,0,0,1,5550,5550,504.54545454545456,23,11120,0,120,0,0,1,0,0.99,4,0,0,0,0,0,0,0,0,0,0,0,0,0,,0.14285714285714285,0.0
task_0168,family_31,template_31,1.0,1.0,11,B-RAG-EMBED,1,0,0,1,5750,5750,504.54545454545456,24,11270,150,120,0,0,1,0,0.99,4,0,0,0,0,0,0,0,0,0,0,0,0,0,,0.14285714285714285,0.0
task_0168,family_31,template_31,1.0,1.0,11,B-STAGEHAND-CACHE,1,0,0,1,5550,5550,504.54545454545456,23,11120,0,120,0,0,1,0,0.99,4,0,0,0,0,0,0,0,0,0,0,0,0,0,,0.14285714285714285,0.0
task_0168,family_31,template_31,1.0,1.0,11,B-TERX-REPLAY,1,0,0,1,5550,5550,504.54545454545456,23,11120,0,120,0,0,1,0,0.99,4,0,0,0,0,0,0,0,0,0,0,0,0,0,,0.14285714285714285,0.0
task_0168,family_31,template_31,1.0,1.0,11,P-SPIDER-MEA-BATCHED,1,0,0,1,1330,1330,92.72727272727273,15,2395,150,30,10,1,1,0,0.99,4,0,1,1,1,0,1,0,0,1,0,0,0,0,c3e733ded8023fbd,0.14285714285714285,0.14285714285714285
task_0168,family_31,template_31,1.0,1.0,11,NC1-SHUFFLED,1,0,1,1,1269,1269,87.20316149985958,16,3365,150,120,9,0,0,0,0.498498347185077,2,0,0,0,0,1,1,0,0,0,1,0,0,0,c3e733ded8023fbd,0.0,0.0
task_0168,family_31,template_31,1.0,1.0,11,NC2-RANDOM,0,0,0,1,1564,1564,114.09051056095495,16,3275,150,30,9,0,0,0,0.6570304121526985,3,0,0,0,1,1,1,0,0,0,0,0,0,0,c3e733ded8023fbd,0.0,0.0
task_0168,family_31,template_31,1.0,1.0,11,NC3-LENGTH,1,0,0,1,5550,5550,500.0,23,11120,0,120,0,0,1,0,0.55,2,0,0,0,0,0,0,0,0,0,0,0,0,0,,0.14285714285714285,0.0
task_0168,family_31,template_31,1.0,1.0,11,NC4-ABLATION,1,0,1,1,1370,1370,96.36363636363636,15,2485,150,120,10,0,0,0,0.01,0,1,0,0,0,1,1,0,0,1,0,0,0,0,c3e733ded8023fbd,0.14285714285714285,0.14285714285714285
task_0169,family_31,template_31,0.25,0.0,11,B-COLD,1,0,0,1,5550,5550,504.54545454545456,23,11120,0,120,0,0,1,0,0.99,4,0,0,0,0,0,0,0,0,0,0,0,0,0,,1.0,0.0
task_0169,family_31,template_31,0.25,0.0,11,B-RAG-EMBED,1,0,0,1,800,800,54.54545454545455,13,1590,150,120,11,1,1,0,0.99,4,0,0,0,0,0,0,0,0,0,0,1,1,0,,1.0,0.0
task_0169,family_31,template_31,0.25,0.0,11,B-STAGEHAND-CACHE,1,0,0,1,5550,5550,504.54545454545456,23,11120,0,120,0,0,1,0,0.99,4,0,0,0,0,0,0,0,0,0,0,1,0,0,,1.0,0.0
task_0169,family_31,template_31,0.25,0.0,11,B-TERX-REPLAY,1,0,0,1,5550,5550,504.54545454545456,23,11120,0,120,0,0,1,0,0.99,4,0,0,0,0,0,0,0,0,0,0,1,0,0,,1.0,0.0
task_0169,family_31,template_31,0.25,0.0,11,P-SPIDER-MEA-BATCHED,1,0,0,1,930,930,56.36363636363637,15,1555,150,30,11,1,1,0,0.956,4,0,1,1,1,0,1,1,0,1,0,1,1,1,c475db149d4be016,1.0,1.0
task_0169,family_31,template_31,0.25,0.0,11,NC1-SHUFFLED,1,0,1,1,1263,1263,86.66694201872636,14,1605,150,120,9,0,0,0,0.3527010342979814,1,0,0,0,0,1,1,0,0,1,0,0,0,0,c475db149d4be016,0.1,0.0
task_0169,family_31,template_31,0.25,0.0,11,NC2-RANDOM,0,1,0,1,1552,1552,112.97256343840698,14,1515,150,30,8,0,0,0,0.6660887163210116,3,0,1,0,1,1,1,1,0,0,0,0,0,0,c475db149d4be016,0.06666666666666667,0.0
task_0169,family_31,template_31,0.25,0.0,11,NC3-LENGTH,1,0,0,1,5550,5550,500.0,23,11120,0,120,0,0,1,0,0.55,2,0,0,0,0,0,0,0,0,0,0,0,0,0,,1.0,0.0
task_0169,family_31,template_31,0.25,0.0,11,NC4-ABLATION,1,0,0,1,970,970,60.0,15,1645,150,120,11,1,1,0,0.9873,4,0,0,0,0,0,1,0,0,1,0,1,1,1,c475db149d4be016,1.0,1.0
task_0170,family_31,template_31,0.5,1.0,11,B-COLD,1,0,0,1,5550,5550,504.54545454545456,23,11120,0,120,0,0,1,0,0.99,4,0,0,0,0,0,0,0,0,0,0,0,0,0,,0.14285714285714285,0.0
task_0170,family_31,template_31,0.5,1.0,11,B-RAG-EMBED,1,0,0,1,5750,5750,504.54545454545456,24,11270,150,120,0,0,1,0,0.99,4,0,0,0,0,0,0,0,0,0,0,0,0,0,,0.14285714285714285,0.0
task_0170,family_31,template_31,0.5,1.0,11,B-STAGEHAND-CACHE,1,0,0,1,5550,5550,504.54545454545456,23,11120,0,120,0,0,1,0,0.99,4,0,0,0,0,0,0,0,0,0,0,0,0,0,,0.14285714285714285,0.0
task_0170,family_31,template_31,0.5,1.0,11,B-TERX-REPLAY,1,0,0,1,5550,5550,504.54545454545456,23,11120,0,120,0,0,1,0,0.99,4,0,0,0,0,0,0,0,0,0,0,0,0,0,,0.14285714285714285,0.0
task_0170,family_31,template_31,0.5,1.0,11,P-SPIDER-MEA-BATCHED,1,0,0,1,1370,1370,96.36363636363636,15,2485,150,120,10,1,1,0,0.959,4,0,0,0,0,0,1,0,0,1,0,0,0,0,6fe73293b2153393,0.14285714285714285,0.14285714285714285
task_0170,family_31,template_31,0.5,1.0,11,NC1-SHUFFLED,1,0,1,1,1517,1517,109.80914002731785,16,3275,150,30,9,0,0,0,0.5490688103308422,2,1,1,1,1,1,1,0,0,0,1,0,0,0,6fe73293b2153393,0.0,0.0
task_0170,family_31,template_31,0.5,1.0,11,NC2-RANDOM,1,0,0,1,1531,1531,111.04534933501796,16,3275,150,30,9,0,0,0,0.5460751284144042,2,0,0,0,0,1,1,0,0,0,0,0,0,0,6fe73293b2153393,0.0,0.0
task_0170,family_31,template_31,0.5,1.0,11,NC3-LENGTH,1,0,0,1,5550,5550,500.0,23,11120,0,120,0,0,1,0,0.55,2,0,0,0,0,0,0,0,0,0,0,0,0,0,,0.14285714285714285,0.0
task_0170,family_31,template_31,0.5,1.0,11,NC4-ABLATION,0,1,0,1,1370,1370,96.36363636363636,15,2485,150,120,10,0,0,0,0.01,0,1,0,0,0,0,1,0,0,1,0,0,0,0,6fe73293b2153393,0.14285714285714285,0.14285714285714285
task_0171,family_31,template_31,0.75,1.0,11,B-COLD,1,0,0,1,5550,5550,504.54545454545456,23,11120,0,120,0,0,1,0,0.99,4,0,0,0,0,0,0,0,0,0,0,0,0,0,,0.14285714285714285,0.0
task_0171,family_31,template_31,0.75,1.0,11,B-RAG-EMBED,1,0,0,1,5750,5750,504.54545454545456,24,11270,150,120,0,0,1,0,0.99,4,0,0,0,0,0,0,0,0,0,0,0,0,0,,0.14285714285714285,0.0
task_0171,family_31,template_31,0.75,1.0,11,B-STAGEHAND-CACHE,1,0,0,1,5550,5550,504.54545454545456,23,11120,0,120,0,0,1,0,0.99,4,0,0,0,0,0,0,0,0,0,0,0,0,0,,0.14285714285714285,0.0
task_0171,family_31,template_31,0.75,1.0,11,B-TERX-REPLAY,1,0,0,1,5550,5550,504.54545454545456,23,11120,0,120,0,0,1,0,0.99,4,0,0,0,0,0,0,0,0,0,0,0,0,0,,0.14285714285714285,0.0
task_0171,family_31,template_31,0.75,1.0,11,P-SPIDER-MEA-BATCHED,1,0,1,1,1370,1370,96.36363636363636,15,2485,150,120,10,0,0,0,0.0226,0,1,0,0,0,1,1,0,0,1,0,0,0,0,983174114c1bc912,0.14285714285714285,0.14285714285714285
task_0171,family_31,template_31,0.75,1.0,11,NC1-SHUFFLED,1,0,1,1,1258,1258,86.23866579329265,16,3275,150,30,9,0,0,0,0.5335487716000683,2,0,1,1,1,1,1,0,0,1,0,0,0,0,983174114c1bc912,0.0,0.0
task_0171,family_31,template_31,0.75,1.0,11,NC2-RANDOM,0,1,0,1,1268,1268,87.09120350616683,16,3275,150,30,9,0,0,0,0.7493599947354962,3,0,1,1,1,1,1,0,0,0,0,0,0,0,983174114c1bc912,0.0,0.0
task_0171,family_31,template_31,0.75,1.0,11,NC3-LENGTH,1,0,0,1,5550,5550,500.0,23,11120,0,120,0,0,1,0,0.55,2,0,0,0,0,0,0,0,0,0,0,0,0,0,,0.14285714285714285,0.0
task_0171,family_31,template_31,0.75,1.0,11,NC4-ABLATION,0,0,0,1,1330,1330,92.72727272727273,15,2395,150,30,10,1,1,0,0.99,4,0,1,1,1,0,1,0,0,1,0,0,0,0,983174114c1bc912,0.14285714285714285,0.14285714285714285
task_0172,family_32,template_32,0.0,0.0,12,B-COLD,1,0,0,1,6050,6050,504.1666666666667,25,12120,0,120,0,0,1,0,0.99,4,0,0,0,0,0,0,0,0,0,0,0,0,0,,1.0,0.0
task_0172,family_32,template_32,0.0,0.0,12,B-RAG-EMBED,1,0,0,1,850,850,54.166666666666664,14,1710,150,120,12,1,1,0,0.99,4,0,0,0,0,0,0,0,0,0,0,1,1,0,,1.0,0.0
task_0172,family_32,template_32,0.0,0.0,12,B-STAGEHAND-CACHE,1,0,0,1,650,650,54.166666666666664,13,1560,0,120,12,1,1,0,0.99,4,0,0,0,0,0,0,0,0,0,0,1,1,0,,1.0,0.0
task_0172,family_32,template_32,0.0,0.0,12,B-TERX-REPLAY,1,0,0,1,650,650,54.166666666666664,13,1560,0,120,12,1,1,0,0.99,4,0,0,0,0,0,0,0,0,0,0,1,1,0,,1.0,0.0
task_0172,family_32,template_32,0.0,0.0,12,P-SPIDER-MEA-BATCHED,1,0,0,1,980,980,55.833333333333336,16,1675,150,30,12,1,1,0,0.99,4,0,1,1,1,0,1,1,0,1,0,1,1,1,1739173251ce59ac,1.0,1.0
task_0172,family_32,template_32,0.0,0.0,12,NC1-SHUFFLED,1,0,1,1,1653,1653,111.96579094046443,15,1725,150,120,9,0,0,0,0.426236660758863,2,0,0,0,0,1,1,0,0,0,1,0,0,0,1739173251ce59ac,0.13333333333333333,0.0
task_0172,family_32,template_32,0.0,0.0,12,NC2-RANDOM,0,1,0,1,1479,1479,97.43130000048127,15,1635,150,30,10,0,0,0,0.6938124094332585,3,0,1,0,0,1,1,1,0,0,0,0,0,0,1739173251ce59ac,0.1,0.0
task_0172,family_32,template_32,0.0,0.0,12,NC3-LENGTH,1,0,0,1,6050,6050,500.0,25,12120,0,120,0,0,1,0,0.55,2,0,0,0,0,0,0,0,0,0,0,0,0,0,,1.0,0.0
task_0172,family_32,template_32,0.0,0.0,12,NC4-ABLATION,0,0,0,1,1070,1070,63.333333333333336,16,1740,150,30,12,1,1,0,0.9636,4,0,1,1,1,0,1,0,0,0,1,1,1,1,1739173251ce59ac,1.0,1.0
task_0173,family_32,template_32,0.25,0.5,12,B-COLD,1,0,0,1,6050,6050,504.1666666666667,25,12120,0,120,0,0,1,0,0.99,4,0,0,0,0,0,0,0,0,0,0,0,0,0,,0.75,0.0
task_0173,family_32,template_32,0.25,0.5,12,B-RAG-EMBED,1,0,0,1,3550,3550,279.1666666666667,20,6990,150,120,6,1,1,0,0.99,4,0,0,0,0,0,0,0,0,0,0,1,1,0,,0.75,0.0
task_0173,family_32,template_32,0.25,0.5,12,B-STAGEHAND-CACHE,1,0,0,1,6050,6050,504.1666666666667,25,12120,0,120,0,0,1,0,0.99,4,0,0,0,0,0,0,0,0,0,0,1,0,0,,0.75,0.0
task_0173,family_32,template_32,0.25,0.5,12,B-TERX-REPLAY,1,0,0,1,6050,6050,504.1666666666667,25,12120,0,120,0,0,1,0,0.99,4,0,0,0,0,0,0,0,0,0,0,1,0,0,,0.75,0.0
task_0173,family_32,template_32,0.25,0.5,12,P-SPIDER-MEA-BATCHED,1,0,0,1,1020,1020,59.166666666666664,16,1765,150,120,12,1,1,0,0.968,4,0,0,0,0,0,1,1,0,1,0,1,1,1,ee0f1361ff7f1cf0,0.75,1.0
task_0173,family_32,template_32,0.25,0.5,12,NC1-SHUFFLED,1,0,0,1,1494,1494,98.72182846382903,18,4275,150,30,9,0,0,0,0.7248038418107006,3,0,1,1,1,1,1,0,0,0,1,0,0,0,ee0f1361ff7f1cf0,0.06666666666666667,0.0
task_0173,family_32,template_32,0.25,0.5,12,NC2-RANDOM,1,0,0,1,1505,1505,99.6620252527326,17,3485,150,120,10,0,0,0,0.4578778260742702,2,0,0,0,1,1,1,0,0,0,0,0,0,0,ee0f1361ff7f1cf0,0.1,0.0
task_0173,family_32,template_32,0.25,0.5,12,NC3-LENGTH,1,0,0,1,6050,6050,500.0,25,12120,0,120,0,0,1,0,0.55,2,0,0,0,0,0,0,0,0,0,0,0,0,0,,0.75,0.0
task_0173,family_32,template_32,0.25,0.5,12,NC4-ABLATION,1,0,1,1,1020,1020,59.166666666666664,16,1765,150,120,12,0,0,0,0.0415,0,1,0,0,0,1,1,0,0,1,0,1,0,0,ee0f1361ff7f1cf0,0.75,1.0
task_0174,family_32,template_32,0.5,0.5,12,B-COLD,1,0,0,1,6050,6050,504.1666666666667,25,12120,0,120,0,0,1,0,0.99,4,0,0,0,0,0,0,0,0,0,0,0,0,0,,0.75,0.0
task_0174,family_32,template_32,0.5,0.5,12,B-RAG-EMBED,1,0,0,1,3550,3550,279.1666666666667,20,6990,150,120,6,1,1,0,0.99,4,0,0,0,0,0,0,0,0,0,0,1,1,0,,0.75,0.0
task_0174,family_32,template_32,0.5,0.5,12,B-STAGEHAND-CACHE,1,0,0,1,6050,6050,504.1666666666667,25,12120,0,120,0,0,1,0,0.99,4,0,0,0,0,0,0,0,0,0,0,1,0,0,,0.75,0.0
task_0174,family_32,template_32,0.5,0.5,12,B-TERX-REPLAY,1,0,0,1,6050,6050,504.1666666666667,25,12120,0,120,0,0,1,0,0.99,4,0,0,0,0,0,0,0,0,0,0,1,0,0,,0.75,0.0
task_0174,family_32,template_32,0.5,0.5,12,P-SPIDER-MEA-BATCHED,1,0,1,1,1020,1020,59.166666666666664,16,1765,150,120,12,0,0,0,0.01,0,1,0,0,0,1,1,1,0,1,0,1,0,0,8116e15875802158,0.75,1.0
task_0174,family_32,template_32,0.5,0.5,12,NC1-SHUFFLED,1,0,1,1,1514,1514,100.3715440585525,18,4365,150,120,9,0,0,0,0.5239696082615268,2,0,0,0,0,1,1,0,0,1,0,0,0,0,8116e15875802158,0.06666666666666667,0.0
task_0174,family_32,template_32,0.5,0.5,12,NC2-RANDOM,1,0,0,1,1636,1636,110.52141928557289,16,2605,150,120,11,0,0,0,0.708853369135979,3,0,0,0,1,1,1,1,0,0,0,0,0,0,8116e15875802158,0.0,0.0
task_0174,family_32,template_32,0.5,0.5,12,NC3-LENGTH,1,0,0,1,6050,6050,500.0,25,12120,0,120,0,0,1,0,0.55,2,0,0,0,0,0,0,0,0,0,0,0,0,0,,0.75,0.0
task_0174,family_32,template_32,0.5,0.5,12,NC4-ABLATION,0,1,0,1,1020,1020,59.166666666666664,16,1765,150,120,12,1,1,0,0.9728,4,0,0,0,0,0,1,0,0,1,0,1,1,1,8116e15875802158,0.75,1.0
task_0175,family_32,template_32,0.75,1.0,12,B-COLD,1,0,0,1,6050,6050,504.1666666666667,25,12120,0,120,0,0,1,0,0.978,4,0,0,0,0,0,0,0,0,0,0,0,0,0,,0.5,0.0
task_0175,family_32,template_32,0.75,1.0,12,B-RAG-EMBED,1,0,0,1,6250,6250,504.1666666666667,26,12270,150,120,0,0,1,0,0.978,4,0,0,0,0,0,0,0,0,0,0,1,0,0,,0.5,0.0
task_0175,family_32,template_32,0.75,1.0,12,B-STAGEHAND-CACHE,1,0,0,1,6050,6050,504.1666666666667,25,12120,0,120,0,0,1,0,0.978,4,0,0,0,0,0,0,0,0,0,0,1,0,0,,0.5,0.0
task_0175,family_32,template_32,0.75,1.0,12,B-TERX-REPLAY,1,0,0,1,6050,6050,504.1666666666667,25,12120,0,120,0,0,1,0,0.978,4,0,0,0,0,0,0,0,0,0,0,1,0,0,,0.5,0.0
task_0175,family_32,template_32,0.75,1.0,12,P-SPIDER-MEA-BATCHED,1,0,0,1,1020,1020,59.166666666666664,16,1765,150,120,12,1,1,0,0.99,4,0,0,0,0,0,1,1,0,1,0,1,1,1,172685035065ce16,0.5,0.5
task_0175,family_32,template_32,0.75,1.0,12,NC1-SHUFFLED,1,0,1,1,1421,1421,92.62272411274567,18,4365,150,120,9,0,0,0,0.5382912384904649,2,1,0,0,0,1,1,0,0,1,0,0,0,0,172685035065ce16,0.0,0.0
task_0175,family_32,template_32,0.75,1.0,12,NC2-RANDOM,1,0,0,1,1555,1555,103.82720675768931,18,4365,150,120,9,0,0,0,0.6712602603960869,3,0,1,1,1,1,1,1,0,0,0,0,0,0,172685035065ce16,0.0,0.0
task_0175,family_32,template_32,0.75,1.0,12,NC3-LENGTH,1,0,0,1,6050,6050,500.0,25,12120,0,120,0,0,1,0,0.55,2,0,0,0,0,0,0,0,0,0,0,0,0,0,,0.5,0.0
task_0175,family_32,template_32,0.75,1.0,12,NC4-ABLATION,0,1,0,1,1020,1020,59.166666666666664,16,1765,150,120,12,1,1,0,0.99,4,0,0,0,1,0,1,0,0,1,0,1,1,1,172685035065ce16,0.5,0.5
task_0176,family_32,template_32,1.0,1.0,12,B-COLD,1,0,0,1,6050,6050,504.1666666666667,25,12120,0,120,0,0,1,0,0.99,4,0,0,0,0,0,0,0,0,0,0,0,0,0,,0.75,0.0
task_0176,family_32,template_32,1.0,1.0,12,B-RAG-EMBED,1,0,0,1,6250,6250,504.1666666666667,26,12270,150,120,0,0,1,0,0.99,4,0,0,0,0,0,0,0,0,0,0,1,0,0,,0.75,0.0
task_0176,family_32,template_32,1.0,1.0,12,B-STAGEHAND-CACHE,1,0,0,1,6050,6050,504.1666666666667,25,12120,0,120,0,0,1,0,0.99,4,0,0,0,0,0,0,0,0,0,0,1,0,0,,0.75,0.0
task_0176,family_32,template_32,1.0,1.0,12,B-TERX-REPLAY,1,0,0,1,6050,6050,504.1666666666667,25,12120,0,120,0,0,1,0,0.99,4,0,0,0,0,0,0,0,0,0,0,1,0,0,,0.75,0.0
task_0176,family_32,template_32,1.0,1.0,12,P-SPIDER-MEA-BATCHED,1,0,0,1,1020,1020,59.166666666666664,16,1765,150,120,12,1,1,0,0.99,4,0,0,0,0,0,1,1,0,1,0,1,1,1,29ad74a9d70b89c2,0.75,1.0
task_0176,family_32,template_32,1.0,1.0,12,NC1-SHUFFLED,1,0,1,1,1617,1617,108.9215846447313,18,4365,150,120,9,0,0,0,0.4491843476025902,2,0,0,0,0,1,1,0,0,0,1,0,0,0,29ad74a9d70b89c2,0.06666666666666667,0.0
task_0176,family_32,template_32,1.0,1.0,12,NC2-RANDOM,0,0,0,1,1412,1412,91.86254635302635,16,2515,150,30,11,0,0,0,0.7058707701202415,3,0,0,0,0,1,1,0,0,0,0,0,0,0,29ad74a9d70b89c2,0.0,0.0
task_0176,family_32,template_32,1.0,1.0,12,NC3-LENGTH,1,0,0,1,6050,6050,500.0,25,12120,0,120,0,0,1,0,0.55,2,0,0,0,0,0,0,0,0,0,0,0,0,0,,0.75,0.0
task_0176,family_32,template_32,1.0,1.0,12,NC4-ABLATION,1,0,0,1,1020,1020,59.166666666666664,16,1765,150,120,12,1,1,0,0.99,4,0,0,0,0,0,1,0,0,1,0,1,1,1,29ad74a9d70b89c2,0.75,1.0
task_0177,family_33,template_33,0.0,0.0,13,B-COLD,1,0,0,1,6550,6550,503.84615384615387,27,13120,0,120,0,0,1,0,0.9503,4,0,0,0,0,0,0,0,0,0,0,0,0,0,,1.0,0.0
task_0177,family_33,template_33,0.0,0.0,13,B-RAG-EMBED,1,0,0,1,900,900,53.84615384615385,15,1830,150,120,13,1,1,0,0.9503,4,0,0,0,0,0,0,0,0,0,0,1,1,0,,1.0,0.0
task_0177,family_33,template_33,0.0,0.0,13,B-STAGEHAND-CACHE,1,0,0,1,700,700,53.84615384615385,14,1680,0,120,13,1,1,0,0.9503,4,0,0,0,0,0,0,0,0,0,0,1,1,0,,1.0,0.0
task_0177,family_33,template_33,0.0,0.0,13,B-TERX-REPLAY,1,0,0,1,700,700,53.84615384615385,14,1680,0,120,13,1,1,0,0.9503,4,0,0,0,0,0,0,0,0,0,0,1,1,0,,1.0,0.0
task_0177,family_33,template_33,0.0,0.0,13,P-SPIDER-MEA-BATCHED,1,0,0,1,1070,1070,58.46153846153846,17,1885,150,120,13,1,1,0,0.9847,4,0,0,0,1,0,1,1,0,1,0,1,1,1,b4c606640d54387a,1.0,1.0
task_0177,family_33,template_33,0.0,0.0,13,NC1-SHUFFLED,1,0,1,1,1671,1671,104.71357060440498,16,1910,150,120,10,0,0,0,0.3793847265663429,1,0,0,0,0,1,1,0,0,1,0,0,0,0,b4c606640d54387a,0.06666666666666667,0.0
task_0177,family_33,template_33,0.0,0.0,13,NC2-RANDOM,0,1,0,1,1728,1728,109.12998223281164,16,1845,150,120,11,0,0,0,0.7223682088110108,3,0,0,1,1,1,1,0,0,1,0,0,0,0,b4c606640d54387a,0.1,0.0
task_0177,family_33,template_33,0.0,0.0,13,NC3-LENGTH,1,0,0,1,6550,6550,500.0,27,13120,0,120,0,0,1,0,0.55,2,0,0,0,0,0,0,0,0,0,0,0,0,0,,1.0,0.0
task_0177,family_33,template_33,0.0,0.0,13,NC4-ABLATION,0,1,0,1,1030,1030,55.38461538461539,17,1795,150,30,13,1,1,0,0.99,4,0,1,1,1,0,1,0,0,1,0,1,1,1,b4c606640d54387a,1.0,1.0
task_0178,family_33,template_33,0.5,0.5,13,B-COLD,1,0,0,1,6550,6550,503.84615384615387,27,13120,0,120,0,0,1,0,0.9616,4,0,0,0,0,0,0,0,0,0,0,0,0,0,,0.5714285714285714,0.0
task_0178,family_33,template_33,0.5,0.5,13,B-RAG-EMBED,1,0,0,1,3600,3600,261.53846153846155,21,7110,150,120,7,1,1,0,0.9616,4,0,0,0,0,0,0,0,0,0,0,1,1,0,,0.5714285714285714,0.0
task_0178,family_33,template_33,0.5,0.5,13,B-STAGEHAND-CACHE,1,0,0,1,6550,6550,503.84615384615387,27,13120,0,120,0,0,1,0,0.9616,4,0,0,0,0,0,0,0,0,0,0,1,0,0,,0.5714285714285714,0.0
task_0178,family_33,template_33,0.5,0.5,13,B-TERX-REPLAY,1,0,0,1,6550,6550,503.84615384615387,27,13120,0,120,0,0,1,0,0.9616,4,0,0,0,0,0,0,0,0,0,0,1,0,0,,0.5714285714285714,0.0
task_0178,family_33,template_33,0.5,0.5,13,P-SPIDER-MEA-BATCHED,1,0,1,1,1070,1070,58.46153846153846,17,1885,150,120,13,0,0,0,0.0172,0,1,0,0,0,1,1,1,0,1,0,1,0,0,af1119bb18224af0,0.5714285714285714,1.0
task_0178,family_33,template_33,0.5,0.5,13,NC1-SHUFFLED,1,0,1,1,1693,1693,106.45261621425107,19,4485,150,120,10,0,0,0,0.36417856915875946,1,0,0,0,0,1,1,0,0,1,0,0,0,0,af1119bb18224af0,0.0,0.0
task_0178,family_33,template_33,0.5,0.5,13,NC2-RANDOM,0,1,0,1,1565,1565,96.58242980677018,18,3605,150,120,11,0,0,0,0.7086354607559355,3,0,0,0,0,1,1,1,0,0,0,0,0,0,af1119bb18224af0,0.0,0.0
task_0178,family_33,template_33,0.5,0.5,13,NC3-LENGTH,1,0,0,1,6550,6550,500.0,27,13120,0,120,0,0,1,0,0.55,2,0,0,0,0,0,0,0,0,0,0,0,0,0,,0.5714285714285714,0.0
task_0178,family_33,template_33,0.5,0.5,13,NC4-ABLATION,1,0,0,1,1070,1070,58.46153846153846,17,1885,150,120,13,1,1,0,0.99,4,0,0,0,0,0,1,0,0,1,0,1,1,1,af1119bb18224af0,0.5714285714285714,1.0
task_0179,family_33,template_33,0.75,1.0,13,B-COLD,1,0,0,1,6550,6550,503.84615384615387,27,13120,0,120,0,0,1,0,0.99,4,0,0,0,0,0,0,0,0,0,0,0,0,0,,0.14285714285714285,0.0
task_0179,family_33,template_33,0.75,1.0,13,B-RAG-EMBED,1,0,0,1,6750,6750,503.84615384615387,28,13270,150,120,0,0,1,0,0.99,4,0,0,0,0,0,0,0,0,0,0,0,0,0,,0.14285714285714285,0.0
task_0179,family_33,template_33,0.75,1.0,13,B-STAGEHAND-CACHE,1,0,0,1,6550,6550,503.84615384615387,27,13120,0,120,0,0,1,0,0.99,4,0,0,0,0,0,0,0,0,0,0,0,0,0,,0.14285714285714285,0.0
task_0179,family_33,template_33,0.75,1.0,13,B-TERX-REPLAY,1,0,0,1,6550,6550,503.84615384615387,27,13120,0,120,0,0,1,0,0.99,4,0,0,0,0,0,0,0,0,0,0,0,0,0,,0.14285714285714285,0.0
task_0179,family_33,template_33,0.75,1.0,13,P-SPIDER-MEA-BATCHED,1,0,1,1,1920,1920,123.84615384615384,18,3605,150,120,11,0,0,0,0.0358,0,1,0,0,1,1,1,0,0,1,0,0,0,0,e6429165e6cc0cb6,0.14285714285714285,0.14285714285714285
task_0179,family_33,template_33,0.75,1.0,13,NC1-SHUFFLED,1,0,1,1,1645,1645,102.73502140711528,19,4485,150,120,10,0,0,0,0.4785828686877675,2,0,0,0,0,1,1,0,0,1,0,0,0,0,e6429165e6cc0cb6,0.0,0.0
task_0179,family_33,template_33,0.75,1.0,13,NC2-RANDOM,1,0,0,1,1704,1704,107.26025574362592,18,3605,150,120,11,0,0,0,0.7222801617462697,3,0,1,1,0,1,1,0,0,0,0,0,0,0,e6429165e6cc0cb6,0.0,0.0
task_0179,family_33,template_33,0.75,1.0,13,NC3-LENGTH,1,0,0,1,6550,6550,500.0,27,13120,0,120,0,0,1,0,0.55,2,0,0,0,0,0,0,0,0,0,0,0,0,0,,0.14285714285714285,0.0
task_0179,family_33,template_33,0.75,1.0,13,NC4-ABLATION,0,1,0,1,1880,1880,120.76923076923077,18,3515,150,30,11,1,1,0,0.961,4,0,1,1,1,0,1,0,0,1,0,0,0,0,e6429165e6cc0cb6,0.14285714285714285,0.14285714285714285
task_0180,family_33,template_33,1.0,1.0,13,B-COLD,1,0,0,1,6550,6550,503.84615384615387,27,13120,0,120,0,0,1,0,0.9773,4,0,0,0,0,0,0,0,0,0,0,0,0,0,,0.14285714285714285,0.0
task_0180,family_33,template_33,1.0,1.0,13,B-RAG-EMBED,1,0,0,1,6750,6750,503.84615384615387,28,13270,150,120,0,0,1,0,0.9773,4,0,0,0,0,0,0,0,0,0,0,0,0,0,,0.14285714285714285,0.0
task_0180,family_33,template_33,1.0,1.0,13,B-STAGEHAND-CACHE,1,0,0,1,6550,6550,503.84615384615387,27,13120,0,120,0,0,1,0,0.9773,4,0,0,0,0,0,0,0,0,0,0,0,0,0,,0.14285714285714285,0.0
task_0180,family_33,template_33,1.0,1.0,13,B-TERX-REPLAY,1,0,0,1,6550,6550,503.84615384615387,27,13120,0,120,0,0,1,0,0.9773,4,0,0,0,0,0,0,0,0,0,0,0,0,0,,0.14285714285714285,0.0
task_0180,family_33,template_33,1.0,1.0,13,P-SPIDER-MEA-BATCHED,1,0,0,1,1880,1880,120.76923076923077,18,3515,150,30,11,1,1,0,0.99,4,0,1,1,1,0,1,0,0,1,0,0,0,0,039584ef287b344e,0.14285714285714285,0.14285714285714285
task_0180,family_33,template_33,1.0,1.0,13,NC1-SHUFFLED,1,0,1,1,1690,1690,106.20594552518483,19,4395,150,30,10,0,0,0,0.47048561236114744,2,1,1,1,1,1,1,0,0,1,0,0,0,0,039584ef287b344e,0.0,0.0
task_0180,family_33,template_33,1.0,1.0,13,NC2-RANDOM,1,0,0,1,1604,1604,99.54562361093971,18,3515,150,30,11,0,0,0,0.6309876027932673,3,0,1,0,1,1,1,0,0,1,0,0,0,0,039584ef287b344e,0.0,0.0
task_0180,family_33,template_33,1.0,1.0,13,NC3-LENGTH,1,0,0,1,6550,6550,500.0,27,13120,0,120,0,0,1,0,0.55,2,0,0,0,0,0,0,0,0,0,0,0,0,0,,0.14285714285714285,0.0
task_0180,family_33,template_33,1.0,1.0,13,NC4-ABLATION,0,1,0,1,1880,1880,120.76923076923077,18,3515,150,30,11,1,1,0,0.9507,4,0,1,1,1,0,1,0,0,1,0,0,0,0,039584ef287b344e,0.14285714285714285,0.14285714285714285
task_0181,family_33,template_33,0.25,0.5,13,B-COLD,1,0,0,1,6550,6550,503.84615384615387,27,13120,0,120,0,0,1,0,0.95,4,0,0,0,0,0,0,0,0,0,0,0,0,0,,0.5714285714285714,0.0
task_0181,family_33,template_33,0.25,0.5,13,B-RAG-EMBED,1,0,0,1,3600,3600,261.53846153846155,21,7110,150,120,7,1,1,0,0.95,4,0,0,0,0,0,0,0,0,0,0,1,1,0,,0.5714285714285714,0.0
task_0181,family_33,template_33,0.25,0.5,13,B-STAGEHAND-CACHE,1,0,0,1,6550,6550,503.84615384615387,27,13120,0,120,0,0,1,0,0.95,4,0,0,0,0,0,0,0,0,0,0,1,0,0,,0.5714285714285714,0.0
task_0181,family_33,template_33,0.25,0.5,13,B-TERX-REPLAY,1,0,0,1,6550,6550,503.84615384615387,27,13120,0,120,0,0,1,0,0.95,4,0,0,0,0,0,0,0,0,0,0,1,0,0,,0.5714285714285714,0.0
task_0181,family_33,template_33,0.25,0.5,13,P-SPIDER-MEA-BATCHED,1,0,0,1,1070,1070,58.46153846153846,17,1885,150,120,13,1,1,0,0.9891,4,0,0,0,0,0,1,1,0,1,0,1,1,1,e5bbcc2a2fff6743,0.5714285714285714,1.0
task_0181,family_33,template_33,0.25,0.5,13,NC1-SHUFFLED,0,0,0,1,1594,1594,98.79068720720846,19,4395,150,30,10,0,0,0,0.7135528197826863,3,0,1,1,1,1,1,0,0,1,0,0,0,0,e5bbcc2a2fff6743,0.06666666666666667,0.0
task_0181,family_33,template_33,0.25,0.5,13,NC2-RANDOM,1,0,0,1,1716,1716,108.19267066692824,18,3605,150,120,11,0,0,0,0.7278399916878622,3,0,0,0,0,1,1,0,0,0,0,0,0,0,e5bbcc2a2fff6743,0.1,0.0
task_0181,family_33,template_33,0.25,0.5,13,NC3-LENGTH,1,0,0,1,6550,6550,500.0,27,13120,0,120,0,0,1,0,0.55,2,0,0,0,0,0,0,0,0,0,0,0,0,0,,0.5714285714285714,0.0
task_0181,family_33,template_33,0.25,0.5,13,NC4-ABLATION,1,0,1,1,1070,1070,58.46153846153846,17,1885,150,120,13,0,0,0,0.01,0,1,0,0,0,1,1,0,0,1,0,1,0,0,e5bbcc2a2fff6743,0.5714285714285714,1.0
task_0182,family_34,template_34,0.0,0.0,14,B-COLD,1,0,0,1,7050,7050,503.57142857142856,29,14120,0,120,0,0,1,0,0.99,4,0,0,0,0,0,0,0,0,0,0,0,0,0,,1.0,0.0
task_0182,family_34,template_34,0.0,0.0,14,B-RAG-EMBED,1,0,0,1,950,950,53.57142857142857,16,1950,150,120,14,1,1,0,0.99,4,0,0,0,0,0,0,0,0,0,0,1,1,0,,1.0,0.0
task_0182,family_34,template_34,0.0,0.0,14,B-STAGEHAND-CACHE,1,0,0,1,750,750,53.57142857142857,15,1800,0,120,14,1,1,0,0.99,4,0,0,0,0,0,0,0,0,0,0,1,1,0,,1.0,0.0
task_0182,family_34,template_34,0.0,0.0,14,B-TERX-REPLAY,1,0,0,1,750,750,53.57142857142857,15,1800,0,120,14,1,1,0,0.99,4,0,0,0,0,0,0,0,0,0,0,1,1,0,,1.0,0.0
task_0182,family_34,template_34,0.0,0.0,14,P-SPIDER-MEA-BATCHED,1,0,0,1,1210,1210,64.28571428571429,18,2070,150,120,14,1,1,0,0.99,4,0,0,0,0,0,1,1,0,0,1,1,1,1,efefe9fc5837c34c,1.0,1.0
task_0182,family_34,template_34,0.0,0.0,14,NC1-SHUFFLED,1,0,1,1,1603,1603,92.38770881892542,17,1875,150,30,13,0,0,0,0.36832229427194646,1,0,1,1,1,1,1,0,0,0,1,0,0,0,efefe9fc5837c34c,0.2,0.0
task_0182,family_34,template_34,0.0,0.0,14,NC2-RANDOM,1,0,0,1,1583,1583,90.934896832377,17,1875,150,30,11,0,0,0,0.6435599631273332,3,0,0,0,1,1,1,0,0,0,0,0,0,0,efefe9fc5837c34c,0.2,0.0
task_0182,family_34,template_34,0.0,0.0,14,NC3-LENGTH,1,0,0,1,7050,7050,500.0,29,14120,0,120,0,0,1,0,0.55,2,0,0,0,0,0,0,0,0,0,0,0,0,0,,1.0,0.0
task_0182,family_34,template_34,0.0,0.0,14,NC4-ABLATION,1,0,0,1,1120,1120,57.857142857142854,18,2005,150,120,14,1,1,0,0.99,4,0,0,0,0,0,1,0,0,1,0,1,1,1,efefe9fc5837c34c,1.0,1.0
task_0183,family_34,template_34,0.75,0.6667,14,B-COLD,1,0,0,1,7050,7050,503.57142857142856,29,14120,0,120,0,0,1,0,0.99,4,0,0,0,0,0,0,0,0,0,0,0,0,0,,0.6666666666666666,0.0
task_0183,family_34,template_34,0.75,0.6667,14,B-RAG-EMBED,1,0,0,1,5000,5000,342.85714285714283,25,9870,150,120,5,1,1,0,0.99,4,0,0,0,0,0,0,0,0,0,0,1,1,0,,0.6666666666666666,0.0
task_0183,family_34,template_34,0.75,0.6667,14,B-STAGEHAND-CACHE,1,0,0,1,7050,7050,503.57142857142856,29,14120,0,120,0,0,1,0,0.99,4,0,0,0,0,0,0,0,0,0,0,1,0,0,,0.6666666666666666,0.0
task_0183,family_34,template_34,0.75,0.6667,14,B-TERX-REPLAY,1,0,0,1,7050,7050,503.57142857142856,29,14120,0,120,0,0,1,0,0.99,4,0,0,0,0,0,0,0,0,0,0,1,0,0,,0.6666666666666666,0.0
task_0183,family_34,template_34,0.75,0.6667,14,P-SPIDER-MEA-BATCHED,1,0,0,1,1120,1120,57.857142857142854,18,2005,150,120,14,1,1,0,0.9763,4,0,0,0,0,0,1,1,0,1,0,1,1,1,7acf321fcf2bb7b2,0.6666666666666666,1.0
task_0183,family_34,template_34,0.75,0.6667,14,NC1-SHUFFLED,1,0,1,1,1514,1514,86.00130669409587,18,2820,150,30,13,0,0,0,0.4458362853855692,2,1,1,1,1,1,1,0,0,0,1,0,0,0,7acf321fcf2bb7b2,0.0,0.0
task_0183,family_34,template_34,0.75,0.6667,14,NC2-RANDOM,1,0,0,1,1910,1910,114.29500798830009,19,3635,150,30,12,0,0,0,0.4841154744007228,2,0,1,1,1,1,1,0,0,1,0,0,0,0,7acf321fcf2bb7b2,0.1,0.0
task_0183,family_34,template_34,0.75,0.6667,14,NC3-LENGTH,1,0,0,1,7050,7050,500.0,29,14120,0,120,0,0,1,0,0.55,2,0,0,0,0,0,0,0,0,0,0,0,0,0,,0.6666666666666666,0.0
task_0183,family_34,template_34,0.75,0.6667,14,NC4-ABLATION,0,1,0,1,1120,1120,57.857142857142854,18,2005,150,120,14,1,1,0,0.99,4,0,0,0,1,0,1,0,0,1,0,1,1,1,7acf321fcf2bb7b2,0.6666666666666666,1.0
task_0184,family_34,template_34,1.0,1.0,14,B-COLD,1,0,0,1,7050,7050,503.57142857142856,29,14120,0,120,0,0,1,0,0.988,4,0,0,0,0,0,0,0,0,0,0,0,0,0,,0.5,0.0
task_0184,family_34,template_34,1.0,1.0,14,B-RAG-EMBED,1,0,0,1,7250,7250,503.57142857142856,30,14270,150,120,0,0,1,0,0.988,4,0,0,0,0,0,0,0,0,0,0,1,0,0,,0.5,0.0
task_0184,family_34,template_34,1.0,1.0,14,B-STAGEHAND-CACHE,1,0,0,1,7050,7050,503.57142857142856,29,14120,0,120,0,0,1,0,0.988,4,0,0,0,0,0,0,0,0,0,0,1,0,0,,0.5,0.0
task_0184,family_34,template_34,1.0,1.0,14,B-TERX-REPLAY,1,0,0,1,7050,7050,503.57142857142856,29,14120,0,120,0,0,1,0,0.988,4,0,0,0,0,0,0,0,0,0,0,1,0,0,,0.5,0.0
task_0184,family_34,template_34,1.0,1.0,14,P-SPIDER-MEA-BATCHED,1,0,0,1,1120,1120,57.857142857142854,18,2005,150,120,14,1,1,0,0.9644,4,0,0,0,0,0,1,1,0,1,0,1,1,1,b653cee62aeba6a2,0.5,0.5
task_0184,family_34,template_34,1.0,1.0,14,NC1-SHUFFLED,1,0,1,1,1923,1923,115.24319632718546,18,2845,150,120,13,0,0,0,0.48640154823552906,2,1,0,0,0,1,1,0,0,1,0,0,0,0,b653cee62aeba6a2,0.0,0.0
task_0184,family_34,template_34,1.0,1.0,14,NC2-RANDOM,1,0,0,1,1929,1929,115.65769300813673,19,3635,150,30,12,0,0,0,0.47441681258365587,2,0,1,0,0,1,1,1,0,0,0,0,0,0,b653cee62aeba6a2,0.0,0.0
task_0184,family_34,template_34,1.0,1.0,14,NC3-LENGTH,1,0,0,1,7050,7050,500.0,29,14120,0,120,0,0,1,0,0.55,2,0,0,0,0,0,0,0,0,0,0,0,0,0,,0.5,0.0
task_0184,family_34,template_34,1.0,1.0,14,NC4-ABLATION,0,1,0,1,1120,1120,57.857142857142854,18,2005,150,120,14,1,1,0,0.99,4,0,0,0,0,0,1,0,0,1,0,1,1,1,b653cee62aeba6a2,0.5,0.5
task_0185,family_34,template_34,0.25,0.3333,14,B-COLD,1,0,0,1,7050,7050,503.57142857142856,29,14120,0,120,0,0,1,0,0.99,4,0,0,0,0,0,0,0,0,0,0,0,0,0,,0.8333333333333334,0.0
task_0185,family_34,template_34,0.25,0.3333,14,B-RAG-EMBED,1,0,0,1,3200,3200,214.28571428571428,21,6350,150,120,9,1,1,0,0.99,4,0,0,0,0,0,0,0,0,0,0,1,1,0,,0.8333333333333334,0.0
task_0185,family_34,template_34,0.25,0.3333,14,B-STAGEHAND-CACHE,1,0,0,1,7050,7050,503.57142857142856,29,14120,0,120,0,0,1,0,0.99,4,0,0,0,0,0,0,0,0,0,0,1,0,0,,0.8333333333333334,0.0
task_0185,family_34,template_34,0.25,0.3333,14,B-TERX-REPLAY,1,0,0,1,7050,7050,503.57142857142856,29,14120,0,120,0,0,1,0,0.99,4,0,0,0,0,0,0,0,0,0,0,1,0,0,,0.8333333333333334,0.0
task_0185,family_34,template_34,0.25,0.3333,14,P-SPIDER-MEA-BATCHED,1,0,0,1,1120,1120,57.857142857142854,18,2005,150,120,14,1,1,0,0.99,4,0,0,0,0,0,1,1,0,1,0,1,1,1,a5381ec731b45e7b,0.8333333333333334,1.0
task_0185,family_34,template_34,0.25,0.3333,14,NC1-SHUFFLED,1,0,1,1,1706,1706,99.74660449081014,18,2845,150,120,13,0,0,0,0.3744941212455887,1,0,0,0,0,1,1,0,0,1,0,0,0,0,a5381ec731b45e7b,0.2,0.0
task_0185,family_34,template_34,0.25,0.3333,14,NC2-RANDOM,1,0,0,1,1886,1886,112.61276073866921,18,2845,150,120,13,0,0,0,0.4696705147263716,2,0,0,1,0,1,1,1,0,1,0,0,0,0,a5381ec731b45e7b,0.2,0.0
task_0185,family_34,template_34,0.25,0.3333,14,NC3-LENGTH,1,0,0,1,7050,7050,500.0,29,14120,0,120,0,0,1,0,0.55,2,0,0,0,0,0,0,0,0,0,0,0,0,0,,0.8333333333333334,0.0
task_0185,family_34,template_34,0.25,0.3333,14,NC4-ABLATION,0,1,0,1,1120,1120,57.857142857142854,18,2005,150,120,14,1,1,0,0.99,4,0,0,0,0,0,1,0,0,1,0,1,1,1,a5381ec731b45e7b,0.8333333333333334,1.0
task_0186,family_34,template_34,0.5,0.6667,14,B-COLD,1,0,0,1,7050,7050,503.57142857142856,29,14120,0,120,0,0,1,0,0.99,4,0,0,0,0,0,0,0,0,0,0,0,0,0,,0.8333333333333334,0.0
task_0186,family_34,template_34,0.5,0.6667,14,B-RAG-EMBED,1,0,0,1,5000,5000,342.85714285714283,25,9870,150,120,5,1,1,0,0.99,4,0,0,0,0,0,0,0,0,0,0,1,1,0,,0.8333333333333334,0.0
task_0186,family_34,template_34,0.5,0.6667,14,B-STAGEHAND-CACHE,1,0,0,1,7050,7050,503.57142857142856,29,14120,0,120,0,0,1,0,0.99,4,0,0,0,0,0,0,0,0,0,0,1,0,0,,0.8333333333333334,0.0
task_0186,family_34,template_34,0.5,0.6667,14,B-TERX-REPLAY,1,0,0,1,7050,7050,503.57142857142856,29,14120,0,120,0,0,1,0,0.99,4,0,0,0,0,0,0,0,0,0,0,1,0,0,,0.8333333333333334,0.0
task_0186,family_34,template_34,0.5,0.6667,14,P-SPIDER-MEA-BATCHED,1,0,0,1,1080,1080,55.0,18,1915,150,30,14,1,1,0,0.99,4,0,1,1,1,0,1,1,0,1,0,1,1,1,b7ce829dd92c8a10,0.8333333333333334,1.0
task_0186,family_34,template_34,0.5,0.6667,14,NC1-SHUFFLED,1,0,1,1,1893,1893,113.13164601516246,18,2755,150,30,13,0,0,0,0.47488334970667,2,0,1,1,1,1,1,0,0,0,1,0,0,0,b7ce829dd92c8a10,0.0,0.0
task_0186,family_34,template_34,0.5,0.6667,14,NC2-RANDOM,0,1,0,1,1624,1624,93.90808992441323,19,3725,150,120,12,0,0,0,0.7513172164372861,3,0,0,0,0,1,1,0,0,1,0,0,0,0,b7ce829dd92c8a10,0.125,0.0
task_0186,family_34,template_34,0.5,0.6667,14,NC3-LENGTH,1,0,0,1,7050,7050,500.0,29,14120,0,120,0,0,1,0,0.55,2,0,0,0,0,0,0,0,0,0,0,0,0,0,,0.8333333333333334,0.0
task_0186,family_34,template_34,0.5,0.6667,14,NC4-ABLATION,0,1,0,1,1080,1080,55.0,18,1915,150,30,14,1,1,0,0.99,4,0,1,1,1,0,1,0,0,1,0,1,1,1,b7ce829dd92c8a10,0.8333333333333334,1.0
task_0187,family_35,template_35,0.0,0.0,8,B-COLD,1,0,0,1,4050,4050,506.25,17,8120,0,120,0,0,1,0,0.9559,4,0,0,0,0,0,0,0,0,0,0,0,0,0,,1.0,0.0
task_0187,family_35,template_35,0.0,0.0,8,B-RAG-EMBED,1,0,0,1,650,650,56.25,10,1230,150,120,8,1,1,0,0.9559,4,0,0,0,0,0,0,0,0,0,0,1,1,0,,1.0,0.0
task_0187,family_35,template_35,0.0,0.0,8,B-STAGEHAND-CACHE,1,0,0,1,450,450,56.25,9,1080,0,120,8,1,1,0,0.9559,4,0,0,0,0,0,0,0,0,0,0,1,1,0,,1.0,0.0
task_0187,family_35,template_35,0.0,0.0,8,B-TERX-REPLAY,1,0,0,1,450,450,56.25,9,1080,0,120,8,1,1,0,0.9559,4,0,0,0,0,0,0,0,0,0,0,1,1,0,,1.0,0.0
task_0187,family_35,template_35,0.0,0.0,8,P-SPIDER-MEA-BATCHED,1,0,0,1,820,820,63.75,12,1285,150,120,8,1,1,0,0.99,4,0,0,0,0,0,1,1,0,1,0,1,1,1,011e282bde2b709e,1.0,1.0
task_0187,family_35,template_35,0.0,0.0,8,NC1-SHUFFLED,1,0,1,1,1072,1072,95.35937068231866,11,1155,150,30,6,0,0,0,0.3695072380813956,1,0,1,1,1,1,1,0,0,1,0,0,0,0,011e282bde2b709e,0.1,0.0
task_0187,family_35,template_35,0.0,0.0,8,NC2-RANDOM,1,0,0,1,1039,1039,91.22193054598685,11,1220,150,30,5,0,0,0,0.7155291293667347,3,0,1,1,1,1,1,0,0,1,1,0,0,0,011e282bde2b709e,0.06666666666666667,0.0
task_0187,family_35,template_35,0.0,0.0,8,NC3-LENGTH,1,0,0,1,4050,4050,500.0,17,8120,0,120,0,0,1,0,0.55,2,0,0,0,0,0,0,0,0,0,0,0,0,0,,1.0,0.0
task_0187,family_35,template_35,0.0,0.0,8,NC4-ABLATION,1,0,0,1,780,780,58.75,12,1195,150,30,8,1,1,0,0.9501,4,0,1,1,1,0,1,0,0,1,0,1,1,1,011e282bde2b709e,1.0,1.0
task_0188,family_35,template_35,1.0,1.0,8,B-COLD,1,0,0,1,4050,4050,506.25,17,8120,0,120,0,0,1,0,0.966,4,0,0,0,0,0,0,0,0,0,0,0,0,0,,0.14285714285714285,0.0
task_0188,family_35,template_35,1.0,1.0,8,B-RAG-EMBED,1,0,0,1,4250,4250,506.25,18,8270,150,120,0,0,1,0,0.966,4,0,0,0,0,0,0,0,0,0,0,0,0,0,,0.14285714285714285,0.0
task_0188,family_35,template_35,1.0,1.0,8,B-STAGEHAND-CACHE,1,0,0,1,4050,4050,506.25,17,8120,0,120,0,0,1,0,0.966,4,0,0,0,0,0,0,0,0,0,0,0,0,0,,0.14285714285714285,0.0
task_0188,family_35,template_35,1.0,1.0,8,B-TERX-REPLAY,1,0,0,1,4050,4050,506.25,17,8120,0,120,0,0,1,0,0.966,4,0,0,0,0,0,0,0,0,0,0,0,0,0,,0.14285714285714285,0.0
task_0188,family_35,template_35,1.0,1.0,8,P-SPIDER-MEA-BATCHED,1,0,0,1,1220,1220,113.75,12,2125,150,120,7,1,1,0,0.9502,4,0,0,0,0,0,1,0,0,1,0,0,0,0,3cebcac259277084,0.14285714285714285,0.14285714285714285
task_0188,family_35,template_35,1.0,1.0,8,NC1-SHUFFLED,1,0,1,1,1151,1151,105.15384122730555,13,2915,150,30,6,0,0,0,0.46589578299809215,2,1,1,1,1,1,1,0,0,1,0,0,0,0,3cebcac259277084,0.0,0.0
task_0188,family_35,template_35,1.0,1.0,8,NC2-RANDOM,1,0,0,1,1047,1047,92.23789016353045,13,3005,150,120,6,0,0,0,0.7168275183908257,3,0,0,0,1,1,1,0,0,0,0,0,0,0,3cebcac259277084,0.0,0.0
task_0188,family_35,template_35,1.0,1.0,8,NC3-LENGTH,1,0,0,1,4050,4050,500.0,17,8120,0,120,0,0,1,0,0.55,2,0,0,0,0,0,0,0,0,0,0,0,0,0,,0.14285714285714285,0.0
task_0188,family_35,template_35,1.0,1.0,8,NC4-ABLATION,1,0,1,1,1180,1180,108.75,12,2035,150,30,7,0,0,0,0.01,0,1,1,1,1,1,1,0,0,1,0,0,0,0,3cebcac259277084,0.14285714285714285,0.14285714285714285
task_0189,family_35,template_35,0.25,0.0,8,B-COLD,1,0,0,1,4050,4050,506.25,17,8120,0,120,0,0,1,0,0.99,4,0,0,0,0,0,0,0,0,0,0,0,0,0,,1.0,0.0
task_0189,family_35,template_35,0.25,0.0,8,B-RAG-EMBED,1,0,0,1,650,650,56.25,10,1230,150,120,8,1,1,0,0.99,4,0,0,0,0,0,0,0,0,0,0,1,1,0,,1.0,0.0
task_0189,family_35,template_35,0.25,0.0,8,B-STAGEHAND-CACHE,1,0,0,1,4050,4050,506.25,17,8120,0,120,0,0,1,0,0.99,4,0,0,0,0,0,0,0,0,0,0,1,0,0,,1.0,0.0
task_0189,family_35,template_35,0.25,0.0,8,B-TERX-REPLAY,1,0,0,1,4050,4050,506.25,17,8120,0,120,0,0,1,0,0.99,4,0,0,0,0,0,0,0,0,0,0,1,0,0,,1.0,0.0
task_0189,family_35,template_35,0.25,0.0,8,P-SPIDER-MEA-BATCHED,1,0,0,1,910,910,75.0,12,1350,150,120,8,1,1,0,0.9875,4,0,0,0,0,0,1,1,0,0,1,1,1,1,c83678b9721bb254,1.0,1.0
task_0189,family_35,template_35,0.25,0.0,8,NC1-SHUFFLED,1,0,1,1,1078,1078,96.04093919741543,11,1245,150,120,6,0,0,0,0.3544486740923894,1,0,0,0,1,1,1,0,0,1,0,0,0,0,c83678b9721bb254,0.1,0.0
task_0189,family_35,template_35,0.25,0.0,8,NC2-RANDOM,1,0,0,1,1123,1123,101.6838396884517,11,1245,150,120,6,0,0,0,0.4876113385145728,2,0,0,0,1,1,1,0,0,0,0,0,0,0,c83678b9721bb254,0.1,0.0
task_0189,family_35,template_35,0.25,0.0,8,NC3-LENGTH,1,0,0,1,4050,4050,500.0,17,8120,0,120,0,0,1,0,0.55,2,0,0,0,0,0,0,0,0,0,0,0,0,0,,1.0,0.0
task_0189,family_35,template_35,0.25,0.0,8,NC4-ABLATION,1,0,0,1,820,820,63.75,12,1285,150,120,8,1,1,0,0.99,4,0,0,0,0,0,1,0,0,1,0,1,1,1,c83678b9721bb254,1.0,1.0
task_0190,family_35,template_35,0.5,1.0,8,B-COLD,1,0,0,1,4050,4050,506.25,17,8120,0,120,0,0,1,0,0.99,4,0,0,0,0,0,0,0,0,0,0,0,0,0,,0.14285714285714285,0.0
task_0190,family_35,template_35,0.5,1.0,8,B-RAG-EMBED,1,0,0,1,4250,4250,506.25,18,8270,150,120,0,0,1,0,0.99,4,0,0,0,0,0,0,0,0,0,0,0,0,0,,0.14285714285714285,0.0
task_0190,family_35,template_35,0.5,1.0,8,B-STAGEHAND-CACHE,1,0,0,1,4050,4050,506.25,17,8120,0,120,0,0,1,0,0.99,4,0,0,0,0,0,0,0,0,0,0,0,0,0,,0.14285714285714285,0.0
task_0190,family_35,template_35,0.5,1.0,8,B-TERX-REPLAY,1,0,0,1,4050,4050,506.25,17,8120,0,120,0,0,1,0,0.99,4,0,0,0,0,0,0,0,0,0,0,0,0,0,,0.14285714285714285,0.0
task_0190,family_35,template_35,0.5,1.0,8,P-SPIDER-MEA-BATCHED,1,0,0,1,1220,1220,113.75,12,2125,150,120,7,1,1,0,0.99,4,0,0,0,0,0,1,0,0,1,0,0,0,0,1f4dabba3975f582,0.14285714285714285,0.14285714285714285
task_0190,family_35,template_35,0.5,1.0,8,NC1-SHUFFLED,1,0,1,1,992,992,85.34076124319623,13,2915,150,30,6,0,0,0,0.3894072911954637,1,1,1,1,1,1,1,0,0,1,0,0,0,0,1f4dabba3975f582,0.0,0.0
task_0190,family_35,template_35,0.5,1.0,8,NC2-RANDOM,1,0,0,1,1058,1058,93.52654955633702,12,2125,150,120,7,0,0,0,0.6042276092387289,3,0,0,0,0,1,1,0,0,0,0,0,0,0,1f4dabba3975f582,0.0,0.0
task_0190,family_35,template_35,0.5,1.0,8,NC3-LENGTH,1,0,0,1,4050,4050,500.0,17,8120,0,120,0,0,1,0,0.55,2,0,0,0,0,0,0,0,0,0,0,0,0,0,,0.14285714285714285,0.0
task_0190,family_35,template_35,0.5,1.0,8,NC4-ABLATION,0,1,0,1,1220,1220,113.75,12,2125,150,120,7,1,1,0,0.99,4,0,0,0,0,0,1,0,0,1,0,0,0,0,1f4dabba3975f582,0.14285714285714285,0.14285714285714285
task_0191,family_35,template_35,0.75,1.0,8,B-COLD,1,0,0,1,4050,4050,506.25,17,8120,0,120,0,0,1,0,0.99,4,0,0,0,0,0,0,0,0,0,0,0,0,0,,0.14285714285714285,0.0
task_0191,family_35,template_35,0.75,1.0,8,B-RAG-EMBED,1,0,0,1,4250,4250,506.25,18,8270,150,120,0,0,1,0,0.99,4,0,0,0,0,0,0,0,0,0,0,0,0,0,,0.14285714285714285,0.0
task_0191,family_35,template_35,0.75,1.0,8,B-STAGEHAND-CACHE,1,0,0,1,4050,4050,506.25,17,8120,0,120,0,0,1,0,0.99,4,0,0,0,0,0,0,0,0,0,0,0,0,0,,0.14285714285714285,0.0
task_0191,family_35,template_35,0.75,1.0,8,B-TERX-REPLAY,1,0,0,1,4050,4050,506.25,17,8120,0,120,0,0,1,0,0.99,4,0,0,0,0,0,0,0,0,0,0,0,0,0,,0.14285714285714285,0.0
task_0191,family_35,template_35,0.75,1.0,8,P-SPIDER-MEA-BATCHED,1,0,0,1,1220,1220,113.75,12,2125,150,120,7,1,1,0,0.9823,4,0,0,0,0,0,1,0,0,1,0,0,0,0,cb1d4c8cfaa07808,0.14285714285714285,0.14285714285714285
task_0191,family_35,template_35,0.75,1.0,8,NC1-SHUFFLED,1,0,1,1,1122,1122,101.57871547616875,13,2915,150,30,6,0,0,0,0.5342009021826674,2,1,1,1,1,1,1,0,0,0,1,0,0,0,cb1d4c8cfaa07808,0.0,0.0
task_0191,family_35,template_35,0.75,1.0,8,NC2-RANDOM,1,0,0,1,1071,1071,95.23483296064816,12,2035,150,30,7,0,0,0,0.5616857798824223,2,1,0,0,0,1,1,0,0,1,0,0,0,0,cb1d4c8cfaa07808,0.0,0.0
task_0191,family_35,template_35,0.75,1.0,8,NC3-LENGTH,1,0,0,1,4050,4050,500.0,17,8120,0,120,0,0,1,0,0.55,2,0,0,0,0,0,0,0,0,0,0,0,0,0,,0.14285714285714285,0.0
task_0191,family_35,template_35,0.75,1.0,8,NC4-ABLATION,0,1,0,1,1180,1180,108.75,12,2035,150,30,7,0,0,0,0.01,0,1,1,1,1,0,1,0,0,1,0,0,0,0,cb1d4c8cfaa07808,0.14285714285714285,0.14285714285714285
