task_id,family_id,template_id,novelty_fraction,realized_novelty,length,system,success,false_accept,unknown,precision,tokens,tokens_f10,per_hit,browser_calls,latency_ms,retrieval_ms,verification_ms,reused_steps,hit,verify_passed,repair_triggered,confidence,ECE_bin,wrong_bound,probeHit,auditorBlocked,curatedFlag
task_0000,family_00,template_00,0.0,0.0,8,P-SPIDER-MEA,1,0,0,1,470,470,20.0,3,380,0,120,1,1,1,0,0.85,4,0,True,False,1
task_0000,family_00,template_00,0.0,0.0,8,B-COLD,1,0,0,1,4050,4050,475.0,17,8120,150,120,0,0,1,0,0.5,2,0,False,False,0
task_0000,family_00,template_00,0.0,0.0,8,B-RAG-EMBED,1,0,0,1,650,650,50.0,10,1230,150,120,8,1,1,0,0.5,2,0,False,False,0
task_0000,family_00,template_00,0.0,0.0,8,B-STAGEHAND-CACHE,1,0,0,1,450,450,25.0,9,1080,150,120,8,1,1,0,0.5,2,0,False,False,0
task_0000,family_00,template_00,0.0,0.0,8,B-TERX-REPLAY,1,0,0,1,450,450,25.0,9,1080,150,120,8,1,1,0,0.5,2,0,False,False,0
task_0000,family_00,template_00,0.0,0.0,8,NC1-SHUFFLED,1,0,1,1,4050,4050,500.0,17,8120,0,120,0,0,1,0,0.4,2,0,False,False,0
task_0000,family_00,template_00,0.0,0.0,8,NC2-RANDOM,1,0,0,1,4050,4050,500.0,17,8120,0,120,0,0,1,1,0.8,4,0,False,False,0
task_0000,family_00,template_00,0.0,0.0,8,NC3-LENGTH,1,0,0,1,4050,4050,500,17,8120,0,120,0,0,1,0,0.5,2,0,False,False,0
task_0000,family_00,template_00,0.0,0.0,8,NC4-ABLATION,1,0,0,1,4450,4450,550.0,17,1080,0,120,8,1,1,0,0.8,4,0,False,False,0
task_0001,family_00,template_00,0.25,0.5,8,P-SPIDER-MEA,1,0,0,1,470,470,20.0,3,380,0,120,1,1,1,0,0.88,4,0,True,False,1
task_0001,family_00,template_00,0.25,0.5,8,B-COLD,1,0,0,1,4050,4050,475.0,17,8120,150,120,0,0,1,0,0.5,2,0,False,False,0
task_0001,family_00,template_00,0.25,0.5,8,B-RAG-EMBED,1,0,0,1,2450,2450,275.0,14,4750,150,120,4,1,1,0,0.5,2,0,False,False,0
task_0001,family_00,template_00,0.25,0.5,8,B-STAGEHAND-CACHE,1,0,0,1,4050,4050,475.0,17,8120,150,120,0,0,1,0,0.5,2,0,False,False,0
task_0001,family_00,template_00,0.25,0.5,8,B-TERX-REPLAY,1,0,0,1,4050,4050,475.0,17,8120,150,120,0,0,1,0,0.5,2,0,False,False,0
task_0001,family_00,template_00,0.25,0.5,8,NC1-SHUFFLED,1,0,1,1,4050,4050,500.0,17,8120,0,120,0,0,1,0,0.4,2,0,False,False,0
task_0001,family_00,template_00,0.25,0.5,8,NC2-RANDOM,1,0,0,1,4050,4050,500.0,17,8120,0,120,0,0,1,1,0.8,4,0,False,False,0
task_0001,family_00,template_00,0.25,0.5,8,NC3-LENGTH,1,0,0,1,4050,4050,500,17,8120,0,120,0,0,1,0,0.5,2,0,False,False,0
task_0001,family_00,template_00,0.25,0.5,8,NC4-ABLATION,0,1,0,0,4450,4450,550.0,17,1080,0,120,8,1,0,0,0.8,4,1,False,False,0
task_0002,family_00,template_00,0.5,0.5,8,P-SPIDER-MEA,1,0,0,1,470,470,20.0,3,380,0,120,1,1,1,0,0.93,4,0,True,False,1
task_0002,family_00,template_00,0.5,0.5,8,B-COLD,1,0,0,1,4050,4050,475.0,17,8120,150,120,0,0,1,0,0.5,2,0,False,False,0
task_0002,family_00,template_00,0.5,0.5,8,B-RAG-EMBED,1,0,0,1,2450,2450,275.0,14,4750,150,120,4,1,1,0,0.5,2,0,False,False,0
task_0002,family_00,template_00,0.5,0.5,8,B-STAGEHAND-CACHE,1,0,0,1,4050,4050,475.0,17,8120,150,120,0,0,1,0,0.5,2,0,False,False,0
task_0002,family_00,template_00,0.5,0.5,8,B-TERX-REPLAY,1,0,0,1,4050,4050,475.0,17,8120,150,120,0,0,1,0,0.5,2,0,False,False,0
task_0002,family_00,template_00,0.5,0.5,8,NC1-SHUFFLED,1,0,1,1,4050,4050,500.0,17,8120,0,120,0,0,1,0,0.4,2,0,False,False,0
task_0002,family_00,template_00,0.5,0.5,8,NC2-RANDOM,1,0,0,1,4050,4050,500.0,17,8120,0,120,0,0,1,1,0.8,4,0,False,False,0
task_0002,family_00,template_00,0.5,0.5,8,NC3-LENGTH,1,0,0,1,4050,4050,500,17,8120,0,120,0,0,1,0,0.5,2,0,False,False,0
task_0002,family_00,template_00,0.5,0.5,8,NC4-ABLATION,1,0,0,1,4450,4450,550.0,17,1080,0,120,8,1,1,0,0.8,4,0,False,False,0
task_0003,family_00,template_00,0.75,1.0,8,P-SPIDER-MEA,1,0,0,1,470,470,20.0,3,380,0,120,1,1,1,0,0.86,4,0,True,False,1
task_0003,family_00,template_00,0.75,1.0,8,B-COLD,1,0,0,1,4050,4050,475.0,17,8120,150,120,0,0,1,0,0.5,2,0,False,False,0
task_0003,family_00,template_00,0.75,1.0,8,B-RAG-EMBED,1,0,0,1,4250,4250,500.0,18,8270,150,120,0,0,1,0,0.5,2,0,False,False,0
task_0003,family_00,template_00,0.75,1.0,8,B-STAGEHAND-CACHE,1,0,0,1,4050,4050,475.0,17,8120,150,120,0,0,1,0,0.5,2,0,False,False,0
task_0003,family_00,template_00,0.75,1.0,8,B-TERX-REPLAY,1,0,0,1,4050,4050,475.0,17,8120,150,120,0,0,1,0,0.5,2,0,False,False,0
task_0003,family_00,template_00,0.75,1.0,8,NC1-SHUFFLED,1,0,1,1,4050,4050,500.0,17,8120,0,120,0,0,1,0,0.4,2,0,False,False,0
task_0003,family_00,template_00,0.75,1.0,8,NC2-RANDOM,1,0,0,1,4050,4050,500.0,17,8120,0,120,0,0,1,1,0.8,4,0,False,False,0
task_0003,family_00,template_00,0.75,1.0,8,NC3-LENGTH,1,0,0,1,4050,4050,500,17,8120,0,120,0,0,1,0,0.5,2,0,False,False,0
task_0003,family_00,template_00,0.75,1.0,8,NC4-ABLATION,0,1,0,0,4450,4450,550.0,17,1080,0,120,8,1,0,0,0.8,4,1,False,False,0
task_0004,family_00,template_00,1.0,1.0,8,P-SPIDER-MEA,1,0,0,1,470,470,20.0,3,380,0,120,1,1,1,0,0.85,4,0,True,False,1
task_0004,family_00,template_00,1.0,1.0,8,B-COLD,1,0,0,1,4050,4050,475.0,17,8120,150,120,0,0,1,0,0.5,2,0,False,False,0
task_0004,family_00,template_00,1.0,1.0,8,B-RAG-EMBED,1,0,0,1,4250,4250,500.0,18,8270,150,120,0,0,1,0,0.5,2,0,False,False,0
task_0004,family_00,template_00,1.0,1.0,8,B-STAGEHAND-CACHE,1,0,0,1,4050,4050,475.0,17,8120,150,120,0,0,1,0,0.5,2,0,False,False,0
task_0004,family_00,template_00,1.0,1.0,8,B-TERX-REPLAY,1,0,0,1,4050,4050,475.0,17,8120,150,120,0,0,1,0,0.5,2,0,False,False,0
task_0004,family_00,template_00,1.0,1.0,8,NC1-SHUFFLED,1,0,1,1,4050,4050,500.0,17,8120,0,120,0,0,1,0,0.4,2,0,False,False,0
task_0004,family_00,template_00,1.0,1.0,8,NC2-RANDOM,1,0,0,1,4050,4050,500.0,17,8120,0,120,0,0,1,1,0.8,4,0,False,False,0
task_0004,family_00,template_00,1.0,1.0,8,NC3-LENGTH,1,0,0,1,4050,4050,500,17,8120,0,120,0,0,1,0,0.5,2,0,False,False,0
task_0004,family_00,template_00,1.0,1.0,8,NC4-ABLATION,1,0,0,1,4450,4450,550.0,17,1080,0,120,8,1,1,0,0.8,4,0,False,False,0
task_0005,family_00,template_00,0.25,0.5,8,P-SPIDER-MEA,1,0,0,1,470,470,20.0,3,380,0,120,1,1,1,0,0.91,4,0,True,False,1
task_0005,family_00,template_00,0.25,0.5,8,B-COLD,1,0,0,1,4050,4050,475.0,17,8120,150,120,0,0,1,0,0.5,2,0,False,False,0
task_0005,family_00,template_00,0.25,0.5,8,B-RAG-EMBED,1,0,0,1,2450,2450,275.0,14,4750,150,120,4,1,1,0,0.5,2,0,False,False,0
task_0005,family_00,template_00,0.25,0.5,8,B-STAGEHAND-CACHE,1,0,0,1,4050,4050,475.0,17,8120,150,120,0,0,1,0,0.5,2,0,False,False,0
task_0005,family_00,template_00,0.25,0.5,8,B-TERX-REPLAY,1,0,0,1,4050,4050,475.0,17,8120,150,120,0,0,1,0,0.5,2,0,False,False,0
task_0005,family_00,template_00,0.25,0.5,8,NC1-SHUFFLED,1,0,1,1,4050,4050,500.0,17,8120,0,120,0,0,1,0,0.4,2,0,False,False,0
task_0005,family_00,template_00,0.25,0.5,8,NC2-RANDOM,1,0,0,1,4050,4050,500.0,17,8120,0,120,0,0,1,1,0.8,4,0,False,False,0
task_0005,family_00,template_00,0.25,0.5,8,NC3-LENGTH,1,0,0,1,4050,4050,500,17,8120,0,120,0,0,1,0,0.5,2,0,False,False,0
task_0005,family_00,template_00,0.25,0.5,8,NC4-ABLATION,1,0,0,1,4450,4450,550.0,17,1080,0,120,8,1,1,0,0.8,4,0,False,False,0
task_0006,family_01,template_01,0.0,0.0,9,P-SPIDER-MEA,1,0,0,1,470,470,17.77777777777778,3,380,0,120,1,1,1,0,0.87,4,0,True,False,1
task_0006,family_01,template_01,0.0,0.0,9,B-COLD,1,0,0,1,4550,4550,477.77777777777777,19,9120,150,120,0,0,1,0,0.5,2,0,False,False,0
task_0006,family_01,template_01,0.0,0.0,9,B-RAG-EMBED,1,0,0,1,700,700,50.0,11,1350,150,120,9,1,1,0,0.5,2,0,False,False,0
task_0006,family_01,template_01,0.0,0.0,9,B-STAGEHAND-CACHE,1,0,0,1,500,500,27.77777777777778,10,1200,150,120,9,1,1,0,0.5,2,0,False,False,0
task_0006,family_01,template_01,0.0,0.0,9,B-TERX-REPLAY,1,0,0,1,500,500,27.77777777777778,10,1200,150,120,9,1,1,0,0.5,2,0,False,False,0
task_0006,family_01,template_01,0.0,0.0,9,NC1-SHUFFLED,0,1,1,0,4550,4550,500.0,19,9120,0,120,0,0,0,0,0.4,2,1,False,False,0
task_0006,family_01,template_01,0.0,0.0,9,NC2-RANDOM,0,1,0,0,4550,4550,500.0,19,9120,0,120,0,0,0,1,0.8,4,1,False,False,0
task_0006,family_01,template_01,0.0,0.0,9,NC3-LENGTH,1,0,0,1,4550,4550,500,19,9120,0,120,0,0,1,0,0.5,2,0,False,False,0
task_0006,family_01,template_01,0.0,0.0,9,NC4-ABLATION,1,0,0,1,5000,5000,550.0,19,1200,0,120,9,1,1,0,0.8,4,0,False,False,0
task_0007,family_01,template_01,0.5,0.5,9,P-SPIDER-MEA,1,0,0,1,470,470,17.77777777777778,3,380,0,120,1,1,1,0,0.92,4,0,True,False,1
task_0007,family_01,template_01,0.5,0.5,9,B-COLD,1,0,0,1,4550,4550,477.77777777777777,19,9120,150,120,0,0,1,0,0.5,2,0,False,False,0
task_0007,family_01,template_01,0.5,0.5,9,B-RAG-EMBED,1,0,0,1,2500,2500,250.0,15,4870,150,120,5,1,1,0,0.5,2,0,False,False,0
task_0007,family_01,template_01,0.5,0.5,9,B-STAGEHAND-CACHE,1,0,0,1,4550,4550,477.77777777777777,19,9120,150,120,0,0,1,0,0.5,2,0,False,False,0
task_0007,family_01,template_01,0.5,0.5,9,B-TERX-REPLAY,1,0,0,1,4550,4550,477.77777777777777,19,9120,150,120,0,0,1,0,0.5,2,0,False,False,0
task_0007,family_01,template_01,0.5,0.5,9,NC1-SHUFFLED,0,1,1,0,4550,4550,500.0,19,9120,0,120,0,0,0,0,0.4,2,1,False,False,0
task_0007,family_01,template_01,0.5,0.5,9,NC2-RANDOM,0,1,0,0,4550,4550,500.0,19,9120,0,120,0,0,0,1,0.8,4,1,False,False,0
task_0007,family_01,template_01,0.5,0.5,9,NC3-LENGTH,1,0,0,1,4550,4550,500,19,9120,0,120,0,0,1,0,0.5,2,0,False,False,0
task_0007,family_01,template_01,0.5,0.5,9,NC4-ABLATION,0,1,0,0,5000,5000,550.0,19,1200,0,120,9,1,0,0,0.8,4,1,False,False,0
task_0008,family_01,template_01,0.75,1.0,9,P-SPIDER-MEA,1,0,0,1,470,470,17.77777777777778,3,380,0,120,1,1,1,0,0.92,4,0,True,False,1
task_0008,family_01,template_01,0.75,1.0,9,B-COLD,1,0,0,1,4550,4550,477.77777777777777,19,9120,150,120,0,0,1,0,0.5,2,0,False,False,0
task_0008,family_01,template_01,0.75,1.0,9,B-RAG-EMBED,1,0,0,1,4750,4750,500.0,20,9270,150,120,0,0,1,0,0.5,2,0,False,False,0
task_0008,family_01,template_01,0.75,1.0,9,B-STAGEHAND-CACHE,1,0,0,1,4550,4550,477.77777777777777,19,9120,150,120,0,0,1,0,0.5,2,0,False,False,0
task_0008,family_01,template_01,0.75,1.0,9,B-TERX-REPLAY,1,0,0,1,4550,4550,477.77777777777777,19,9120,150,120,0,0,1,0,0.5,2,0,False,False,0
task_0008,family_01,template_01,0.75,1.0,9,NC1-SHUFFLED,1,0,1,1,4550,4550,500.0,19,9120,0,120,0,0,1,0,0.4,2,0,False,False,0
task_0008,family_01,template_01,0.75,1.0,9,NC2-RANDOM,1,0,0,1,4550,4550,500.0,19,9120,0,120,0,0,1,1,0.8,4,0,False,False,0
task_0008,family_01,template_01,0.75,1.0,9,NC3-LENGTH,1,0,0,1,4550,4550,500,19,9120,0,120,0,0,1,0,0.5,2,0,False,False,0
task_0008,family_01,template_01,0.75,1.0,9,NC4-ABLATION,1,0,0,1,5000,5000,550.0,19,1200,0,120,9,1,1,0,0.8,4,0,False,False,0
task_0009,family_01,template_01,1.0,1.0,9,P-SPIDER-MEA,1,0,0,1,470,470,17.77777777777778,3,380,0,120,1,1,1,0,0.85,4,0,True,False,1
task_0009,family_01,template_01,1.0,1.0,9,B-COLD,1,0,0,1,4550,4550,477.77777777777777,19,9120,150,120,0,0,1,0,0.5,2,0,False,False,0
task_0009,family_01,template_01,1.0,1.0,9,B-RAG-EMBED,1,0,0,1,4750,4750,500.0,20,9270,150,120,0,0,1,0,0.5,2,0,False,False,0
task_0009,family_01,template_01,1.0,1.0,9,B-STAGEHAND-CACHE,1,0,0,1,4550,4550,477.77777777777777,19,9120,150,120,0,0,1,0,0.5,2,0,False,False,0
task_0009,family_01,template_01,1.0,1.0,9,B-TERX-REPLAY,1,0,0,1,4550,4550,477.77777777777777,19,9120,150,120,0,0,1,0,0.5,2,0,False,False,0
task_0009,family_01,template_01,1.0,1.0,9,NC1-SHUFFLED,1,0,1,1,4550,4550,500.0,19,9120,0,120,0,0,1,0,0.4,2,0,False,False,0
task_0009,family_01,template_01,1.0,1.0,9,NC2-RANDOM,1,0,0,1,4550,4550,500.0,19,9120,0,120,0,0,1,1,0.8,4,0,False,False,0
task_0009,family_01,template_01,1.0,1.0,9,NC3-LENGTH,1,0,0,1,4550,4550,500,19,9120,0,120,0,0,1,0,0.5,2,0,False,False,0
task_0009,family_01,template_01,1.0,1.0,9,NC4-ABLATION,1,0,0,1,5000,5000,550.0,19,1200,0,120,9,1,1,0,0.8,4,0,False,False,0
task_0010,family_01,template_01,0.25,0.5,9,P-SPIDER-MEA,1,0,0,1,470,470,17.77777777777778,3,380,0,120,1,1,1,0,0.93,4,0,True,False,1
task_0010,family_01,template_01,0.25,0.5,9,B-COLD,1,0,0,1,4550,4550,477.77777777777777,19,9120,150,120,0,0,1,0,0.5,2,0,False,False,0
task_0010,family_01,template_01,0.25,0.5,9,B-RAG-EMBED,1,0,0,1,2500,2500,250.0,15,4870,150,120,5,1,1,0,0.5,2,0,False,False,0
task_0010,family_01,template_01,0.25,0.5,9,B-STAGEHAND-CACHE,1,0,0,1,4550,4550,477.77777777777777,19,9120,150,120,0,0,1,0,0.5,2,0,False,False,0
task_0010,family_01,template_01,0.25,0.5,9,B-TERX-REPLAY,1,0,0,1,4550,4550,477.77777777777777,19,9120,150,120,0,0,1,0,0.5,2,0,False,False,0
task_0010,family_01,template_01,0.25,0.5,9,NC1-SHUFFLED,1,0,1,1,4550,4550,500.0,19,9120,0,120,0,0,1,0,0.4,2,0,False,False,0
task_0010,family_01,template_01,0.25,0.5,9,NC2-RANDOM,1,0,0,1,4550,4550,500.0,19,9120,0,120,0,0,1,1,0.8,4,0,False,False,0
task_0010,family_01,template_01,0.25,0.5,9,NC3-LENGTH,1,0,0,1,4550,4550,500,19,9120,0,120,0,0,1,0,0.5,2,0,False,False,0
task_0010,family_01,template_01,0.25,0.5,9,NC4-ABLATION,1,0,0,1,5000,5000,550.0,19,1200,0,120,9,1,1,0,0.8,4,0,False,False,0
task_0011,family_01,template_01,0.5,0.5,9,P-SPIDER-MEA,1,0,0,1,470,470,17.77777777777778,3,380,0,120,1,1,1,0,0.87,4,0,True,False,1
task_0011,family_01,template_01,0.5,0.5,9,B-COLD,1,0,0,1,4550,4550,477.77777777777777,19,9120,150,120,0,0,1,0,0.5,2,0,False,False,0
task_0011,family_01,template_01,0.5,0.5,9,B-RAG-EMBED,1,0,0,1,2500,2500,250.0,15,4870,150,120,5,1,1,0,0.5,2,0,False,False,0
task_0011,family_01,template_01,0.5,0.5,9,B-STAGEHAND-CACHE,1,0,0,1,4550,4550,477.77777777777777,19,9120,150,120,0,0,1,0,0.5,2,0,False,False,0
task_0011,family_01,template_01,0.5,0.5,9,B-TERX-REPLAY,1,0,0,1,4550,4550,477.77777777777777,19,9120,150,120,0,0,1,0,0.5,2,0,False,False,0
task_0011,family_01,template_01,0.5,0.5,9,NC1-SHUFFLED,1,0,1,1,4550,4550,500.0,19,9120,0,120,0,0,1,0,0.4,2,0,False,False,0
task_0011,family_01,template_01,0.5,0.5,9,NC2-RANDOM,1,0,0,1,4550,4550,500.0,19,9120,0,120,0,0,1,1,0.8,4,0,False,False,0
task_0011,family_01,template_01,0.5,0.5,9,NC3-LENGTH,1,0,0,1,4550,4550,500,19,9120,0,120,0,0,1,0,0.5,2,0,False,False,0
task_0011,family_01,template_01,0.5,0.5,9,NC4-ABLATION,1,0,0,1,5000,5000,550.0,19,1200,0,120,9,1,1,0,0.8,4,0,False,False,0
task_0012,family_02,template_02,0.0,0.0,10,P-SPIDER-MEA,1,0,0,1,470,470,16.0,3,380,0,120,1,1,1,0,0.89,4,0,True,False,1
task_0012,family_02,template_02,0.0,0.0,10,B-COLD,1,0,0,1,5050,5050,480.0,21,10120,150,120,0,0,1,0,0.5,2,0,False,False,0
task_0012,family_02,template_02,0.0,0.0,10,B-RAG-EMBED,1,0,0,1,750,750,50.0,12,1470,150,120,10,1,1,0,0.5,2,0,False,False,0
task_0012,family_02,template_02,0.0,0.0,10,B-STAGEHAND-CACHE,1,0,0,1,550,550,30.0,11,1320,150,120,10,1,1,0,0.5,2,0,False,False,0
task_0012,family_02,template_02,0.0,0.0,10,B-TERX-REPLAY,1,0,0,1,550,550,30.0,11,1320,150,120,10,1,1,0,0.5,2,0,False,False,0
task_0012,family_02,template_02,0.0,0.0,10,NC1-SHUFFLED,1,0,1,1,5050,5050,500.0,21,10120,0,120,0,0,1,0,0.4,2,0,False,False,0
task_0012,family_02,template_02,0.0,0.0,10,NC2-RANDOM,1,0,0,1,5050,5050,500.0,21,10120,0,120,0,0,1,1,0.8,4,0,False,False,0
task_0012,family_02,template_02,0.0,0.0,10,NC3-LENGTH,1,0,0,1,5050,5050,500,21,10120,0,120,0,0,1,0,0.5,2,0,False,False,0
task_0012,family_02,template_02,0.0,0.0,10,NC4-ABLATION,0,1,0,0,5550,5550,550.0,21,1320,0,120,10,1,0,0,0.8,4,1,False,False,0
task_0013,family_02,template_02,0.75,0.6667,10,P-SPIDER-MEA,1,0,0,1,470,470,16.0,3,380,0,120,1,1,1,0,0.86,4,0,True,False,1
task_0013,family_02,template_02,0.75,0.6667,10,B-COLD,1,0,0,1,5050,5050,480.0,21,10120,150,120,0,0,1,0,0.5,2,0,False,False,0
task_0013,family_02,template_02,0.75,0.6667,10,B-RAG-EMBED,1,0,0,1,3900,3900,365.0,19,7630,150,120,3,1,1,0,0.5,2,0,False,False,0
task_0013,family_02,template_02,0.75,0.6667,10,B-STAGEHAND-CACHE,1,0,0,1,5050,5050,480.0,21,10120,150,120,0,0,1,0,0.5,2,0,False,False,0
task_0013,family_02,template_02,0.75,0.6667,10,B-TERX-REPLAY,1,0,0,1,5050,5050,480.0,21,10120,150,120,0,0,1,0,0.5,2,0,False,False,0
task_0013,family_02,template_02,0.75,0.6667,10,NC1-SHUFFLED,0,1,1,0,5050,5050,500.0,21,10120,0,120,0,0,0,0,0.4,2,1,False,False,0
task_0013,family_02,template_02,0.75,0.6667,10,NC2-RANDOM,0,1,0,0,5050,5050,500.0,21,10120,0,120,0,0,0,1,0.8,4,1,False,False,0
task_0013,family_02,template_02,0.75,0.6667,10,NC3-LENGTH,1,0,0,1,5050,5050,500,21,10120,0,120,0,0,1,0,0.5,2,0,False,False,0
task_0013,family_02,template_02,0.75,0.6667,10,NC4-ABLATION,1,0,0,1,5550,5550,550.0,21,1320,0,120,10,1,1,0,0.8,4,0,False,False,0
task_0014,family_02,template_02,1.0,1.0,10,P-SPIDER-MEA,1,0,0,1,470,470,16.0,3,380,0,120,1,1,1,0,0.92,4,0,True,False,1
task_0014,family_02,template_02,1.0,1.0,10,B-COLD,1,0,0,1,5050,5050,480.0,21,10120,150,120,0,0,1,0,0.5,2,0,False,False,0
task_0014,family_02,template_02,1.0,1.0,10,B-RAG-EMBED,1,0,0,1,5250,5250,500.0,22,10270,150,120,0,0,1,0,0.5,2,0,False,False,0
task_0014,family_02,template_02,1.0,1.0,10,B-STAGEHAND-CACHE,1,0,0,1,5050,5050,480.0,21,10120,150,120,0,0,1,0,0.5,2,0,False,False,0
task_0014,family_02,template_02,1.0,1.0,10,B-TERX-REPLAY,1,0,0,1,5050,5050,480.0,21,10120,150,120,0,0,1,0,0.5,2,0,False,False,0
task_0014,family_02,template_02,1.0,1.0,10,NC1-SHUFFLED,1,0,1,1,5050,5050,500.0,21,10120,0,120,0,0,1,0,0.4,2,0,False,False,0
task_0014,family_02,template_02,1.0,1.0,10,NC2-RANDOM,1,0,0,1,5050,5050,500.0,21,10120,0,120,0,0,1,1,0.8,4,0,False,False,0
task_0014,family_02,template_02,1.0,1.0,10,NC3-LENGTH,1,0,0,1,5050,5050,500,21,10120,0,120,0,0,1,0,0.5,2,0,False,False,0
task_0014,family_02,template_02,1.0,1.0,10,NC4-ABLATION,1,0,0,1,5550,5550,550.0,21,1320,0,120,10,1,1,0,0.8,4,0,False,False,0
task_0015,family_02,template_02,0.25,0.3333,10,P-SPIDER-MEA,1,0,0,1,470,470,16.0,3,380,0,120,1,1,1,0,0.94,4,0,True,False,1
task_0015,family_02,template_02,0.25,0.3333,10,B-COLD,1,0,0,1,5050,5050,480.0,21,10120,150,120,0,0,1,0,0.5,2,0,False,False,0
task_0015,family_02,template_02,0.25,0.3333,10,B-RAG-EMBED,1,0,0,1,2100,2100,185.0,15,4110,150,120,7,1,1,0,0.5,2,0,False,False,0
task_0015,family_02,template_02,0.25,0.3333,10,B-STAGEHAND-CACHE,1,0,0,1,5050,5050,480.0,21,10120,150,120,0,0,1,0,0.5,2,0,False,False,0
task_0015,family_02,template_02,0.25,0.3333,10,B-TERX-REPLAY,1,0,0,1,5050,5050,480.0,21,10120,150,120,0,0,1,0,0.5,2,0,False,False,0
task_0015,family_02,template_02,0.25,0.3333,10,NC1-SHUFFLED,1,0,1,1,5050,5050,500.0,21,10120,0,120,0,0,1,0,0.4,2,0,False,False,0
task_0015,family_02,template_02,0.25,0.3333,10,NC2-RANDOM,1,0,0,1,5050,5050,500.0,21,10120,0,120,0,0,1,1,0.8,4,0,False,False,0
task_0015,family_02,template_02,0.25,0.3333,10,NC3-LENGTH,1,0,0,1,5050,5050,500,21,10120,0,120,0,0,1,0,0.5,2,0,False,False,0
task_0015,family_02,template_02,0.25,0.3333,10,NC4-ABLATION,1,0,0,1,5550,5550,550.0,21,1320,0,120,10,1,1,0,0.8,4,0,False,False,0
task_0016,family_02,template_02,0.5,0.6667,10,P-SPIDER-MEA,1,0,0,1,470,470,16.0,3,380,0,120,1,1,1,0,0.97,4,0,True,False,1
task_0016,family_02,template_02,0.5,0.6667,10,B-COLD,1,0,0,1,5050,5050,480.0,21,10120,150,120,0,0,1,0,0.5,2,0,False,False,0
task_0016,family_02,template_02,0.5,0.6667,10,B-RAG-EMBED,1,0,0,1,3900,3900,365.0,19,7630,150,120,3,1,1,0,0.5,2,0,False,False,0
task_0016,family_02,template_02,0.5,0.6667,10,B-STAGEHAND-CACHE,1,0,0,1,5050,5050,480.0,21,10120,150,120,0,0,1,0,0.5,2,0,False,False,0
task_0016,family_02,template_02,0.5,0.6667,10,B-TERX-REPLAY,1,0,0,1,5050,5050,480.0,21,10120,150,120,0,0,1,0,0.5,2,0,False,False,0
task_0016,family_02,template_02,0.5,0.6667,10,NC1-SHUFFLED,1,0,1,1,5050,5050,500.0,21,10120,0,120,0,0,1,0,0.4,2,0,False,False,0
task_0016,family_02,template_02,0.5,0.6667,10,NC2-RANDOM,1,0,0,1,5050,5050,500.0,21,10120,0,120,0,0,1,1,0.8,4,0,False,False,0
task_0016,family_02,template_02,0.5,0.6667,10,NC3-LENGTH,1,0,0,1,5050,5050,500,21,10120,0,120,0,0,1,0,0.5,2,0,False,False,0
task_0016,family_02,template_02,0.5,0.6667,10,NC4-ABLATION,1,0,0,1,5550,5550,550.0,21,1320,0,120,10,1,1,0,0.8,4,0,False,False,0
task_0017,family_02,template_02,0.75,0.6667,10,P-SPIDER-MEA,1,0,0,1,470,470,16.0,3,380,0,120,1,1,1,0,0.92,4,0,True,False,1
task_0017,family_02,template_02,0.75,0.6667,10,B-COLD,1,0,0,1,5050,5050,480.0,21,10120,150,120,0,0,1,0,0.5,2,0,False,False,0
task_0017,family_02,template_02,0.75,0.6667,10,B-RAG-EMBED,1,0,0,1,3900,3900,365.0,19,7630,150,120,3,1,1,0,0.5,2,0,False,False,0
task_0017,family_02,template_02,0.75,0.6667,10,B-STAGEHAND-CACHE,1,0,0,1,5050,5050,480.0,21,10120,150,120,0,0,1,0,0.5,2,0,False,False,0
task_0017,family_02,template_02,0.75,0.6667,10,B-TERX-REPLAY,1,0,0,1,5050,5050,480.0,21,10120,150,120,0,0,1,0,0.5,2,0,False,False,0
task_0017,family_02,template_02,0.75,0.6667,10,NC1-SHUFFLED,1,0,1,1,5050,5050,500.0,21,10120,0,120,0,0,1,0,0.4,2,0,False,False,0
task_0017,family_02,template_02,0.75,0.6667,10,NC2-RANDOM,1,0,0,1,5050,5050,500.0,21,10120,0,120,0,0,1,1,0.8,4,0,False,False,0
task_0017,family_02,template_02,0.75,0.6667,10,NC3-LENGTH,1,0,0,1,5050,5050,500,21,10120,0,120,0,0,1,0,0.5,2,0,False,False,0
task_0017,family_02,template_02,0.75,0.6667,10,NC4-ABLATION,1,0,0,1,5550,5550,550.0,21,1320,0,120,10,1,1,0,0.8,4,0,False,False,0
task_0018,family_03,template_03,0.0,0.0,11,P-SPIDER-MEA,1,0,0,1,470,470,14.545454545454545,3,380,0,120,1,1,1,0,0.92,4,0,True,False,1
task_0018,family_03,template_03,0.0,0.0,11,B-COLD,1,0,0,1,5550,5550,481.8181818181818,23,11120,150,120,0,0,1,0,0.5,2,0,False,False,0
task_0018,family_03,template_03,0.0,0.0,11,B-RAG-EMBED,1,0,0,1,800,800,50.0,13,1590,150,120,11,1,1,0,0.5,2,0,False,False,0
task_0018,family_03,template_03,0.0,0.0,11,B-STAGEHAND-CACHE,1,0,0,1,600,600,31.818181818181817,12,1440,150,120,11,1,1,0,0.5,2,0,False,False,0
task_0018,family_03,template_03,0.0,0.0,11,B-TERX-REPLAY,1,0,0,1,600,600,31.818181818181817,12,1440,150,120,11,1,1,0,0.5,2,0,False,False,0
task_0018,family_03,template_03,0.0,0.0,11,NC1-SHUFFLED,1,0,1,1,5550,5550,500.0,23,11120,0,120,0,0,1,0,0.4,2,0,False,False,0
task_0018,family_03,template_03,0.0,0.0,11,NC2-RANDOM,1,0,0,1,5550,5550,500.0,23,11120,0,120,0,0,1,1,0.8,4,0,False,False,0
task_0018,family_03,template_03,0.0,0.0,11,NC3-LENGTH,1,0,0,1,5550,5550,500,23,11120,0,120,0,0,1,0,0.5,2,0,False,False,0
task_0018,family_03,template_03,0.0,0.0,11,NC4-ABLATION,0,1,0,0,6100,6100,550.0,23,1440,0,120,11,1,0,0,0.8,4,1,False,False,0
task_0019,family_03,template_03,1.0,1.0,11,P-SPIDER-MEA,1,0,0,1,470,470,14.545454545454545,3,380,0,120,1,1,1,0,0.92,4,0,True,False,1
task_0019,family_03,template_03,1.0,1.0,11,B-COLD,1,0,0,1,5550,5550,481.8181818181818,23,11120,150,120,0,0,1,0,0.5,2,0,False,False,0
task_0019,family_03,template_03,1.0,1.0,11,B-RAG-EMBED,1,0,0,1,5750,5750,500.0,24,11270,150,120,0,0,1,0,0.5,2,0,False,False,0
task_0019,family_03,template_03,1.0,1.0,11,B-STAGEHAND-CACHE,1,0,0,1,5550,5550,481.8181818181818,23,11120,150,120,0,0,1,0,0.5,2,0,False,False,0
task_0019,family_03,template_03,1.0,1.0,11,B-TERX-REPLAY,1,0,0,1,5550,5550,481.8181818181818,23,11120,150,120,0,0,1,0,0.5,2,0,False,False,0
task_0019,family_03,template_03,1.0,1.0,11,NC1-SHUFFLED,1,0,1,1,5550,5550,500.0,23,11120,0,120,0,0,1,0,0.4,2,0,False,False,0
task_0019,family_03,template_03,1.0,1.0,11,NC2-RANDOM,1,0,0,1,5550,5550,500.0,23,11120,0,120,0,0,1,1,0.8,4,0,False,False,0
task_0019,family_03,template_03,1.0,1.0,11,NC3-LENGTH,1,0,0,1,5550,5550,500,23,11120,0,120,0,0,1,0,0.5,2,0,False,False,0
task_0019,family_03,template_03,1.0,1.0,11,NC4-ABLATION,1,0,0,1,6100,6100,550.0,23,1440,0,120,11,1,1,0,0.8,4,0,False,False,0
task_0020,family_03,template_03,0.25,0.0,11,P-SPIDER-MEA,1,0,0,1,470,470,14.545454545454545,3,380,0,120,1,1,1,0,0.86,4,0,True,False,1
task_0020,family_03,template_03,0.25,0.0,11,B-COLD,1,0,0,1,5550,5550,481.8181818181818,23,11120,150,120,0,0,1,0,0.5,2,0,False,False,0
task_0020,family_03,template_03,0.25,0.0,11,B-RAG-EMBED,1,0,0,1,800,800,50.0,13,1590,150,120,11,1,1,0,0.5,2,0,False,False,0
task_0020,family_03,template_03,0.25,0.0,11,B-STAGEHAND-CACHE,1,0,0,1,5550,5550,481.8181818181818,23,11120,150,120,0,0,1,0,0.5,2,0,False,False,0
task_0020,family_03,template_03,0.25,0.0,11,B-TERX-REPLAY,1,0,0,1,5550,5550,481.8181818181818,23,11120,150,120,0,0,1,0,0.5,2,0,False,False,0
task_0020,family_03,template_03,0.25,0.0,11,NC1-SHUFFLED,1,0,1,1,5550,5550,500.0,23,11120,0,120,0,0,1,0,0.4,2,0,False,False,0
task_0020,family_03,template_03,0.25,0.0,11,NC2-RANDOM,1,0,0,1,5550,5550,500.0,23,11120,0,120,0,0,1,1,0.8,4,0,False,False,0
task_0020,family_03,template_03,0.25,0.0,11,NC3-LENGTH,1,0,0,1,5550,5550,500,23,11120,0,120,0,0,1,0,0.5,2,0,False,False,0
task_0020,family_03,template_03,0.25,0.0,11,NC4-ABLATION,1,0,0,1,6100,6100,550.0,23,1440,0,120,11,1,1,0,0.8,4,0,False,False,0
task_0021,family_03,template_03,0.5,1.0,11,P-SPIDER-MEA,1,0,0,1,470,470,14.545454545454545,3,380,0,120,1,1,1,0,0.88,4,0,True,False,1
task_0021,family_03,template_03,0.5,1.0,11,B-COLD,1,0,0,1,5550,5550,481.8181818181818,23,11120,150,120,0,0,1,0,0.5,2,0,False,False,0
task_0021,family_03,template_03,0.5,1.0,11,B-RAG-EMBED,1,0,0,1,5750,5750,500.0,24,11270,150,120,0,0,1,0,0.5,2,0,False,False,0
task_0021,family_03,template_03,0.5,1.0,11,B-STAGEHAND-CACHE,1,0,0,1,5550,5550,481.8181818181818,23,11120,150,120,0,0,1,0,0.5,2,0,False,False,0
task_0021,family_03,template_03,0.5,1.0,11,B-TERX-REPLAY,1,0,0,1,5550,5550,481.8181818181818,23,11120,150,120,0,0,1,0,0.5,2,0,False,False,0
task_0021,family_03,template_03,0.5,1.0,11,NC1-SHUFFLED,0,1,1,0,5550,5550,500.0,23,11120,0,120,0,0,0,0,0.4,2,1,False,False,0
task_0021,family_03,template_03,0.5,1.0,11,NC2-RANDOM,0,1,0,0,5550,5550,500.0,23,11120,0,120,0,0,0,1,0.8,4,1,False,False,0
task_0021,family_03,template_03,0.5,1.0,11,NC3-LENGTH,1,0,0,1,5550,5550,500,23,11120,0,120,0,0,1,0,0.5,2,0,False,False,0
task_0021,family_03,template_03,0.5,1.0,11,NC4-ABLATION,1,0,0,1,6100,6100,550.0,23,1440,0,120,11,1,1,0,0.8,4,0,False,False,0
task_0022,family_03,template_03,0.75,1.0,11,P-SPIDER-MEA,1,0,0,1,470,470,14.545454545454545,3,380,0,120,1,1,1,0,0.88,4,0,True,False,1
task_0022,family_03,template_03,0.75,1.0,11,B-COLD,1,0,0,1,5550,5550,481.8181818181818,23,11120,150,120,0,0,1,0,0.5,2,0,False,False,0
task_0022,family_03,template_03,0.75,1.0,11,B-RAG-EMBED,1,0,0,1,5750,5750,500.0,24,11270,150,120,0,0,1,0,0.5,2,0,False,False,0
task_0022,family_03,template_03,0.75,1.0,11,B-STAGEHAND-CACHE,1,0,0,1,5550,5550,481.8181818181818,23,11120,150,120,0,0,1,0,0.5,2,0,False,False,0
task_0022,family_03,template_03,0.75,1.0,11,B-TERX-REPLAY,1,0,0,1,5550,5550,481.8181818181818,23,11120,150,120,0,0,1,0,0.5,2,0,False,False,0
task_0022,family_03,template_03,0.75,1.0,11,NC1-SHUFFLED,1,0,1,1,5550,5550,500.0,23,11120,0,120,0,0,1,0,0.4,2,0,False,False,0
task_0022,family_03,template_03,0.75,1.0,11,NC2-RANDOM,1,0,0,1,5550,5550,500.0,23,11120,0,120,0,0,1,1,0.8,4,0,False,False,0
task_0022,family_03,template_03,0.75,1.0,11,NC3-LENGTH,1,0,0,1,5550,5550,500,23,11120,0,120,0,0,1,0,0.5,2,0,False,False,0
task_0022,family_03,template_03,0.75,1.0,11,NC4-ABLATION,0,1,0,0,6100,6100,550.0,23,1440,0,120,11,1,0,0,0.8,4,1,False,False,0
task_0023,family_03,template_03,1.0,1.0,11,P-SPIDER-MEA,1,0,0,1,470,470,14.545454545454545,3,380,0,120,1,1,1,0,0.88,4,0,True,False,1
task_0023,family_03,template_03,1.0,1.0,11,B-COLD,1,0,0,1,5550,5550,481.8181818181818,23,11120,150,120,0,0,1,0,0.5,2,0,False,False,0
task_0023,family_03,template_03,1.0,1.0,11,B-RAG-EMBED,1,0,0,1,5750,5750,500.0,24,11270,150,120,0,0,1,0,0.5,2,0,False,False,0
task_0023,family_03,template_03,1.0,1.0,11,B-STAGEHAND-CACHE,1,0,0,1,5550,5550,481.8181818181818,23,11120,150,120,0,0,1,0,0.5,2,0,False,False,0
task_0023,family_03,template_03,1.0,1.0,11,B-TERX-REPLAY,1,0,0,1,5550,5550,481.8181818181818,23,11120,150,120,0,0,1,0,0.5,2,0,False,False,0
task_0023,family_03,template_03,1.0,1.0,11,NC1-SHUFFLED,0,1,1,0,5550,5550,500.0,23,11120,0,120,0,0,0,0,0.4,2,1,False,False,0
task_0023,family_03,template_03,1.0,1.0,11,NC2-RANDOM,0,1,0,0,5550,5550,500.0,23,11120,0,120,0,0,0,1,0.8,4,1,False,False,0
task_0023,family_03,template_03,1.0,1.0,11,NC3-LENGTH,1,0,0,1,5550,5550,500,23,11120,0,120,0,0,1,0,0.5,2,0,False,False,0
task_0023,family_03,template_03,1.0,1.0,11,NC4-ABLATION,0,1,0,0,6100,6100,550.0,23,1440,0,120,11,1,0,0,0.8,4,1,False,False,0
task_0024,family_04,template_04,0.0,0.0,12,P-SPIDER-MEA,1,0,0,1,470,470,13.333333333333334,3,380,0,120,1,1,1,0,0.89,4,0,True,False,1
task_0024,family_04,template_04,0.0,0.0,12,B-COLD,1,0,0,1,6050,6050,483.3333333333333,25,12120,150,120,0,0,1,0,0.5,2,0,False,False,0
task_0024,family_04,template_04,0.0,0.0,12,B-RAG-EMBED,1,0,0,1,850,850,50.0,14,1710,150,120,12,1,1,0,0.5,2,0,False,False,0
task_0024,family_04,template_04,0.0,0.0,12,B-STAGEHAND-CACHE,1,0,0,1,650,650,33.333333333333336,13,1560,150,120,12,1,1,0,0.5,2,0,False,False,0
task_0024,family_04,template_04,0.0,0.0,12,B-TERX-REPLAY,1,0,0,1,650,650,33.333333333333336,13,1560,150,120,12,1,1,0,0.5,2,0,False,False,0
task_0024,family_04,template_04,0.0,0.0,12,NC1-SHUFFLED,1,0,1,1,6050,6050,500.0,25,12120,0,120,0,0,1,0,0.4,2,0,False,False,0
task_0024,family_04,template_04,0.0,0.0,12,NC2-RANDOM,1,0,0,1,6050,6050,500.0,25,12120,0,120,0,0,1,1,0.8,4,0,False,False,0
task_0024,family_04,template_04,0.0,0.0,12,NC3-LENGTH,1,0,0,1,6050,6050,500,25,12120,0,120,0,0,1,0,0.5,2,0,False,False,0
task_0024,family_04,template_04,0.0,0.0,12,NC4-ABLATION,1,0,0,1,6650,6650,550.0,25,1560,0,120,12,1,1,0,0.8,4,0,False,False,0
task_0025,family_04,template_04,0.25,0.5,12,P-SPIDER-MEA,1,0,0,1,470,470,13.333333333333334,3,380,0,120,1,1,1,0,0.88,4,0,True,False,1
task_0025,family_04,template_04,0.25,0.5,12,B-COLD,1,0,0,1,6050,6050,483.3333333333333,25,12120,150,120,0,0,1,0,0.5,2,0,False,False,0
task_0025,family_04,template_04,0.25,0.5,12,B-RAG-EMBED,1,0,0,1,3550,3550,275.0,20,6990,150,120,6,1,1,0,0.5,2,0,False,False,0
task_0025,family_04,template_04,0.25,0.5,12,B-STAGEHAND-CACHE,1,0,0,1,6050,6050,483.3333333333333,25,12120,150,120,0,0,1,0,0.5,2,0,False,False,0
task_0025,family_04,template_04,0.25,0.5,12,B-TERX-REPLAY,1,0,0,1,6050,6050,483.3333333333333,25,12120,150,120,0,0,1,0,0.5,2,0,False,False,0
task_0025,family_04,template_04,0.25,0.5,12,NC1-SHUFFLED,1,0,1,1,6050,6050,500.0,25,12120,0,120,0,0,1,0,0.4,2,0,False,False,0
task_0025,family_04,template_04,0.25,0.5,12,NC2-RANDOM,1,0,0,1,6050,6050,500.0,25,12120,0,120,0,0,1,1,0.8,4,0,False,False,0
task_0025,family_04,template_04,0.25,0.5,12,NC3-LENGTH,1,0,0,1,6050,6050,500,25,12120,0,120,0,0,1,0,0.5,2,0,False,False,0
task_0025,family_04,template_04,0.25,0.5,12,NC4-ABLATION,0,1,0,0,6650,6650,550.0,25,1560,0,120,12,1,0,0,0.8,4,1,False,False,0
task_0026,family_04,template_04,0.5,0.5,12,P-SPIDER-MEA,1,0,0,1,470,470,13.333333333333334,3,380,0,120,1,1,1,0,0.96,4,0,True,False,1
task_0026,family_04,template_04,0.5,0.5,12,B-COLD,1,0,0,1,6050,6050,483.3333333333333,25,12120,150,120,0,0,1,0,0.5,2,0,False,False,0
task_0026,family_04,template_04,0.5,0.5,12,B-RAG-EMBED,1,0,0,1,3550,3550,275.0,20,6990,150,120,6,1,1,0,0.5,2,0,False,False,0
task_0026,family_04,template_04,0.5,0.5,12,B-STAGEHAND-CACHE,1,0,0,1,6050,6050,483.3333333333333,25,12120,150,120,0,0,1,0,0.5,2,0,False,False,0
task_0026,family_04,template_04,0.5,0.5,12,B-TERX-REPLAY,1,0,0,1,6050,6050,483.3333333333333,25,12120,150,120,0,0,1,0,0.5,2,0,False,False,0
task_0026,family_04,template_04,0.5,0.5,12,NC1-SHUFFLED,0,1,1,0,6050,6050,500.0,25,12120,0,120,0,0,0,0,0.4,2,1,False,False,0
task_0026,family_04,template_04,0.5,0.5,12,NC2-RANDOM,0,1,0,0,6050,6050,500.0,25,12120,0,120,0,0,0,1,0.8,4,1,False,False,0
task_0026,family_04,template_04,0.5,0.5,12,NC3-LENGTH,1,0,0,1,6050,6050,500,25,12120,0,120,0,0,1,0,0.5,2,0,False,False,0
task_0026,family_04,template_04,0.5,0.5,12,NC4-ABLATION,0,1,0,0,6650,6650,550.0,25,1560,0,120,12,1,0,0,0.8,4,1,False,False,0
task_0027,family_04,template_04,0.75,1.0,12,P-SPIDER-MEA,1,0,0,1,470,470,13.333333333333334,3,380,0,120,1,1,1,0,0.92,4,0,True,False,1
task_0027,family_04,template_04,0.75,1.0,12,B-COLD,1,0,0,1,6050,6050,483.3333333333333,25,12120,150,120,0,0,1,0,0.5,2,0,False,False,0
task_0027,family_04,template_04,0.75,1.0,12,B-RAG-EMBED,1,0,0,1,6250,6250,500.0,26,12270,150,120,0,0,1,0,0.5,2,0,False,False,0
task_0027,family_04,template_04,0.75,1.0,12,B-STAGEHAND-CACHE,1,0,0,1,6050,6050,483.3333333333333,25,12120,150,120,0,0,1,0,0.5,2,0,False,False,0
task_0027,family_04,template_04,0.75,1.0,12,B-TERX-REPLAY,1,0,0,1,6050,6050,483.3333333333333,25,12120,150,120,0,0,1,0,0.5,2,0,False,False,0
task_0027,family_04,template_04,0.75,1.0,12,NC1-SHUFFLED,1,0,1,1,6050,6050,500.0,25,12120,0,120,0,0,1,0,0.4,2,0,False,False,0
task_0027,family_04,template_04,0.75,1.0,12,NC2-RANDOM,1,0,0,1,6050,6050,500.0,25,12120,0,120,0,0,1,1,0.8,4,0,False,False,0
task_0027,family_04,template_04,0.75,1.0,12,NC3-LENGTH,1,0,0,1,6050,6050,500,25,12120,0,120,0,0,1,0,0.5,2,0,False,False,0
task_0027,family_04,template_04,0.75,1.0,12,NC4-ABLATION,1,0,0,1,6650,6650,550.0,25,1560,0,120,12,1,1,0,0.8,4,0,False,False,0
task_0028,family_04,template_04,1.0,1.0,12,P-SPIDER-MEA,1,0,0,1,470,470,13.333333333333334,3,380,0,120,1,1,1,0,0.94,4,0,True,False,1
task_0028,family_04,template_04,1.0,1.0,12,B-COLD,1,0,0,1,6050,6050,483.3333333333333,25,12120,150,120,0,0,1,0,0.5,2,0,False,False,0
task_0028,family_04,template_04,1.0,1.0,12,B-RAG-EMBED,1,0,0,1,6250,6250,500.0,26,12270,150,120,0,0,1,0,0.5,2,0,False,False,0
task_0028,family_04,template_04,1.0,1.0,12,B-STAGEHAND-CACHE,1,0,0,1,6050,6050,483.3333333333333,25,12120,150,120,0,0,1,0,0.5,2,0,False,False,0
task_0028,family_04,template_04,1.0,1.0,12,B-TERX-REPLAY,1,0,0,1,6050,6050,483.3333333333333,25,12120,150,120,0,0,1,0,0.5,2,0,False,False,0
task_0028,family_04,template_04,1.0,1.0,12,NC1-SHUFFLED,1,0,1,1,6050,6050,500.0,25,12120,0,120,0,0,1,0,0.4,2,0,False,False,0
task_0028,family_04,template_04,1.0,1.0,12,NC2-RANDOM,1,0,0,1,6050,6050,500.0,25,12120,0,120,0,0,1,1,0.8,4,0,False,False,0
task_0028,family_04,template_04,1.0,1.0,12,NC3-LENGTH,1,0,0,1,6050,6050,500,25,12120,0,120,0,0,1,0,0.5,2,0,False,False,0
task_0028,family_04,template_04,1.0,1.0,12,NC4-ABLATION,1,0,0,1,6650,6650,550.0,25,1560,0,120,12,1,1,0,0.8,4,0,False,False,0
task_0029,family_04,template_04,0.25,0.5,12,P-SPIDER-MEA,1,0,0,1,470,470,13.333333333333334,3,380,0,120,1,1,1,0,0.9,4,0,True,False,1
task_0029,family_04,template_04,0.25,0.5,12,B-COLD,1,0,0,1,6050,6050,483.3333333333333,25,12120,150,120,0,0,1,0,0.5,2,0,False,False,0
task_0029,family_04,template_04,0.25,0.5,12,B-RAG-EMBED,1,0,0,1,3550,3550,275.0,20,6990,150,120,6,1,1,0,0.5,2,0,False,False,0
task_0029,family_04,template_04,0.25,0.5,12,B-STAGEHAND-CACHE,1,0,0,1,6050,6050,483.3333333333333,25,12120,150,120,0,0,1,0,0.5,2,0,False,False,0
task_0029,family_04,template_04,0.25,0.5,12,B-TERX-REPLAY,1,0,0,1,6050,6050,483.3333333333333,25,12120,150,120,0,0,1,0,0.5,2,0,False,False,0
task_0029,family_04,template_04,0.25,0.5,12,NC1-SHUFFLED,1,0,1,1,6050,6050,500.0,25,12120,0,120,0,0,1,0,0.4,2,0,False,False,0
task_0029,family_04,template_04,0.25,0.5,12,NC2-RANDOM,1,0,0,1,6050,6050,500.0,25,12120,0,120,0,0,1,1,0.8,4,0,False,False,0
task_0029,family_04,template_04,0.25,0.5,12,NC3-LENGTH,1,0,0,1,6050,6050,500,25,12120,0,120,0,0,1,0,0.5,2,0,False,False,0
task_0029,family_04,template_04,0.25,0.5,12,NC4-ABLATION,1,0,0,1,6650,6650,550.0,25,1560,0,120,12,1,1,0,0.8,4,0,False,False,0
task_0030,family_05,template_05,0.0,0.0,13,P-SPIDER-MEA,1,0,0,1,470,470,12.307692307692308,3,380,0,120,1,1,1,0,0.93,4,0,True,False,1
task_0030,family_05,template_05,0.0,0.0,13,B-COLD,1,0,0,1,6550,6550,484.61538461538464,27,13120,150,120,0,0,1,0,0.5,2,0,False,False,0
task_0030,family_05,template_05,0.0,0.0,13,B-RAG-EMBED,1,0,0,1,900,900,50.0,15,1830,150,120,13,1,1,0,0.5,2,0,False,False,0
task_0030,family_05,template_05,0.0,0.0,13,B-STAGEHAND-CACHE,1,0,0,1,700,700,34.61538461538461,14,1680,150,120,13,1,1,0,0.5,2,0,False,False,0
task_0030,family_05,template_05,0.0,0.0,13,B-TERX-REPLAY,1,0,0,1,700,700,34.61538461538461,14,1680,150,120,13,1,1,0,0.5,2,0,False,False,0
task_0030,family_05,template_05,0.0,0.0,13,NC1-SHUFFLED,0,1,1,0,6550,6550,500.0,27,13120,0,120,0,0,0,0,0.4,2,1,False,False,0
task_0030,family_05,template_05,0.0,0.0,13,NC2-RANDOM,0,1,0,0,6550,6550,500.0,27,13120,0,120,0,0,0,1,0.8,4,1,False,False,0
task_0030,family_05,template_05,0.0,0.0,13,NC3-LENGTH,1,0,0,1,6550,6550,500,27,13120,0,120,0,0,1,0,0.5,2,0,False,False,0
task_0030,family_05,template_05,0.0,0.0,13,NC4-ABLATION,1,0,0,1,7200,7200,550.0,27,1680,0,120,13,1,1,0,0.8,4,0,False,False,0
task_0031,family_05,template_05,0.5,0.5,13,P-SPIDER-MEA,1,0,0,1,470,470,12.307692307692308,3,380,0,120,1,1,1,0,0.93,4,0,True,False,1
task_0031,family_05,template_05,0.5,0.5,13,B-COLD,1,0,0,1,6550,6550,484.61538461538464,27,13120,150,120,0,0,1,0,0.5,2,0,False,False,0
task_0031,family_05,template_05,0.5,0.5,13,B-RAG-EMBED,1,0,0,1,3600,3600,257.6923076923077,21,7110,150,120,7,1,1,0,0.5,2,0,False,False,0
task_0031,family_05,template_05,0.5,0.5,13,B-STAGEHAND-CACHE,1,0,0,1,6550,6550,484.61538461538464,27,13120,150,120,0,0,1,0,0.5,2,0,False,False,0
task_0031,family_05,template_05,0.5,0.5,13,B-TERX-REPLAY,1,0,0,1,6550,6550,484.61538461538464,27,13120,150,120,0,0,1,0,0.5,2,0,False,False,0
task_0031,family_05,template_05,0.5,0.5,13,NC1-SHUFFLED,1,0,1,1,6550,6550,500.0,27,13120,0,120,0,0,1,0,0.4,2,0,False,False,0
task_0031,family_05,template_05,0.5,0.5,13,NC2-RANDOM,1,0,0,1,6550,6550,500.0,27,13120,0,120,0,0,1,1,0.8,4,0,False,False,0
task_0031,family_05,template_05,0.5,0.5,13,NC3-LENGTH,1,0,0,1,6550,6550,500,27,13120,0,120,0,0,1,0,0.5,2,0,False,False,0
task_0031,family_05,template_05,0.5,0.5,13,NC4-ABLATION,1,0,0,1,7200,7200,550.0,27,1680,0,120,13,1,1,0,0.8,4,0,False,False,0
task_0032,family_05,template_05,0.75,1.0,13,P-SPIDER-MEA,1,0,0,1,470,470,12.307692307692308,3,380,0,120,1,1,1,0,0.94,4,0,True,False,1
task_0032,family_05,template_05,0.75,1.0,13,B-COLD,1,0,0,1,6550,6550,484.61538461538464,27,13120,150,120,0,0,1,0,0.5,2,0,False,False,0
task_0032,family_05,template_05,0.75,1.0,13,B-RAG-EMBED,1,0,0,1,6750,6750,500.0,28,13270,150,120,0,0,1,0,0.5,2,0,False,False,0
task_0032,family_05,template_05,0.75,1.0,13,B-STAGEHAND-CACHE,1,0,0,1,6550,6550,484.61538461538464,27,13120,150,120,0,0,1,0,0.5,2,0,False,False,0
task_0032,family_05,template_05,0.75,1.0,13,B-TERX-REPLAY,1,0,0,1,6550,6550,484.61538461538464,27,13120,150,120,0,0,1,0,0.5,2,0,False,False,0
task_0032,family_05,template_05,0.75,1.0,13,NC1-SHUFFLED,1,0,1,1,6550,6550,500.0,27,13120,0,120,0,0,1,0,0.4,2,0,False,False,0
task_0032,family_05,template_05,0.75,1.0,13,NC2-RANDOM,1,0,0,1,6550,6550,500.0,27,13120,0,120,0,0,1,1,0.8,4,0,False,False,0
task_0032,family_05,template_05,0.75,1.0,13,NC3-LENGTH,1,0,0,1,6550,6550,500,27,13120,0,120,0,0,1,0,0.5,2,0,False,False,0
task_0032,family_05,template_05,0.75,1.0,13,NC4-ABLATION,0,1,0,0,7200,7200,550.0,27,1680,0,120,13,1,0,0,0.8,4,1,False,False,0
task_0033,family_05,template_05,1.0,1.0,13,P-SPIDER-MEA,1,0,0,1,470,470,12.307692307692308,3,380,0,120,1,1,1,0,0.85,4,0,True,False,1
task_0033,family_05,template_05,1.0,1.0,13,B-COLD,1,0,0,1,6550,6550,484.61538461538464,27,13120,150,120,0,0,1,0,0.5,2,0,False,False,0
task_0033,family_05,template_05,1.0,1.0,13,B-RAG-EMBED,1,0,0,1,6750,6750,500.0,28,13270,150,120,0,0,1,0,0.5,2,0,False,False,0
task_0033,family_05,template_05,1.0,1.0,13,B-STAGEHAND-CACHE,1,0,0,1,6550,6550,484.61538461538464,27,13120,150,120,0,0,1,0,0.5,2,0,False,False,0
task_0033,family_05,template_05,1.0,1.0,13,B-TERX-REPLAY,1,0,0,1,6550,6550,484.61538461538464,27,13120,150,120,0,0,1,0,0.5,2,0,False,False,0
task_0033,family_05,template_05,1.0,1.0,13,NC1-SHUFFLED,0,1,1,0,6550,6550,500.0,27,13120,0,120,0,0,0,0,0.4,2,1,False,False,0
task_0033,family_05,template_05,1.0,1.0,13,NC2-RANDOM,0,1,0,0,6550,6550,500.0,27,13120,0,120,0,0,0,1,0.8,4,1,False,False,0
task_0033,family_05,template_05,1.0,1.0,13,NC3-LENGTH,1,0,0,1,6550,6550,500,27,13120,0,120,0,0,1,0,0.5,2,0,False,False,0
task_0033,family_05,template_05,1.0,1.0,13,NC4-ABLATION,1,0,0,1,7200,7200,550.0,27,1680,0,120,13,1,1,0,0.8,4,0,False,False,0
task_0034,family_05,template_05,0.25,0.5,13,P-SPIDER-MEA,1,0,0,1,470,470,12.307692307692308,3,380,0,120,1,1,1,0,0.88,4,0,True,False,1
task_0034,family_05,template_05,0.25,0.5,13,B-COLD,1,0,0,1,6550,6550,484.61538461538464,27,13120,150,120,0,0,1,0,0.5,2,0,False,False,0
task_0034,family_05,template_05,0.25,0.5,13,B-RAG-EMBED,1,0,0,1,3600,3600,257.6923076923077,21,7110,150,120,7,1,1,0,0.5,2,0,False,False,0
task_0034,family_05,template_05,0.25,0.5,13,B-STAGEHAND-CACHE,1,0,0,1,6550,6550,484.61538461538464,27,13120,150,120,0,0,1,0,0.5,2,0,False,False,0
task_0034,family_05,template_05,0.25,0.5,13,B-TERX-REPLAY,1,0,0,1,6550,6550,484.61538461538464,27,13120,150,120,0,0,1,0,0.5,2,0,False,False,0
task_0034,family_05,template_05,0.25,0.5,13,NC1-SHUFFLED,1,0,1,1,6550,6550,500.0,27,13120,0,120,0,0,1,0,0.4,2,0,False,False,0
task_0034,family_05,template_05,0.25,0.5,13,NC2-RANDOM,1,0,0,1,6550,6550,500.0,27,13120,0,120,0,0,1,1,0.8,4,0,False,False,0
task_0034,family_05,template_05,0.25,0.5,13,NC3-LENGTH,1,0,0,1,6550,6550,500,27,13120,0,120,0,0,1,0,0.5,2,0,False,False,0
task_0034,family_05,template_05,0.25,0.5,13,NC4-ABLATION,1,0,0,1,7200,7200,550.0,27,1680,0,120,13,1,1,0,0.8,4,0,False,False,0
task_0035,family_05,template_05,0.5,0.5,13,P-SPIDER-MEA,1,0,0,1,470,470,12.307692307692308,3,380,0,120,1,1,1,0,0.96,4,0,True,False,1
task_0035,family_05,template_05,0.5,0.5,13,B-COLD,1,0,0,1,6550,6550,484.61538461538464,27,13120,150,120,0,0,1,0,0.5,2,0,False,False,0
task_0035,family_05,template_05,0.5,0.5,13,B-RAG-EMBED,1,0,0,1,3600,3600,257.6923076923077,21,7110,150,120,7,1,1,0,0.5,2,0,False,False,0
task_0035,family_05,template_05,0.5,0.5,13,B-STAGEHAND-CACHE,1,0,0,1,6550,6550,484.61538461538464,27,13120,150,120,0,0,1,0,0.5,2,0,False,False,0
task_0035,family_05,template_05,0.5,0.5,13,B-TERX-REPLAY,1,0,0,1,6550,6550,484.61538461538464,27,13120,150,120,0,0,1,0,0.5,2,0,False,False,0
task_0035,family_05,template_05,0.5,0.5,13,NC1-SHUFFLED,1,0,1,1,6550,6550,500.0,27,13120,0,120,0,0,1,0,0.4,2,0,False,False,0
task_0035,family_05,template_05,0.5,0.5,13,NC2-RANDOM,1,0,0,1,6550,6550,500.0,27,13120,0,120,0,0,1,1,0.8,4,0,False,False,0
task_0035,family_05,template_05,0.5,0.5,13,NC3-LENGTH,1,0,0,1,6550,6550,500,27,13120,0,120,0,0,1,0,0.5,2,0,False,False,0
task_0035,family_05,template_05,0.5,0.5,13,NC4-ABLATION,0,1,0,0,7200,7200,550.0,27,1680,0,120,13,1,0,0,0.8,4,1,False,False,0
task_0036,family_06,template_06,0.0,0.0,14,P-SPIDER-MEA,1,0,0,1,470,470,11.428571428571429,3,380,0,120,1,1,1,0,0.89,4,0,True,False,1
task_0036,family_06,template_06,0.0,0.0,14,B-COLD,1,0,0,1,7050,7050,485.7142857142857,29,14120,150,120,0,0,1,0,0.5,2,0,False,False,0
task_0036,family_06,template_06,0.0,0.0,14,B-RAG-EMBED,1,0,0,1,950,950,50.0,16,1950,150,120,14,1,1,0,0.5,2,0,False,False,0
task_0036,family_06,template_06,0.0,0.0,14,B-STAGEHAND-CACHE,1,0,0,1,750,750,35.714285714285715,15,1800,150,120,14,1,1,0,0.5,2,0,False,False,0
task_0036,family_06,template_06,0.0,0.0,14,B-TERX-REPLAY,1,0,0,1,750,750,35.714285714285715,15,1800,150,120,14,1,1,0,0.5,2,0,False,False,0
task_0036,family_06,template_06,0.0,0.0,14,NC1-SHUFFLED,1,0,1,1,7050,7050,500.0,29,14120,0,120,0,0,1,0,0.4,2,0,False,False,0
task_0036,family_06,template_06,0.0,0.0,14,NC2-RANDOM,1,0,0,1,7050,7050,500.0,29,14120,0,120,0,0,1,1,0.8,4,0,False,False,0
task_0036,family_06,template_06,0.0,0.0,14,NC3-LENGTH,1,0,0,1,7050,7050,500,29,14120,0,120,0,0,1,0,0.5,2,0,False,False,0
task_0036,family_06,template_06,0.0,0.0,14,NC4-ABLATION,0,1,0,0,7750,7750,550.0,29,1800,0,120,14,1,0,0,0.8,4,1,False,False,0
task_0037,family_06,template_06,0.75,0.6667,14,P-SPIDER-MEA,1,0,0,1,470,470,11.428571428571429,3,380,0,120,1,1,1,0,0.9,4,0,True,False,1
task_0037,family_06,template_06,0.75,0.6667,14,B-COLD,1,0,0,1,7050,7050,485.7142857142857,29,14120,150,120,0,0,1,0,0.5,2,0,False,False,0
task_0037,family_06,template_06,0.75,0.6667,14,B-RAG-EMBED,1,0,0,1,5000,5000,339.2857142857143,25,9870,150,120,5,1,1,0,0.5,2,0,False,False,0
task_0037,family_06,template_06,0.75,0.6667,14,B-STAGEHAND-CACHE,1,0,0,1,7050,7050,485.7142857142857,29,14120,150,120,0,0,1,0,0.5,2,0,False,False,0
task_0037,family_06,template_06,0.75,0.6667,14,B-TERX-REPLAY,1,0,0,1,7050,7050,485.7142857142857,29,14120,150,120,0,0,1,0,0.5,2,0,False,False,0
task_0037,family_06,template_06,0.75,0.6667,14,NC1-SHUFFLED,1,0,1,1,7050,7050,500.0,29,14120,0,120,0,0,1,0,0.4,2,0,False,False,0
task_0037,family_06,template_06,0.75,0.6667,14,NC2-RANDOM,1,0,0,1,7050,7050,500.0,29,14120,0,120,0,0,1,1,0.8,4,0,False,False,0
task_0037,family_06,template_06,0.75,0.6667,14,NC3-LENGTH,1,0,0,1,7050,7050,500,29,14120,0,120,0,0,1,0,0.5,2,0,False,False,0
task_0037,family_06,template_06,0.75,0.6667,14,NC4-ABLATION,1,0,0,1,7750,7750,550.0,29,1800,0,120,14,1,1,0,0.8,4,0,False,False,0
task_0038,family_06,template_06,1.0,1.0,14,P-SPIDER-MEA,1,0,0,1,470,470,11.428571428571429,3,380,0,120,1,1,1,0,0.91,4,0,True,False,1
task_0038,family_06,template_06,1.0,1.0,14,B-COLD,1,0,0,1,7050,7050,485.7142857142857,29,14120,150,120,0,0,1,0,0.5,2,0,False,False,0
task_0038,family_06,template_06,1.0,1.0,14,B-RAG-EMBED,1,0,0,1,7250,7250,500.0,30,14270,150,120,0,0,1,0,0.5,2,0,False,False,0
task_0038,family_06,template_06,1.0,1.0,14,B-STAGEHAND-CACHE,1,0,0,1,7050,7050,485.7142857142857,29,14120,150,120,0,0,1,0,0.5,2,0,False,False,0
task_0038,family_06,template_06,1.0,1.0,14,B-TERX-REPLAY,1,0,0,1,7050,7050,485.7142857142857,29,14120,150,120,0,0,1,0,0.5,2,0,False,False,0
task_0038,family_06,template_06,1.0,1.0,14,NC1-SHUFFLED,1,0,1,1,7050,7050,500.0,29,14120,0,120,0,0,1,0,0.4,2,0,False,False,0
task_0038,family_06,template_06,1.0,1.0,14,NC2-RANDOM,1,0,0,1,7050,7050,500.0,29,14120,0,120,0,0,1,1,0.8,4,0,False,False,0
task_0038,family_06,template_06,1.0,1.0,14,NC3-LENGTH,1,0,0,1,7050,7050,500,29,14120,0,120,0,0,1,0,0.5,2,0,False,False,0
task_0038,family_06,template_06,1.0,1.0,14,NC4-ABLATION,0,1,0,0,7750,7750,550.0,29,1800,0,120,14,1,0,0,0.8,4,1,False,False,0
task_0039,family_06,template_06,0.25,0.3333,14,P-SPIDER-MEA,1,0,0,1,470,470,11.428571428571429,3,380,0,120,1,1,1,0,0.88,4,0,True,False,1
task_0039,family_06,template_06,0.25,0.3333,14,B-COLD,1,0,0,1,7050,7050,485.7142857142857,29,14120,150,120,0,0,1,0,0.5,2,0,False,False,0
task_0039,family_06,template_06,0.25,0.3333,14,B-RAG-EMBED,1,0,0,1,3200,3200,210.71428571428572,21,6350,150,120,9,1,1,0,0.5,2,0,False,False,0
task_0039,family_06,template_06,0.25,0.3333,14,B-STAGEHAND-CACHE,1,0,0,1,7050,7050,485.7142857142857,29,14120,150,120,0,0,1,0,0.5,2,0,False,False,0
task_0039,family_06,template_06,0.25,0.3333,14,B-TERX-REPLAY,1,0,0,1,7050,7050,485.7142857142857,29,14120,150,120,0,0,1,0,0.5,2,0,False,False,0
task_0039,family_06,template_06,0.25,0.3333,14,NC1-SHUFFLED,1,0,1,1,7050,7050,500.0,29,14120,0,120,0,0,1,0,0.4,2,0,False,False,0
task_0039,family_06,template_06,0.25,0.3333,14,NC2-RANDOM,1,0,0,1,7050,7050,500.0,29,14120,0,120,0,0,1,1,0.8,4,0,False,False,0
task_0039,family_06,template_06,0.25,0.3333,14,NC3-LENGTH,1,0,0,1,7050,7050,500,29,14120,0,120,0,0,1,0,0.5,2,0,False,False,0
task_0039,family_06,template_06,0.25,0.3333,14,NC4-ABLATION,1,0,0,1,7750,7750,550.0,29,1800,0,120,14,1,1,0,0.8,4,0,False,False,0
task_0040,family_06,template_06,0.5,0.6667,14,P-SPIDER-MEA,1,0,0,1,470,470,11.428571428571429,3,380,0,120,1,1,1,0,0.88,4,0,True,False,1
task_0040,family_06,template_06,0.5,0.6667,14,B-COLD,1,0,0,1,7050,7050,485.7142857142857,29,14120,150,120,0,0,1,0,0.5,2,0,False,False,0
task_0040,family_06,template_06,0.5,0.6667,14,B-RAG-EMBED,1,0,0,1,5000,5000,339.2857142857143,25,9870,150,120,5,1,1,0,0.5,2,0,False,False,0
task_0040,family_06,template_06,0.5,0.6667,14,B-STAGEHAND-CACHE,1,0,0,1,7050,7050,485.7142857142857,29,14120,150,120,0,0,1,0,0.5,2,0,False,False,0
task_0040,family_06,template_06,0.5,0.6667,14,B-TERX-REPLAY,1,0,0,1,7050,7050,485.7142857142857,29,14120,150,120,0,0,1,0,0.5,2,0,False,False,0
task_0040,family_06,template_06,0.5,0.6667,14,NC1-SHUFFLED,0,1,1,0,7050,7050,500.0,29,14120,0,120,0,0,0,0,0.4,2,1,False,False,0
task_0040,family_06,template_06,0.5,0.6667,14,NC2-RANDOM,0,1,0,0,7050,7050,500.0,29,14120,0,120,0,0,0,1,0.8,4,1,False,False,0
task_0040,family_06,template_06,0.5,0.6667,14,NC3-LENGTH,1,0,0,1,7050,7050,500,29,14120,0,120,0,0,1,0,0.5,2,0,False,False,0
task_0040,family_06,template_06,0.5,0.6667,14,NC4-ABLATION,1,0,0,1,7750,7750,550.0,29,1800,0,120,14,1,1,0,0.8,4,0,False,False,0
task_0041,family_06,template_06,0.75,0.6667,14,P-SPIDER-MEA,1,0,0,1,470,470,11.428571428571429,3,380,0,120,1,1,1,0,0.96,4,0,True,False,1
task_0041,family_06,template_06,0.75,0.6667,14,B-COLD,1,0,0,1,7050,7050,485.7142857142857,29,14120,150,120,0,0,1,0,0.5,2,0,False,False,0
task_0041,family_06,template_06,0.75,0.6667,14,B-RAG-EMBED,1,0,0,1,5000,5000,339.2857142857143,25,9870,150,120,5,1,1,0,0.5,2,0,False,False,0
task_0041,family_06,template_06,0.75,0.6667,14,B-STAGEHAND-CACHE,1,0,0,1,7050,7050,485.7142857142857,29,14120,150,120,0,0,1,0,0.5,2,0,False,False,0
task_0041,family_06,template_06,0.75,0.6667,14,B-TERX-REPLAY,1,0,0,1,7050,7050,485.7142857142857,29,14120,150,120,0,0,1,0,0.5,2,0,False,False,0
task_0041,family_06,template_06,0.75,0.6667,14,NC1-SHUFFLED,1,0,1,1,7050,7050,500.0,29,14120,0,120,0,0,1,0,0.4,2,0,False,False,0
task_0041,family_06,template_06,0.75,0.6667,14,NC2-RANDOM,1,0,0,1,7050,7050,500.0,29,14120,0,120,0,0,1,1,0.8,4,0,False,False,0
task_0041,family_06,template_06,0.75,0.6667,14,NC3-LENGTH,1,0,0,1,7050,7050,500,29,14120,0,120,0,0,1,0,0.5,2,0,False,False,0
task_0041,family_06,template_06,0.75,0.6667,14,NC4-ABLATION,0,1,0,0,7750,7750,550.0,29,1800,0,120,14,1,0,0,0.8,4,1,False,False,0
task_0042,family_07,template_07,0.0,0.0,8,P-SPIDER-MEA,1,0,0,1,470,470,20.0,3,380,0,120,1,1,1,0,0.88,4,0,True,False,1
task_0042,family_07,template_07,0.0,0.0,8,B-COLD,1,0,0,1,4050,4050,475.0,17,8120,150,120,0,0,1,0,0.5,2,0,False,False,0
task_0042,family_07,template_07,0.0,0.0,8,B-RAG-EMBED,1,0,0,1,650,650,50.0,10,1230,150,120,8,1,1,0,0.5,2,0,False,False,0
task_0042,family_07,template_07,0.0,0.0,8,B-STAGEHAND-CACHE,1,0,0,1,450,450,25.0,9,1080,150,120,8,1,1,0,0.5,2,0,False,False,0
task_0042,family_07,template_07,0.0,0.0,8,B-TERX-REPLAY,1,0,0,1,450,450,25.0,9,1080,150,120,8,1,1,0,0.5,2,0,False,False,0
task_0042,family_07,template_07,0.0,0.0,8,NC1-SHUFFLED,1,0,1,1,4050,4050,500.0,17,8120,0,120,0,0,1,0,0.4,2,0,False,False,0
task_0042,family_07,template_07,0.0,0.0,8,NC2-RANDOM,1,0,0,1,4050,4050,500.0,17,8120,0,120,0,0,1,1,0.8,4,0,False,False,0
task_0042,family_07,template_07,0.0,0.0,8,NC3-LENGTH,1,0,0,1,4050,4050,500,17,8120,0,120,0,0,1,0,0.5,2,0,False,False,0
task_0042,family_07,template_07,0.0,0.0,8,NC4-ABLATION,1,0,0,1,4450,4450,550.0,17,1080,0,120,8,1,1,0,0.8,4,0,False,False,0
task_0043,family_07,template_07,1.0,1.0,8,P-SPIDER-MEA,1,0,0,1,470,470,20.0,3,380,0,120,1,1,1,0,0.91,4,0,True,False,1
task_0043,family_07,template_07,1.0,1.0,8,B-COLD,1,0,0,1,4050,4050,475.0,17,8120,150,120,0,0,1,0,0.5,2,0,False,False,0
task_0043,family_07,template_07,1.0,1.0,8,B-RAG-EMBED,1,0,0,1,4250,4250,500.0,18,8270,150,120,0,0,1,0,0.5,2,0,False,False,0
task_0043,family_07,template_07,1.0,1.0,8,B-STAGEHAND-CACHE,1,0,0,1,4050,4050,475.0,17,8120,150,120,0,0,1,0,0.5,2,0,False,False,0
task_0043,family_07,template_07,1.0,1.0,8,B-TERX-REPLAY,1,0,0,1,4050,4050,475.0,17,8120,150,120,0,0,1,0,0.5,2,0,False,False,0
task_0043,family_07,template_07,1.0,1.0,8,NC1-SHUFFLED,1,0,1,1,4050,4050,500.0,17,8120,0,120,0,0,1,0,0.4,2,0,False,False,0
task_0043,family_07,template_07,1.0,1.0,8,NC2-RANDOM,1,0,0,1,4050,4050,500.0,17,8120,0,120,0,0,1,1,0.8,4,0,False,False,0
task_0043,family_07,template_07,1.0,1.0,8,NC3-LENGTH,1,0,0,1,4050,4050,500,17,8120,0,120,0,0,1,0,0.5,2,0,False,False,0
task_0043,family_07,template_07,1.0,1.0,8,NC4-ABLATION,0,1,0,0,4450,4450,550.0,17,1080,0,120,8,1,0,0,0.8,4,1,False,False,0
task_0044,family_07,template_07,0.25,0.0,8,P-SPIDER-MEA,1,0,0,1,470,470,20.0,3,380,0,120,1,1,1,0,0.86,4,0,True,False,1
task_0044,family_07,template_07,0.25,0.0,8,B-COLD,1,0,0,1,4050,4050,475.0,17,8120,150,120,0,0,1,0,0.5,2,0,False,False,0
task_0044,family_07,template_07,0.25,0.0,8,B-RAG-EMBED,1,0,0,1,650,650,50.0,10,1230,150,120,8,1,1,0,0.5,2,0,False,False,0
task_0044,family_07,template_07,0.25,0.0,8,B-STAGEHAND-CACHE,1,0,0,1,4050,4050,475.0,17,8120,150,120,0,0,1,0,0.5,2,0,False,False,0
task_0044,family_07,template_07,0.25,0.0,8,B-TERX-REPLAY,1,0,0,1,4050,4050,475.0,17,8120,150,120,0,0,1,0,0.5,2,0,False,False,0
task_0044,family_07,template_07,0.25,0.0,8,NC1-SHUFFLED,0,1,1,0,4050,4050,500.0,17,8120,0,120,0,0,0,0,0.4,2,1,False,False,0
task_0044,family_07,template_07,0.25,0.0,8,NC2-RANDOM,0,1,0,0,4050,4050,500.0,17,8120,0,120,0,0,0,1,0.8,4,1,False,False,0
task_0044,family_07,template_07,0.25,0.0,8,NC3-LENGTH,1,0,0,1,4050,4050,500,17,8120,0,120,0,0,1,0,0.5,2,0,False,False,0
task_0044,family_07,template_07,0.25,0.0,8,NC4-ABLATION,1,0,0,1,4450,4450,550.0,17,1080,0,120,8,1,1,0,0.8,4,0,False,False,0
task_0045,family_07,template_07,0.5,1.0,8,P-SPIDER-MEA,1,0,0,1,470,470,20.0,3,380,0,120,1,1,1,0,0.93,4,0,True,False,1
task_0045,family_07,template_07,0.5,1.0,8,B-COLD,1,0,0,1,4050,4050,475.0,17,8120,150,120,0,0,1,0,0.5,2,0,False,False,0
task_0045,family_07,template_07,0.5,1.0,8,B-RAG-EMBED,1,0,0,1,4250,4250,500.0,18,8270,150,120,0,0,1,0,0.5,2,0,False,False,0
task_0045,family_07,template_07,0.5,1.0,8,B-STAGEHAND-CACHE,1,0,0,1,4050,4050,475.0,17,8120,150,120,0,0,1,0,0.5,2,0,False,False,0
task_0045,family_07,template_07,0.5,1.0,8,B-TERX-REPLAY,1,0,0,1,4050,4050,475.0,17,8120,150,120,0,0,1,0,0.5,2,0,False,False,0
task_0045,family_07,template_07,0.5,1.0,8,NC1-SHUFFLED,1,0,1,1,4050,4050,500.0,17,8120,0,120,0,0,1,0,0.4,2,0,False,False,0
task_0045,family_07,template_07,0.5,1.0,8,NC2-RANDOM,1,0,0,1,4050,4050,500.0,17,8120,0,120,0,0,1,1,0.8,4,0,False,False,0
task_0045,family_07,template_07,0.5,1.0,8,NC3-LENGTH,1,0,0,1,4050,4050,500,17,8120,0,120,0,0,1,0,0.5,2,0,False,False,0
task_0045,family_07,template_07,0.5,1.0,8,NC4-ABLATION,1,0,0,1,4450,4450,550.0,17,1080,0,120,8,1,1,0,0.8,4,0,False,False,0
task_0046,family_07,template_07,0.75,1.0,8,P-SPIDER-MEA,1,0,0,1,470,470,20.0,3,380,0,120,1,1,1,0,0.9,4,0,True,False,1
task_0046,family_07,template_07,0.75,1.0,8,B-COLD,1,0,0,1,4050,4050,475.0,17,8120,150,120,0,0,1,0,0.5,2,0,False,False,0
task_0046,family_07,template_07,0.75,1.0,8,B-RAG-EMBED,1,0,0,1,4250,4250,500.0,18,8270,150,120,0,0,1,0,0.5,2,0,False,False,0
task_0046,family_07,template_07,0.75,1.0,8,B-STAGEHAND-CACHE,1,0,0,1,4050,4050,475.0,17,8120,150,120,0,0,1,0,0.5,2,0,False,False,0
task_0046,family_07,template_07,0.75,1.0,8,B-TERX-REPLAY,1,0,0,1,4050,4050,475.0,17,8120,150,120,0,0,1,0,0.5,2,0,False,False,0
task_0046,family_07,template_07,0.75,1.0,8,NC1-SHUFFLED,1,0,1,1,4050,4050,500.0,17,8120,0,120,0,0,1,0,0.4,2,0,False,False,0
task_0046,family_07,template_07,0.75,1.0,8,NC2-RANDOM,1,0,0,1,4050,4050,500.0,17,8120,0,120,0,0,1,1,0.8,4,0,False,False,0
task_0046,family_07,template_07,0.75,1.0,8,NC3-LENGTH,1,0,0,1,4050,4050,500,17,8120,0,120,0,0,1,0,0.5,2,0,False,False,0
task_0046,family_07,template_07,0.75,1.0,8,NC4-ABLATION,0,1,0,0,4450,4450,550.0,17,1080,0,120,8,1,0,0,0.8,4,1,False,False,0
task_0047,family_07,template_07,1.0,1.0,8,P-SPIDER-MEA,1,0,0,1,470,470,20.0,3,380,0,120,1,1,1,0,0.9,4,0,True,False,1
task_0047,family_07,template_07,1.0,1.0,8,B-COLD,1,0,0,1,4050,4050,475.0,17,8120,150,120,0,0,1,0,0.5,2,0,False,False,0
task_0047,family_07,template_07,1.0,1.0,8,B-RAG-EMBED,1,0,0,1,4250,4250,500.0,18,8270,150,120,0,0,1,0,0.5,2,0,False,False,0
task_0047,family_07,template_07,1.0,1.0,8,B-STAGEHAND-CACHE,1,0,0,1,4050,4050,475.0,17,8120,150,120,0,0,1,0,0.5,2,0,False,False,0
task_0047,family_07,template_07,1.0,1.0,8,B-TERX-REPLAY,1,0,0,1,4050,4050,475.0,17,8120,150,120,0,0,1,0,0.5,2,0,False,False,0
task_0047,family_07,template_07,1.0,1.0,8,NC1-SHUFFLED,1,0,1,1,4050,4050,500.0,17,8120,0,120,0,0,1,0,0.4,2,0,False,False,0
task_0047,family_07,template_07,1.0,1.0,8,NC2-RANDOM,1,0,0,1,4050,4050,500.0,17,8120,0,120,0,0,1,1,0.8,4,0,False,False,0
task_0047,family_07,template_07,1.0,1.0,8,NC3-LENGTH,1,0,0,1,4050,4050,500,17,8120,0,120,0,0,1,0,0.5,2,0,False,False,0
task_0047,family_07,template_07,1.0,1.0,8,NC4-ABLATION,1,0,0,1,4450,4450,550.0,17,1080,0,120,8,1,1,0,0.8,4,0,False,False,0
task_0048,family_08,template_08,0.0,0.0,9,P-SPIDER-MEA,1,0,0,1,470,470,17.77777777777778,3,380,0,120,1,1,1,0,0.91,4,0,True,False,1
task_0048,family_08,template_08,0.0,0.0,9,B-COLD,1,0,0,1,4550,4550,477.77777777777777,19,9120,150,120,0,0,1,0,0.5,2,0,False,False,0
task_0048,family_08,template_08,0.0,0.0,9,B-RAG-EMBED,1,0,0,1,700,700,50.0,11,1350,150,120,9,1,1,0,0.5,2,0,False,False,0
task_0048,family_08,template_08,0.0,0.0,9,B-STAGEHAND-CACHE,1,0,0,1,500,500,27.77777777777778,10,1200,150,120,9,1,1,0,0.5,2,0,False,False,0
task_0048,family_08,template_08,0.0,0.0,9,B-TERX-REPLAY,1,0,0,1,500,500,27.77777777777778,10,1200,150,120,9,1,1,0,0.5,2,0,False,False,0
task_0048,family_08,template_08,0.0,0.0,9,NC1-SHUFFLED,1,0,1,1,4550,4550,500.0,19,9120,0,120,0,0,1,0,0.4,2,0,False,False,0
task_0048,family_08,template_08,0.0,0.0,9,NC2-RANDOM,1,0,0,1,4550,4550,500.0,19,9120,0,120,0,0,1,1,0.8,4,0,False,False,0
task_0048,family_08,template_08,0.0,0.0,9,NC3-LENGTH,1,0,0,1,4550,4550,500,19,9120,0,120,0,0,1,0,0.5,2,0,False,False,0
task_0048,family_08,template_08,0.0,0.0,9,NC4-ABLATION,0,1,0,0,5000,5000,550.0,19,1200,0,120,9,1,0,0,0.8,4,1,False,False,0
task_0049,family_08,template_08,0.25,0.5,9,P-SPIDER-MEA,1,0,0,1,470,470,17.77777777777778,3,380,0,120,1,1,1,0,0.95,4,0,True,False,1
task_0049,family_08,template_08,0.25,0.5,9,B-COLD,1,0,0,1,4550,4550,477.77777777777777,19,9120,150,120,0,0,1,0,0.5,2,0,False,False,0
task_0049,family_08,template_08,0.25,0.5,9,B-RAG-EMBED,1,0,0,1,2500,2500,250.0,15,4870,150,120,5,1,1,0,0.5,2,0,False,False,0
task_0049,family_08,template_08,0.25,0.5,9,B-STAGEHAND-CACHE,1,0,0,1,4550,4550,477.77777777777777,19,9120,150,120,0,0,1,0,0.5,2,0,False,False,0
task_0049,family_08,template_08,0.25,0.5,9,B-TERX-REPLAY,1,0,0,1,4550,4550,477.77777777777777,19,9120,150,120,0,0,1,0,0.5,2,0,False,False,0
task_0049,family_08,template_08,0.25,0.5,9,NC1-SHUFFLED,1,0,1,1,4550,4550,500.0,19,9120,0,120,0,0,1,0,0.4,2,0,False,False,0
task_0049,family_08,template_08,0.25,0.5,9,NC2-RANDOM,1,0,0,1,4550,4550,500.0,19,9120,0,120,0,0,1,1,0.8,4,0,False,False,0
task_0049,family_08,template_08,0.25,0.5,9,NC3-LENGTH,1,0,0,1,4550,4550,500,19,9120,0,120,0,0,1,0,0.5,2,0,False,False,0
task_0049,family_08,template_08,0.25,0.5,9,NC4-ABLATION,1,0,0,1,5000,5000,550.0,19,1200,0,120,9,1,1,0,0.8,4,0,False,False,0
task_0050,family_08,template_08,0.5,0.5,9,P-SPIDER-MEA,0,1,1,0,470,470,17.77777777777778,3,380,0,120,1,1,0,0,0.11,0,0,True,False,1
task_0050,family_08,template_08,0.5,0.5,9,B-COLD,1,0,0,1,4550,4550,477.77777777777777,19,9120,150,120,0,0,1,0,0.5,2,0,False,False,0
task_0050,family_08,template_08,0.5,0.5,9,B-RAG-EMBED,1,0,0,1,2500,2500,250.0,15,4870,150,120,5,1,1,0,0.5,2,0,False,False,0
task_0050,family_08,template_08,0.5,0.5,9,B-STAGEHAND-CACHE,1,0,0,1,4550,4550,477.77777777777777,19,9120,150,120,0,0,1,0,0.5,2,0,False,False,0
task_0050,family_08,template_08,0.5,0.5,9,B-TERX-REPLAY,1,0,0,1,4550,4550,477.77777777777777,19,9120,150,120,0,0,1,0,0.5,2,0,False,False,0
task_0050,family_08,template_08,0.5,0.5,9,NC1-SHUFFLED,1,0,1,1,4550,4550,500.0,19,9120,0,120,0,0,1,0,0.4,2,0,False,False,0
task_0050,family_08,template_08,0.5,0.5,9,NC2-RANDOM,1,0,0,1,4550,4550,500.0,19,9120,0,120,0,0,1,1,0.8,4,0,False,False,0
task_0050,family_08,template_08,0.5,0.5,9,NC3-LENGTH,1,0,0,1,4550,4550,500,19,9120,0,120,0,0,1,0,0.5,2,0,False,False,0
task_0050,family_08,template_08,0.5,0.5,9,NC4-ABLATION,1,0,0,1,5000,5000,550.0,19,1200,0,120,9,1,1,0,0.8,4,0,False,False,0
task_0051,family_08,template_08,0.75,1.0,9,P-SPIDER-MEA,1,0,0,1,470,470,17.77777777777778,3,380,0,120,1,1,1,0,0.91,4,0,True,False,1
task_0051,family_08,template_08,0.75,1.0,9,B-COLD,1,0,0,1,4550,4550,477.77777777777777,19,9120,150,120,0,0,1,0,0.5,2,0,False,False,0
task_0051,family_08,template_08,0.75,1.0,9,B-RAG-EMBED,1,0,0,1,4750,4750,500.0,20,9270,150,120,0,0,1,0,0.5,2,0,False,False,0
task_0051,family_08,template_08,0.75,1.0,9,B-STAGEHAND-CACHE,1,0,0,1,4550,4550,477.77777777777777,19,9120,150,120,0,0,1,0,0.5,2,0,False,False,0
task_0051,family_08,template_08,0.75,1.0,9,B-TERX-REPLAY,1,0,0,1,4550,4550,477.77777777777777,19,9120,150,120,0,0,1,0,0.5,2,0,False,False,0
task_0051,family_08,template_08,0.75,1.0,9,NC1-SHUFFLED,0,1,1,0,4550,4550,500.0,19,9120,0,120,0,0,0,0,0.4,2,1,False,False,0
task_0051,family_08,template_08,0.75,1.0,9,NC2-RANDOM,0,1,0,0,4550,4550,500.0,19,9120,0,120,0,0,0,1,0.8,4,1,False,False,0
task_0051,family_08,template_08,0.75,1.0,9,NC3-LENGTH,1,0,0,1,4550,4550,500,19,9120,0,120,0,0,1,0,0.5,2,0,False,False,0
task_0051,family_08,template_08,0.75,1.0,9,NC4-ABLATION,0,1,0,0,5000,5000,550.0,19,1200,0,120,9,1,0,0,0.8,4,1,False,False,0
task_0052,family_08,template_08,1.0,1.0,9,P-SPIDER-MEA,1,0,0,1,470,470,17.77777777777778,3,380,0,120,1,1,1,0,0.93,4,0,True,False,1
task_0052,family_08,template_08,1.0,1.0,9,B-COLD,1,0,0,1,4550,4550,477.77777777777777,19,9120,150,120,0,0,1,0,0.5,2,0,False,False,0
task_0052,family_08,template_08,1.0,1.0,9,B-RAG-EMBED,1,0,0,1,4750,4750,500.0,20,9270,150,120,0,0,1,0,0.5,2,0,False,False,0
task_0052,family_08,template_08,1.0,1.0,9,B-STAGEHAND-CACHE,1,0,0,1,4550,4550,477.77777777777777,19,9120,150,120,0,0,1,0,0.5,2,0,False,False,0
task_0052,family_08,template_08,1.0,1.0,9,B-TERX-REPLAY,1,0,0,1,4550,4550,477.77777777777777,19,9120,150,120,0,0,1,0,0.5,2,0,False,False,0
task_0052,family_08,template_08,1.0,1.0,9,NC1-SHUFFLED,1,0,1,1,4550,4550,500.0,19,9120,0,120,0,0,1,0,0.4,2,0,False,False,0
task_0052,family_08,template_08,1.0,1.0,9,NC2-RANDOM,1,0,0,1,4550,4550,500.0,19,9120,0,120,0,0,1,1,0.8,4,0,False,False,0
task_0052,family_08,template_08,1.0,1.0,9,NC3-LENGTH,1,0,0,1,4550,4550,500,19,9120,0,120,0,0,1,0,0.5,2,0,False,False,0
task_0052,family_08,template_08,1.0,1.0,9,NC4-ABLATION,1,0,0,1,5000,5000,550.0,19,1200,0,120,9,1,1,0,0.8,4,0,False,False,0
task_0053,family_08,template_08,0.25,0.5,9,P-SPIDER-MEA,1,0,0,1,470,470,17.77777777777778,3,380,0,120,1,1,1,0,0.9,4,0,True,False,1
task_0053,family_08,template_08,0.25,0.5,9,B-COLD,1,0,0,1,4550,4550,477.77777777777777,19,9120,150,120,0,0,1,0,0.5,2,0,False,False,0
task_0053,family_08,template_08,0.25,0.5,9,B-RAG-EMBED,1,0,0,1,2500,2500,250.0,15,4870,150,120,5,1,1,0,0.5,2,0,False,False,0
task_0053,family_08,template_08,0.25,0.5,9,B-STAGEHAND-CACHE,1,0,0,1,4550,4550,477.77777777777777,19,9120,150,120,0,0,1,0,0.5,2,0,False,False,0
task_0053,family_08,template_08,0.25,0.5,9,B-TERX-REPLAY,1,0,0,1,4550,4550,477.77777777777777,19,9120,150,120,0,0,1,0,0.5,2,0,False,False,0
task_0053,family_08,template_08,0.25,0.5,9,NC1-SHUFFLED,1,0,1,1,4550,4550,500.0,19,9120,0,120,0,0,1,0,0.4,2,0,False,False,0
task_0053,family_08,template_08,0.25,0.5,9,NC2-RANDOM,1,0,0,1,4550,4550,500.0,19,9120,0,120,0,0,1,1,0.8,4,0,False,False,0
task_0053,family_08,template_08,0.25,0.5,9,NC3-LENGTH,1,0,0,1,4550,4550,500,19,9120,0,120,0,0,1,0,0.5,2,0,False,False,0
task_0053,family_08,template_08,0.25,0.5,9,NC4-ABLATION,0,1,0,0,5000,5000,550.0,19,1200,0,120,9,1,0,0,0.8,4,1,False,False,0
task_0054,family_09,template_09,0.0,0.0,10,P-SPIDER-MEA,1,0,0,1,470,470,16.0,3,380,0,120,1,1,1,0,0.96,4,0,True,False,1
task_0054,family_09,template_09,0.0,0.0,10,B-COLD,1,0,0,1,5050,5050,480.0,21,10120,150,120,0,0,1,0,0.5,2,0,False,False,0
task_0054,family_09,template_09,0.0,0.0,10,B-RAG-EMBED,1,0,0,1,750,750,50.0,12,1470,150,120,10,1,1,0,0.5,2,0,False,False,0
task_0054,family_09,template_09,0.0,0.0,10,B-STAGEHAND-CACHE,1,0,0,1,550,550,30.0,11,1320,150,120,10,1,1,0,0.5,2,0,False,False,0
task_0054,family_09,template_09,0.0,0.0,10,B-TERX-REPLAY,1,0,0,1,550,550,30.0,11,1320,150,120,10,1,1,0,0.5,2,0,False,False,0
task_0054,family_09,template_09,0.0,0.0,10,NC1-SHUFFLED,1,0,1,1,5050,5050,500.0,21,10120,0,120,0,0,1,0,0.4,2,0,False,False,0
task_0054,family_09,template_09,0.0,0.0,10,NC2-RANDOM,1,0,0,1,5050,5050,500.0,21,10120,0,120,0,0,1,1,0.8,4,0,False,False,0
task_0054,family_09,template_09,0.0,0.0,10,NC3-LENGTH,1,0,0,1,5050,5050,500,21,10120,0,120,0,0,1,0,0.5,2,0,False,False,0
task_0054,family_09,template_09,0.0,0.0,10,NC4-ABLATION,1,0,0,1,5550,5550,550.0,21,1320,0,120,10,1,1,0,0.8,4,0,False,False,0
task_0055,family_09,template_09,0.5,0.5,10,P-SPIDER-MEA,1,0,0,1,470,470,16.0,3,380,0,120,1,1,1,0,0.88,4,0,True,False,1
task_0055,family_09,template_09,0.5,0.5,10,B-COLD,1,0,0,1,5050,5050,480.0,21,10120,150,120,0,0,1,0,0.5,2,0,False,False,0
task_0055,family_09,template_09,0.5,0.5,10,B-RAG-EMBED,1,0,0,1,3000,3000,275.0,17,5870,150,120,5,1,1,0,0.5,2,0,False,False,0
task_0055,family_09,template_09,0.5,0.5,10,B-STAGEHAND-CACHE,1,0,0,1,5050,5050,480.0,21,10120,150,120,0,0,1,0,0.5,2,0,False,False,0
task_0055,family_09,template_09,0.5,0.5,10,B-TERX-REPLAY,1,0,0,1,5050,5050,480.0,21,10120,150,120,0,0,1,0,0.5,2,0,False,False,0
task_0055,family_09,template_09,0.5,0.5,10,NC1-SHUFFLED,1,0,1,1,5050,5050,500.0,21,10120,0,120,0,0,1,0,0.4,2,0,False,False,0
task_0055,family_09,template_09,0.5,0.5,10,NC2-RANDOM,1,0,0,1,5050,5050,500.0,21,10120,0,120,0,0,1,1,0.8,4,0,False,False,0
task_0055,family_09,template_09,0.5,0.5,10,NC3-LENGTH,1,0,0,1,5050,5050,500,21,10120,0,120,0,0,1,0,0.5,2,0,False,False,0
task_0055,family_09,template_09,0.5,0.5,10,NC4-ABLATION,1,0,0,1,5550,5550,550.0,21,1320,0,120,10,1,1,0,0.8,4,0,False,False,0
task_0056,family_09,template_09,0.75,1.0,10,P-SPIDER-MEA,1,0,0,1,470,470,16.0,3,380,0,120,1,1,1,0,0.87,4,0,True,False,1
task_0056,family_09,template_09,0.75,1.0,10,B-COLD,1,0,0,1,5050,5050,480.0,21,10120,150,120,0,0,1,0,0.5,2,0,False,False,0
task_0056,family_09,template_09,0.75,1.0,10,B-RAG-EMBED,1,0,0,1,5250,5250,500.0,22,10270,150,120,0,0,1,0,0.5,2,0,False,False,0
task_0056,family_09,template_09,0.75,1.0,10,B-STAGEHAND-CACHE,1,0,0,1,5050,5050,480.0,21,10120,150,120,0,0,1,0,0.5,2,0,False,False,0
task_0056,family_09,template_09,0.75,1.0,10,B-TERX-REPLAY,1,0,0,1,5050,5050,480.0,21,10120,150,120,0,0,1,0,0.5,2,0,False,False,0
task_0056,family_09,template_09,0.75,1.0,10,NC1-SHUFFLED,1,0,1,1,5050,5050,500.0,21,10120,0,120,0,0,1,0,0.4,2,0,False,False,0
task_0056,family_09,template_09,0.75,1.0,10,NC2-RANDOM,1,0,0,1,5050,5050,500.0,21,10120,0,120,0,0,1,1,0.8,4,0,False,False,0
task_0056,family_09,template_09,0.75,1.0,10,NC3-LENGTH,1,0,0,1,5050,5050,500,21,10120,0,120,0,0,1,0,0.5,2,0,False,False,0
task_0056,family_09,template_09,0.75,1.0,10,NC4-ABLATION,0,1,0,0,5550,5550,550.0,21,1320,0,120,10,1,0,0,0.8,4,1,False,False,0
task_0057,family_09,template_09,1.0,1.0,10,P-SPIDER-MEA,1,0,0,1,470,470,16.0,3,380,0,120,1,1,1,0,0.95,4,0,True,False,1
task_0057,family_09,template_09,1.0,1.0,10,B-COLD,1,0,0,1,5050,5050,480.0,21,10120,150,120,0,0,1,0,0.5,2,0,False,False,0
task_0057,family_09,template_09,1.0,1.0,10,B-RAG-EMBED,1,0,0,1,5250,5250,500.0,22,10270,150,120,0,0,1,0,0.5,2,0,False,False,0
task_0057,family_09,template_09,1.0,1.0,10,B-STAGEHAND-CACHE,1,0,0,1,5050,5050,480.0,21,10120,150,120,0,0,1,0,0.5,2,0,False,False,0
task_0057,family_09,template_09,1.0,1.0,10,B-TERX-REPLAY,1,0,0,1,5050,5050,480.0,21,10120,150,120,0,0,1,0,0.5,2,0,False,False,0
task_0057,family_09,template_09,1.0,1.0,10,NC1-SHUFFLED,1,0,1,1,5050,5050,500.0,21,10120,0,120,0,0,1,0,0.4,2,0,False,False,0
task_0057,family_09,template_09,1.0,1.0,10,NC2-RANDOM,1,0,0,1,5050,5050,500.0,21,10120,0,120,0,0,1,1,0.8,4,0,False,False,0
task_0057,family_09,template_09,1.0,1.0,10,NC3-LENGTH,1,0,0,1,5050,5050,500,21,10120,0,120,0,0,1,0,0.5,2,0,False,False,0
task_0057,family_09,template_09,1.0,1.0,10,NC4-ABLATION,1,0,0,1,5550,5550,550.0,21,1320,0,120,10,1,1,0,0.8,4,0,False,False,0
task_0058,family_09,template_09,0.25,0.5,10,P-SPIDER-MEA,1,0,0,1,470,470,16.0,3,380,0,120,1,1,1,0,0.93,4,0,True,False,1
task_0058,family_09,template_09,0.25,0.5,10,B-COLD,1,0,0,1,5050,5050,480.0,21,10120,150,120,0,0,1,0,0.5,2,0,False,False,0
task_0058,family_09,template_09,0.25,0.5,10,B-RAG-EMBED,1,0,0,1,3000,3000,275.0,17,5870,150,120,5,1,1,0,0.5,2,0,False,False,0
task_0058,family_09,template_09,0.25,0.5,10,B-STAGEHAND-CACHE,1,0,0,1,5050,5050,480.0,21,10120,150,120,0,0,1,0,0.5,2,0,False,False,0
task_0058,family_09,template_09,0.25,0.5,10,B-TERX-REPLAY,1,0,0,1,5050,5050,480.0,21,10120,150,120,0,0,1,0,0.5,2,0,False,False,0
task_0058,family_09,template_09,0.25,0.5,10,NC1-SHUFFLED,1,0,1,1,5050,5050,500.0,21,10120,0,120,0,0,1,0,0.4,2,0,False,False,0
task_0058,family_09,template_09,0.25,0.5,10,NC2-RANDOM,1,0,0,1,5050,5050,500.0,21,10120,0,120,0,0,1,1,0.8,4,0,False,False,0
task_0058,family_09,template_09,0.25,0.5,10,NC3-LENGTH,1,0,0,1,5050,5050,500,21,10120,0,120,0,0,1,0,0.5,2,0,False,False,0
task_0058,family_09,template_09,0.25,0.5,10,NC4-ABLATION,1,0,0,1,5550,5550,550.0,21,1320,0,120,10,1,1,0,0.8,4,0,False,False,0
task_0059,family_09,template_09,0.5,0.5,10,P-SPIDER-MEA,1,0,0,1,470,470,16.0,3,380,0,120,1,1,1,0,0.87,4,0,True,False,1
task_0059,family_09,template_09,0.5,0.5,10,B-COLD,1,0,0,1,5050,5050,480.0,21,10120,150,120,0,0,1,0,0.5,2,0,False,False,0
task_0059,family_09,template_09,0.5,0.5,10,B-RAG-EMBED,1,0,0,1,3000,3000,275.0,17,5870,150,120,5,1,1,0,0.5,2,0,False,False,0
task_0059,family_09,template_09,0.5,0.5,10,B-STAGEHAND-CACHE,1,0,0,1,5050,5050,480.0,21,10120,150,120,0,0,1,0,0.5,2,0,False,False,0
task_0059,family_09,template_09,0.5,0.5,10,B-TERX-REPLAY,1,0,0,1,5050,5050,480.0,21,10120,150,120,0,0,1,0,0.5,2,0,False,False,0
task_0059,family_09,template_09,0.5,0.5,10,NC1-SHUFFLED,1,0,1,1,5050,5050,500.0,21,10120,0,120,0,0,1,0,0.4,2,0,False,False,0
task_0059,family_09,template_09,0.5,0.5,10,NC2-RANDOM,1,0,0,1,5050,5050,500.0,21,10120,0,120,0,0,1,1,0.8,4,0,False,False,0
task_0059,family_09,template_09,0.5,0.5,10,NC3-LENGTH,1,0,0,1,5050,5050,500,21,10120,0,120,0,0,1,0,0.5,2,0,False,False,0
task_0059,family_09,template_09,0.5,0.5,10,NC4-ABLATION,0,1,0,0,5550,5550,550.0,21,1320,0,120,10,1,0,0,0.8,4,1,False,False,0
task_0060,family_10,template_10,0.0,0.0,11,P-SPIDER-MEA,1,0,0,1,470,470,14.545454545454545,3,380,0,120,1,1,1,0,0.91,4,0,True,False,1
task_0060,family_10,template_10,0.0,0.0,11,B-COLD,1,0,0,1,5550,5550,481.8181818181818,23,11120,150,120,0,0,1,0,0.5,2,0,False,False,0
task_0060,family_10,template_10,0.0,0.0,11,B-RAG-EMBED,1,0,0,1,800,800,50.0,13,1590,150,120,11,1,1,0,0.5,2,0,False,False,0
task_0060,family_10,template_10,0.0,0.0,11,B-STAGEHAND-CACHE,1,0,0,1,600,600,31.818181818181817,12,1440,150,120,11,1,1,0,0.5,2,0,False,False,0
task_0060,family_10,template_10,0.0,0.0,11,B-TERX-REPLAY,1,0,0,1,600,600,31.818181818181817,12,1440,150,120,11,1,1,0,0.5,2,0,False,False,0
task_0060,family_10,template_10,0.0,0.0,11,NC1-SHUFFLED,1,0,1,1,5550,5550,500.0,23,11120,0,120,0,0,1,0,0.4,2,0,False,False,0
task_0060,family_10,template_10,0.0,0.0,11,NC2-RANDOM,1,0,0,1,5550,5550,500.0,23,11120,0,120,0,0,1,1,0.8,4,0,False,False,0
task_0060,family_10,template_10,0.0,0.0,11,NC3-LENGTH,1,0,0,1,5550,5550,500,23,11120,0,120,0,0,1,0,0.5,2,0,False,False,0
task_0060,family_10,template_10,0.0,0.0,11,NC4-ABLATION,0,1,0,0,6100,6100,550.0,23,1440,0,120,11,1,0,0,0.8,4,1,False,False,0
task_0061,family_10,template_10,0.75,0.6667,11,P-SPIDER-MEA,1,0,0,1,470,470,14.545454545454545,3,380,0,120,1,1,1,0,0.91,4,0,True,False,1
task_0061,family_10,template_10,0.75,0.6667,11,B-COLD,1,0,0,1,5550,5550,481.8181818181818,23,11120,150,120,0,0,1,0,0.5,2,0,False,False,0
task_0061,family_10,template_10,0.75,0.6667,11,B-RAG-EMBED,1,0,0,1,3950,3950,336.3636363636364,20,7750,150,120,4,1,1,0,0.5,2,0,False,False,0
task_0061,family_10,template_10,0.75,0.6667,11,B-STAGEHAND-CACHE,1,0,0,1,5550,5550,481.8181818181818,23,11120,150,120,0,0,1,0,0.5,2,0,False,False,0
task_0061,family_10,template_10,0.75,0.6667,11,B-TERX-REPLAY,1,0,0,1,5550,5550,481.8181818181818,23,11120,150,120,0,0,1,0,0.5,2,0,False,False,0
task_0061,family_10,template_10,0.75,0.6667,11,NC1-SHUFFLED,1,0,1,1,5550,5550,500.0,23,11120,0,120,0,0,1,0,0.4,2,0,False,False,0
task_0061,family_10,template_10,0.75,0.6667,11,NC2-RANDOM,1,0,0,1,5550,5550,500.0,23,11120,0,120,0,0,1,1,0.8,4,0,False,False,0
task_0061,family_10,template_10,0.75,0.6667,11,NC3-LENGTH,1,0,0,1,5550,5550,500,23,11120,0,120,0,0,1,0,0.5,2,0,False,False,0
task_0061,family_10,template_10,0.75,0.6667,11,NC4-ABLATION,1,0,0,1,6100,6100,550.0,23,1440,0,120,11,1,1,0,0.8,4,0,False,False,0
task_0062,family_10,template_10,1.0,1.0,11,P-SPIDER-MEA,0,1,1,0,470,470,14.545454545454545,3,380,0,120,1,1,0,0,0.08,0,0,True,False,1
task_0062,family_10,template_10,1.0,1.0,11,B-COLD,1,0,0,1,5550,5550,481.8181818181818,23,11120,150,120,0,0,1,0,0.5,2,0,False,False,0
task_0062,family_10,template_10,1.0,1.0,11,B-RAG-EMBED,1,0,0,1,5750,5750,500.0,24,11270,150,120,0,0,1,0,0.5,2,0,False,False,0
task_0062,family_10,template_10,1.0,1.0,11,B-STAGEHAND-CACHE,1,0,0,1,5550,5550,481.8181818181818,23,11120,150,120,0,0,1,0,0.5,2,0,False,False,0
task_0062,family_10,template_10,1.0,1.0,11,B-TERX-REPLAY,1,0,0,1,5550,5550,481.8181818181818,23,11120,150,120,0,0,1,0,0.5,2,0,False,False,0
task_0062,family_10,template_10,1.0,1.0,11,NC1-SHUFFLED,1,0,1,1,5550,5550,500.0,23,11120,0,120,0,0,1,0,0.4,2,0,False,False,0
task_0062,family_10,template_10,1.0,1.0,11,NC2-RANDOM,1,0,0,1,5550,5550,500.0,23,11120,0,120,0,0,1,1,0.8,4,0,False,False,0
task_0062,family_10,template_10,1.0,1.0,11,NC3-LENGTH,1,0,0,1,5550,5550,500,23,11120,0,120,0,0,1,0,0.5,2,0,False,False,0
task_0062,family_10,template_10,1.0,1.0,11,NC4-ABLATION,0,1,0,0,6100,6100,550.0,23,1440,0,120,11,1,0,0,0.8,4,1,False,False,0
task_0063,family_10,template_10,0.25,0.3333,11,P-SPIDER-MEA,1,0,0,1,470,470,14.545454545454545,3,380,0,120,1,1,1,0,0.96,4,0,True,False,1
task_0063,family_10,template_10,0.25,0.3333,11,B-COLD,1,0,0,1,5550,5550,481.8181818181818,23,11120,150,120,0,0,1,0,0.5,2,0,False,False,0
task_0063,family_10,template_10,0.25,0.3333,11,B-RAG-EMBED,1,0,0,1,2600,2600,213.63636363636363,17,5110,150,120,7,1,1,0,0.5,2,0,False,False,0
task_0063,family_10,template_10,0.25,0.3333,11,B-STAGEHAND-CACHE,1,0,0,1,5550,5550,481.8181818181818,23,11120,150,120,0,0,1,0,0.5,2,0,False,False,0
task_0063,family_10,template_10,0.25,0.3333,11,B-TERX-REPLAY,1,0,0,1,5550,5550,481.8181818181818,23,11120,150,120,0,0,1,0,0.5,2,0,False,False,0
task_0063,family_10,template_10,0.25,0.3333,11,NC1-SHUFFLED,1,0,1,1,5550,5550,500.0,23,11120,0,120,0,0,1,0,0.4,2,0,False,False,0
task_0063,family_10,template_10,0.25,0.3333,11,NC2-RANDOM,1,0,0,1,5550,5550,500.0,23,11120,0,120,0,0,1,1,0.8,4,0,False,False,0
task_0063,family_10,template_10,0.25,0.3333,11,NC3-LENGTH,1,0,0,1,5550,5550,500,23,11120,0,120,0,0,1,0,0.5,2,0,False,False,0
task_0063,family_10,template_10,0.25,0.3333,11,NC4-ABLATION,1,0,0,1,6100,6100,550.0,23,1440,0,120,11,1,1,0,0.8,4,0,False,False,0
task_0064,family_10,template_10,0.5,0.6667,11,P-SPIDER-MEA,1,0,0,1,470,470,14.545454545454545,3,380,0,120,1,1,1,0,0.95,4,0,True,False,1
task_0064,family_10,template_10,0.5,0.6667,11,B-COLD,1,0,0,1,5550,5550,481.8181818181818,23,11120,150,120,0,0,1,0,0.5,2,0,False,False,0
task_0064,family_10,template_10,0.5,0.6667,11,B-RAG-EMBED,1,0,0,1,3950,3950,336.3636363636364,20,7750,150,120,4,1,1,0,0.5,2,0,False,False,0
task_0064,family_10,template_10,0.5,0.6667,11,B-STAGEHAND-CACHE,1,0,0,1,5550,5550,481.8181818181818,23,11120,150,120,0,0,1,0,0.5,2,0,False,False,0
task_0064,family_10,template_10,0.5,0.6667,11,B-TERX-REPLAY,1,0,0,1,5550,5550,481.8181818181818,23,11120,150,120,0,0,1,0,0.5,2,0,False,False,0
task_0064,family_10,template_10,0.5,0.6667,11,NC1-SHUFFLED,1,0,1,1,5550,5550,500.0,23,11120,0,120,0,0,1,0,0.4,2,0,False,False,0
task_0064,family_10,template_10,0.5,0.6667,11,NC2-RANDOM,1,0,0,1,5550,5550,500.0,23,11120,0,120,0,0,1,1,0.8,4,0,False,False,0
task_0064,family_10,template_10,0.5,0.6667,11,NC3-LENGTH,1,0,0,1,5550,5550,500,23,11120,0,120,0,0,1,0,0.5,2,0,False,False,0
task_0064,family_10,template_10,0.5,0.6667,11,NC4-ABLATION,0,1,0,0,6100,6100,550.0,23,1440,0,120,11,1,0,0,0.8,4,1,False,False,0
task_0065,family_10,template_10,0.75,0.6667,11,P-SPIDER-MEA,1,0,0,1,470,470,14.545454545454545,3,380,0,120,1,1,1,0,0.86,4,0,True,False,1
task_0065,family_10,template_10,0.75,0.6667,11,B-COLD,1,0,0,1,5550,5550,481.8181818181818,23,11120,150,120,0,0,1,0,0.5,2,0,False,False,0
task_0065,family_10,template_10,0.75,0.6667,11,B-RAG-EMBED,1,0,0,1,3950,3950,336.3636363636364,20,7750,150,120,4,1,1,0,0.5,2,0,False,False,0
task_0065,family_10,template_10,0.75,0.6667,11,B-STAGEHAND-CACHE,1,0,0,1,5550,5550,481.8181818181818,23,11120,150,120,0,0,1,0,0.5,2,0,False,False,0
task_0065,family_10,template_10,0.75,0.6667,11,B-TERX-REPLAY,1,0,0,1,5550,5550,481.8181818181818,23,11120,150,120,0,0,1,0,0.5,2,0,False,False,0
task_0065,family_10,template_10,0.75,0.6667,11,NC1-SHUFFLED,1,0,1,1,5550,5550,500.0,23,11120,0,120,0,0,1,0,0.4,2,0,False,False,0
task_0065,family_10,template_10,0.75,0.6667,11,NC2-RANDOM,1,0,0,1,5550,5550,500.0,23,11120,0,120,0,0,1,1,0.8,4,0,False,False,0
task_0065,family_10,template_10,0.75,0.6667,11,NC3-LENGTH,1,0,0,1,5550,5550,500,23,11120,0,120,0,0,1,0,0.5,2,0,False,False,0
task_0065,family_10,template_10,0.75,0.6667,11,NC4-ABLATION,0,1,0,0,6100,6100,550.0,23,1440,0,120,11,1,0,0,0.8,4,1,False,False,0
task_0066,family_11,template_11,0.0,0.0,12,P-SPIDER-MEA,1,0,0,1,470,470,13.333333333333334,3,380,0,120,1,1,1,0,0.96,4,0,True,False,1
task_0066,family_11,template_11,0.0,0.0,12,B-COLD,1,0,0,1,6050,6050,483.3333333333333,25,12120,150,120,0,0,1,0,0.5,2,0,False,False,0
task_0066,family_11,template_11,0.0,0.0,12,B-RAG-EMBED,1,0,0,1,850,850,50.0,14,1710,150,120,12,1,1,0,0.5,2,0,False,False,0
task_0066,family_11,template_11,0.0,0.0,12,B-STAGEHAND-CACHE,1,0,0,1,650,650,33.333333333333336,13,1560,150,120,12,1,1,0,0.5,2,0,False,False,0
task_0066,family_11,template_11,0.0,0.0,12,B-TERX-REPLAY,1,0,0,1,650,650,33.333333333333336,13,1560,150,120,12,1,1,0,0.5,2,0,False,False,0
task_0066,family_11,template_11,0.0,0.0,12,NC1-SHUFFLED,1,0,1,1,6050,6050,500.0,25,12120,0,120,0,0,1,0,0.4,2,0,False,False,0
task_0066,family_11,template_11,0.0,0.0,12,NC2-RANDOM,1,0,0,1,6050,6050,500.0,25,12120,0,120,0,0,1,1,0.8,4,0,False,False,0
task_0066,family_11,template_11,0.0,0.0,12,NC3-LENGTH,1,0,0,1,6050,6050,500,25,12120,0,120,0,0,1,0,0.5,2,0,False,False,0
task_0066,family_11,template_11,0.0,0.0,12,NC4-ABLATION,1,0,0,1,6650,6650,550.0,25,1560,0,120,12,1,1,0,0.8,4,0,False,False,0
task_0067,family_11,template_11,1.0,1.0,12,P-SPIDER-MEA,1,0,0,1,470,470,13.333333333333334,3,380,0,120,1,1,1,0,0.91,4,0,True,False,1
task_0067,family_11,template_11,1.0,1.0,12,B-COLD,1,0,0,1,6050,6050,483.3333333333333,25,12120,150,120,0,0,1,0,0.5,2,0,False,False,0
task_0067,family_11,template_11,1.0,1.0,12,B-RAG-EMBED,1,0,0,1,6250,6250,500.0,26,12270,150,120,0,0,1,0,0.5,2,0,False,False,0
task_0067,family_11,template_11,1.0,1.0,12,B-STAGEHAND-CACHE,1,0,0,1,6050,6050,483.3333333333333,25,12120,150,120,0,0,1,0,0.5,2,0,False,False,0
task_0067,family_11,template_11,1.0,1.0,12,B-TERX-REPLAY,1,0,0,1,6050,6050,483.3333333333333,25,12120,150,120,0,0,1,0,0.5,2,0,False,False,0
task_0067,family_11,template_11,1.0,1.0,12,NC1-SHUFFLED,1,0,1,1,6050,6050,500.0,25,12120,0,120,0,0,1,0,0.4,2,0,False,False,0
task_0067,family_11,template_11,1.0,1.0,12,NC2-RANDOM,1,0,0,1,6050,6050,500.0,25,12120,0,120,0,0,1,1,0.8,4,0,False,False,0
task_0067,family_11,template_11,1.0,1.0,12,NC3-LENGTH,1,0,0,1,6050,6050,500,25,12120,0,120,0,0,1,0,0.5,2,0,False,False,0
task_0067,family_11,template_11,1.0,1.0,12,NC4-ABLATION,0,1,0,0,6650,6650,550.0,25,1560,0,120,12,1,0,0,0.8,4,1,False,False,0
task_0068,family_11,template_11,0.25,0.0,12,P-SPIDER-MEA,1,0,0,1,470,470,13.333333333333334,3,380,0,120,1,1,1,0,0.94,4,0,True,False,1
task_0068,family_11,template_11,0.25,0.0,12,B-COLD,1,0,0,1,6050,6050,483.3333333333333,25,12120,150,120,0,0,1,0,0.5,2,0,False,False,0
task_0068,family_11,template_11,0.25,0.0,12,B-RAG-EMBED,1,0,0,1,850,850,50.0,14,1710,150,120,12,1,1,0,0.5,2,0,False,False,0
task_0068,family_11,template_11,0.25,0.0,12,B-STAGEHAND-CACHE,1,0,0,1,6050,6050,483.3333333333333,25,12120,150,120,0,0,1,0,0.5,2,0,False,False,0
task_0068,family_11,template_11,0.25,0.0,12,B-TERX-REPLAY,1,0,0,1,6050,6050,483.3333333333333,25,12120,150,120,0,0,1,0,0.5,2,0,False,False,0
task_0068,family_11,template_11,0.25,0.0,12,NC1-SHUFFLED,0,1,1,0,6050,6050,500.0,25,12120,0,120,0,0,0,0,0.4,2,1,False,False,0
task_0068,family_11,template_11,0.25,0.0,12,NC2-RANDOM,0,1,0,0,6050,6050,500.0,25,12120,0,120,0,0,0,1,0.8,4,1,False,False,0
task_0068,family_11,template_11,0.25,0.0,12,NC3-LENGTH,1,0,0,1,6050,6050,500,25,12120,0,120,0,0,1,0,0.5,2,0,False,False,0
task_0068,family_11,template_11,0.25,0.0,12,NC4-ABLATION,0,1,0,0,6650,6650,550.0,25,1560,0,120,12,1,0,0,0.8,4,1,False,False,0
task_0069,family_11,template_11,0.5,1.0,12,P-SPIDER-MEA,1,0,0,1,470,470,13.333333333333334,3,380,0,120,1,1,1,0,0.87,4,0,True,False,1
task_0069,family_11,template_11,0.5,1.0,12,B-COLD,1,0,0,1,6050,6050,483.3333333333333,25,12120,150,120,0,0,1,0,0.5,2,0,False,False,0
task_0069,family_11,template_11,0.5,1.0,12,B-RAG-EMBED,1,0,0,1,6250,6250,500.0,26,12270,150,120,0,0,1,0,0.5,2,0,False,False,0
task_0069,family_11,template_11,0.5,1.0,12,B-STAGEHAND-CACHE,1,0,0,1,6050,6050,483.3333333333333,25,12120,150,120,0,0,1,0,0.5,2,0,False,False,0
task_0069,family_11,template_11,0.5,1.0,12,B-TERX-REPLAY,1,0,0,1,6050,6050,483.3333333333333,25,12120,150,120,0,0,1,0,0.5,2,0,False,False,0
task_0069,family_11,template_11,0.5,1.0,12,NC1-SHUFFLED,1,0,1,1,6050,6050,500.0,25,12120,0,120,0,0,1,0,0.4,2,0,False,False,0
task_0069,family_11,template_11,0.5,1.0,12,NC2-RANDOM,1,0,0,1,6050,6050,500.0,25,12120,0,120,0,0,1,1,0.8,4,0,False,False,0
task_0069,family_11,template_11,0.5,1.0,12,NC3-LENGTH,1,0,0,1,6050,6050,500,25,12120,0,120,0,0,1,0,0.5,2,0,False,False,0
task_0069,family_11,template_11,0.5,1.0,12,NC4-ABLATION,1,0,0,1,6650,6650,550.0,25,1560,0,120,12,1,1,0,0.8,4,0,False,False,0
task_0070,family_11,template_11,0.75,1.0,12,P-SPIDER-MEA,1,0,0,1,470,470,13.333333333333334,3,380,0,120,1,1,1,0,0.92,4,0,True,False,1
task_0070,family_11,template_11,0.75,1.0,12,B-COLD,1,0,0,1,6050,6050,483.3333333333333,25,12120,150,120,0,0,1,0,0.5,2,0,False,False,0
task_0070,family_11,template_11,0.75,1.0,12,B-RAG-EMBED,1,0,0,1,6250,6250,500.0,26,12270,150,120,0,0,1,0,0.5,2,0,False,False,0
task_0070,family_11,template_11,0.75,1.0,12,B-STAGEHAND-CACHE,1,0,0,1,6050,6050,483.3333333333333,25,12120,150,120,0,0,1,0,0.5,2,0,False,False,0
task_0070,family_11,template_11,0.75,1.0,12,B-TERX-REPLAY,1,0,0,1,6050,6050,483.3333333333333,25,12120,150,120,0,0,1,0,0.5,2,0,False,False,0
task_0070,family_11,template_11,0.75,1.0,12,NC1-SHUFFLED,0,1,1,0,6050,6050,500.0,25,12120,0,120,0,0,0,0,0.4,2,1,False,False,0
task_0070,family_11,template_11,0.75,1.0,12,NC2-RANDOM,0,1,0,0,6050,6050,500.0,25,12120,0,120,0,0,0,1,0.8,4,1,False,False,0
task_0070,family_11,template_11,0.75,1.0,12,NC3-LENGTH,1,0,0,1,6050,6050,500,25,12120,0,120,0,0,1,0,0.5,2,0,False,False,0
task_0070,family_11,template_11,0.75,1.0,12,NC4-ABLATION,1,0,0,1,6650,6650,550.0,25,1560,0,120,12,1,1,0,0.8,4,0,False,False,0
task_0071,family_11,template_11,1.0,1.0,12,P-SPIDER-MEA,1,0,0,1,470,470,13.333333333333334,3,380,0,120,1,1,1,0,0.95,4,0,True,False,1
task_0071,family_11,template_11,1.0,1.0,12,B-COLD,1,0,0,1,6050,6050,483.3333333333333,25,12120,150,120,0,0,1,0,0.5,2,0,False,False,0
task_0071,family_11,template_11,1.0,1.0,12,B-RAG-EMBED,1,0,0,1,6250,6250,500.0,26,12270,150,120,0,0,1,0,0.5,2,0,False,False,0
task_0071,family_11,template_11,1.0,1.0,12,B-STAGEHAND-CACHE,1,0,0,1,6050,6050,483.3333333333333,25,12120,150,120,0,0,1,0,0.5,2,0,False,False,0
task_0071,family_11,template_11,1.0,1.0,12,B-TERX-REPLAY,1,0,0,1,6050,6050,483.3333333333333,25,12120,150,120,0,0,1,0,0.5,2,0,False,False,0
task_0071,family_11,template_11,1.0,1.0,12,NC1-SHUFFLED,1,0,1,1,6050,6050,500.0,25,12120,0,120,0,0,1,0,0.4,2,0,False,False,0
task_0071,family_11,template_11,1.0,1.0,12,NC2-RANDOM,1,0,0,1,6050,6050,500.0,25,12120,0,120,0,0,1,1,0.8,4,0,False,False,0
task_0071,family_11,template_11,1.0,1.0,12,NC3-LENGTH,1,0,0,1,6050,6050,500,25,12120,0,120,0,0,1,0,0.5,2,0,False,False,0
task_0071,family_11,template_11,1.0,1.0,12,NC4-ABLATION,0,1,0,0,6650,6650,550.0,25,1560,0,120,12,1,0,0,0.8,4,1,False,False,0
task_0072,family_12,template_12,0.0,0.0,13,P-SPIDER-MEA,1,0,0,1,470,470,12.307692307692308,3,380,0,120,1,1,1,0,0.88,4,0,True,False,1
task_0072,family_12,template_12,0.0,0.0,13,B-COLD,1,0,0,1,6550,6550,484.61538461538464,27,13120,150,120,0,0,1,0,0.5,2,0,False,False,0
task_0072,family_12,template_12,0.0,0.0,13,B-RAG-EMBED,1,0,0,1,900,900,50.0,15,1830,150,120,13,1,1,0,0.5,2,0,False,False,0
task_0072,family_12,template_12,0.0,0.0,13,B-STAGEHAND-CACHE,1,0,0,1,700,700,34.61538461538461,14,1680,150,120,13,1,1,0,0.5,2,0,False,False,0
task_0072,family_12,template_12,0.0,0.0,13,B-TERX-REPLAY,1,0,0,1,700,700,34.61538461538461,14,1680,150,120,13,1,1,0,0.5,2,0,False,False,0
task_0072,family_12,template_12,0.0,0.0,13,NC1-SHUFFLED,1,0,1,1,6550,6550,500.0,27,13120,0,120,0,0,1,0,0.4,2,0,False,False,0
task_0072,family_12,template_12,0.0,0.0,13,NC2-RANDOM,1,0,0,1,6550,6550,500.0,27,13120,0,120,0,0,1,1,0.8,4,0,False,False,0
task_0072,family_12,template_12,0.0,0.0,13,NC3-LENGTH,1,0,0,1,6550,6550,500,27,13120,0,120,0,0,1,0,0.5,2,0,False,False,0
task_0072,family_12,template_12,0.0,0.0,13,NC4-ABLATION,0,1,0,0,7200,7200,550.0,27,1680,0,120,13,1,0,0,0.8,4,1,False,False,0
task_0073,family_12,template_12,0.25,0.5,13,P-SPIDER-MEA,1,0,0,1,470,470,12.307692307692308,3,380,0,120,1,1,1,0,0.94,4,0,True,False,1
task_0073,family_12,template_12,0.25,0.5,13,B-COLD,1,0,0,1,6550,6550,484.61538461538464,27,13120,150,120,0,0,1,0,0.5,2,0,False,False,0
task_0073,family_12,template_12,0.25,0.5,13,B-RAG-EMBED,1,0,0,1,3600,3600,257.6923076923077,21,7110,150,120,7,1,1,0,0.5,2,0,False,False,0
task_0073,family_12,template_12,0.25,0.5,13,B-STAGEHAND-CACHE,1,0,0,1,6550,6550,484.61538461538464,27,13120,150,120,0,0,1,0,0.5,2,0,False,False,0
task_0073,family_12,template_12,0.25,0.5,13,B-TERX-REPLAY,1,0,0,1,6550,6550,484.61538461538464,27,13120,150,120,0,0,1,0,0.5,2,0,False,False,0
task_0073,family_12,template_12,0.25,0.5,13,NC1-SHUFFLED,1,0,1,1,6550,6550,500.0,27,13120,0,120,0,0,1,0,0.4,2,0,False,False,0
task_0073,family_12,template_12,0.25,0.5,13,NC2-RANDOM,1,0,0,1,6550,6550,500.0,27,13120,0,120,0,0,1,1,0.8,4,0,False,False,0
task_0073,family_12,template_12,0.25,0.5,13,NC3-LENGTH,1,0,0,1,6550,6550,500,27,13120,0,120,0,0,1,0,0.5,2,0,False,False,0
task_0073,family_12,template_12,0.25,0.5,13,NC4-ABLATION,0,1,0,0,7200,7200,550.0,27,1680,0,120,13,1,0,0,0.8,4,1,False,False,0
task_0074,family_12,template_12,0.5,0.5,13,P-SPIDER-MEA,1,0,0,1,470,470,12.307692307692308,3,380,0,120,1,1,1,0,0.89,4,0,True,False,1
task_0074,family_12,template_12,0.5,0.5,13,B-COLD,1,0,0,1,6550,6550,484.61538461538464,27,13120,150,120,0,0,1,0,0.5,2,0,False,False,0
task_0074,family_12,template_12,0.5,0.5,13,B-RAG-EMBED,1,0,0,1,3600,3600,257.6923076923077,21,7110,150,120,7,1,1,0,0.5,2,0,False,False,0
task_0074,family_12,template_12,0.5,0.5,13,B-STAGEHAND-CACHE,1,0,0,1,6550,6550,484.61538461538464,27,13120,150,120,0,0,1,0,0.5,2,0,False,False,0
task_0074,family_12,template_12,0.5,0.5,13,B-TERX-REPLAY,1,0,0,1,6550,6550,484.61538461538464,27,13120,150,120,0,0,1,0,0.5,2,0,False,False,0
task_0074,family_12,template_12,0.5,0.5,13,NC1-SHUFFLED,1,0,1,1,6550,6550,500.0,27,13120,0,120,0,0,1,0,0.4,2,0,False,False,0
task_0074,family_12,template_12,0.5,0.5,13,NC2-RANDOM,1,0,0,1,6550,6550,500.0,27,13120,0,120,0,0,1,1,0.8,4,0,False,False,0
task_0074,family_12,template_12,0.5,0.5,13,NC3-LENGTH,1,0,0,1,6550,6550,500,27,13120,0,120,0,0,1,0,0.5,2,0,False,False,0
task_0074,family_12,template_12,0.5,0.5,13,NC4-ABLATION,1,0,0,1,7200,7200,550.0,27,1680,0,120,13,1,1,0,0.8,4,0,False,False,0
task_0075,family_12,template_12,0.75,1.0,13,P-SPIDER-MEA,1,0,0,1,470,470,12.307692307692308,3,380,0,120,1,1,1,0,0.93,4,0,True,False,1
task_0075,family_12,template_12,0.75,1.0,13,B-COLD,1,0,0,1,6550,6550,484.61538461538464,27,13120,150,120,0,0,1,0,0.5,2,0,False,False,0
task_0075,family_12,template_12,0.75,1.0,13,B-RAG-EMBED,1,0,0,1,6750,6750,500.0,28,13270,150,120,0,0,1,0,0.5,2,0,False,False,0
task_0075,family_12,template_12,0.75,1.0,13,B-STAGEHAND-CACHE,1,0,0,1,6550,6550,484.61538461538464,27,13120,150,120,0,0,1,0,0.5,2,0,False,False,0
task_0075,family_12,template_12,0.75,1.0,13,B-TERX-REPLAY,1,0,0,1,6550,6550,484.61538461538464,27,13120,150,120,0,0,1,0,0.5,2,0,False,False,0
task_0075,family_12,template_12,0.75,1.0,13,NC1-SHUFFLED,1,0,1,1,6550,6550,500.0,27,13120,0,120,0,0,1,0,0.4,2,0,False,False,0
task_0075,family_12,template_12,0.75,1.0,13,NC2-RANDOM,1,0,0,1,6550,6550,500.0,27,13120,0,120,0,0,1,1,0.8,4,0,False,False,0
task_0075,family_12,template_12,0.75,1.0,13,NC3-LENGTH,1,0,0,1,6550,6550,500,27,13120,0,120,0,0,1,0,0.5,2,0,False,False,0
task_0075,family_12,template_12,0.75,1.0,13,NC4-ABLATION,1,0,0,1,7200,7200,550.0,27,1680,0,120,13,1,1,0,0.8,4,0,False,False,0
task_0076,family_12,template_12,1.0,1.0,13,P-SPIDER-MEA,1,0,0,1,470,470,12.307692307692308,3,380,0,120,1,1,1,0,0.91,4,0,True,False,1
task_0076,family_12,template_12,1.0,1.0,13,B-COLD,1,0,0,1,6550,6550,484.61538461538464,27,13120,150,120,0,0,1,0,0.5,2,0,False,False,0
task_0076,family_12,template_12,1.0,1.0,13,B-RAG-EMBED,1,0,0,1,6750,6750,500.0,28,13270,150,120,0,0,1,0,0.5,2,0,False,False,0
task_0076,family_12,template_12,1.0,1.0,13,B-STAGEHAND-CACHE,1,0,0,1,6550,6550,484.61538461538464,27,13120,150,120,0,0,1,0,0.5,2,0,False,False,0
task_0076,family_12,template_12,1.0,1.0,13,B-TERX-REPLAY,1,0,0,1,6550,6550,484.61538461538464,27,13120,150,120,0,0,1,0,0.5,2,0,False,False,0
task_0076,family_12,template_12,1.0,1.0,13,NC1-SHUFFLED,1,0,1,1,6550,6550,500.0,27,13120,0,120,0,0,1,0,0.4,2,0,False,False,0
task_0076,family_12,template_12,1.0,1.0,13,NC2-RANDOM,1,0,0,1,6550,6550,500.0,27,13120,0,120,0,0,1,1,0.8,4,0,False,False,0
task_0076,family_12,template_12,1.0,1.0,13,NC3-LENGTH,1,0,0,1,6550,6550,500,27,13120,0,120,0,0,1,0,0.5,2,0,False,False,0
task_0076,family_12,template_12,1.0,1.0,13,NC4-ABLATION,1,0,0,1,7200,7200,550.0,27,1680,0,120,13,1,1,0,0.8,4,0,False,False,0
task_0077,family_13,template_13,0.0,0.0,14,P-SPIDER-MEA,1,0,0,1,470,470,11.428571428571429,3,380,0,120,1,1,1,0,0.88,4,0,True,False,1
task_0077,family_13,template_13,0.0,0.0,14,B-COLD,1,0,0,1,7050,7050,485.7142857142857,29,14120,150,120,0,0,1,0,0.5,2,0,False,False,0
task_0077,family_13,template_13,0.0,0.0,14,B-RAG-EMBED,1,0,0,1,950,950,50.0,16,1950,150,120,14,1,1,0,0.5,2,0,False,False,0
task_0077,family_13,template_13,0.0,0.0,14,B-STAGEHAND-CACHE,1,0,0,1,750,750,35.714285714285715,15,1800,150,120,14,1,1,0,0.5,2,0,False,False,0
task_0077,family_13,template_13,0.0,0.0,14,B-TERX-REPLAY,1,0,0,1,750,750,35.714285714285715,15,1800,150,120,14,1,1,0,0.5,2,0,False,False,0
task_0077,family_13,template_13,0.0,0.0,14,NC1-SHUFFLED,1,0,1,1,7050,7050,500.0,29,14120,0,120,0,0,1,0,0.4,2,0,False,False,0
task_0077,family_13,template_13,0.0,0.0,14,NC2-RANDOM,1,0,0,1,7050,7050,500.0,29,14120,0,120,0,0,1,1,0.8,4,0,False,False,0
task_0077,family_13,template_13,0.0,0.0,14,NC3-LENGTH,1,0,0,1,7050,7050,500,29,14120,0,120,0,0,1,0,0.5,2,0,False,False,0
task_0077,family_13,template_13,0.0,0.0,14,NC4-ABLATION,1,0,0,1,7750,7750,550.0,29,1800,0,120,14,1,1,0,0.8,4,0,False,False,0
task_0078,family_13,template_13,0.5,0.5,14,P-SPIDER-MEA,1,0,0,1,470,470,11.428571428571429,3,380,0,120,1,1,1,0,0.92,4,0,True,False,1
task_0078,family_13,template_13,0.5,0.5,14,B-COLD,1,0,0,1,7050,7050,485.7142857142857,29,14120,150,120,0,0,1,0,0.5,2,0,False,False,0
task_0078,family_13,template_13,0.5,0.5,14,B-RAG-EMBED,1,0,0,1,4100,4100,275.0,23,8110,150,120,7,1,1,0,0.5,2,0,False,False,0
task_0078,family_13,template_13,0.5,0.5,14,B-STAGEHAND-CACHE,1,0,0,1,7050,7050,485.7142857142857,29,14120,150,120,0,0,1,0,0.5,2,0,False,False,0
task_0078,family_13,template_13,0.5,0.5,14,B-TERX-REPLAY,1,0,0,1,7050,7050,485.7142857142857,29,14120,150,120,0,0,1,0,0.5,2,0,False,False,0
task_0078,family_13,template_13,0.5,0.5,14,NC1-SHUFFLED,1,0,1,1,7050,7050,500.0,29,14120,0,120,0,0,1,0,0.4,2,0,False,False,0
task_0078,family_13,template_13,0.5,0.5,14,NC2-RANDOM,1,0,0,1,7050,7050,500.0,29,14120,0,120,0,0,1,1,0.8,4,0,False,False,0
task_0078,family_13,template_13,0.5,0.5,14,NC3-LENGTH,1,0,0,1,7050,7050,500,29,14120,0,120,0,0,1,0,0.5,2,0,False,False,0
task_0078,family_13,template_13,0.5,0.5,14,NC4-ABLATION,1,0,0,1,7750,7750,550.0,29,1800,0,120,14,1,1,0,0.8,4,0,False,False,0
task_0079,family_13,template_13,0.75,1.0,14,P-SPIDER-MEA,1,0,0,1,470,470,11.428571428571429,3,380,0,120,1,1,1,0,0.88,4,0,True,False,1
task_0079,family_13,template_13,0.75,1.0,14,B-COLD,1,0,0,1,7050,7050,485.7142857142857,29,14120,150,120,0,0,1,0,0.5,2,0,False,False,0
task_0079,family_13,template_13,0.75,1.0,14,B-RAG-EMBED,1,0,0,1,7250,7250,500.0,30,14270,150,120,0,0,1,0,0.5,2,0,False,False,0
task_0079,family_13,template_13,0.75,1.0,14,B-STAGEHAND-CACHE,1,0,0,1,7050,7050,485.7142857142857,29,14120,150,120,0,0,1,0,0.5,2,0,False,False,0
task_0079,family_13,template_13,0.75,1.0,14,B-TERX-REPLAY,1,0,0,1,7050,7050,485.7142857142857,29,14120,150,120,0,0,1,0,0.5,2,0,False,False,0
task_0079,family_13,template_13,0.75,1.0,14,NC1-SHUFFLED,1,0,1,1,7050,7050,500.0,29,14120,0,120,0,0,1,0,0.4,2,0,False,False,0
task_0079,family_13,template_13,0.75,1.0,14,NC2-RANDOM,1,0,0,1,7050,7050,500.0,29,14120,0,120,0,0,1,1,0.8,4,0,False,False,0
task_0079,family_13,template_13,0.75,1.0,14,NC3-LENGTH,1,0,0,1,7050,7050,500,29,14120,0,120,0,0,1,0,0.5,2,0,False,False,0
task_0079,family_13,template_13,0.75,1.0,14,NC4-ABLATION,1,0,0,1,7750,7750,550.0,29,1800,0,120,14,1,1,0,0.8,4,0,False,False,0
task_0080,family_13,template_13,1.0,1.0,14,P-SPIDER-MEA,1,0,0,1,470,470,11.428571428571429,3,380,0,120,1,1,1,0,0.93,4,0,True,False,1
task_0080,family_13,template_13,1.0,1.0,14,B-COLD,1,0,0,1,7050,7050,485.7142857142857,29,14120,150,120,0,0,1,0,0.5,2,0,False,False,0
task_0080,family_13,template_13,1.0,1.0,14,B-RAG-EMBED,1,0,0,1,7250,7250,500.0,30,14270,150,120,0,0,1,0,0.5,2,0,False,False,0
task_0080,family_13,template_13,1.0,1.0,14,B-STAGEHAND-CACHE,1,0,0,1,7050,7050,485.7142857142857,29,14120,150,120,0,0,1,0,0.5,2,0,False,False,0
task_0080,family_13,template_13,1.0,1.0,14,B-TERX-REPLAY,1,0,0,1,7050,7050,485.7142857142857,29,14120,150,120,0,0,1,0,0.5,2,0,False,False,0
task_0080,family_13,template_13,1.0,1.0,14,NC1-SHUFFLED,1,0,1,1,7050,7050,500.0,29,14120,0,120,0,0,1,0,0.4,2,0,False,False,0
task_0080,family_13,template_13,1.0,1.0,14,NC2-RANDOM,1,0,0,1,7050,7050,500.0,29,14120,0,120,0,0,1,1,0.8,4,0,False,False,0
task_0080,family_13,template_13,1.0,1.0,14,NC3-LENGTH,1,0,0,1,7050,7050,500,29,14120,0,120,0,0,1,0,0.5,2,0,False,False,0
task_0080,family_13,template_13,1.0,1.0,14,NC4-ABLATION,0,1,0,0,7750,7750,550.0,29,1800,0,120,14,1,0,0,0.8,4,1,False,False,0
task_0081,family_13,template_13,0.25,0.5,14,P-SPIDER-MEA,1,0,0,1,470,470,11.428571428571429,3,380,0,120,1,1,1,0,0.96,4,0,True,False,1
task_0081,family_13,template_13,0.25,0.5,14,B-COLD,1,0,0,1,7050,7050,485.7142857142857,29,14120,150,120,0,0,1,0,0.5,2,0,False,False,0
task_0081,family_13,template_13,0.25,0.5,14,B-RAG-EMBED,1,0,0,1,4100,4100,275.0,23,8110,150,120,7,1,1,0,0.5,2,0,False,False,0
task_0081,family_13,template_13,0.25,0.5,14,B-STAGEHAND-CACHE,1,0,0,1,7050,7050,485.7142857142857,29,14120,150,120,0,0,1,0,0.5,2,0,False,False,0
task_0081,family_13,template_13,0.25,0.5,14,B-TERX-REPLAY,1,0,0,1,7050,7050,485.7142857142857,29,14120,150,120,0,0,1,0,0.5,2,0,False,False,0
task_0081,family_13,template_13,0.25,0.5,14,NC1-SHUFFLED,1,0,1,1,7050,7050,500.0,29,14120,0,120,0,0,1,0,0.4,2,0,False,False,0
task_0081,family_13,template_13,0.25,0.5,14,NC2-RANDOM,1,0,0,1,7050,7050,500.0,29,14120,0,120,0,0,1,1,0.8,4,0,False,False,0
task_0081,family_13,template_13,0.25,0.5,14,NC3-LENGTH,1,0,0,1,7050,7050,500,29,14120,0,120,0,0,1,0,0.5,2,0,False,False,0
task_0081,family_13,template_13,0.25,0.5,14,NC4-ABLATION,1,0,0,1,7750,7750,550.0,29,1800,0,120,14,1,1,0,0.8,4,0,False,False,0
task_0082,family_14,template_14,0.0,0.0,8,P-SPIDER-MEA,1,0,0,1,470,470,20.0,3,380,0,120,1,1,1,0,0.86,4,0,True,False,1
task_0082,family_14,template_14,0.0,0.0,8,B-COLD,1,0,0,1,4050,4050,475.0,17,8120,150,120,0,0,1,0,0.5,2,0,False,False,0
task_0082,family_14,template_14,0.0,0.0,8,B-RAG-EMBED,1,0,0,1,650,650,50.0,10,1230,150,120,8,1,1,0,0.5,2,0,False,False,0
task_0082,family_14,template_14,0.0,0.0,8,B-STAGEHAND-CACHE,1,0,0,1,450,450,25.0,9,1080,150,120,8,1,1,0,0.5,2,0,False,False,0
task_0082,family_14,template_14,0.0,0.0,8,B-TERX-REPLAY,1,0,0,1,450,450,25.0,9,1080,150,120,8,1,1,0,0.5,2,0,False,False,0
task_0082,family_14,template_14,0.0,0.0,8,NC1-SHUFFLED,1,0,1,1,4050,4050,500.0,17,8120,0,120,0,0,1,0,0.4,2,0,False,False,0
task_0082,family_14,template_14,0.0,0.0,8,NC2-RANDOM,1,0,0,1,4050,4050,500.0,17,8120,0,120,0,0,1,1,0.8,4,0,False,False,0
task_0082,family_14,template_14,0.0,0.0,8,NC3-LENGTH,1,0,0,1,4050,4050,500,17,8120,0,120,0,0,1,0,0.5,2,0,False,False,0
task_0082,family_14,template_14,0.0,0.0,8,NC4-ABLATION,1,0,0,1,4450,4450,550.0,17,1080,0,120,8,1,1,0,0.8,4,0,False,False,0
task_0083,family_14,template_14,0.75,0.6667,8,P-SPIDER-MEA,1,0,0,1,470,470,20.0,3,380,0,120,1,1,1,0,0.93,4,0,True,False,1
task_0083,family_14,template_14,0.75,0.6667,8,B-COLD,1,0,0,1,4050,4050,475.0,17,8120,150,120,0,0,1,0,0.5,2,0,False,False,0
task_0083,family_14,template_14,0.75,0.6667,8,B-RAG-EMBED,1,0,0,1,2900,2900,331.25,15,5630,150,120,3,1,1,0,0.5,2,0,False,False,0
task_0083,family_14,template_14,0.75,0.6667,8,B-STAGEHAND-CACHE,1,0,0,1,4050,4050,475.0,17,8120,150,120,0,0,1,0,0.5,2,0,False,False,0
task_0083,family_14,template_14,0.75,0.6667,8,B-TERX-REPLAY,1,0,0,1,4050,4050,475.0,17,8120,150,120,0,0,1,0,0.5,2,0,False,False,0
task_0083,family_14,template_14,0.75,0.6667,8,NC1-SHUFFLED,1,0,1,1,4050,4050,500.0,17,8120,0,120,0,0,1,0,0.4,2,0,False,False,0
task_0083,family_14,template_14,0.75,0.6667,8,NC2-RANDOM,1,0,0,1,4050,4050,500.0,17,8120,0,120,0,0,1,1,0.8,4,0,False,False,0
task_0083,family_14,template_14,0.75,0.6667,8,NC3-LENGTH,1,0,0,1,4050,4050,500,17,8120,0,120,0,0,1,0,0.5,2,0,False,False,0
task_0083,family_14,template_14,0.75,0.6667,8,NC4-ABLATION,0,1,0,0,4450,4450,550.0,17,1080,0,120,8,1,0,0,0.8,4,1,False,False,0
task_0084,family_14,template_14,1.0,1.0,8,P-SPIDER-MEA,1,0,0,1,470,470,20.0,3,380,0,120,1,1,1,0,0.87,4,0,True,False,1
task_0084,family_14,template_14,1.0,1.0,8,B-COLD,1,0,0,1,4050,4050,475.0,17,8120,150,120,0,0,1,0,0.5,2,0,False,False,0
task_0084,family_14,template_14,1.0,1.0,8,B-RAG-EMBED,1,0,0,1,4250,4250,500.0,18,8270,150,120,0,0,1,0,0.5,2,0,False,False,0
task_0084,family_14,template_14,1.0,1.0,8,B-STAGEHAND-CACHE,1,0,0,1,4050,4050,475.0,17,8120,150,120,0,0,1,0,0.5,2,0,False,False,0
task_0084,family_14,template_14,1.0,1.0,8,B-TERX-REPLAY,1,0,0,1,4050,4050,475.0,17,8120,150,120,0,0,1,0,0.5,2,0,False,False,0
task_0084,family_14,template_14,1.0,1.0,8,NC1-SHUFFLED,1,0,1,1,4050,4050,500.0,17,8120,0,120,0,0,1,0,0.4,2,0,False,False,0
task_0084,family_14,template_14,1.0,1.0,8,NC2-RANDOM,1,0,0,1,4050,4050,500.0,17,8120,0,120,0,0,1,1,0.8,4,0,False,False,0
task_0084,family_14,template_14,1.0,1.0,8,NC3-LENGTH,1,0,0,1,4050,4050,500,17,8120,0,120,0,0,1,0,0.5,2,0,False,False,0
task_0084,family_14,template_14,1.0,1.0,8,NC4-ABLATION,0,1,0,0,4450,4450,550.0,17,1080,0,120,8,1,0,0,0.8,4,1,False,False,0
task_0085,family_14,template_14,0.25,0.3333,8,P-SPIDER-MEA,1,0,0,1,470,470,20.0,3,380,0,120,1,1,1,0,0.92,4,0,True,False,1
task_0085,family_14,template_14,0.25,0.3333,8,B-COLD,1,0,0,1,4050,4050,475.0,17,8120,150,120,0,0,1,0,0.5,2,0,False,False,0
task_0085,family_14,template_14,0.25,0.3333,8,B-RAG-EMBED,1,0,0,1,2000,2000,218.75,13,3870,150,120,5,1,1,0,0.5,2,0,False,False,0
task_0085,family_14,template_14,0.25,0.3333,8,B-STAGEHAND-CACHE,1,0,0,1,4050,4050,475.0,17,8120,150,120,0,0,1,0,0.5,2,0,False,False,0
task_0085,family_14,template_14,0.25,0.3333,8,B-TERX-REPLAY,1,0,0,1,4050,4050,475.0,17,8120,150,120,0,0,1,0,0.5,2,0,False,False,0
task_0085,family_14,template_14,0.25,0.3333,8,NC1-SHUFFLED,1,0,1,1,4050,4050,500.0,17,8120,0,120,0,0,1,0,0.4,2,0,False,False,0
task_0085,family_14,template_14,0.25,0.3333,8,NC2-RANDOM,1,0,0,1,4050,4050,500.0,17,8120,0,120,0,0,1,1,0.8,4,0,False,False,0
task_0085,family_14,template_14,0.25,0.3333,8,NC3-LENGTH,1,0,0,1,4050,4050,500,17,8120,0,120,0,0,1,0,0.5,2,0,False,False,0
task_0085,family_14,template_14,0.25,0.3333,8,NC4-ABLATION,1,0,0,1,4450,4450,550.0,17,1080,0,120,8,1,1,0,0.8,4,0,False,False,0
task_0086,family_14,template_14,0.5,0.6667,8,P-SPIDER-MEA,1,0,0,1,470,470,20.0,3,380,0,120,1,1,1,0,0.94,4,0,True,False,1
task_0086,family_14,template_14,0.5,0.6667,8,B-COLD,1,0,0,1,4050,4050,475.0,17,8120,150,120,0,0,1,0,0.5,2,0,False,False,0
task_0086,family_14,template_14,0.5,0.6667,8,B-RAG-EMBED,1,0,0,1,2900,2900,331.25,15,5630,150,120,3,1,1,0,0.5,2,0,False,False,0
task_0086,family_14,template_14,0.5,0.6667,8,B-STAGEHAND-CACHE,1,0,0,1,4050,4050,475.0,17,8120,150,120,0,0,1,0,0.5,2,0,False,False,0
task_0086,family_14,template_14,0.5,0.6667,8,B-TERX-REPLAY,1,0,0,1,4050,4050,475.0,17,8120,150,120,0,0,1,0,0.5,2,0,False,False,0
task_0086,family_14,template_14,0.5,0.6667,8,NC1-SHUFFLED,1,0,1,1,4050,4050,500.0,17,8120,0,120,0,0,1,0,0.4,2,0,False,False,0
task_0086,family_14,template_14,0.5,0.6667,8,NC2-RANDOM,1,0,0,1,4050,4050,500.0,17,8120,0,120,0,0,1,1,0.8,4,0,False,False,0
task_0086,family_14,template_14,0.5,0.6667,8,NC3-LENGTH,1,0,0,1,4050,4050,500,17,8120,0,120,0,0,1,0,0.5,2,0,False,False,0
task_0086,family_14,template_14,0.5,0.6667,8,NC4-ABLATION,0,1,0,0,4450,4450,550.0,17,1080,0,120,8,1,0,0,0.8,4,1,False,False,0
task_0087,family_15,template_15,0.0,0.0,9,P-SPIDER-MEA,1,0,0,1,470,470,17.77777777777778,3,380,0,120,1,1,1,0,0.87,4,0,True,False,1
task_0087,family_15,template_15,0.0,0.0,9,B-COLD,1,0,0,1,4550,4550,477.77777777777777,19,9120,150,120,0,0,1,0,0.5,2,0,False,False,0
task_0087,family_15,template_15,0.0,0.0,9,B-RAG-EMBED,1,0,0,1,700,700,50.0,11,1350,150,120,9,1,1,0,0.5,2,0,False,False,0
task_0087,family_15,template_15,0.0,0.0,9,B-STAGEHAND-CACHE,1,0,0,1,500,500,27.77777777777778,10,1200,150,120,9,1,1,0,0.5,2,0,False,False,0
task_0087,family_15,template_15,0.0,0.0,9,B-TERX-REPLAY,1,0,0,1,500,500,27.77777777777778,10,1200,150,120,9,1,1,0,0.5,2,0,False,False,0
task_0087,family_15,template_15,0.0,0.0,9,NC1-SHUFFLED,1,0,1,1,4550,4550,500.0,19,9120,0,120,0,0,1,0,0.4,2,0,False,False,0
task_0087,family_15,template_15,0.0,0.0,9,NC2-RANDOM,1,0,0,1,4550,4550,500.0,19,9120,0,120,0,0,1,1,0.8,4,0,False,False,0
task_0087,family_15,template_15,0.0,0.0,9,NC3-LENGTH,1,0,0,1,4550,4550,500,19,9120,0,120,0,0,1,0,0.5,2,0,False,False,0
task_0087,family_15,template_15,0.0,0.0,9,NC4-ABLATION,1,0,0,1,5000,5000,550.0,19,1200,0,120,9,1,1,0,0.8,4,0,False,False,0
task_0088,family_15,template_15,1.0,1.0,9,P-SPIDER-MEA,1,0,0,1,470,470,17.77777777777778,3,380,0,120,1,1,1,0,0.9,4,0,True,False,1
task_0088,family_15,template_15,1.0,1.0,9,B-COLD,1,0,0,1,4550,4550,477.77777777777777,19,9120,150,120,0,0,1,0,0.5,2,0,False,False,0
task_0088,family_15,template_15,1.0,1.0,9,B-RAG-EMBED,1,0,0,1,4750,4750,500.0,20,9270,150,120,0,0,1,0,0.5,2,0,False,False,0
task_0088,family_15,template_15,1.0,1.0,9,B-STAGEHAND-CACHE,1,0,0,1,4550,4550,477.77777777777777,19,9120,150,120,0,0,1,0,0.5,2,0,False,False,0
task_0088,family_15,template_15,1.0,1.0,9,B-TERX-REPLAY,1,0,0,1,4550,4550,477.77777777777777,19,9120,150,120,0,0,1,0,0.5,2,0,False,False,0
task_0088,family_15,template_15,1.0,1.0,9,NC1-SHUFFLED,1,0,1,1,4550,4550,500.0,19,9120,0,120,0,0,1,0,0.4,2,0,False,False,0
task_0088,family_15,template_15,1.0,1.0,9,NC2-RANDOM,1,0,0,1,4550,4550,500.0,19,9120,0,120,0,0,1,1,0.8,4,0,False,False,0
task_0088,family_15,template_15,1.0,1.0,9,NC3-LENGTH,1,0,0,1,4550,4550,500,19,9120,0,120,0,0,1,0,0.5,2,0,False,False,0
task_0088,family_15,template_15,1.0,1.0,9,NC4-ABLATION,1,0,0,1,5000,5000,550.0,19,1200,0,120,9,1,1,0,0.8,4,0,False,False,0
task_0089,family_15,template_15,0.25,0.0,9,P-SPIDER-MEA,1,0,0,1,470,470,17.77777777777778,3,380,0,120,1,1,1,0,0.91,4,0,True,False,1
task_0089,family_15,template_15,0.25,0.0,9,B-COLD,1,0,0,1,4550,4550,477.77777777777777,19,9120,150,120,0,0,1,0,0.5,2,0,False,False,0
task_0089,family_15,template_15,0.25,0.0,9,B-RAG-EMBED,1,0,0,1,700,700,50.0,11,1350,150,120,9,1,1,0,0.5,2,0,False,False,0
task_0089,family_15,template_15,0.25,0.0,9,B-STAGEHAND-CACHE,1,0,0,1,4550,4550,477.77777777777777,19,9120,150,120,0,0,1,0,0.5,2,0,False,False,0
task_0089,family_15,template_15,0.25,0.0,9,B-TERX-REPLAY,1,0,0,1,4550,4550,477.77777777777777,19,9120,150,120,0,0,1,0,0.5,2,0,False,False,0
task_0089,family_15,template_15,0.25,0.0,9,NC1-SHUFFLED,1,0,1,1,4550,4550,500.0,19,9120,0,120,0,0,1,0,0.4,2,0,False,False,0
task_0089,family_15,template_15,0.25,0.0,9,NC2-RANDOM,1,0,0,1,4550,4550,500.0,19,9120,0,120,0,0,1,1,0.8,4,0,False,False,0
task_0089,family_15,template_15,0.25,0.0,9,NC3-LENGTH,1,0,0,1,4550,4550,500,19,9120,0,120,0,0,1,0,0.5,2,0,False,False,0
task_0089,family_15,template_15,0.25,0.0,9,NC4-ABLATION,1,0,0,1,5000,5000,550.0,19,1200,0,120,9,1,1,0,0.8,4,0,False,False,0
task_0090,family_15,template_15,0.5,1.0,9,P-SPIDER-MEA,1,0,0,1,470,470,17.77777777777778,3,380,0,120,1,1,1,0,0.93,4,0,True,False,1
task_0090,family_15,template_15,0.5,1.0,9,B-COLD,1,0,0,1,4550,4550,477.77777777777777,19,9120,150,120,0,0,1,0,0.5,2,0,False,False,0
task_0090,family_15,template_15,0.5,1.0,9,B-RAG-EMBED,1,0,0,1,4750,4750,500.0,20,9270,150,120,0,0,1,0,0.5,2,0,False,False,0
task_0090,family_15,template_15,0.5,1.0,9,B-STAGEHAND-CACHE,1,0,0,1,4550,4550,477.77777777777777,19,9120,150,120,0,0,1,0,0.5,2,0,False,False,0
task_0090,family_15,template_15,0.5,1.0,9,B-TERX-REPLAY,1,0,0,1,4550,4550,477.77777777777777,19,9120,150,120,0,0,1,0,0.5,2,0,False,False,0
task_0090,family_15,template_15,0.5,1.0,9,NC1-SHUFFLED,1,0,1,1,4550,4550,500.0,19,9120,0,120,0,0,1,0,0.4,2,0,False,False,0
task_0090,family_15,template_15,0.5,1.0,9,NC2-RANDOM,1,0,0,1,4550,4550,500.0,19,9120,0,120,0,0,1,1,0.8,4,0,False,False,0
task_0090,family_15,template_15,0.5,1.0,9,NC3-LENGTH,1,0,0,1,4550,4550,500,19,9120,0,120,0,0,1,0,0.5,2,0,False,False,0
task_0090,family_15,template_15,0.5,1.0,9,NC4-ABLATION,1,0,0,1,5000,5000,550.0,19,1200,0,120,9,1,1,0,0.8,4,0,False,False,0
task_0091,family_15,template_15,0.75,1.0,9,P-SPIDER-MEA,1,0,0,1,470,470,17.77777777777778,3,380,0,120,1,1,1,0,0.86,4,0,True,False,1
task_0091,family_15,template_15,0.75,1.0,9,B-COLD,1,0,0,1,4550,4550,477.77777777777777,19,9120,150,120,0,0,1,0,0.5,2,0,False,False,0
task_0091,family_15,template_15,0.75,1.0,9,B-RAG-EMBED,1,0,0,1,4750,4750,500.0,20,9270,150,120,0,0,1,0,0.5,2,0,False,False,0
task_0091,family_15,template_15,0.75,1.0,9,B-STAGEHAND-CACHE,1,0,0,1,4550,4550,477.77777777777777,19,9120,150,120,0,0,1,0,0.5,2,0,False,False,0
task_0091,family_15,template_15,0.75,1.0,9,B-TERX-REPLAY,1,0,0,1,4550,4550,477.77777777777777,19,9120,150,120,0,0,1,0,0.5,2,0,False,False,0
task_0091,family_15,template_15,0.75,1.0,9,NC1-SHUFFLED,0,1,1,0,4550,4550,500.0,19,9120,0,120,0,0,0,0,0.4,2,1,False,False,0
task_0091,family_15,template_15,0.75,1.0,9,NC2-RANDOM,0,1,0,0,4550,4550,500.0,19,9120,0,120,0,0,0,1,0.8,4,1,False,False,0
task_0091,family_15,template_15,0.75,1.0,9,NC3-LENGTH,1,0,0,1,4550,4550,500,19,9120,0,120,0,0,1,0,0.5,2,0,False,False,0
task_0091,family_15,template_15,0.75,1.0,9,NC4-ABLATION,0,1,0,0,5000,5000,550.0,19,1200,0,120,9,1,0,0,0.8,4,1,False,False,0
task_0092,family_16,template_16,0.0,0.0,10,P-SPIDER-MEA,1,0,0,1,470,470,16.0,3,380,0,120,1,1,1,0,0.89,4,0,True,False,1
task_0092,family_16,template_16,0.0,0.0,10,B-COLD,1,0,0,1,5050,5050,480.0,21,10120,150,120,0,0,1,0,0.5,2,0,False,False,0
task_0092,family_16,template_16,0.0,0.0,10,B-RAG-EMBED,1,0,0,1,750,750,50.0,12,1470,150,120,10,1,1,0,0.5,2,0,False,False,0
task_0092,family_16,template_16,0.0,0.0,10,B-STAGEHAND-CACHE,1,0,0,1,550,550,30.0,11,1320,150,120,10,1,1,0,0.5,2,0,False,False,0
task_0092,family_16,template_16,0.0,0.0,10,B-TERX-REPLAY,1,0,0,1,550,550,30.0,11,1320,150,120,10,1,1,0,0.5,2,0,False,False,0
task_0092,family_16,template_16,0.0,0.0,10,NC1-SHUFFLED,1,0,1,1,5050,5050,500.0,21,10120,0,120,0,0,1,0,0.4,2,0,False,False,0
task_0092,family_16,template_16,0.0,0.0,10,NC2-RANDOM,1,0,0,1,5050,5050,500.0,21,10120,0,120,0,0,1,1,0.8,4,0,False,False,0
task_0092,family_16,template_16,0.0,0.0,10,NC3-LENGTH,1,0,0,1,5050,5050,500,21,10120,0,120,0,0,1,0,0.5,2,0,False,False,0
task_0092,family_16,template_16,0.0,0.0,10,NC4-ABLATION,1,0,0,1,5550,5550,550.0,21,1320,0,120,10,1,1,0,0.8,4,0,False,False,0
task_0093,family_16,template_16,0.25,0.5,10,P-SPIDER-MEA,1,0,0,1,470,470,16.0,3,380,0,120,1,1,1,0,0.88,4,0,True,False,1
task_0093,family_16,template_16,0.25,0.5,10,B-COLD,1,0,0,1,5050,5050,480.0,21,10120,150,120,0,0,1,0,0.5,2,0,False,False,0
task_0093,family_16,template_16,0.25,0.5,10,B-RAG-EMBED,1,0,0,1,3000,3000,275.0,17,5870,150,120,5,1,1,0,0.5,2,0,False,False,0
task_0093,family_16,template_16,0.25,0.5,10,B-STAGEHAND-CACHE,1,0,0,1,5050,5050,480.0,21,10120,150,120,0,0,1,0,0.5,2,0,False,False,0
task_0093,family_16,template_16,0.25,0.5,10,B-TERX-REPLAY,1,0,0,1,5050,5050,480.0,21,10120,150,120,0,0,1,0,0.5,2,0,False,False,0
task_0093,family_16,template_16,0.25,0.5,10,NC1-SHUFFLED,1,0,1,1,5050,5050,500.0,21,10120,0,120,0,0,1,0,0.4,2,0,False,False,0
task_0093,family_16,template_16,0.25,0.5,10,NC2-RANDOM,1,0,0,1,5050,5050,500.0,21,10120,0,120,0,0,1,1,0.8,4,0,False,False,0
task_0093,family_16,template_16,0.25,0.5,10,NC3-LENGTH,1,0,0,1,5050,5050,500,21,10120,0,120,0,0,1,0,0.5,2,0,False,False,0
task_0093,family_16,template_16,0.25,0.5,10,NC4-ABLATION,1,0,0,1,5550,5550,550.0,21,1320,0,120,10,1,1,0,0.8,4,0,False,False,0
task_0094,family_16,template_16,0.5,0.5,10,P-SPIDER-MEA,1,0,0,1,470,470,16.0,3,380,0,120,1,1,1,0,0.9,4,0,True,False,1
task_0094,family_16,template_16,0.5,0.5,10,B-COLD,1,0,0,1,5050,5050,480.0,21,10120,150,120,0,0,1,0,0.5,2,0,False,False,0
task_0094,family_16,template_16,0.5,0.5,10,B-RAG-EMBED,1,0,0,1,3000,3000,275.0,17,5870,150,120,5,1,1,0,0.5,2,0,False,False,0
task_0094,family_16,template_16,0.5,0.5,10,B-STAGEHAND-CACHE,1,0,0,1,5050,5050,480.0,21,10120,150,120,0,0,1,0,0.5,2,0,False,False,0
task_0094,family_16,template_16,0.5,0.5,10,B-TERX-REPLAY,1,0,0,1,5050,5050,480.0,21,10120,150,120,0,0,1,0,0.5,2,0,False,False,0
task_0094,family_16,template_16,0.5,0.5,10,NC1-SHUFFLED,1,0,1,1,5050,5050,500.0,21,10120,0,120,0,0,1,0,0.4,2,0,False,False,0
task_0094,family_16,template_16,0.5,0.5,10,NC2-RANDOM,1,0,0,1,5050,5050,500.0,21,10120,0,120,0,0,1,1,0.8,4,0,False,False,0
task_0094,family_16,template_16,0.5,0.5,10,NC3-LENGTH,1,0,0,1,5050,5050,500,21,10120,0,120,0,0,1,0,0.5,2,0,False,False,0
task_0094,family_16,template_16,0.5,0.5,10,NC4-ABLATION,0,1,0,0,5550,5550,550.0,21,1320,0,120,10,1,0,0,0.8,4,1,False,False,0
task_0095,family_16,template_16,0.75,1.0,10,P-SPIDER-MEA,1,0,0,1,470,470,16.0,3,380,0,120,1,1,1,0,0.88,4,0,True,False,1
task_0095,family_16,template_16,0.75,1.0,10,B-COLD,1,0,0,1,5050,5050,480.0,21,10120,150,120,0,0,1,0,0.5,2,0,False,False,0
task_0095,family_16,template_16,0.75,1.0,10,B-RAG-EMBED,1,0,0,1,5250,5250,500.0,22,10270,150,120,0,0,1,0,0.5,2,0,False,False,0
task_0095,family_16,template_16,0.75,1.0,10,B-STAGEHAND-CACHE,1,0,0,1,5050,5050,480.0,21,10120,150,120,0,0,1,0,0.5,2,0,False,False,0
task_0095,family_16,template_16,0.75,1.0,10,B-TERX-REPLAY,1,0,0,1,5050,5050,480.0,21,10120,150,120,0,0,1,0,0.5,2,0,False,False,0
task_0095,family_16,template_16,0.75,1.0,10,NC1-SHUFFLED,1,0,1,1,5050,5050,500.0,21,10120,0,120,0,0,1,0,0.4,2,0,False,False,0
task_0095,family_16,template_16,0.75,1.0,10,NC2-RANDOM,1,0,0,1,5050,5050,500.0,21,10120,0,120,0,0,1,1,0.8,4,0,False,False,0
task_0095,family_16,template_16,0.75,1.0,10,NC3-LENGTH,1,0,0,1,5050,5050,500,21,10120,0,120,0,0,1,0,0.5,2,0,False,False,0
task_0095,family_16,template_16,0.75,1.0,10,NC4-ABLATION,0,1,0,0,5550,5550,550.0,21,1320,0,120,10,1,0,0,0.8,4,1,False,False,0
task_0096,family_16,template_16,1.0,1.0,10,P-SPIDER-MEA,1,0,0,1,470,470,16.0,3,380,0,120,1,1,1,0,0.96,4,0,True,False,1
task_0096,family_16,template_16,1.0,1.0,10,B-COLD,1,0,0,1,5050,5050,480.0,21,10120,150,120,0,0,1,0,0.5,2,0,False,False,0
task_0096,family_16,template_16,1.0,1.0,10,B-RAG-EMBED,1,0,0,1,5250,5250,500.0,22,10270,150,120,0,0,1,0,0.5,2,0,False,False,0
task_0096,family_16,template_16,1.0,1.0,10,B-STAGEHAND-CACHE,1,0,0,1,5050,5050,480.0,21,10120,150,120,0,0,1,0,0.5,2,0,False,False,0
task_0096,family_16,template_16,1.0,1.0,10,B-TERX-REPLAY,1,0,0,1,5050,5050,480.0,21,10120,150,120,0,0,1,0,0.5,2,0,False,False,0
task_0096,family_16,template_16,1.0,1.0,10,NC1-SHUFFLED,1,0,1,1,5050,5050,500.0,21,10120,0,120,0,0,1,0,0.4,2,0,False,False,0
task_0096,family_16,template_16,1.0,1.0,10,NC2-RANDOM,1,0,0,1,5050,5050,500.0,21,10120,0,120,0,0,1,1,0.8,4,0,False,False,0
task_0096,family_16,template_16,1.0,1.0,10,NC3-LENGTH,1,0,0,1,5050,5050,500,21,10120,0,120,0,0,1,0,0.5,2,0,False,False,0
task_0096,family_16,template_16,1.0,1.0,10,NC4-ABLATION,0,1,0,0,5550,5550,550.0,21,1320,0,120,10,1,0,0,0.8,4,1,False,False,0
task_0097,family_17,template_17,0.0,0.0,11,P-SPIDER-MEA,1,0,0,1,470,470,14.545454545454545,3,380,0,120,1,1,1,0,0.95,4,0,True,False,1
task_0097,family_17,template_17,0.0,0.0,11,B-COLD,1,0,0,1,5550,5550,481.8181818181818,23,11120,150,120,0,0,1,0,0.5,2,0,False,False,0
task_0097,family_17,template_17,0.0,0.0,11,B-RAG-EMBED,1,0,0,1,800,800,50.0,13,1590,150,120,11,1,1,0,0.5,2,0,False,False,0
task_0097,family_17,template_17,0.0,0.0,11,B-STAGEHAND-CACHE,1,0,0,1,600,600,31.818181818181817,12,1440,150,120,11,1,1,0,0.5,2,0,False,False,0
task_0097,family_17,template_17,0.0,0.0,11,B-TERX-REPLAY,1,0,0,1,600,600,31.818181818181817,12,1440,150,120,11,1,1,0,0.5,2,0,False,False,0
task_0097,family_17,template_17,0.0,0.0,11,NC1-SHUFFLED,1,0,1,1,5550,5550,500.0,23,11120,0,120,0,0,1,0,0.4,2,0,False,False,0
task_0097,family_17,template_17,0.0,0.0,11,NC2-RANDOM,1,0,0,1,5550,5550,500.0,23,11120,0,120,0,0,1,1,0.8,4,0,False,False,0
task_0097,family_17,template_17,0.0,0.0,11,NC3-LENGTH,1,0,0,1,5550,5550,500,23,11120,0,120,0,0,1,0,0.5,2,0,False,False,0
task_0097,family_17,template_17,0.0,0.0,11,NC4-ABLATION,0,1,0,0,6100,6100,550.0,23,1440,0,120,11,1,0,0,0.8,4,1,False,False,0
task_0098,family_17,template_17,0.5,0.5,11,P-SPIDER-MEA,1,0,0,1,470,470,14.545454545454545,3,380,0,120,1,1,1,0,0.86,4,0,True,False,1
task_0098,family_17,template_17,0.5,0.5,11,B-COLD,1,0,0,1,5550,5550,481.8181818181818,23,11120,150,120,0,0,1,0,0.5,2,0,False,False,0
task_0098,family_17,template_17,0.5,0.5,11,B-RAG-EMBED,1,0,0,1,3500,3500,295.45454545454544,19,6870,150,120,5,1,1,0,0.5,2,0,False,False,0
task_0098,family_17,template_17,0.5,0.5,11,B-STAGEHAND-CACHE,1,0,0,1,5550,5550,481.8181818181818,23,11120,150,120,0,0,1,0,0.5,2,0,False,False,0
task_0098,family_17,template_17,0.5,0.5,11,B-TERX-REPLAY,1,0,0,1,5550,5550,481.8181818181818,23,11120,150,120,0,0,1,0,0.5,2,0,False,False,0
task_0098,family_17,template_17,0.5,0.5,11,NC1-SHUFFLED,1,0,1,1,5550,5550,500.0,23,11120,0,120,0,0,1,0,0.4,2,0,False,False,0
task_0098,family_17,template_17,0.5,0.5,11,NC2-RANDOM,1,0,0,1,5550,5550,500.0,23,11120,0,120,0,0,1,1,0.8,4,0,False,False,0
task_0098,family_17,template_17,0.5,0.5,11,NC3-LENGTH,1,0,0,1,5550,5550,500,23,11120,0,120,0,0,1,0,0.5,2,0,False,False,0
task_0098,family_17,template_17,0.5,0.5,11,NC4-ABLATION,1,0,0,1,6100,6100,550.0,23,1440,0,120,11,1,1,0,0.8,4,0,False,False,0
task_0099,family_17,template_17,0.75,1.0,11,P-SPIDER-MEA,1,0,0,1,470,470,14.545454545454545,3,380,0,120,1,1,1,0,0.95,4,0,True,False,1
task_0099,family_17,template_17,0.75,1.0,11,B-COLD,1,0,0,1,5550,5550,481.8181818181818,23,11120,150,120,0,0,1,0,0.5,2,0,False,False,0
task_0099,family_17,template_17,0.75,1.0,11,B-RAG-EMBED,1,0,0,1,5750,5750,500.0,24,11270,150,120,0,0,1,0,0.5,2,0,False,False,0
task_0099,family_17,template_17,0.75,1.0,11,B-STAGEHAND-CACHE,1,0,0,1,5550,5550,481.8181818181818,23,11120,150,120,0,0,1,0,0.5,2,0,False,False,0
task_0099,family_17,template_17,0.75,1.0,11,B-TERX-REPLAY,1,0,0,1,5550,5550,481.8181818181818,23,11120,150,120,0,0,1,0,0.5,2,0,False,False,0
task_0099,family_17,template_17,0.75,1.0,11,NC1-SHUFFLED,0,1,1,0,5550,5550,500.0,23,11120,0,120,0,0,0,0,0.4,2,1,False,False,0
task_0099,family_17,template_17,0.75,1.0,11,NC2-RANDOM,0,1,0,0,5550,5550,500.0,23,11120,0,120,0,0,0,1,0.8,4,1,False,False,0
task_0099,family_17,template_17,0.75,1.0,11,NC3-LENGTH,1,0,0,1,5550,5550,500,23,11120,0,120,0,0,1,0,0.5,2,0,False,False,0
task_0099,family_17,template_17,0.75,1.0,11,NC4-ABLATION,0,1,0,0,6100,6100,550.0,23,1440,0,120,11,1,0,0,0.8,4,1,False,False,0
task_0100,family_17,template_17,1.0,1.0,11,P-SPIDER-MEA,1,0,0,1,470,470,14.545454545454545,3,380,0,120,1,1,1,0,0.96,4,0,True,False,1
task_0100,family_17,template_17,1.0,1.0,11,B-COLD,1,0,0,1,5550,5550,481.8181818181818,23,11120,150,120,0,0,1,0,0.5,2,0,False,False,0
task_0100,family_17,template_17,1.0,1.0,11,B-RAG-EMBED,1,0,0,1,5750,5750,500.0,24,11270,150,120,0,0,1,0,0.5,2,0,False,False,0
task_0100,family_17,template_17,1.0,1.0,11,B-STAGEHAND-CACHE,1,0,0,1,5550,5550,481.8181818181818,23,11120,150,120,0,0,1,0,0.5,2,0,False,False,0
task_0100,family_17,template_17,1.0,1.0,11,B-TERX-REPLAY,1,0,0,1,5550,5550,481.8181818181818,23,11120,150,120,0,0,1,0,0.5,2,0,False,False,0
task_0100,family_17,template_17,1.0,1.0,11,NC1-SHUFFLED,0,1,1,0,5550,5550,500.0,23,11120,0,120,0,0,0,0,0.4,2,1,False,False,0
task_0100,family_17,template_17,1.0,1.0,11,NC2-RANDOM,0,1,0,0,5550,5550,500.0,23,11120,0,120,0,0,0,1,0.8,4,1,False,False,0
task_0100,family_17,template_17,1.0,1.0,11,NC3-LENGTH,1,0,0,1,5550,5550,500,23,11120,0,120,0,0,1,0,0.5,2,0,False,False,0
task_0100,family_17,template_17,1.0,1.0,11,NC4-ABLATION,0,1,0,0,6100,6100,550.0,23,1440,0,120,11,1,0,0,0.8,4,1,False,False,0
task_0101,family_17,template_17,0.25,0.5,11,P-SPIDER-MEA,1,0,0,1,470,470,14.545454545454545,3,380,0,120,1,1,1,0,0.87,4,0,True,False,1
task_0101,family_17,template_17,0.25,0.5,11,B-COLD,1,0,0,1,5550,5550,481.8181818181818,23,11120,150,120,0,0,1,0,0.5,2,0,False,False,0
task_0101,family_17,template_17,0.25,0.5,11,B-RAG-EMBED,1,0,0,1,3500,3500,295.45454545454544,19,6870,150,120,5,1,1,0,0.5,2,0,False,False,0
task_0101,family_17,template_17,0.25,0.5,11,B-STAGEHAND-CACHE,1,0,0,1,5550,5550,481.8181818181818,23,11120,150,120,0,0,1,0,0.5,2,0,False,False,0
task_0101,family_17,template_17,0.25,0.5,11,B-TERX-REPLAY,1,0,0,1,5550,5550,481.8181818181818,23,11120,150,120,0,0,1,0,0.5,2,0,False,False,0
task_0101,family_17,template_17,0.25,0.5,11,NC1-SHUFFLED,1,0,1,1,5550,5550,500.0,23,11120,0,120,0,0,1,0,0.4,2,0,False,False,0
task_0101,family_17,template_17,0.25,0.5,11,NC2-RANDOM,1,0,0,1,5550,5550,500.0,23,11120,0,120,0,0,1,1,0.8,4,0,False,False,0
task_0101,family_17,template_17,0.25,0.5,11,NC3-LENGTH,1,0,0,1,5550,5550,500,23,11120,0,120,0,0,1,0,0.5,2,0,False,False,0
task_0101,family_17,template_17,0.25,0.5,11,NC4-ABLATION,1,0,0,1,6100,6100,550.0,23,1440,0,120,11,1,1,0,0.8,4,0,False,False,0
task_0102,family_18,template_18,0.0,0.0,12,P-SPIDER-MEA,1,0,0,1,470,470,13.333333333333334,3,380,0,120,1,1,1,0,0.88,4,0,True,False,1
task_0102,family_18,template_18,0.0,0.0,12,B-COLD,1,0,0,1,6050,6050,483.3333333333333,25,12120,150,120,0,0,1,0,0.5,2,0,False,False,0
task_0102,family_18,template_18,0.0,0.0,12,B-RAG-EMBED,1,0,0,1,850,850,50.0,14,1710,150,120,12,1,1,0,0.5,2,0,False,False,0
task_0102,family_18,template_18,0.0,0.0,12,B-STAGEHAND-CACHE,1,0,0,1,650,650,33.333333333333336,13,1560,150,120,12,1,1,0,0.5,2,0,False,False,0
task_0102,family_18,template_18,0.0,0.0,12,B-TERX-REPLAY,1,0,0,1,650,650,33.333333333333336,13,1560,150,120,12,1,1,0,0.5,2,0,False,False,0
task_0102,family_18,template_18,0.0,0.0,12,NC1-SHUFFLED,1,0,1,1,6050,6050,500.0,25,12120,0,120,0,0,1,0,0.4,2,0,False,False,0
task_0102,family_18,template_18,0.0,0.0,12,NC2-RANDOM,1,0,0,1,6050,6050,500.0,25,12120,0,120,0,0,1,1,0.8,4,0,False,False,0
task_0102,family_18,template_18,0.0,0.0,12,NC3-LENGTH,1,0,0,1,6050,6050,500,25,12120,0,120,0,0,1,0,0.5,2,0,False,False,0
task_0102,family_18,template_18,0.0,0.0,12,NC4-ABLATION,1,0,0,1,6650,6650,550.0,25,1560,0,120,12,1,1,0,0.8,4,0,False,False,0
task_0103,family_18,template_18,0.75,0.6667,12,P-SPIDER-MEA,1,0,0,1,470,470,13.333333333333334,3,380,0,120,1,1,1,0,0.86,4,0,True,False,1
task_0103,family_18,template_18,0.75,0.6667,12,B-COLD,1,0,0,1,6050,6050,483.3333333333333,25,12120,150,120,0,0,1,0,0.5,2,0,False,False,0
task_0103,family_18,template_18,0.75,0.6667,12,B-RAG-EMBED,1,0,0,1,4450,4450,350.0,22,8750,150,120,4,1,1,0,0.5,2,0,False,False,0
task_0103,family_18,template_18,0.75,0.6667,12,B-STAGEHAND-CACHE,1,0,0,1,6050,6050,483.3333333333333,25,12120,150,120,0,0,1,0,0.5,2,0,False,False,0
task_0103,family_18,template_18,0.75,0.6667,12,B-TERX-REPLAY,1,0,0,1,6050,6050,483.3333333333333,25,12120,150,120,0,0,1,0,0.5,2,0,False,False,0
task_0103,family_18,template_18,0.75,0.6667,12,NC1-SHUFFLED,1,0,1,1,6050,6050,500.0,25,12120,0,120,0,0,1,0,0.4,2,0,False,False,0
task_0103,family_18,template_18,0.75,0.6667,12,NC2-RANDOM,1,0,0,1,6050,6050,500.0,25,12120,0,120,0,0,1,1,0.8,4,0,False,False,0
task_0103,family_18,template_18,0.75,0.6667,12,NC3-LENGTH,1,0,0,1,6050,6050,500,25,12120,0,120,0,0,1,0,0.5,2,0,False,False,0
task_0103,family_18,template_18,0.75,0.6667,12,NC4-ABLATION,0,1,0,0,6650,6650,550.0,25,1560,0,120,12,1,0,0,0.8,4,1,False,False,0
task_0104,family_18,template_18,1.0,1.0,12,P-SPIDER-MEA,1,0,0,1,470,470,13.333333333333334,3,380,0,120,1,1,1,0,0.97,4,0,True,False,1
task_0104,family_18,template_18,1.0,1.0,12,B-COLD,1,0,0,1,6050,6050,483.3333333333333,25,12120,150,120,0,0,1,0,0.5,2,0,False,False,0
task_0104,family_18,template_18,1.0,1.0,12,B-RAG-EMBED,1,0,0,1,6250,6250,500.0,26,12270,150,120,0,0,1,0,0.5,2,0,False,False,0
task_0104,family_18,template_18,1.0,1.0,12,B-STAGEHAND-CACHE,1,0,0,1,6050,6050,483.3333333333333,25,12120,150,120,0,0,1,0,0.5,2,0,False,False,0
task_0104,family_18,template_18,1.0,1.0,12,B-TERX-REPLAY,1,0,0,1,6050,6050,483.3333333333333,25,12120,150,120,0,0,1,0,0.5,2,0,False,False,0
task_0104,family_18,template_18,1.0,1.0,12,NC1-SHUFFLED,0,1,1,0,6050,6050,500.0,25,12120,0,120,0,0,0,0,0.4,2,1,False,False,0
task_0104,family_18,template_18,1.0,1.0,12,NC2-RANDOM,0,1,0,0,6050,6050,500.0,25,12120,0,120,0,0,0,1,0.8,4,1,False,False,0
task_0104,family_18,template_18,1.0,1.0,12,NC3-LENGTH,1,0,0,1,6050,6050,500,25,12120,0,120,0,0,1,0,0.5,2,0,False,False,0
task_0104,family_18,template_18,1.0,1.0,12,NC4-ABLATION,1,0,0,1,6650,6650,550.0,25,1560,0,120,12,1,1,0,0.8,4,0,False,False,0
task_0105,family_18,template_18,0.25,0.3333,12,P-SPIDER-MEA,1,0,0,1,470,470,13.333333333333334,3,380,0,120,1,1,1,0,0.94,4,0,True,False,1
task_0105,family_18,template_18,0.25,0.3333,12,B-COLD,1,0,0,1,6050,6050,483.3333333333333,25,12120,150,120,0,0,1,0,0.5,2,0,False,False,0
task_0105,family_18,template_18,0.25,0.3333,12,B-RAG-EMBED,1,0,0,1,2650,2650,200.0,18,5230,150,120,8,1,1,0,0.5,2,0,False,False,0
task_0105,family_18,template_18,0.25,0.3333,12,B-STAGEHAND-CACHE,1,0,0,1,6050,6050,483.3333333333333,25,12120,150,120,0,0,1,0,0.5,2,0,False,False,0
task_0105,family_18,template_18,0.25,0.3333,12,B-TERX-REPLAY,1,0,0,1,6050,6050,483.3333333333333,25,12120,150,120,0,0,1,0,0.5,2,0,False,False,0
task_0105,family_18,template_18,0.25,0.3333,12,NC1-SHUFFLED,1,0,1,1,6050,6050,500.0,25,12120,0,120,0,0,1,0,0.4,2,0,False,False,0
task_0105,family_18,template_18,0.25,0.3333,12,NC2-RANDOM,1,0,0,1,6050,6050,500.0,25,12120,0,120,0,0,1,1,0.8,4,0,False,False,0
task_0105,family_18,template_18,0.25,0.3333,12,NC3-LENGTH,1,0,0,1,6050,6050,500,25,12120,0,120,0,0,1,0,0.5,2,0,False,False,0
task_0105,family_18,template_18,0.25,0.3333,12,NC4-ABLATION,1,0,0,1,6650,6650,550.0,25,1560,0,120,12,1,1,0,0.8,4,0,False,False,0
task_0106,family_18,template_18,0.5,0.6667,12,P-SPIDER-MEA,1,0,0,1,470,470,13.333333333333334,3,380,0,120,1,1,1,0,0.9,4,0,True,False,1
task_0106,family_18,template_18,0.5,0.6667,12,B-COLD,1,0,0,1,6050,6050,483.3333333333333,25,12120,150,120,0,0,1,0,0.5,2,0,False,False,0
task_0106,family_18,template_18,0.5,0.6667,12,B-RAG-EMBED,1,0,0,1,4450,4450,350.0,22,8750,150,120,4,1,1,0,0.5,2,0,False,False,0
task_0106,family_18,template_18,0.5,0.6667,12,B-STAGEHAND-CACHE,1,0,0,1,6050,6050,483.3333333333333,25,12120,150,120,0,0,1,0,0.5,2,0,False,False,0
task_0106,family_18,template_18,0.5,0.6667,12,B-TERX-REPLAY,1,0,0,1,6050,6050,483.3333333333333,25,12120,150,120,0,0,1,0,0.5,2,0,False,False,0
task_0106,family_18,template_18,0.5,0.6667,12,NC1-SHUFFLED,1,0,1,1,6050,6050,500.0,25,12120,0,120,0,0,1,0,0.4,2,0,False,False,0
task_0106,family_18,template_18,0.5,0.6667,12,NC2-RANDOM,1,0,0,1,6050,6050,500.0,25,12120,0,120,0,0,1,1,0.8,4,0,False,False,0
task_0106,family_18,template_18,0.5,0.6667,12,NC3-LENGTH,1,0,0,1,6050,6050,500,25,12120,0,120,0,0,1,0,0.5,2,0,False,False,0
task_0106,family_18,template_18,0.5,0.6667,12,NC4-ABLATION,1,0,0,1,6650,6650,550.0,25,1560,0,120,12,1,1,0,0.8,4,0,False,False,0
task_0107,family_19,template_19,0.0,0.0,13,P-SPIDER-MEA,1,0,0,1,470,470,12.307692307692308,3,380,0,120,1,1,1,0,0.97,4,0,True,False,1
task_0107,family_19,template_19,0.0,0.0,13,B-COLD,1,0,0,1,6550,6550,484.61538461538464,27,13120,150,120,0,0,1,0,0.5,2,0,False,False,0
task_0107,family_19,template_19,0.0,0.0,13,B-RAG-EMBED,1,0,0,1,900,900,50.0,15,1830,150,120,13,1,1,0,0.5,2,0,False,False,0
task_0107,family_19,template_19,0.0,0.0,13,B-STAGEHAND-CACHE,1,0,0,1,700,700,34.61538461538461,14,1680,150,120,13,1,1,0,0.5,2,0,False,False,0
task_0107,family_19,template_19,0.0,0.0,13,B-TERX-REPLAY,1,0,0,1,700,700,34.61538461538461,14,1680,150,120,13,1,1,0,0.5,2,0,False,False,0
task_0107,family_19,template_19,0.0,0.0,13,NC1-SHUFFLED,1,0,1,1,6550,6550,500.0,27,13120,0,120,0,0,1,0,0.4,2,0,False,False,0
task_0107,family_19,template_19,0.0,0.0,13,NC2-RANDOM,1,0,0,1,6550,6550,500.0,27,13120,0,120,0,0,1,1,0.8,4,0,False,False,0
task_0107,family_19,template_19,0.0,0.0,13,NC3-LENGTH,1,0,0,1,6550,6550,500,27,13120,0,120,0,0,1,0,0.5,2,0,False,False,0
task_0107,family_19,template_19,0.0,0.0,13,NC4-ABLATION,1,0,0,1,7200,7200,550.0,27,1680,0,120,13,1,1,0,0.8,4,0,False,False,0
task_0108,family_19,template_19,1.0,1.0,13,P-SPIDER-MEA,1,0,0,1,470,470,12.307692307692308,3,380,0,120,1,1,1,0,0.94,4,0,True,False,1
task_0108,family_19,template_19,1.0,1.0,13,B-COLD,1,0,0,1,6550,6550,484.61538461538464,27,13120,150,120,0,0,1,0,0.5,2,0,False,False,0
task_0108,family_19,template_19,1.0,1.0,13,B-RAG-EMBED,1,0,0,1,6750,6750,500.0,28,13270,150,120,0,0,1,0,0.5,2,0,False,False,0
task_0108,family_19,template_19,1.0,1.0,13,B-STAGEHAND-CACHE,1,0,0,1,6550,6550,484.61538461538464,27,13120,150,120,0,0,1,0,0.5,2,0,False,False,0
task_0108,family_19,template_19,1.0,1.0,13,B-TERX-REPLAY,1,0,0,1,6550,6550,484.61538461538464,27,13120,150,120,0,0,1,0,0.5,2,0,False,False,0
task_0108,family_19,template_19,1.0,1.0,13,NC1-SHUFFLED,1,0,1,1,6550,6550,500.0,27,13120,0,120,0,0,1,0,0.4,2,0,False,False,0
task_0108,family_19,template_19,1.0,1.0,13,NC2-RANDOM,1,0,0,1,6550,6550,500.0,27,13120,0,120,0,0,1,1,0.8,4,0,False,False,0
task_0108,family_19,template_19,1.0,1.0,13,NC3-LENGTH,1,0,0,1,6550,6550,500,27,13120,0,120,0,0,1,0,0.5,2,0,False,False,0
task_0108,family_19,template_19,1.0,1.0,13,NC4-ABLATION,1,0,0,1,7200,7200,550.0,27,1680,0,120,13,1,1,0,0.8,4,0,False,False,0
task_0109,family_19,template_19,0.25,0.0,13,P-SPIDER-MEA,1,0,0,1,470,470,12.307692307692308,3,380,0,120,1,1,1,0,0.89,4,0,True,False,1
task_0109,family_19,template_19,0.25,0.0,13,B-COLD,1,0,0,1,6550,6550,484.61538461538464,27,13120,150,120,0,0,1,0,0.5,2,0,False,False,0
task_0109,family_19,template_19,0.25,0.0,13,B-RAG-EMBED,1,0,0,1,900,900,50.0,15,1830,150,120,13,1,1,0,0.5,2,0,False,False,0
task_0109,family_19,template_19,0.25,0.0,13,B-STAGEHAND-CACHE,1,0,0,1,6550,6550,484.61538461538464,27,13120,150,120,0,0,1,0,0.5,2,0,False,False,0
task_0109,family_19,template_19,0.25,0.0,13,B-TERX-REPLAY,1,0,0,1,6550,6550,484.61538461538464,27,13120,150,120,0,0,1,0,0.5,2,0,False,False,0
task_0109,family_19,template_19,0.25,0.0,13,NC1-SHUFFLED,1,0,1,1,6550,6550,500.0,27,13120,0,120,0,0,1,0,0.4,2,0,False,False,0
task_0109,family_19,template_19,0.25,0.0,13,NC2-RANDOM,1,0,0,1,6550,6550,500.0,27,13120,0,120,0,0,1,1,0.8,4,0,False,False,0
task_0109,family_19,template_19,0.25,0.0,13,NC3-LENGTH,1,0,0,1,6550,6550,500,27,13120,0,120,0,0,1,0,0.5,2,0,False,False,0
task_0109,family_19,template_19,0.25,0.0,13,NC4-ABLATION,1,0,0,1,7200,7200,550.0,27,1680,0,120,13,1,1,0,0.8,4,0,False,False,0
task_0110,family_19,template_19,0.5,1.0,13,P-SPIDER-MEA,1,0,0,1,470,470,12.307692307692308,3,380,0,120,1,1,1,0,0.92,4,0,True,False,1
task_0110,family_19,template_19,0.5,1.0,13,B-COLD,1,0,0,1,6550,6550,484.61538461538464,27,13120,150,120,0,0,1,0,0.5,2,0,False,False,0
task_0110,family_19,template_19,0.5,1.0,13,B-RAG-EMBED,1,0,0,1,6750,6750,500.0,28,13270,150,120,0,0,1,0,0.5,2,0,False,False,0
task_0110,family_19,template_19,0.5,1.0,13,B-STAGEHAND-CACHE,1,0,0,1,6550,6550,484.61538461538464,27,13120,150,120,0,0,1,0,0.5,2,0,False,False,0
task_0110,family_19,template_19,0.5,1.0,13,B-TERX-REPLAY,1,0,0,1,6550,6550,484.61538461538464,27,13120,150,120,0,0,1,0,0.5,2,0,False,False,0
task_0110,family_19,template_19,0.5,1.0,13,NC1-SHUFFLED,1,0,1,1,6550,6550,500.0,27,13120,0,120,0,0,1,0,0.4,2,0,False,False,0
task_0110,family_19,template_19,0.5,1.0,13,NC2-RANDOM,1,0,0,1,6550,6550,500.0,27,13120,0,120,0,0,1,1,0.8,4,0,False,False,0
task_0110,family_19,template_19,0.5,1.0,13,NC3-LENGTH,1,0,0,1,6550,6550,500,27,13120,0,120,0,0,1,0,0.5,2,0,False,False,0
task_0110,family_19,template_19,0.5,1.0,13,NC4-ABLATION,1,0,0,1,7200,7200,550.0,27,1680,0,120,13,1,1,0,0.8,4,0,False,False,0
task_0111,family_19,template_19,0.75,1.0,13,P-SPIDER-MEA,1,0,0,1,470,470,12.307692307692308,3,380,0,120,1,1,1,0,0.94,4,0,True,False,1
task_0111,family_19,template_19,0.75,1.0,13,B-COLD,1,0,0,1,6550,6550,484.61538461538464,27,13120,150,120,0,0,1,0,0.5,2,0,False,False,0
task_0111,family_19,template_19,0.75,1.0,13,B-RAG-EMBED,1,0,0,1,6750,6750,500.0,28,13270,150,120,0,0,1,0,0.5,2,0,False,False,0
task_0111,family_19,template_19,0.75,1.0,13,B-STAGEHAND-CACHE,1,0,0,1,6550,6550,484.61538461538464,27,13120,150,120,0,0,1,0,0.5,2,0,False,False,0
task_0111,family_19,template_19,0.75,1.0,13,B-TERX-REPLAY,1,0,0,1,6550,6550,484.61538461538464,27,13120,150,120,0,0,1,0,0.5,2,0,False,False,0
task_0111,family_19,template_19,0.75,1.0,13,NC1-SHUFFLED,1,0,1,1,6550,6550,500.0,27,13120,0,120,0,0,1,0,0.4,2,0,False,False,0
task_0111,family_19,template_19,0.75,1.0,13,NC2-RANDOM,1,0,0,1,6550,6550,500.0,27,13120,0,120,0,0,1,1,0.8,4,0,False,False,0
task_0111,family_19,template_19,0.75,1.0,13,NC3-LENGTH,1,0,0,1,6550,6550,500,27,13120,0,120,0,0,1,0,0.5,2,0,False,False,0
task_0111,family_19,template_19,0.75,1.0,13,NC4-ABLATION,0,1,0,0,7200,7200,550.0,27,1680,0,120,13,1,0,0,0.8,4,1,False,False,0
task_0112,family_20,template_20,0.0,0.0,14,P-SPIDER-MEA,1,0,0,1,470,470,11.428571428571429,3,380,0,120,1,1,1,0,0.92,4,0,True,False,1
task_0112,family_20,template_20,0.0,0.0,14,B-COLD,1,0,0,1,7050,7050,485.7142857142857,29,14120,150,120,0,0,1,0,0.5,2,0,False,False,0
task_0112,family_20,template_20,0.0,0.0,14,B-RAG-EMBED,1,0,0,1,950,950,50.0,16,1950,150,120,14,1,1,0,0.5,2,0,False,False,0
task_0112,family_20,template_20,0.0,0.0,14,B-STAGEHAND-CACHE,1,0,0,1,750,750,35.714285714285715,15,1800,150,120,14,1,1,0,0.5,2,0,False,False,0
task_0112,family_20,template_20,0.0,0.0,14,B-TERX-REPLAY,1,0,0,1,750,750,35.714285714285715,15,1800,150,120,14,1,1,0,0.5,2,0,False,False,0
task_0112,family_20,template_20,0.0,0.0,14,NC1-SHUFFLED,1,0,1,1,7050,7050,500.0,29,14120,0,120,0,0,1,0,0.4,2,0,False,False,0
task_0112,family_20,template_20,0.0,0.0,14,NC2-RANDOM,1,0,0,1,7050,7050,500.0,29,14120,0,120,0,0,1,1,0.8,4,0,False,False,0
task_0112,family_20,template_20,0.0,0.0,14,NC3-LENGTH,1,0,0,1,7050,7050,500,29,14120,0,120,0,0,1,0,0.5,2,0,False,False,0
task_0112,family_20,template_20,0.0,0.0,14,NC4-ABLATION,1,0,0,1,7750,7750,550.0,29,1800,0,120,14,1,1,0,0.8,4,0,False,False,0
task_0113,family_20,template_20,0.25,0.5,14,P-SPIDER-MEA,1,0,0,1,470,470,11.428571428571429,3,380,0,120,1,1,1,0,0.95,4,0,True,False,1
task_0113,family_20,template_20,0.25,0.5,14,B-COLD,1,0,0,1,7050,7050,485.7142857142857,29,14120,150,120,0,0,1,0,0.5,2,0,False,False,0
task_0113,family_20,template_20,0.25,0.5,14,B-RAG-EMBED,1,0,0,1,4100,4100,275.0,23,8110,150,120,7,1,1,0,0.5,2,0,False,False,0
task_0113,family_20,template_20,0.25,0.5,14,B-STAGEHAND-CACHE,1,0,0,1,7050,7050,485.7142857142857,29,14120,150,120,0,0,1,0,0.5,2,0,False,False,0
task_0113,family_20,template_20,0.25,0.5,14,B-TERX-REPLAY,1,0,0,1,7050,7050,485.7142857142857,29,14120,150,120,0,0,1,0,0.5,2,0,False,False,0
task_0113,family_20,template_20,0.25,0.5,14,NC1-SHUFFLED,1,0,1,1,7050,7050,500.0,29,14120,0,120,0,0,1,0,0.4,2,0,False,False,0
task_0113,family_20,template_20,0.25,0.5,14,NC2-RANDOM,1,0,0,1,7050,7050,500.0,29,14120,0,120,0,0,1,1,0.8,4,0,False,False,0
task_0113,family_20,template_20,0.25,0.5,14,NC3-LENGTH,1,0,0,1,7050,7050,500,29,14120,0,120,0,0,1,0,0.5,2,0,False,False,0
task_0113,family_20,template_20,0.25,0.5,14,NC4-ABLATION,0,1,0,0,7750,7750,550.0,29,1800,0,120,14,1,0,0,0.8,4,1,False,False,0
task_0114,family_20,template_20,0.5,0.5,14,P-SPIDER-MEA,1,0,0,1,470,470,11.428571428571429,3,380,0,120,1,1,1,0,0.97,4,0,True,False,1
task_0114,family_20,template_20,0.5,0.5,14,B-COLD,1,0,0,1,7050,7050,485.7142857142857,29,14120,150,120,0,0,1,0,0.5,2,0,False,False,0
task_0114,family_20,template_20,0.5,0.5,14,B-RAG-EMBED,1,0,0,1,4100,4100,275.0,23,8110,150,120,7,1,1,0,0.5,2,0,False,False,0
task_0114,family_20,template_20,0.5,0.5,14,B-STAGEHAND-CACHE,1,0,0,1,7050,7050,485.7142857142857,29,14120,150,120,0,0,1,0,0.5,2,0,False,False,0
task_0114,family_20,template_20,0.5,0.5,14,B-TERX-REPLAY,1,0,0,1,7050,7050,485.7142857142857,29,14120,150,120,0,0,1,0,0.5,2,0,False,False,0
task_0114,family_20,template_20,0.5,0.5,14,NC1-SHUFFLED,1,0,1,1,7050,7050,500.0,29,14120,0,120,0,0,1,0,0.4,2,0,False,False,0
task_0114,family_20,template_20,0.5,0.5,14,NC2-RANDOM,1,0,0,1,7050,7050,500.0,29,14120,0,120,0,0,1,1,0.8,4,0,False,False,0
task_0114,family_20,template_20,0.5,0.5,14,NC3-LENGTH,1,0,0,1,7050,7050,500,29,14120,0,120,0,0,1,0,0.5,2,0,False,False,0
task_0114,family_20,template_20,0.5,0.5,14,NC4-ABLATION,1,0,0,1,7750,7750,550.0,29,1800,0,120,14,1,1,0,0.8,4,0,False,False,0
task_0115,family_20,template_20,0.75,1.0,14,P-SPIDER-MEA,1,0,0,1,470,470,11.428571428571429,3,380,0,120,1,1,1,0,0.87,4,0,True,False,1
task_0115,family_20,template_20,0.75,1.0,14,B-COLD,1,0,0,1,7050,7050,485.7142857142857,29,14120,150,120,0,0,1,0,0.5,2,0,False,False,0
task_0115,family_20,template_20,0.75,1.0,14,B-RAG-EMBED,1,0,0,1,7250,7250,500.0,30,14270,150,120,0,0,1,0,0.5,2,0,False,False,0
task_0115,family_20,template_20,0.75,1.0,14,B-STAGEHAND-CACHE,1,0,0,1,7050,7050,485.7142857142857,29,14120,150,120,0,0,1,0,0.5,2,0,False,False,0
task_0115,family_20,template_20,0.75,1.0,14,B-TERX-REPLAY,1,0,0,1,7050,7050,485.7142857142857,29,14120,150,120,0,0,1,0,0.5,2,0,False,False,0
task_0115,family_20,template_20,0.75,1.0,14,NC1-SHUFFLED,1,0,1,1,7050,7050,500.0,29,14120,0,120,0,0,1,0,0.4,2,0,False,False,0
task_0115,family_20,template_20,0.75,1.0,14,NC2-RANDOM,1,0,0,1,7050,7050,500.0,29,14120,0,120,0,0,1,1,0.8,4,0,False,False,0
task_0115,family_20,template_20,0.75,1.0,14,NC3-LENGTH,1,0,0,1,7050,7050,500,29,14120,0,120,0,0,1,0,0.5,2,0,False,False,0
task_0115,family_20,template_20,0.75,1.0,14,NC4-ABLATION,1,0,0,1,7750,7750,550.0,29,1800,0,120,14,1,1,0,0.8,4,0,False,False,0
task_0116,family_20,template_20,1.0,1.0,14,P-SPIDER-MEA,1,0,0,1,470,470,11.428571428571429,3,380,0,120,1,1,1,0,0.93,4,0,True,False,1
task_0116,family_20,template_20,1.0,1.0,14,B-COLD,1,0,0,1,7050,7050,485.7142857142857,29,14120,150,120,0,0,1,0,0.5,2,0,False,False,0
task_0116,family_20,template_20,1.0,1.0,14,B-RAG-EMBED,1,0,0,1,7250,7250,500.0,30,14270,150,120,0,0,1,0,0.5,2,0,False,False,0
task_0116,family_20,template_20,1.0,1.0,14,B-STAGEHAND-CACHE,1,0,0,1,7050,7050,485.7142857142857,29,14120,150,120,0,0,1,0,0.5,2,0,False,False,0
task_0116,family_20,template_20,1.0,1.0,14,B-TERX-REPLAY,1,0,0,1,7050,7050,485.7142857142857,29,14120,150,120,0,0,1,0,0.5,2,0,False,False,0
task_0116,family_20,template_20,1.0,1.0,14,NC1-SHUFFLED,1,0,1,1,7050,7050,500.0,29,14120,0,120,0,0,1,0,0.4,2,0,False,False,0
task_0116,family_20,template_20,1.0,1.0,14,NC2-RANDOM,1,0,0,1,7050,7050,500.0,29,14120,0,120,0,0,1,1,0.8,4,0,False,False,0
task_0116,family_20,template_20,1.0,1.0,14,NC3-LENGTH,1,0,0,1,7050,7050,500,29,14120,0,120,0,0,1,0,0.5,2,0,False,False,0
task_0116,family_20,template_20,1.0,1.0,14,NC4-ABLATION,1,0,0,1,7750,7750,550.0,29,1800,0,120,14,1,1,0,0.8,4,0,False,False,0
task_0117,family_21,template_21,0.0,0.0,8,P-SPIDER-MEA,1,0,0,1,470,470,20.0,3,380,0,120,1,1,1,0,0.86,4,0,True,False,1
task_0117,family_21,template_21,0.0,0.0,8,B-COLD,1,0,0,1,4050,4050,475.0,17,8120,150,120,0,0,1,0,0.5,2,0,False,False,0
task_0117,family_21,template_21,0.0,0.0,8,B-RAG-EMBED,1,0,0,1,650,650,50.0,10,1230,150,120,8,1,1,0,0.5,2,0,False,False,0
task_0117,family_21,template_21,0.0,0.0,8,B-STAGEHAND-CACHE,1,0,0,1,450,450,25.0,9,1080,150,120,8,1,1,0,0.5,2,0,False,False,0
task_0117,family_21,template_21,0.0,0.0,8,B-TERX-REPLAY,1,0,0,1,450,450,25.0,9,1080,150,120,8,1,1,0,0.5,2,0,False,False,0
task_0117,family_21,template_21,0.0,0.0,8,NC1-SHUFFLED,1,0,1,1,4050,4050,500.0,17,8120,0,120,0,0,1,0,0.4,2,0,False,False,0
task_0117,family_21,template_21,0.0,0.0,8,NC2-RANDOM,1,0,0,1,4050,4050,500.0,17,8120,0,120,0,0,1,1,0.8,4,0,False,False,0
task_0117,family_21,template_21,0.0,0.0,8,NC3-LENGTH,1,0,0,1,4050,4050,500,17,8120,0,120,0,0,1,0,0.5,2,0,False,False,0
task_0117,family_21,template_21,0.0,0.0,8,NC4-ABLATION,1,0,0,1,4450,4450,550.0,17,1080,0,120,8,1,1,0,0.8,4,0,False,False,0
task_0118,family_21,template_21,0.5,0.5,8,P-SPIDER-MEA,1,0,0,1,470,470,20.0,3,380,0,120,1,1,1,0,0.88,4,0,True,False,1
task_0118,family_21,template_21,0.5,0.5,8,B-COLD,1,0,0,1,4050,4050,475.0,17,8120,150,120,0,0,1,0,0.5,2,0,False,False,0
task_0118,family_21,template_21,0.5,0.5,8,B-RAG-EMBED,1,0,0,1,2450,2450,275.0,14,4750,150,120,4,1,1,0,0.5,2,0,False,False,0
task_0118,family_21,template_21,0.5,0.5,8,B-STAGEHAND-CACHE,1,0,0,1,4050,4050,475.0,17,8120,150,120,0,0,1,0,0.5,2,0,False,False,0
task_0118,family_21,template_21,0.5,0.5,8,B-TERX-REPLAY,1,0,0,1,4050,4050,475.0,17,8120,150,120,0,0,1,0,0.5,2,0,False,False,0
task_0118,family_21,template_21,0.5,0.5,8,NC1-SHUFFLED,1,0,1,1,4050,4050,500.0,17,8120,0,120,0,0,1,0,0.4,2,0,False,False,0
task_0118,family_21,template_21,0.5,0.5,8,NC2-RANDOM,1,0,0,1,4050,4050,500.0,17,8120,0,120,0,0,1,1,0.8,4,0,False,False,0
task_0118,family_21,template_21,0.5,0.5,8,NC3-LENGTH,1,0,0,1,4050,4050,500,17,8120,0,120,0,0,1,0,0.5,2,0,False,False,0
task_0118,family_21,template_21,0.5,0.5,8,NC4-ABLATION,1,0,0,1,4450,4450,550.0,17,1080,0,120,8,1,1,0,0.8,4,0,False,False,0
task_0119,family_21,template_21,0.75,1.0,8,P-SPIDER-MEA,1,0,0,1,470,470,20.0,3,380,0,120,1,1,1,0,0.92,4,0,True,False,1
task_0119,family_21,template_21,0.75,1.0,8,B-COLD,1,0,0,1,4050,4050,475.0,17,8120,150,120,0,0,1,0,0.5,2,0,False,False,0
task_0119,family_21,template_21,0.75,1.0,8,B-RAG-EMBED,1,0,0,1,4250,4250,500.0,18,8270,150,120,0,0,1,0,0.5,2,0,False,False,0
task_0119,family_21,template_21,0.75,1.0,8,B-STAGEHAND-CACHE,1,0,0,1,4050,4050,475.0,17,8120,150,120,0,0,1,0,0.5,2,0,False,False,0
task_0119,family_21,template_21,0.75,1.0,8,B-TERX-REPLAY,1,0,0,1,4050,4050,475.0,17,8120,150,120,0,0,1,0,0.5,2,0,False,False,0
task_0119,family_21,template_21,0.75,1.0,8,NC1-SHUFFLED,1,0,1,1,4050,4050,500.0,17,8120,0,120,0,0,1,0,0.4,2,0,False,False,0
task_0119,family_21,template_21,0.75,1.0,8,NC2-RANDOM,1,0,0,1,4050,4050,500.0,17,8120,0,120,0,0,1,1,0.8,4,0,False,False,0
task_0119,family_21,template_21,0.75,1.0,8,NC3-LENGTH,1,0,0,1,4050,4050,500,17,8120,0,120,0,0,1,0,0.5,2,0,False,False,0
task_0119,family_21,template_21,0.75,1.0,8,NC4-ABLATION,1,0,0,1,4450,4450,550.0,17,1080,0,120,8,1,1,0,0.8,4,0,False,False,0
task_0120,family_21,template_21,1.0,1.0,8,P-SPIDER-MEA,1,0,0,1,470,470,20.0,3,380,0,120,1,1,1,0,0.92,4,0,True,False,1
task_0120,family_21,template_21,1.0,1.0,8,B-COLD,1,0,0,1,4050,4050,475.0,17,8120,150,120,0,0,1,0,0.5,2,0,False,False,0
task_0120,family_21,template_21,1.0,1.0,8,B-RAG-EMBED,1,0,0,1,4250,4250,500.0,18,8270,150,120,0,0,1,0,0.5,2,0,False,False,0
task_0120,family_21,template_21,1.0,1.0,8,B-STAGEHAND-CACHE,1,0,0,1,4050,4050,475.0,17,8120,150,120,0,0,1,0,0.5,2,0,False,False,0
task_0120,family_21,template_21,1.0,1.0,8,B-TERX-REPLAY,1,0,0,1,4050,4050,475.0,17,8120,150,120,0,0,1,0,0.5,2,0,False,False,0
task_0120,family_21,template_21,1.0,1.0,8,NC1-SHUFFLED,1,0,1,1,4050,4050,500.0,17,8120,0,120,0,0,1,0,0.4,2,0,False,False,0
task_0120,family_21,template_21,1.0,1.0,8,NC2-RANDOM,1,0,0,1,4050,4050,500.0,17,8120,0,120,0,0,1,1,0.8,4,0,False,False,0
task_0120,family_21,template_21,1.0,1.0,8,NC3-LENGTH,1,0,0,1,4050,4050,500,17,8120,0,120,0,0,1,0,0.5,2,0,False,False,0
task_0120,family_21,template_21,1.0,1.0,8,NC4-ABLATION,1,0,0,1,4450,4450,550.0,17,1080,0,120,8,1,1,0,0.8,4,0,False,False,0
task_0121,family_21,template_21,0.25,0.5,8,P-SPIDER-MEA,1,0,0,1,470,470,20.0,3,380,0,120,1,1,1,0,0.96,4,0,True,False,1
task_0121,family_21,template_21,0.25,0.5,8,B-COLD,1,0,0,1,4050,4050,475.0,17,8120,150,120,0,0,1,0,0.5,2,0,False,False,0
task_0121,family_21,template_21,0.25,0.5,8,B-RAG-EMBED,1,0,0,1,2450,2450,275.0,14,4750,150,120,4,1,1,0,0.5,2,0,False,False,0
task_0121,family_21,template_21,0.25,0.5,8,B-STAGEHAND-CACHE,1,0,0,1,4050,4050,475.0,17,8120,150,120,0,0,1,0,0.5,2,0,False,False,0
task_0121,family_21,template_21,0.25,0.5,8,B-TERX-REPLAY,1,0,0,1,4050,4050,475.0,17,8120,150,120,0,0,1,0,0.5,2,0,False,False,0
task_0121,family_21,template_21,0.25,0.5,8,NC1-SHUFFLED,1,0,1,1,4050,4050,500.0,17,8120,0,120,0,0,1,0,0.4,2,0,False,False,0
task_0121,family_21,template_21,0.25,0.5,8,NC2-RANDOM,1,0,0,1,4050,4050,500.0,17,8120,0,120,0,0,1,1,0.8,4,0,False,False,0
task_0121,family_21,template_21,0.25,0.5,8,NC3-LENGTH,1,0,0,1,4050,4050,500,17,8120,0,120,0,0,1,0,0.5,2,0,False,False,0
task_0121,family_21,template_21,0.25,0.5,8,NC4-ABLATION,1,0,0,1,4450,4450,550.0,17,1080,0,120,8,1,1,0,0.8,4,0,False,False,0
task_0122,family_22,template_22,0.0,0.0,9,P-SPIDER-MEA,1,0,0,1,470,470,17.77777777777778,3,380,0,120,1,1,1,0,0.94,4,0,True,False,1
task_0122,family_22,template_22,0.0,0.0,9,B-COLD,1,0,0,1,4550,4550,477.77777777777777,19,9120,150,120,0,0,1,0,0.5,2,0,False,False,0
task_0122,family_22,template_22,0.0,0.0,9,B-RAG-EMBED,1,0,0,1,700,700,50.0,11,1350,150,120,9,1,1,0,0.5,2,0,False,False,0
task_0122,family_22,template_22,0.0,0.0,9,B-STAGEHAND-CACHE,1,0,0,1,500,500,27.77777777777778,10,1200,150,120,9,1,1,0,0.5,2,0,False,False,0
task_0122,family_22,template_22,0.0,0.0,9,B-TERX-REPLAY,1,0,0,1,500,500,27.77777777777778,10,1200,150,120,9,1,1,0,0.5,2,0,False,False,0
task_0122,family_22,template_22,0.0,0.0,9,NC1-SHUFFLED,1,0,1,1,4550,4550,500.0,19,9120,0,120,0,0,1,0,0.4,2,0,False,False,0
task_0122,family_22,template_22,0.0,0.0,9,NC2-RANDOM,1,0,0,1,4550,4550,500.0,19,9120,0,120,0,0,1,1,0.8,4,0,False,False,0
task_0122,family_22,template_22,0.0,0.0,9,NC3-LENGTH,1,0,0,1,4550,4550,500,19,9120,0,120,0,0,1,0,0.5,2,0,False,False,0
task_0122,family_22,template_22,0.0,0.0,9,NC4-ABLATION,1,0,0,1,5000,5000,550.0,19,1200,0,120,9,1,1,0,0.8,4,0,False,False,0
task_0123,family_22,template_22,0.75,0.6667,9,P-SPIDER-MEA,1,0,0,1,470,470,17.77777777777778,3,380,0,120,1,1,1,0,0.9,4,0,True,False,1
task_0123,family_22,template_22,0.75,0.6667,9,B-COLD,1,0,0,1,4550,4550,477.77777777777777,19,9120,150,120,0,0,1,0,0.5,2,0,False,False,0
task_0123,family_22,template_22,0.75,0.6667,9,B-RAG-EMBED,1,0,0,1,3400,3400,350.0,17,6630,150,120,3,1,1,0,0.5,2,0,False,False,0
task_0123,family_22,template_22,0.75,0.6667,9,B-STAGEHAND-CACHE,1,0,0,1,4550,4550,477.77777777777777,19,9120,150,120,0,0,1,0,0.5,2,0,False,False,0
task_0123,family_22,template_22,0.75,0.6667,9,B-TERX-REPLAY,1,0,0,1,4550,4550,477.77777777777777,19,9120,150,120,0,0,1,0,0.5,2,0,False,False,0
task_0123,family_22,template_22,0.75,0.6667,9,NC1-SHUFFLED,1,0,1,1,4550,4550,500.0,19,9120,0,120,0,0,1,0,0.4,2,0,False,False,0
task_0123,family_22,template_22,0.75,0.6667,9,NC2-RANDOM,1,0,0,1,4550,4550,500.0,19,9120,0,120,0,0,1,1,0.8,4,0,False,False,0
task_0123,family_22,template_22,0.75,0.6667,9,NC3-LENGTH,1,0,0,1,4550,4550,500,19,9120,0,120,0,0,1,0,0.5,2,0,False,False,0
task_0123,family_22,template_22,0.75,0.6667,9,NC4-ABLATION,1,0,0,1,5000,5000,550.0,19,1200,0,120,9,1,1,0,0.8,4,0,False,False,0
task_0124,family_22,template_22,1.0,1.0,9,P-SPIDER-MEA,1,0,0,1,470,470,17.77777777777778,3,380,0,120,1,1,1,0,0.89,4,0,True,False,1
task_0124,family_22,template_22,1.0,1.0,9,B-COLD,1,0,0,1,4550,4550,477.77777777777777,19,9120,150,120,0,0,1,0,0.5,2,0,False,False,0
task_0124,family_22,template_22,1.0,1.0,9,B-RAG-EMBED,1,0,0,1,4750,4750,500.0,20,9270,150,120,0,0,1,0,0.5,2,0,False,False,0
task_0124,family_22,template_22,1.0,1.0,9,B-STAGEHAND-CACHE,1,0,0,1,4550,4550,477.77777777777777,19,9120,150,120,0,0,1,0,0.5,2,0,False,False,0
task_0124,family_22,template_22,1.0,1.0,9,B-TERX-REPLAY,1,0,0,1,4550,4550,477.77777777777777,19,9120,150,120,0,0,1,0,0.5,2,0,False,False,0
task_0124,family_22,template_22,1.0,1.0,9,NC1-SHUFFLED,1,0,1,1,4550,4550,500.0,19,9120,0,120,0,0,1,0,0.4,2,0,False,False,0
task_0124,family_22,template_22,1.0,1.0,9,NC2-RANDOM,1,0,0,1,4550,4550,500.0,19,9120,0,120,0,0,1,1,0.8,4,0,False,False,0
task_0124,family_22,template_22,1.0,1.0,9,NC3-LENGTH,1,0,0,1,4550,4550,500,19,9120,0,120,0,0,1,0,0.5,2,0,False,False,0
task_0124,family_22,template_22,1.0,1.0,9,NC4-ABLATION,1,0,0,1,5000,5000,550.0,19,1200,0,120,9,1,1,0,0.8,4,0,False,False,0
task_0125,family_22,template_22,0.25,0.3333,9,P-SPIDER-MEA,1,0,0,1,470,470,17.77777777777778,3,380,0,120,1,1,1,0,0.94,4,0,True,False,1
task_0125,family_22,template_22,0.25,0.3333,9,B-COLD,1,0,0,1,4550,4550,477.77777777777777,19,9120,150,120,0,0,1,0,0.5,2,0,False,False,0
task_0125,family_22,template_22,0.25,0.3333,9,B-RAG-EMBED,1,0,0,1,2050,2050,200.0,14,3990,150,120,6,1,1,0,0.5,2,0,False,False,0
task_0125,family_22,template_22,0.25,0.3333,9,B-STAGEHAND-CACHE,1,0,0,1,4550,4550,477.77777777777777,19,9120,150,120,0,0,1,0,0.5,2,0,False,False,0
task_0125,family_22,template_22,0.25,0.3333,9,B-TERX-REPLAY,1,0,0,1,4550,4550,477.77777777777777,19,9120,150,120,0,0,1,0,0.5,2,0,False,False,0
task_0125,family_22,template_22,0.25,0.3333,9,NC1-SHUFFLED,1,0,1,1,4550,4550,500.0,19,9120,0,120,0,0,1,0,0.4,2,0,False,False,0
task_0125,family_22,template_22,0.25,0.3333,9,NC2-RANDOM,1,0,0,1,4550,4550,500.0,19,9120,0,120,0,0,1,1,0.8,4,0,False,False,0
task_0125,family_22,template_22,0.25,0.3333,9,NC3-LENGTH,1,0,0,1,4550,4550,500,19,9120,0,120,0,0,1,0,0.5,2,0,False,False,0
task_0125,family_22,template_22,0.25,0.3333,9,NC4-ABLATION,1,0,0,1,5000,5000,550.0,19,1200,0,120,9,1,1,0,0.8,4,0,False,False,0
task_0126,family_22,template_22,0.5,0.6667,9,P-SPIDER-MEA,1,0,0,1,470,470,17.77777777777778,3,380,0,120,1,1,1,0,0.9,4,0,True,False,1
task_0126,family_22,template_22,0.5,0.6667,9,B-COLD,1,0,0,1,4550,4550,477.77777777777777,19,9120,150,120,0,0,1,0,0.5,2,0,False,False,0
task_0126,family_22,template_22,0.5,0.6667,9,B-RAG-EMBED,1,0,0,1,3400,3400,350.0,17,6630,150,120,3,1,1,0,0.5,2,0,False,False,0
task_0126,family_22,template_22,0.5,0.6667,9,B-STAGEHAND-CACHE,1,0,0,1,4550,4550,477.77777777777777,19,9120,150,120,0,0,1,0,0.5,2,0,False,False,0
task_0126,family_22,template_22,0.5,0.6667,9,B-TERX-REPLAY,1,0,0,1,4550,4550,477.77777777777777,19,9120,150,120,0,0,1,0,0.5,2,0,False,False,0
task_0126,family_22,template_22,0.5,0.6667,9,NC1-SHUFFLED,0,1,1,0,4550,4550,500.0,19,9120,0,120,0,0,0,0,0.4,2,1,False,False,0
task_0126,family_22,template_22,0.5,0.6667,9,NC2-RANDOM,0,1,0,0,4550,4550,500.0,19,9120,0,120,0,0,0,1,0.8,4,1,False,False,0
task_0126,family_22,template_22,0.5,0.6667,9,NC3-LENGTH,1,0,0,1,4550,4550,500,19,9120,0,120,0,0,1,0,0.5,2,0,False,False,0
task_0126,family_22,template_22,0.5,0.6667,9,NC4-ABLATION,0,1,0,0,5000,5000,550.0,19,1200,0,120,9,1,0,0,0.8,4,1,False,False,0
task_0127,family_23,template_23,0.0,0.0,10,P-SPIDER-MEA,1,0,0,1,470,470,16.0,3,380,0,120,1,1,1,0,0.97,4,0,True,False,1
task_0127,family_23,template_23,0.0,0.0,10,B-COLD,1,0,0,1,5050,5050,480.0,21,10120,150,120,0,0,1,0,0.5,2,0,False,False,0
task_0127,family_23,template_23,0.0,0.0,10,B-RAG-EMBED,1,0,0,1,750,750,50.0,12,1470,150,120,10,1,1,0,0.5,2,0,False,False,0
task_0127,family_23,template_23,0.0,0.0,10,B-STAGEHAND-CACHE,1,0,0,1,550,550,30.0,11,1320,150,120,10,1,1,0,0.5,2,0,False,False,0
task_0127,family_23,template_23,0.0,0.0,10,B-TERX-REPLAY,1,0,0,1,550,550,30.0,11,1320,150,120,10,1,1,0,0.5,2,0,False,False,0
task_0127,family_23,template_23,0.0,0.0,10,NC1-SHUFFLED,1,0,1,1,5050,5050,500.0,21,10120,0,120,0,0,1,0,0.4,2,0,False,False,0
task_0127,family_23,template_23,0.0,0.0,10,NC2-RANDOM,1,0,0,1,5050,5050,500.0,21,10120,0,120,0,0,1,1,0.8,4,0,False,False,0
task_0127,family_23,template_23,0.0,0.0,10,NC3-LENGTH,1,0,0,1,5050,5050,500,21,10120,0,120,0,0,1,0,0.5,2,0,False,False,0
task_0127,family_23,template_23,0.0,0.0,10,NC4-ABLATION,0,1,0,0,5550,5550,550.0,21,1320,0,120,10,1,0,0,0.8,4,1,False,False,0
task_0128,family_23,template_23,1.0,1.0,10,P-SPIDER-MEA,1,0,0,1,470,470,16.0,3,380,0,120,1,1,1,0,0.88,4,0,True,False,1
task_0128,family_23,template_23,1.0,1.0,10,B-COLD,1,0,0,1,5050,5050,480.0,21,10120,150,120,0,0,1,0,0.5,2,0,False,False,0
task_0128,family_23,template_23,1.0,1.0,10,B-RAG-EMBED,1,0,0,1,5250,5250,500.0,22,10270,150,120,0,0,1,0,0.5,2,0,False,False,0
task_0128,family_23,template_23,1.0,1.0,10,B-STAGEHAND-CACHE,1,0,0,1,5050,5050,480.0,21,10120,150,120,0,0,1,0,0.5,2,0,False,False,0
task_0128,family_23,template_23,1.0,1.0,10,B-TERX-REPLAY,1,0,0,1,5050,5050,480.0,21,10120,150,120,0,0,1,0,0.5,2,0,False,False,0
task_0128,family_23,template_23,1.0,1.0,10,NC1-SHUFFLED,1,0,1,1,5050,5050,500.0,21,10120,0,120,0,0,1,0,0.4,2,0,False,False,0
task_0128,family_23,template_23,1.0,1.0,10,NC2-RANDOM,1,0,0,1,5050,5050,500.0,21,10120,0,120,0,0,1,1,0.8,4,0,False,False,0
task_0128,family_23,template_23,1.0,1.0,10,NC3-LENGTH,1,0,0,1,5050,5050,500,21,10120,0,120,0,0,1,0,0.5,2,0,False,False,0
task_0128,family_23,template_23,1.0,1.0,10,NC4-ABLATION,1,0,0,1,5550,5550,550.0,21,1320,0,120,10,1,1,0,0.8,4,0,False,False,0
task_0129,family_23,template_23,0.25,0.0,10,P-SPIDER-MEA,1,0,0,1,470,470,16.0,3,380,0,120,1,1,1,0,0.96,4,0,True,False,1
task_0129,family_23,template_23,0.25,0.0,10,B-COLD,1,0,0,1,5050,5050,480.0,21,10120,150,120,0,0,1,0,0.5,2,0,False,False,0
task_0129,family_23,template_23,0.25,0.0,10,B-RAG-EMBED,1,0,0,1,750,750,50.0,12,1470,150,120,10,1,1,0,0.5,2,0,False,False,0
task_0129,family_23,template_23,0.25,0.0,10,B-STAGEHAND-CACHE,1,0,0,1,5050,5050,480.0,21,10120,150,120,0,0,1,0,0.5,2,0,False,False,0
task_0129,family_23,template_23,0.25,0.0,10,B-TERX-REPLAY,1,0,0,1,5050,5050,480.0,21,10120,150,120,0,0,1,0,0.5,2,0,False,False,0
task_0129,family_23,template_23,0.25,0.0,10,NC1-SHUFFLED,1,0,1,1,5050,5050,500.0,21,10120,0,120,0,0,1,0,0.4,2,0,False,False,0
task_0129,family_23,template_23,0.25,0.0,10,NC2-RANDOM,1,0,0,1,5050,5050,500.0,21,10120,0,120,0,0,1,1,0.8,4,0,False,False,0
task_0129,family_23,template_23,0.25,0.0,10,NC3-LENGTH,1,0,0,1,5050,5050,500,21,10120,0,120,0,0,1,0,0.5,2,0,False,False,0
task_0129,family_23,template_23,0.25,0.0,10,NC4-ABLATION,1,0,0,1,5550,5550,550.0,21,1320,0,120,10,1,1,0,0.8,4,0,False,False,0
task_0130,family_23,template_23,0.5,1.0,10,P-SPIDER-MEA,1,0,0,1,470,470,16.0,3,380,0,120,1,1,1,0,0.96,4,0,True,False,1
task_0130,family_23,template_23,0.5,1.0,10,B-COLD,1,0,0,1,5050,5050,480.0,21,10120,150,120,0,0,1,0,0.5,2,0,False,False,0
task_0130,family_23,template_23,0.5,1.0,10,B-RAG-EMBED,1,0,0,1,5250,5250,500.0,22,10270,150,120,0,0,1,0,0.5,2,0,False,False,0
task_0130,family_23,template_23,0.5,1.0,10,B-STAGEHAND-CACHE,1,0,0,1,5050,5050,480.0,21,10120,150,120,0,0,1,0,0.5,2,0,False,False,0
task_0130,family_23,template_23,0.5,1.0,10,B-TERX-REPLAY,1,0,0,1,5050,5050,480.0,21,10120,150,120,0,0,1,0,0.5,2,0,False,False,0
task_0130,family_23,template_23,0.5,1.0,10,NC1-SHUFFLED,1,0,1,1,5050,5050,500.0,21,10120,0,120,0,0,1,0,0.4,2,0,False,False,0
task_0130,family_23,template_23,0.5,1.0,10,NC2-RANDOM,1,0,0,1,5050,5050,500.0,21,10120,0,120,0,0,1,1,0.8,4,0,False,False,0
task_0130,family_23,template_23,0.5,1.0,10,NC3-LENGTH,1,0,0,1,5050,5050,500,21,10120,0,120,0,0,1,0,0.5,2,0,False,False,0
task_0130,family_23,template_23,0.5,1.0,10,NC4-ABLATION,1,0,0,1,5550,5550,550.0,21,1320,0,120,10,1,1,0,0.8,4,0,False,False,0
task_0131,family_23,template_23,0.75,1.0,10,P-SPIDER-MEA,1,0,0,1,470,470,16.0,3,380,0,120,1,1,1,0,0.87,4,0,True,False,1
task_0131,family_23,template_23,0.75,1.0,10,B-COLD,1,0,0,1,5050,5050,480.0,21,10120,150,120,0,0,1,0,0.5,2,0,False,False,0
task_0131,family_23,template_23,0.75,1.0,10,B-RAG-EMBED,1,0,0,1,5250,5250,500.0,22,10270,150,120,0,0,1,0,0.5,2,0,False,False,0
task_0131,family_23,template_23,0.75,1.0,10,B-STAGEHAND-CACHE,1,0,0,1,5050,5050,480.0,21,10120,150,120,0,0,1,0,0.5,2,0,False,False,0
task_0131,family_23,template_23,0.75,1.0,10,B-TERX-REPLAY,1,0,0,1,5050,5050,480.0,21,10120,150,120,0,0,1,0,0.5,2,0,False,False,0
task_0131,family_23,template_23,0.75,1.0,10,NC1-SHUFFLED,1,0,1,1,5050,5050,500.0,21,10120,0,120,0,0,1,0,0.4,2,0,False,False,0
task_0131,family_23,template_23,0.75,1.0,10,NC2-RANDOM,1,0,0,1,5050,5050,500.0,21,10120,0,120,0,0,1,1,0.8,4,0,False,False,0
task_0131,family_23,template_23,0.75,1.0,10,NC3-LENGTH,1,0,0,1,5050,5050,500,21,10120,0,120,0,0,1,0,0.5,2,0,False,False,0
task_0131,family_23,template_23,0.75,1.0,10,NC4-ABLATION,0,1,0,0,5550,5550,550.0,21,1320,0,120,10,1,0,0,0.8,4,1,False,False,0
task_0132,family_24,template_24,0.0,0.0,11,P-SPIDER-MEA,1,0,0,1,470,470,14.545454545454545,3,380,0,120,1,1,1,0,0.93,4,0,True,False,1
task_0132,family_24,template_24,0.0,0.0,11,B-COLD,1,0,0,1,5550,5550,481.8181818181818,23,11120,150,120,0,0,1,0,0.5,2,0,False,False,0
task_0132,family_24,template_24,0.0,0.0,11,B-RAG-EMBED,1,0,0,1,800,800,50.0,13,1590,150,120,11,1,1,0,0.5,2,0,False,False,0
task_0132,family_24,template_24,0.0,0.0,11,B-STAGEHAND-CACHE,1,0,0,1,600,600,31.818181818181817,12,1440,150,120,11,1,1,0,0.5,2,0,False,False,0
task_0132,family_24,template_24,0.0,0.0,11,B-TERX-REPLAY,1,0,0,1,600,600,31.818181818181817,12,1440,150,120,11,1,1,0,0.5,2,0,False,False,0
task_0132,family_24,template_24,0.0,0.0,11,NC1-SHUFFLED,1,0,1,1,5550,5550,500.0,23,11120,0,120,0,0,1,0,0.4,2,0,False,False,0
task_0132,family_24,template_24,0.0,0.0,11,NC2-RANDOM,1,0,0,1,5550,5550,500.0,23,11120,0,120,0,0,1,1,0.8,4,0,False,False,0
task_0132,family_24,template_24,0.0,0.0,11,NC3-LENGTH,1,0,0,1,5550,5550,500,23,11120,0,120,0,0,1,0,0.5,2,0,False,False,0
task_0132,family_24,template_24,0.0,0.0,11,NC4-ABLATION,0,1,0,0,6100,6100,550.0,23,1440,0,120,11,1,0,0,0.8,4,1,False,False,0
task_0133,family_24,template_24,0.25,0.5,11,P-SPIDER-MEA,1,0,0,1,470,470,14.545454545454545,3,380,0,120,1,1,1,0,0.97,4,0,True,False,1
task_0133,family_24,template_24,0.25,0.5,11,B-COLD,1,0,0,1,5550,5550,481.8181818181818,23,11120,150,120,0,0,1,0,0.5,2,0,False,False,0
task_0133,family_24,template_24,0.25,0.5,11,B-RAG-EMBED,1,0,0,1,3500,3500,295.45454545454544,19,6870,150,120,5,1,1,0,0.5,2,0,False,False,0
task_0133,family_24,template_24,0.25,0.5,11,B-STAGEHAND-CACHE,1,0,0,1,5550,5550,481.8181818181818,23,11120,150,120,0,0,1,0,0.5,2,0,False,False,0
task_0133,family_24,template_24,0.25,0.5,11,B-TERX-REPLAY,1,0,0,1,5550,5550,481.8181818181818,23,11120,150,120,0,0,1,0,0.5,2,0,False,False,0
task_0133,family_24,template_24,0.25,0.5,11,NC1-SHUFFLED,1,0,1,1,5550,5550,500.0,23,11120,0,120,0,0,1,0,0.4,2,0,False,False,0
task_0133,family_24,template_24,0.25,0.5,11,NC2-RANDOM,1,0,0,1,5550,5550,500.0,23,11120,0,120,0,0,1,1,0.8,4,0,False,False,0
task_0133,family_24,template_24,0.25,0.5,11,NC3-LENGTH,1,0,0,1,5550,5550,500,23,11120,0,120,0,0,1,0,0.5,2,0,False,False,0
task_0133,family_24,template_24,0.25,0.5,11,NC4-ABLATION,1,0,0,1,6100,6100,550.0,23,1440,0,120,11,1,1,0,0.8,4,0,False,False,0
task_0134,family_24,template_24,0.5,0.5,11,P-SPIDER-MEA,1,0,0,1,470,470,14.545454545454545,3,380,0,120,1,1,1,0,0.85,4,0,True,False,1
task_0134,family_24,template_24,0.5,0.5,11,B-COLD,1,0,0,1,5550,5550,481.8181818181818,23,11120,150,120,0,0,1,0,0.5,2,0,False,False,0
task_0134,family_24,template_24,0.5,0.5,11,B-RAG-EMBED,1,0,0,1,3500,3500,295.45454545454544,19,6870,150,120,5,1,1,0,0.5,2,0,False,False,0
task_0134,family_24,template_24,0.5,0.5,11,B-STAGEHAND-CACHE,1,0,0,1,5550,5550,481.8181818181818,23,11120,150,120,0,0,1,0,0.5,2,0,False,False,0
task_0134,family_24,template_24,0.5,0.5,11,B-TERX-REPLAY,1,0,0,1,5550,5550,481.8181818181818,23,11120,150,120,0,0,1,0,0.5,2,0,False,False,0
task_0134,family_24,template_24,0.5,0.5,11,NC1-SHUFFLED,1,0,1,1,5550,5550,500.0,23,11120,0,120,0,0,1,0,0.4,2,0,False,False,0
task_0134,family_24,template_24,0.5,0.5,11,NC2-RANDOM,1,0,0,1,5550,5550,500.0,23,11120,0,120,0,0,1,1,0.8,4,0,False,False,0
task_0134,family_24,template_24,0.5,0.5,11,NC3-LENGTH,1,0,0,1,5550,5550,500,23,11120,0,120,0,0,1,0,0.5,2,0,False,False,0
task_0134,family_24,template_24,0.5,0.5,11,NC4-ABLATION,1,0,0,1,6100,6100,550.0,23,1440,0,120,11,1,1,0,0.8,4,0,False,False,0
task_0135,family_24,template_24,0.75,1.0,11,P-SPIDER-MEA,1,0,0,1,470,470,14.545454545454545,3,380,0,120,1,1,1,0,0.89,4,0,True,False,1
task_0135,family_24,template_24,0.75,1.0,11,B-COLD,1,0,0,1,5550,5550,481.8181818181818,23,11120,150,120,0,0,1,0,0.5,2,0,False,False,0
task_0135,family_24,template_24,0.75,1.0,11,B-RAG-EMBED,1,0,0,1,5750,5750,500.0,24,11270,150,120,0,0,1,0,0.5,2,0,False,False,0
task_0135,family_24,template_24,0.75,1.0,11,B-STAGEHAND-CACHE,1,0,0,1,5550,5550,481.8181818181818,23,11120,150,120,0,0,1,0,0.5,2,0,False,False,0
task_0135,family_24,template_24,0.75,1.0,11,B-TERX-REPLAY,1,0,0,1,5550,5550,481.8181818181818,23,11120,150,120,0,0,1,0,0.5,2,0,False,False,0
task_0135,family_24,template_24,0.75,1.0,11,NC1-SHUFFLED,1,0,1,1,5550,5550,500.0,23,11120,0,120,0,0,1,0,0.4,2,0,False,False,0
task_0135,family_24,template_24,0.75,1.0,11,NC2-RANDOM,1,0,0,1,5550,5550,500.0,23,11120,0,120,0,0,1,1,0.8,4,0,False,False,0
task_0135,family_24,template_24,0.75,1.0,11,NC3-LENGTH,1,0,0,1,5550,5550,500,23,11120,0,120,0,0,1,0,0.5,2,0,False,False,0
task_0135,family_24,template_24,0.75,1.0,11,NC4-ABLATION,0,1,0,0,6100,6100,550.0,23,1440,0,120,11,1,0,0,0.8,4,1,False,False,0
task_0136,family_24,template_24,1.0,1.0,11,P-SPIDER-MEA,1,0,0,1,470,470,14.545454545454545,3,380,0,120,1,1,1,0,0.96,4,0,True,False,1
task_0136,family_24,template_24,1.0,1.0,11,B-COLD,1,0,0,1,5550,5550,481.8181818181818,23,11120,150,120,0,0,1,0,0.5,2,0,False,False,0
task_0136,family_24,template_24,1.0,1.0,11,B-RAG-EMBED,1,0,0,1,5750,5750,500.0,24,11270,150,120,0,0,1,0,0.5,2,0,False,False,0
task_0136,family_24,template_24,1.0,1.0,11,B-STAGEHAND-CACHE,1,0,0,1,5550,5550,481.8181818181818,23,11120,150,120,0,0,1,0,0.5,2,0,False,False,0
task_0136,family_24,template_24,1.0,1.0,11,B-TERX-REPLAY,1,0,0,1,5550,5550,481.8181818181818,23,11120,150,120,0,0,1,0,0.5,2,0,False,False,0
task_0136,family_24,template_24,1.0,1.0,11,NC1-SHUFFLED,1,0,1,1,5550,5550,500.0,23,11120,0,120,0,0,1,0,0.4,2,0,False,False,0
task_0136,family_24,template_24,1.0,1.0,11,NC2-RANDOM,1,0,0,1,5550,5550,500.0,23,11120,0,120,0,0,1,1,0.8,4,0,False,False,0
task_0136,family_24,template_24,1.0,1.0,11,NC3-LENGTH,1,0,0,1,5550,5550,500,23,11120,0,120,0,0,1,0,0.5,2,0,False,False,0
task_0136,family_24,template_24,1.0,1.0,11,NC4-ABLATION,1,0,0,1,6100,6100,550.0,23,1440,0,120,11,1,1,0,0.8,4,0,False,False,0
task_0137,family_25,template_25,0.0,0.0,12,P-SPIDER-MEA,1,0,0,1,470,470,13.333333333333334,3,380,0,120,1,1,1,0,0.86,4,0,True,False,1
task_0137,family_25,template_25,0.0,0.0,12,B-COLD,1,0,0,1,6050,6050,483.3333333333333,25,12120,150,120,0,0,1,0,0.5,2,0,False,False,0
task_0137,family_25,template_25,0.0,0.0,12,B-RAG-EMBED,1,0,0,1,850,850,50.0,14,1710,150,120,12,1,1,0,0.5,2,0,False,False,0
task_0137,family_25,template_25,0.0,0.0,12,B-STAGEHAND-CACHE,1,0,0,1,650,650,33.333333333333336,13,1560,150,120,12,1,1,0,0.5,2,0,False,False,0
task_0137,family_25,template_25,0.0,0.0,12,B-TERX-REPLAY,1,0,0,1,650,650,33.333333333333336,13,1560,150,120,12,1,1,0,0.5,2,0,False,False,0
task_0137,family_25,template_25,0.0,0.0,12,NC1-SHUFFLED,1,0,1,1,6050,6050,500.0,25,12120,0,120,0,0,1,0,0.4,2,0,False,False,0
task_0137,family_25,template_25,0.0,0.0,12,NC2-RANDOM,1,0,0,1,6050,6050,500.0,25,12120,0,120,0,0,1,1,0.8,4,0,False,False,0
task_0137,family_25,template_25,0.0,0.0,12,NC3-LENGTH,1,0,0,1,6050,6050,500,25,12120,0,120,0,0,1,0,0.5,2,0,False,False,0
task_0137,family_25,template_25,0.0,0.0,12,NC4-ABLATION,0,1,0,0,6650,6650,550.0,25,1560,0,120,12,1,0,0,0.8,4,1,False,False,0
task_0138,family_25,template_25,0.5,0.5,12,P-SPIDER-MEA,1,0,0,1,470,470,13.333333333333334,3,380,0,120,1,1,1,0,0.92,4,0,True,False,1
task_0138,family_25,template_25,0.5,0.5,12,B-COLD,1,0,0,1,6050,6050,483.3333333333333,25,12120,150,120,0,0,1,0,0.5,2,0,False,False,0
task_0138,family_25,template_25,0.5,0.5,12,B-RAG-EMBED,1,0,0,1,3550,3550,275.0,20,6990,150,120,6,1,1,0,0.5,2,0,False,False,0
task_0138,family_25,template_25,0.5,0.5,12,B-STAGEHAND-CACHE,1,0,0,1,6050,6050,483.3333333333333,25,12120,150,120,0,0,1,0,0.5,2,0,False,False,0
task_0138,family_25,template_25,0.5,0.5,12,B-TERX-REPLAY,1,0,0,1,6050,6050,483.3333333333333,25,12120,150,120,0,0,1,0,0.5,2,0,False,False,0
task_0138,family_25,template_25,0.5,0.5,12,NC1-SHUFFLED,1,0,1,1,6050,6050,500.0,25,12120,0,120,0,0,1,0,0.4,2,0,False,False,0
task_0138,family_25,template_25,0.5,0.5,12,NC2-RANDOM,1,0,0,1,6050,6050,500.0,25,12120,0,120,0,0,1,1,0.8,4,0,False,False,0
task_0138,family_25,template_25,0.5,0.5,12,NC3-LENGTH,1,0,0,1,6050,6050,500,25,12120,0,120,0,0,1,0,0.5,2,0,False,False,0
task_0138,family_25,template_25,0.5,0.5,12,NC4-ABLATION,1,0,0,1,6650,6650,550.0,25,1560,0,120,12,1,1,0,0.8,4,0,False,False,0
task_0139,family_25,template_25,0.75,1.0,12,P-SPIDER-MEA,1,0,0,1,470,470,13.333333333333334,3,380,0,120,1,1,1,0,0.92,4,0,True,False,1
task_0139,family_25,template_25,0.75,1.0,12,B-COLD,1,0,0,1,6050,6050,483.3333333333333,25,12120,150,120,0,0,1,0,0.5,2,0,False,False,0
task_0139,family_25,template_25,0.75,1.0,12,B-RAG-EMBED,1,0,0,1,6250,6250,500.0,26,12270,150,120,0,0,1,0,0.5,2,0,False,False,0
task_0139,family_25,template_25,0.75,1.0,12,B-STAGEHAND-CACHE,1,0,0,1,6050,6050,483.3333333333333,25,12120,150,120,0,0,1,0,0.5,2,0,False,False,0
task_0139,family_25,template_25,0.75,1.0,12,B-TERX-REPLAY,1,0,0,1,6050,6050,483.3333333333333,25,12120,150,120,0,0,1,0,0.5,2,0,False,False,0
task_0139,family_25,template_25,0.75,1.0,12,NC1-SHUFFLED,1,0,1,1,6050,6050,500.0,25,12120,0,120,0,0,1,0,0.4,2,0,False,False,0
task_0139,family_25,template_25,0.75,1.0,12,NC2-RANDOM,1,0,0,1,6050,6050,500.0,25,12120,0,120,0,0,1,1,0.8,4,0,False,False,0
task_0139,family_25,template_25,0.75,1.0,12,NC3-LENGTH,1,0,0,1,6050,6050,500,25,12120,0,120,0,0,1,0,0.5,2,0,False,False,0
task_0139,family_25,template_25,0.75,1.0,12,NC4-ABLATION,1,0,0,1,6650,6650,550.0,25,1560,0,120,12,1,1,0,0.8,4,0,False,False,0
task_0140,family_25,template_25,1.0,1.0,12,P-SPIDER-MEA,1,0,0,1,470,470,13.333333333333334,3,380,0,120,1,1,1,0,0.87,4,0,True,False,1
task_0140,family_25,template_25,1.0,1.0,12,B-COLD,1,0,0,1,6050,6050,483.3333333333333,25,12120,150,120,0,0,1,0,0.5,2,0,False,False,0
task_0140,family_25,template_25,1.0,1.0,12,B-RAG-EMBED,1,0,0,1,6250,6250,500.0,26,12270,150,120,0,0,1,0,0.5,2,0,False,False,0
task_0140,family_25,template_25,1.0,1.0,12,B-STAGEHAND-CACHE,1,0,0,1,6050,6050,483.3333333333333,25,12120,150,120,0,0,1,0,0.5,2,0,False,False,0
task_0140,family_25,template_25,1.0,1.0,12,B-TERX-REPLAY,1,0,0,1,6050,6050,483.3333333333333,25,12120,150,120,0,0,1,0,0.5,2,0,False,False,0
task_0140,family_25,template_25,1.0,1.0,12,NC1-SHUFFLED,1,0,1,1,6050,6050,500.0,25,12120,0,120,0,0,1,0,0.4,2,0,False,False,0
task_0140,family_25,template_25,1.0,1.0,12,NC2-RANDOM,1,0,0,1,6050,6050,500.0,25,12120,0,120,0,0,1,1,0.8,4,0,False,False,0
task_0140,family_25,template_25,1.0,1.0,12,NC3-LENGTH,1,0,0,1,6050,6050,500,25,12120,0,120,0,0,1,0,0.5,2,0,False,False,0
task_0140,family_25,template_25,1.0,1.0,12,NC4-ABLATION,1,0,0,1,6650,6650,550.0,25,1560,0,120,12,1,1,0,0.8,4,0,False,False,0
task_0141,family_25,template_25,0.25,0.5,12,P-SPIDER-MEA,1,0,0,1,470,470,13.333333333333334,3,380,0,120,1,1,1,0,0.88,4,0,True,False,1
task_0141,family_25,template_25,0.25,0.5,12,B-COLD,1,0,0,1,6050,6050,483.3333333333333,25,12120,150,120,0,0,1,0,0.5,2,0,False,False,0
task_0141,family_25,template_25,0.25,0.5,12,B-RAG-EMBED,1,0,0,1,3550,3550,275.0,20,6990,150,120,6,1,1,0,0.5,2,0,False,False,0
task_0141,family_25,template_25,0.25,0.5,12,B-STAGEHAND-CACHE,1,0,0,1,6050,6050,483.3333333333333,25,12120,150,120,0,0,1,0,0.5,2,0,False,False,0
task_0141,family_25,template_25,0.25,0.5,12,B-TERX-REPLAY,1,0,0,1,6050,6050,483.3333333333333,25,12120,150,120,0,0,1,0,0.5,2,0,False,False,0
task_0141,family_25,template_25,0.25,0.5,12,NC1-SHUFFLED,1,0,1,1,6050,6050,500.0,25,12120,0,120,0,0,1,0,0.4,2,0,False,False,0
task_0141,family_25,template_25,0.25,0.5,12,NC2-RANDOM,1,0,0,1,6050,6050,500.0,25,12120,0,120,0,0,1,1,0.8,4,0,False,False,0
task_0141,family_25,template_25,0.25,0.5,12,NC3-LENGTH,1,0,0,1,6050,6050,500,25,12120,0,120,0,0,1,0,0.5,2,0,False,False,0
task_0141,family_25,template_25,0.25,0.5,12,NC4-ABLATION,1,0,0,1,6650,6650,550.0,25,1560,0,120,12,1,1,0,0.8,4,0,False,False,0
task_0142,family_26,template_26,0.0,0.0,13,P-SPIDER-MEA,1,0,0,1,470,470,12.307692307692308,3,380,0,120,1,1,1,0,0.96,4,0,True,False,1
task_0142,family_26,template_26,0.0,0.0,13,B-COLD,1,0,0,1,6550,6550,484.61538461538464,27,13120,150,120,0,0,1,0,0.5,2,0,False,False,0
task_0142,family_26,template_26,0.0,0.0,13,B-RAG-EMBED,1,0,0,1,900,900,50.0,15,1830,150,120,13,1,1,0,0.5,2,0,False,False,0
task_0142,family_26,template_26,0.0,0.0,13,B-STAGEHAND-CACHE,1,0,0,1,700,700,34.61538461538461,14,1680,150,120,13,1,1,0,0.5,2,0,False,False,0
task_0142,family_26,template_26,0.0,0.0,13,B-TERX-REPLAY,1,0,0,1,700,700,34.61538461538461,14,1680,150,120,13,1,1,0,0.5,2,0,False,False,0
task_0142,family_26,template_26,0.0,0.0,13,NC1-SHUFFLED,1,0,1,1,6550,6550,500.0,27,13120,0,120,0,0,1,0,0.4,2,0,False,False,0
task_0142,family_26,template_26,0.0,0.0,13,NC2-RANDOM,1,0,0,1,6550,6550,500.0,27,13120,0,120,0,0,1,1,0.8,4,0,False,False,0
task_0142,family_26,template_26,0.0,0.0,13,NC3-LENGTH,1,0,0,1,6550,6550,500,27,13120,0,120,0,0,1,0,0.5,2,0,False,False,0
task_0142,family_26,template_26,0.0,0.0,13,NC4-ABLATION,1,0,0,1,7200,7200,550.0,27,1680,0,120,13,1,1,0,0.8,4,0,False,False,0
task_0143,family_26,template_26,0.75,0.6667,13,P-SPIDER-MEA,1,0,0,1,470,470,12.307692307692308,3,380,0,120,1,1,1,0,0.86,4,0,True,False,1
task_0143,family_26,template_26,0.75,0.6667,13,B-COLD,1,0,0,1,6550,6550,484.61538461538464,27,13120,150,120,0,0,1,0,0.5,2,0,False,False,0
task_0143,family_26,template_26,0.75,0.6667,13,B-RAG-EMBED,1,0,0,1,4950,4950,361.53846153846155,24,9750,150,120,4,1,1,0,0.5,2,0,False,False,0
task_0143,family_26,template_26,0.75,0.6667,13,B-STAGEHAND-CACHE,1,0,0,1,6550,6550,484.61538461538464,27,13120,150,120,0,0,1,0,0.5,2,0,False,False,0
task_0143,family_26,template_26,0.75,0.6667,13,B-TERX-REPLAY,1,0,0,1,6550,6550,484.61538461538464,27,13120,150,120,0,0,1,0,0.5,2,0,False,False,0
task_0143,family_26,template_26,0.75,0.6667,13,NC1-SHUFFLED,1,0,1,1,6550,6550,500.0,27,13120,0,120,0,0,1,0,0.4,2,0,False,False,0
task_0143,family_26,template_26,0.75,0.6667,13,NC2-RANDOM,1,0,0,1,6550,6550,500.0,27,13120,0,120,0,0,1,1,0.8,4,0,False,False,0
task_0143,family_26,template_26,0.75,0.6667,13,NC3-LENGTH,1,0,0,1,6550,6550,500,27,13120,0,120,0,0,1,0,0.5,2,0,False,False,0
task_0143,family_26,template_26,0.75,0.6667,13,NC4-ABLATION,0,1,0,0,7200,7200,550.0,27,1680,0,120,13,1,0,0,0.8,4,1,False,False,0
task_0144,family_26,template_26,1.0,1.0,13,P-SPIDER-MEA,1,0,0,1,470,470,12.307692307692308,3,380,0,120,1,1,1,0,0.88,4,0,True,False,1
task_0144,family_26,template_26,1.0,1.0,13,B-COLD,1,0,0,1,6550,6550,484.61538461538464,27,13120,150,120,0,0,1,0,0.5,2,0,False,False,0
task_0144,family_26,template_26,1.0,1.0,13,B-RAG-EMBED,1,0,0,1,6750,6750,500.0,28,13270,150,120,0,0,1,0,0.5,2,0,False,False,0
task_0144,family_26,template_26,1.0,1.0,13,B-STAGEHAND-CACHE,1,0,0,1,6550,6550,484.61538461538464,27,13120,150,120,0,0,1,0,0.5,2,0,False,False,0
task_0144,family_26,template_26,1.0,1.0,13,B-TERX-REPLAY,1,0,0,1,6550,6550,484.61538461538464,27,13120,150,120,0,0,1,0,0.5,2,0,False,False,0
task_0144,family_26,template_26,1.0,1.0,13,NC1-SHUFFLED,1,0,1,1,6550,6550,500.0,27,13120,0,120,0,0,1,0,0.4,2,0,False,False,0
task_0144,family_26,template_26,1.0,1.0,13,NC2-RANDOM,1,0,0,1,6550,6550,500.0,27,13120,0,120,0,0,1,1,0.8,4,0,False,False,0
task_0144,family_26,template_26,1.0,1.0,13,NC3-LENGTH,1,0,0,1,6550,6550,500,27,13120,0,120,0,0,1,0,0.5,2,0,False,False,0
task_0144,family_26,template_26,1.0,1.0,13,NC4-ABLATION,1,0,0,1,7200,7200,550.0,27,1680,0,120,13,1,1,0,0.8,4,0,False,False,0
task_0145,family_26,template_26,0.25,0.3333,13,P-SPIDER-MEA,0,1,1,0,470,470,12.307692307692308,3,380,0,120,1,1,0,0,0.11,0,0,True,False,1
task_0145,family_26,template_26,0.25,0.3333,13,B-COLD,1,0,0,1,6550,6550,484.61538461538464,27,13120,150,120,0,0,1,0,0.5,2,0,False,False,0
task_0145,family_26,template_26,0.25,0.3333,13,B-RAG-EMBED,1,0,0,1,2700,2700,188.46153846153845,19,5350,150,120,9,1,1,0,0.5,2,0,False,False,0
task_0145,family_26,template_26,0.25,0.3333,13,B-STAGEHAND-CACHE,1,0,0,1,6550,6550,484.61538461538464,27,13120,150,120,0,0,1,0,0.5,2,0,False,False,0
task_0145,family_26,template_26,0.25,0.3333,13,B-TERX-REPLAY,1,0,0,1,6550,6550,484.61538461538464,27,13120,150,120,0,0,1,0,0.5,2,0,False,False,0
task_0145,family_26,template_26,0.25,0.3333,13,NC1-SHUFFLED,1,0,1,1,6550,6550,500.0,27,13120,0,120,0,0,1,0,0.4,2,0,False,False,0
task_0145,family_26,template_26,0.25,0.3333,13,NC2-RANDOM,1,0,0,1,6550,6550,500.0,27,13120,0,120,0,0,1,1,0.8,4,0,False,False,0
task_0145,family_26,template_26,0.25,0.3333,13,NC3-LENGTH,1,0,0,1,6550,6550,500,27,13120,0,120,0,0,1,0,0.5,2,0,False,False,0
task_0145,family_26,template_26,0.25,0.3333,13,NC4-ABLATION,1,0,0,1,7200,7200,550.0,27,1680,0,120,13,1,1,0,0.8,4,0,False,False,0
task_0146,family_26,template_26,0.5,0.6667,13,P-SPIDER-MEA,1,0,0,1,470,470,12.307692307692308,3,380,0,120,1,1,1,0,0.88,4,0,True,False,1
task_0146,family_26,template_26,0.5,0.6667,13,B-COLD,1,0,0,1,6550,6550,484.61538461538464,27,13120,150,120,0,0,1,0,0.5,2,0,False,False,0
task_0146,family_26,template_26,0.5,0.6667,13,B-RAG-EMBED,1,0,0,1,4950,4950,361.53846153846155,24,9750,150,120,4,1,1,0,0.5,2,0,False,False,0
task_0146,family_26,template_26,0.5,0.6667,13,B-STAGEHAND-CACHE,1,0,0,1,6550,6550,484.61538461538464,27,13120,150,120,0,0,1,0,0.5,2,0,False,False,0
task_0146,family_26,template_26,0.5,0.6667,13,B-TERX-REPLAY,1,0,0,1,6550,6550,484.61538461538464,27,13120,150,120,0,0,1,0,0.5,2,0,False,False,0
task_0146,family_26,template_26,0.5,0.6667,13,NC1-SHUFFLED,1,0,1,1,6550,6550,500.0,27,13120,0,120,0,0,1,0,0.4,2,0,False,False,0
task_0146,family_26,template_26,0.5,0.6667,13,NC2-RANDOM,1,0,0,1,6550,6550,500.0,27,13120,0,120,0,0,1,1,0.8,4,0,False,False,0
task_0146,family_26,template_26,0.5,0.6667,13,NC3-LENGTH,1,0,0,1,6550,6550,500,27,13120,0,120,0,0,1,0,0.5,2,0,False,False,0
task_0146,family_26,template_26,0.5,0.6667,13,NC4-ABLATION,0,1,0,0,7200,7200,550.0,27,1680,0,120,13,1,0,0,0.8,4,1,False,False,0
task_0147,family_27,template_27,0.0,0.0,14,P-SPIDER-MEA,1,0,0,1,470,470,11.428571428571429,3,380,0,120,1,1,1,0,0.92,4,0,True,False,1
task_0147,family_27,template_27,0.0,0.0,14,B-COLD,1,0,0,1,7050,7050,485.7142857142857,29,14120,150,120,0,0,1,0,0.5,2,0,False,False,0
task_0147,family_27,template_27,0.0,0.0,14,B-RAG-EMBED,1,0,0,1,950,950,50.0,16,1950,150,120,14,1,1,0,0.5,2,0,False,False,0
task_0147,family_27,template_27,0.0,0.0,14,B-STAGEHAND-CACHE,1,0,0,1,750,750,35.714285714285715,15,1800,150,120,14,1,1,0,0.5,2,0,False,False,0
task_0147,family_27,template_27,0.0,0.0,14,B-TERX-REPLAY,1,0,0,1,750,750,35.714285714285715,15,1800,150,120,14,1,1,0,0.5,2,0,False,False,0
task_0147,family_27,template_27,0.0,0.0,14,NC1-SHUFFLED,1,0,1,1,7050,7050,500.0,29,14120,0,120,0,0,1,0,0.4,2,0,False,False,0
task_0147,family_27,template_27,0.0,0.0,14,NC2-RANDOM,1,0,0,1,7050,7050,500.0,29,14120,0,120,0,0,1,1,0.8,4,0,False,False,0
task_0147,family_27,template_27,0.0,0.0,14,NC3-LENGTH,1,0,0,1,7050,7050,500,29,14120,0,120,0,0,1,0,0.5,2,0,False,False,0
task_0147,family_27,template_27,0.0,0.0,14,NC4-ABLATION,1,0,0,1,7750,7750,550.0,29,1800,0,120,14,1,1,0,0.8,4,0,False,False,0
task_0148,family_27,template_27,1.0,1.0,14,P-SPIDER-MEA,1,0,0,1,470,470,11.428571428571429,3,380,0,120,1,1,1,0,0.85,4,0,True,False,1
task_0148,family_27,template_27,1.0,1.0,14,B-COLD,1,0,0,1,7050,7050,485.7142857142857,29,14120,150,120,0,0,1,0,0.5,2,0,False,False,0
task_0148,family_27,template_27,1.0,1.0,14,B-RAG-EMBED,1,0,0,1,7250,7250,500.0,30,14270,150,120,0,0,1,0,0.5,2,0,False,False,0
task_0148,family_27,template_27,1.0,1.0,14,B-STAGEHAND-CACHE,1,0,0,1,7050,7050,485.7142857142857,29,14120,150,120,0,0,1,0,0.5,2,0,False,False,0
task_0148,family_27,template_27,1.0,1.0,14,B-TERX-REPLAY,1,0,0,1,7050,7050,485.7142857142857,29,14120,150,120,0,0,1,0,0.5,2,0,False,False,0
task_0148,family_27,template_27,1.0,1.0,14,NC1-SHUFFLED,1,0,1,1,7050,7050,500.0,29,14120,0,120,0,0,1,0,0.4,2,0,False,False,0
task_0148,family_27,template_27,1.0,1.0,14,NC2-RANDOM,1,0,0,1,7050,7050,500.0,29,14120,0,120,0,0,1,1,0.8,4,0,False,False,0
task_0148,family_27,template_27,1.0,1.0,14,NC3-LENGTH,1,0,0,1,7050,7050,500,29,14120,0,120,0,0,1,0,0.5,2,0,False,False,0
task_0148,family_27,template_27,1.0,1.0,14,NC4-ABLATION,1,0,0,1,7750,7750,550.0,29,1800,0,120,14,1,1,0,0.8,4,0,False,False,0
task_0149,family_27,template_27,0.25,0.0,14,P-SPIDER-MEA,1,0,0,1,470,470,11.428571428571429,3,380,0,120,1,1,1,0,0.96,4,0,True,False,1
task_0149,family_27,template_27,0.25,0.0,14,B-COLD,1,0,0,1,7050,7050,485.7142857142857,29,14120,150,120,0,0,1,0,0.5,2,0,False,False,0
task_0149,family_27,template_27,0.25,0.0,14,B-RAG-EMBED,1,0,0,1,950,950,50.0,16,1950,150,120,14,1,1,0,0.5,2,0,False,False,0
task_0149,family_27,template_27,0.25,0.0,14,B-STAGEHAND-CACHE,1,0,0,1,7050,7050,485.7142857142857,29,14120,150,120,0,0,1,0,0.5,2,0,False,False,0
task_0149,family_27,template_27,0.25,0.0,14,B-TERX-REPLAY,1,0,0,1,7050,7050,485.7142857142857,29,14120,150,120,0,0,1,0,0.5,2,0,False,False,0
task_0149,family_27,template_27,0.25,0.0,14,NC1-SHUFFLED,1,0,1,1,7050,7050,500.0,29,14120,0,120,0,0,1,0,0.4,2,0,False,False,0
task_0149,family_27,template_27,0.25,0.0,14,NC2-RANDOM,1,0,0,1,7050,7050,500.0,29,14120,0,120,0,0,1,1,0.8,4,0,False,False,0
task_0149,family_27,template_27,0.25,0.0,14,NC3-LENGTH,1,0,0,1,7050,7050,500,29,14120,0,120,0,0,1,0,0.5,2,0,False,False,0
task_0149,family_27,template_27,0.25,0.0,14,NC4-ABLATION,1,0,0,1,7750,7750,550.0,29,1800,0,120,14,1,1,0,0.8,4,0,False,False,0
task_0150,family_27,template_27,0.5,1.0,14,P-SPIDER-MEA,1,0,0,1,470,470,11.428571428571429,3,380,0,120,1,1,1,0,0.92,4,0,True,False,1
task_0150,family_27,template_27,0.5,1.0,14,B-COLD,1,0,0,1,7050,7050,485.7142857142857,29,14120,150,120,0,0,1,0,0.5,2,0,False,False,0
task_0150,family_27,template_27,0.5,1.0,14,B-RAG-EMBED,1,0,0,1,7250,7250,500.0,30,14270,150,120,0,0,1,0,0.5,2,0,False,False,0
task_0150,family_27,template_27,0.5,1.0,14,B-STAGEHAND-CACHE,1,0,0,1,7050,7050,485.7142857142857,29,14120,150,120,0,0,1,0,0.5,2,0,False,False,0
task_0150,family_27,template_27,0.5,1.0,14,B-TERX-REPLAY,1,0,0,1,7050,7050,485.7142857142857,29,14120,150,120,0,0,1,0,0.5,2,0,False,False,0
task_0150,family_27,template_27,0.5,1.0,14,NC1-SHUFFLED,1,0,1,1,7050,7050,500.0,29,14120,0,120,0,0,1,0,0.4,2,0,False,False,0
task_0150,family_27,template_27,0.5,1.0,14,NC2-RANDOM,1,0,0,1,7050,7050,500.0,29,14120,0,120,0,0,1,1,0.8,4,0,False,False,0
task_0150,family_27,template_27,0.5,1.0,14,NC3-LENGTH,1,0,0,1,7050,7050,500,29,14120,0,120,0,0,1,0,0.5,2,0,False,False,0
task_0150,family_27,template_27,0.5,1.0,14,NC4-ABLATION,1,0,0,1,7750,7750,550.0,29,1800,0,120,14,1,1,0,0.8,4,0,False,False,0
task_0151,family_27,template_27,0.75,1.0,14,P-SPIDER-MEA,1,0,0,1,470,470,11.428571428571429,3,380,0,120,1,1,1,0,0.92,4,0,True,False,1
task_0151,family_27,template_27,0.75,1.0,14,B-COLD,1,0,0,1,7050,7050,485.7142857142857,29,14120,150,120,0,0,1,0,0.5,2,0,False,False,0
task_0151,family_27,template_27,0.75,1.0,14,B-RAG-EMBED,1,0,0,1,7250,7250,500.0,30,14270,150,120,0,0,1,0,0.5,2,0,False,False,0
task_0151,family_27,template_27,0.75,1.0,14,B-STAGEHAND-CACHE,1,0,0,1,7050,7050,485.7142857142857,29,14120,150,120,0,0,1,0,0.5,2,0,False,False,0
task_0151,family_27,template_27,0.75,1.0,14,B-TERX-REPLAY,1,0,0,1,7050,7050,485.7142857142857,29,14120,150,120,0,0,1,0,0.5,2,0,False,False,0
task_0151,family_27,template_27,0.75,1.0,14,NC1-SHUFFLED,1,0,1,1,7050,7050,500.0,29,14120,0,120,0,0,1,0,0.4,2,0,False,False,0
task_0151,family_27,template_27,0.75,1.0,14,NC2-RANDOM,1,0,0,1,7050,7050,500.0,29,14120,0,120,0,0,1,1,0.8,4,0,False,False,0
task_0151,family_27,template_27,0.75,1.0,14,NC3-LENGTH,1,0,0,1,7050,7050,500,29,14120,0,120,0,0,1,0,0.5,2,0,False,False,0
task_0151,family_27,template_27,0.75,1.0,14,NC4-ABLATION,1,0,0,1,7750,7750,550.0,29,1800,0,120,14,1,1,0,0.8,4,0,False,False,0
task_0152,family_28,template_28,0.0,0.0,8,P-SPIDER-MEA,1,0,0,1,470,470,20.0,3,380,0,120,1,1,1,0,0.87,4,0,True,False,1
task_0152,family_28,template_28,0.0,0.0,8,B-COLD,1,0,0,1,4050,4050,475.0,17,8120,150,120,0,0,1,0,0.5,2,0,False,False,0
task_0152,family_28,template_28,0.0,0.0,8,B-RAG-EMBED,1,0,0,1,650,650,50.0,10,1230,150,120,8,1,1,0,0.5,2,0,False,False,0
task_0152,family_28,template_28,0.0,0.0,8,B-STAGEHAND-CACHE,1,0,0,1,450,450,25.0,9,1080,150,120,8,1,1,0,0.5,2,0,False,False,0
task_0152,family_28,template_28,0.0,0.0,8,B-TERX-REPLAY,1,0,0,1,450,450,25.0,9,1080,150,120,8,1,1,0,0.5,2,0,False,False,0
task_0152,family_28,template_28,0.0,0.0,8,NC1-SHUFFLED,1,0,1,1,4050,4050,500.0,17,8120,0,120,0,0,1,0,0.4,2,0,False,False,0
task_0152,family_28,template_28,0.0,0.0,8,NC2-RANDOM,1,0,0,1,4050,4050,500.0,17,8120,0,120,0,0,1,1,0.8,4,0,False,False,0
task_0152,family_28,template_28,0.0,0.0,8,NC3-LENGTH,1,0,0,1,4050,4050,500,17,8120,0,120,0,0,1,0,0.5,2,0,False,False,0
task_0152,family_28,template_28,0.0,0.0,8,NC4-ABLATION,0,1,0,0,4450,4450,550.0,17,1080,0,120,8,1,0,0,0.8,4,1,False,False,0
task_0153,family_28,template_28,0.25,0.5,8,P-SPIDER-MEA,1,0,0,1,470,470,20.0,3,380,0,120,1,1,1,0,0.96,4,0,True,False,1
task_0153,family_28,template_28,0.25,0.5,8,B-COLD,1,0,0,1,4050,4050,475.0,17,8120,150,120,0,0,1,0,0.5,2,0,False,False,0
task_0153,family_28,template_28,0.25,0.5,8,B-RAG-EMBED,1,0,0,1,2450,2450,275.0,14,4750,150,120,4,1,1,0,0.5,2,0,False,False,0
task_0153,family_28,template_28,0.25,0.5,8,B-STAGEHAND-CACHE,1,0,0,1,4050,4050,475.0,17,8120,150,120,0,0,1,0,0.5,2,0,False,False,0
task_0153,family_28,template_28,0.25,0.5,8,B-TERX-REPLAY,1,0,0,1,4050,4050,475.0,17,8120,150,120,0,0,1,0,0.5,2,0,False,False,0
task_0153,family_28,template_28,0.25,0.5,8,NC1-SHUFFLED,1,0,1,1,4050,4050,500.0,17,8120,0,120,0,0,1,0,0.4,2,0,False,False,0
task_0153,family_28,template_28,0.25,0.5,8,NC2-RANDOM,1,0,0,1,4050,4050,500.0,17,8120,0,120,0,0,1,1,0.8,4,0,False,False,0
task_0153,family_28,template_28,0.25,0.5,8,NC3-LENGTH,1,0,0,1,4050,4050,500,17,8120,0,120,0,0,1,0,0.5,2,0,False,False,0
task_0153,family_28,template_28,0.25,0.5,8,NC4-ABLATION,0,1,0,0,4450,4450,550.0,17,1080,0,120,8,1,0,0,0.8,4,1,False,False,0
task_0154,family_28,template_28,0.5,0.5,8,P-SPIDER-MEA,1,0,0,1,470,470,20.0,3,380,0,120,1,1,1,0,0.95,4,0,True,False,1
task_0154,family_28,template_28,0.5,0.5,8,B-COLD,1,0,0,1,4050,4050,475.0,17,8120,150,120,0,0,1,0,0.5,2,0,False,False,0
task_0154,family_28,template_28,0.5,0.5,8,B-RAG-EMBED,1,0,0,1,2450,2450,275.0,14,4750,150,120,4,1,1,0,0.5,2,0,False,False,0
task_0154,family_28,template_28,0.5,0.5,8,B-STAGEHAND-CACHE,1,0,0,1,4050,4050,475.0,17,8120,150,120,0,0,1,0,0.5,2,0,False,False,0
task_0154,family_28,template_28,0.5,0.5,8,B-TERX-REPLAY,1,0,0,1,4050,4050,475.0,17,8120,150,120,0,0,1,0,0.5,2,0,False,False,0
task_0154,family_28,template_28,0.5,0.5,8,NC1-SHUFFLED,1,0,1,1,4050,4050,500.0,17,8120,0,120,0,0,1,0,0.4,2,0,False,False,0
task_0154,family_28,template_28,0.5,0.5,8,NC2-RANDOM,1,0,0,1,4050,4050,500.0,17,8120,0,120,0,0,1,1,0.8,4,0,False,False,0
task_0154,family_28,template_28,0.5,0.5,8,NC3-LENGTH,1,0,0,1,4050,4050,500,17,8120,0,120,0,0,1,0,0.5,2,0,False,False,0
task_0154,family_28,template_28,0.5,0.5,8,NC4-ABLATION,1,0,0,1,4450,4450,550.0,17,1080,0,120,8,1,1,0,0.8,4,0,False,False,0
task_0155,family_28,template_28,0.75,1.0,8,P-SPIDER-MEA,1,0,0,1,470,470,20.0,3,380,0,120,1,1,1,0,0.88,4,0,True,False,1
task_0155,family_28,template_28,0.75,1.0,8,B-COLD,1,0,0,1,4050,4050,475.0,17,8120,150,120,0,0,1,0,0.5,2,0,False,False,0
task_0155,family_28,template_28,0.75,1.0,8,B-RAG-EMBED,1,0,0,1,4250,4250,500.0,18,8270,150,120,0,0,1,0,0.5,2,0,False,False,0
task_0155,family_28,template_28,0.75,1.0,8,B-STAGEHAND-CACHE,1,0,0,1,4050,4050,475.0,17,8120,150,120,0,0,1,0,0.5,2,0,False,False,0
task_0155,family_28,template_28,0.75,1.0,8,B-TERX-REPLAY,1,0,0,1,4050,4050,475.0,17,8120,150,120,0,0,1,0,0.5,2,0,False,False,0
task_0155,family_28,template_28,0.75,1.0,8,NC1-SHUFFLED,1,0,1,1,4050,4050,500.0,17,8120,0,120,0,0,1,0,0.4,2,0,False,False,0
task_0155,family_28,template_28,0.75,1.0,8,NC2-RANDOM,1,0,0,1,4050,4050,500.0,17,8120,0,120,0,0,1,1,0.8,4,0,False,False,0
task_0155,family_28,template_28,0.75,1.0,8,NC3-LENGTH,1,0,0,1,4050,4050,500,17,8120,0,120,0,0,1,0,0.5,2,0,False,False,0
task_0155,family_28,template_28,0.75,1.0,8,NC4-ABLATION,1,0,0,1,4450,4450,550.0,17,1080,0,120,8,1,1,0,0.8,4,0,False,False,0
task_0156,family_28,template_28,1.0,1.0,8,P-SPIDER-MEA,1,0,0,1,470,470,20.0,3,380,0,120,1,1,1,0,0.86,4,0,True,False,1
task_0156,family_28,template_28,1.0,1.0,8,B-COLD,1,0,0,1,4050,4050,475.0,17,8120,150,120,0,0,1,0,0.5,2,0,False,False,0
task_0156,family_28,template_28,1.0,1.0,8,B-RAG-EMBED,1,0,0,1,4250,4250,500.0,18,8270,150,120,0,0,1,0,0.5,2,0,False,False,0
task_0156,family_28,template_28,1.0,1.0,8,B-STAGEHAND-CACHE,1,0,0,1,4050,4050,475.0,17,8120,150,120,0,0,1,0,0.5,2,0,False,False,0
task_0156,family_28,template_28,1.0,1.0,8,B-TERX-REPLAY,1,0,0,1,4050,4050,475.0,17,8120,150,120,0,0,1,0,0.5,2,0,False,False,0
task_0156,family_28,template_28,1.0,1.0,8,NC1-SHUFFLED,1,0,1,1,4050,4050,500.0,17,8120,0,120,0,0,1,0,0.4,2,0,False,False,0
task_0156,family_28,template_28,1.0,1.0,8,NC2-RANDOM,1,0,0,1,4050,4050,500.0,17,8120,0,120,0,0,1,1,0.8,4,0,False,False,0
task_0156,family_28,template_28,1.0,1.0,8,NC3-LENGTH,1,0,0,1,4050,4050,500,17,8120,0,120,0,0,1,0,0.5,2,0,False,False,0
task_0156,family_28,template_28,1.0,1.0,8,NC4-ABLATION,1,0,0,1,4450,4450,550.0,17,1080,0,120,8,1,1,0,0.8,4,0,False,False,0
task_0157,family_29,template_29,0.0,0.0,9,P-SPIDER-MEA,1,0,0,1,470,470,17.77777777777778,3,380,0,120,1,1,1,0,0.96,4,0,True,False,1
task_0157,family_29,template_29,0.0,0.0,9,B-COLD,1,0,0,1,4550,4550,477.77777777777777,19,9120,150,120,0,0,1,0,0.5,2,0,False,False,0
task_0157,family_29,template_29,0.0,0.0,9,B-RAG-EMBED,1,0,0,1,700,700,50.0,11,1350,150,120,9,1,1,0,0.5,2,0,False,False,0
task_0157,family_29,template_29,0.0,0.0,9,B-STAGEHAND-CACHE,1,0,0,1,500,500,27.77777777777778,10,1200,150,120,9,1,1,0,0.5,2,0,False,False,0
task_0157,family_29,template_29,0.0,0.0,9,B-TERX-REPLAY,1,0,0,1,500,500,27.77777777777778,10,1200,150,120,9,1,1,0,0.5,2,0,False,False,0
task_0157,family_29,template_29,0.0,0.0,9,NC1-SHUFFLED,1,0,1,1,4550,4550,500.0,19,9120,0,120,0,0,1,0,0.4,2,0,False,False,0
task_0157,family_29,template_29,0.0,0.0,9,NC2-RANDOM,1,0,0,1,4550,4550,500.0,19,9120,0,120,0,0,1,1,0.8,4,0,False,False,0
task_0157,family_29,template_29,0.0,0.0,9,NC3-LENGTH,1,0,0,1,4550,4550,500,19,9120,0,120,0,0,1,0,0.5,2,0,False,False,0
task_0157,family_29,template_29,0.0,0.0,9,NC4-ABLATION,1,0,0,1,5000,5000,550.0,19,1200,0,120,9,1,1,0,0.8,4,0,False,False,0
task_0158,family_29,template_29,0.5,0.5,9,P-SPIDER-MEA,1,0,0,1,470,470,17.77777777777778,3,380,0,120,1,1,1,0,0.92,4,0,True,False,1
task_0158,family_29,template_29,0.5,0.5,9,B-COLD,1,0,0,1,4550,4550,477.77777777777777,19,9120,150,120,0,0,1,0,0.5,2,0,False,False,0
task_0158,family_29,template_29,0.5,0.5,9,B-RAG-EMBED,1,0,0,1,2500,2500,250.0,15,4870,150,120,5,1,1,0,0.5,2,0,False,False,0
task_0158,family_29,template_29,0.5,0.5,9,B-STAGEHAND-CACHE,1,0,0,1,4550,4550,477.77777777777777,19,9120,150,120,0,0,1,0,0.5,2,0,False,False,0
task_0158,family_29,template_29,0.5,0.5,9,B-TERX-REPLAY,1,0,0,1,4550,4550,477.77777777777777,19,9120,150,120,0,0,1,0,0.5,2,0,False,False,0
task_0158,family_29,template_29,0.5,0.5,9,NC1-SHUFFLED,1,0,1,1,4550,4550,500.0,19,9120,0,120,0,0,1,0,0.4,2,0,False,False,0
task_0158,family_29,template_29,0.5,0.5,9,NC2-RANDOM,1,0,0,1,4550,4550,500.0,19,9120,0,120,0,0,1,1,0.8,4,0,False,False,0
task_0158,family_29,template_29,0.5,0.5,9,NC3-LENGTH,1,0,0,1,4550,4550,500,19,9120,0,120,0,0,1,0,0.5,2,0,False,False,0
task_0158,family_29,template_29,0.5,0.5,9,NC4-ABLATION,1,0,0,1,5000,5000,550.0,19,1200,0,120,9,1,1,0,0.8,4,0,False,False,0
task_0159,family_29,template_29,0.75,1.0,9,P-SPIDER-MEA,1,0,0,1,470,470,17.77777777777778,3,380,0,120,1,1,1,0,0.96,4,0,True,False,1
task_0159,family_29,template_29,0.75,1.0,9,B-COLD,1,0,0,1,4550,4550,477.77777777777777,19,9120,150,120,0,0,1,0,0.5,2,0,False,False,0
task_0159,family_29,template_29,0.75,1.0,9,B-RAG-EMBED,1,0,0,1,4750,4750,500.0,20,9270,150,120,0,0,1,0,0.5,2,0,False,False,0
task_0159,family_29,template_29,0.75,1.0,9,B-STAGEHAND-CACHE,1,0,0,1,4550,4550,477.77777777777777,19,9120,150,120,0,0,1,0,0.5,2,0,False,False,0
task_0159,family_29,template_29,0.75,1.0,9,B-TERX-REPLAY,1,0,0,1,4550,4550,477.77777777777777,19,9120,150,120,0,0,1,0,0.5,2,0,False,False,0
task_0159,family_29,template_29,0.75,1.0,9,NC1-SHUFFLED,0,1,1,0,4550,4550,500.0,19,9120,0,120,0,0,0,0,0.4,2,1,False,False,0
task_0159,family_29,template_29,0.75,1.0,9,NC2-RANDOM,0,1,0,0,4550,4550,500.0,19,9120,0,120,0,0,0,1,0.8,4,1,False,False,0
task_0159,family_29,template_29,0.75,1.0,9,NC3-LENGTH,1,0,0,1,4550,4550,500,19,9120,0,120,0,0,1,0,0.5,2,0,False,False,0
task_0159,family_29,template_29,0.75,1.0,9,NC4-ABLATION,1,0,0,1,5000,5000,550.0,19,1200,0,120,9,1,1,0,0.8,4,0,False,False,0
task_0160,family_29,template_29,1.0,1.0,9,P-SPIDER-MEA,1,0,0,1,470,470,17.77777777777778,3,380,0,120,1,1,1,0,0.97,4,0,True,False,1
task_0160,family_29,template_29,1.0,1.0,9,B-COLD,1,0,0,1,4550,4550,477.77777777777777,19,9120,150,120,0,0,1,0,0.5,2,0,False,False,0
task_0160,family_29,template_29,1.0,1.0,9,B-RAG-EMBED,1,0,0,1,4750,4750,500.0,20,9270,150,120,0,0,1,0,0.5,2,0,False,False,0
task_0160,family_29,template_29,1.0,1.0,9,B-STAGEHAND-CACHE,1,0,0,1,4550,4550,477.77777777777777,19,9120,150,120,0,0,1,0,0.5,2,0,False,False,0
task_0160,family_29,template_29,1.0,1.0,9,B-TERX-REPLAY,1,0,0,1,4550,4550,477.77777777777777,19,9120,150,120,0,0,1,0,0.5,2,0,False,False,0
task_0160,family_29,template_29,1.0,1.0,9,NC1-SHUFFLED,1,0,1,1,4550,4550,500.0,19,9120,0,120,0,0,1,0,0.4,2,0,False,False,0
task_0160,family_29,template_29,1.0,1.0,9,NC2-RANDOM,1,0,0,1,4550,4550,500.0,19,9120,0,120,0,0,1,1,0.8,4,0,False,False,0
task_0160,family_29,template_29,1.0,1.0,9,NC3-LENGTH,1,0,0,1,4550,4550,500,19,9120,0,120,0,0,1,0,0.5,2,0,False,False,0
task_0160,family_29,template_29,1.0,1.0,9,NC4-ABLATION,1,0,0,1,5000,5000,550.0,19,1200,0,120,9,1,1,0,0.8,4,0,False,False,0
task_0161,family_29,template_29,0.25,0.5,9,P-SPIDER-MEA,1,0,0,1,470,470,17.77777777777778,3,380,0,120,1,1,1,0,0.96,4,0,True,False,1
task_0161,family_29,template_29,0.25,0.5,9,B-COLD,1,0,0,1,4550,4550,477.77777777777777,19,9120,150,120,0,0,1,0,0.5,2,0,False,False,0
task_0161,family_29,template_29,0.25,0.5,9,B-RAG-EMBED,1,0,0,1,2500,2500,250.0,15,4870,150,120,5,1,1,0,0.5,2,0,False,False,0
task_0161,family_29,template_29,0.25,0.5,9,B-STAGEHAND-CACHE,1,0,0,1,4550,4550,477.77777777777777,19,9120,150,120,0,0,1,0,0.5,2,0,False,False,0
task_0161,family_29,template_29,0.25,0.5,9,B-TERX-REPLAY,1,0,0,1,4550,4550,477.77777777777777,19,9120,150,120,0,0,1,0,0.5,2,0,False,False,0
task_0161,family_29,template_29,0.25,0.5,9,NC1-SHUFFLED,1,0,1,1,4550,4550,500.0,19,9120,0,120,0,0,1,0,0.4,2,0,False,False,0
task_0161,family_29,template_29,0.25,0.5,9,NC2-RANDOM,1,0,0,1,4550,4550,500.0,19,9120,0,120,0,0,1,1,0.8,4,0,False,False,0
task_0161,family_29,template_29,0.25,0.5,9,NC3-LENGTH,1,0,0,1,4550,4550,500,19,9120,0,120,0,0,1,0,0.5,2,0,False,False,0
task_0161,family_29,template_29,0.25,0.5,9,NC4-ABLATION,1,0,0,1,5000,5000,550.0,19,1200,0,120,9,1,1,0,0.8,4,0,False,False,0
task_0162,family_30,template_30,0.0,0.0,10,P-SPIDER-MEA,1,0,0,1,470,470,16.0,3,380,0,120,1,1,1,0,0.94,4,0,True,False,1
task_0162,family_30,template_30,0.0,0.0,10,B-COLD,1,0,0,1,5050,5050,480.0,21,10120,150,120,0,0,1,0,0.5,2,0,False,False,0
task_0162,family_30,template_30,0.0,0.0,10,B-RAG-EMBED,1,0,0,1,750,750,50.0,12,1470,150,120,10,1,1,0,0.5,2,0,False,False,0
task_0162,family_30,template_30,0.0,0.0,10,B-STAGEHAND-CACHE,1,0,0,1,550,550,30.0,11,1320,150,120,10,1,1,0,0.5,2,0,False,False,0
task_0162,family_30,template_30,0.0,0.0,10,B-TERX-REPLAY,1,0,0,1,550,550,30.0,11,1320,150,120,10,1,1,0,0.5,2,0,False,False,0
task_0162,family_30,template_30,0.0,0.0,10,NC1-SHUFFLED,1,0,1,1,5050,5050,500.0,21,10120,0,120,0,0,1,0,0.4,2,0,False,False,0
task_0162,family_30,template_30,0.0,0.0,10,NC2-RANDOM,1,0,0,1,5050,5050,500.0,21,10120,0,120,0,0,1,1,0.8,4,0,False,False,0
task_0162,family_30,template_30,0.0,0.0,10,NC3-LENGTH,1,0,0,1,5050,5050,500,21,10120,0,120,0,0,1,0,0.5,2,0,False,False,0
task_0162,family_30,template_30,0.0,0.0,10,NC4-ABLATION,1,0,0,1,5550,5550,550.0,21,1320,0,120,10,1,1,0,0.8,4,0,False,False,0
task_0163,family_30,template_30,0.75,0.6667,10,P-SPIDER-MEA,1,0,0,1,470,470,16.0,3,380,0,120,1,1,1,0,0.96,4,0,True,False,1
task_0163,family_30,template_30,0.75,0.6667,10,B-COLD,1,0,0,1,5050,5050,480.0,21,10120,150,120,0,0,1,0,0.5,2,0,False,False,0
task_0163,family_30,template_30,0.75,0.6667,10,B-RAG-EMBED,1,0,0,1,3900,3900,365.0,19,7630,150,120,3,1,1,0,0.5,2,0,False,False,0
task_0163,family_30,template_30,0.75,0.6667,10,B-STAGEHAND-CACHE,1,0,0,1,5050,5050,480.0,21,10120,150,120,0,0,1,0,0.5,2,0,False,False,0
task_0163,family_30,template_30,0.75,0.6667,10,B-TERX-REPLAY,1,0,0,1,5050,5050,480.0,21,10120,150,120,0,0,1,0,0.5,2,0,False,False,0
task_0163,family_30,template_30,0.75,0.6667,10,NC1-SHUFFLED,1,0,1,1,5050,5050,500.0,21,10120,0,120,0,0,1,0,0.4,2,0,False,False,0
task_0163,family_30,template_30,0.75,0.6667,10,NC2-RANDOM,1,0,0,1,5050,5050,500.0,21,10120,0,120,0,0,1,1,0.8,4,0,False,False,0
task_0163,family_30,template_30,0.75,0.6667,10,NC3-LENGTH,1,0,0,1,5050,5050,500,21,10120,0,120,0,0,1,0,0.5,2,0,False,False,0
task_0163,family_30,template_30,0.75,0.6667,10,NC4-ABLATION,0,1,0,0,5550,5550,550.0,21,1320,0,120,10,1,0,0,0.8,4,1,False,False,0
task_0164,family_30,template_30,1.0,1.0,10,P-SPIDER-MEA,1,0,0,1,470,470,16.0,3,380,0,120,1,1,1,0,0.95,4,0,True,False,1
task_0164,family_30,template_30,1.0,1.0,10,B-COLD,1,0,0,1,5050,5050,480.0,21,10120,150,120,0,0,1,0,0.5,2,0,False,False,0
task_0164,family_30,template_30,1.0,1.0,10,B-RAG-EMBED,1,0,0,1,5250,5250,500.0,22,10270,150,120,0,0,1,0,0.5,2,0,False,False,0
task_0164,family_30,template_30,1.0,1.0,10,B-STAGEHAND-CACHE,1,0,0,1,5050,5050,480.0,21,10120,150,120,0,0,1,0,0.5,2,0,False,False,0
task_0164,family_30,template_30,1.0,1.0,10,B-TERX-REPLAY,1,0,0,1,5050,5050,480.0,21,10120,150,120,0,0,1,0,0.5,2,0,False,False,0
task_0164,family_30,template_30,1.0,1.0,10,NC1-SHUFFLED,1,0,1,1,5050,5050,500.0,21,10120,0,120,0,0,1,0,0.4,2,0,False,False,0
task_0164,family_30,template_30,1.0,1.0,10,NC2-RANDOM,1,0,0,1,5050,5050,500.0,21,10120,0,120,0,0,1,1,0.8,4,0,False,False,0
task_0164,family_30,template_30,1.0,1.0,10,NC3-LENGTH,1,0,0,1,5050,5050,500,21,10120,0,120,0,0,1,0,0.5,2,0,False,False,0
task_0164,family_30,template_30,1.0,1.0,10,NC4-ABLATION,0,1,0,0,5550,5550,550.0,21,1320,0,120,10,1,0,0,0.8,4,1,False,False,0
task_0165,family_30,template_30,0.25,0.3333,10,P-SPIDER-MEA,1,0,0,1,470,470,16.0,3,380,0,120,1,1,1,0,0.88,4,0,True,False,1
task_0165,family_30,template_30,0.25,0.3333,10,B-COLD,1,0,0,1,5050,5050,480.0,21,10120,150,120,0,0,1,0,0.5,2,0,False,False,0
task_0165,family_30,template_30,0.25,0.3333,10,B-RAG-EMBED,1,0,0,1,2100,2100,185.0,15,4110,150,120,7,1,1,0,0.5,2,0,False,False,0
task_0165,family_30,template_30,0.25,0.3333,10,B-STAGEHAND-CACHE,1,0,0,1,5050,5050,480.0,21,10120,150,120,0,0,1,0,0.5,2,0,False,False,0
task_0165,family_30,template_30,0.25,0.3333,10,B-TERX-REPLAY,1,0,0,1,5050,5050,480.0,21,10120,150,120,0,0,1,0,0.5,2,0,False,False,0
task_0165,family_30,template_30,0.25,0.3333,10,NC1-SHUFFLED,1,0,1,1,5050,5050,500.0,21,10120,0,120,0,0,1,0,0.4,2,0,False,False,0
task_0165,family_30,template_30,0.25,0.3333,10,NC2-RANDOM,1,0,0,1,5050,5050,500.0,21,10120,0,120,0,0,1,1,0.8,4,0,False,False,0
task_0165,family_30,template_30,0.25,0.3333,10,NC3-LENGTH,1,0,0,1,5050,5050,500,21,10120,0,120,0,0,1,0,0.5,2,0,False,False,0
task_0165,family_30,template_30,0.25,0.3333,10,NC4-ABLATION,1,0,0,1,5550,5550,550.0,21,1320,0,120,10,1,1,0,0.8,4,0,False,False,0
task_0166,family_30,template_30,0.5,0.6667,10,P-SPIDER-MEA,1,0,0,1,470,470,16.0,3,380,0,120,1,1,1,0,0.86,4,0,True,False,1
task_0166,family_30,template_30,0.5,0.6667,10,B-COLD,1,0,0,1,5050,5050,480.0,21,10120,150,120,0,0,1,0,0.5,2,0,False,False,0
task_0166,family_30,template_30,0.5,0.6667,10,B-RAG-EMBED,1,0,0,1,3900,3900,365.0,19,7630,150,120,3,1,1,0,0.5,2,0,False,False,0
task_0166,family_30,template_30,0.5,0.6667,10,B-STAGEHAND-CACHE,1,0,0,1,5050,5050,480.0,21,10120,150,120,0,0,1,0,0.5,2,0,False,False,0
task_0166,family_30,template_30,0.5,0.6667,10,B-TERX-REPLAY,1,0,0,1,5050,5050,480.0,21,10120,150,120,0,0,1,0,0.5,2,0,False,False,0
task_0166,family_30,template_30,0.5,0.6667,10,NC1-SHUFFLED,1,0,1,1,5050,5050,500.0,21,10120,0,120,0,0,1,0,0.4,2,0,False,False,0
task_0166,family_30,template_30,0.5,0.6667,10,NC2-RANDOM,1,0,0,1,5050,5050,500.0,21,10120,0,120,0,0,1,1,0.8,4,0,False,False,0
task_0166,family_30,template_30,0.5,0.6667,10,NC3-LENGTH,1,0,0,1,5050,5050,500,21,10120,0,120,0,0,1,0,0.5,2,0,False,False,0
task_0166,family_30,template_30,0.5,0.6667,10,NC4-ABLATION,1,0,0,1,5550,5550,550.0,21,1320,0,120,10,1,1,0,0.8,4,0,False,False,0
task_0167,family_31,template_31,0.0,0.0,11,P-SPIDER-MEA,1,0,0,1,470,470,14.545454545454545,3,380,0,120,1,1,1,0,0.95,4,0,True,False,1
task_0167,family_31,template_31,0.0,0.0,11,B-COLD,1,0,0,1,5550,5550,481.8181818181818,23,11120,150,120,0,0,1,0,0.5,2,0,False,False,0
task_0167,family_31,template_31,0.0,0.0,11,B-RAG-EMBED,1,0,0,1,800,800,50.0,13,1590,150,120,11,1,1,0,0.5,2,0,False,False,0
task_0167,family_31,template_31,0.0,0.0,11,B-STAGEHAND-CACHE,1,0,0,1,600,600,31.818181818181817,12,1440,150,120,11,1,1,0,0.5,2,0,False,False,0
task_0167,family_31,template_31,0.0,0.0,11,B-TERX-REPLAY,1,0,0,1,600,600,31.818181818181817,12,1440,150,120,11,1,1,0,0.5,2,0,False,False,0
task_0167,family_31,template_31,0.0,0.0,11,NC1-SHUFFLED,1,0,1,1,5550,5550,500.0,23,11120,0,120,0,0,1,0,0.4,2,0,False,False,0
task_0167,family_31,template_31,0.0,0.0,11,NC2-RANDOM,1,0,0,1,5550,5550,500.0,23,11120,0,120,0,0,1,1,0.8,4,0,False,False,0
task_0167,family_31,template_31,0.0,0.0,11,NC3-LENGTH,1,0,0,1,5550,5550,500,23,11120,0,120,0,0,1,0,0.5,2,0,False,False,0
task_0167,family_31,template_31,0.0,0.0,11,NC4-ABLATION,0,1,0,0,6100,6100,550.0,23,1440,0,120,11,1,0,0,0.8,4,1,False,False,0
task_0168,family_31,template_31,1.0,1.0,11,P-SPIDER-MEA,1,0,0,1,470,470,14.545454545454545,3,380,0,120,1,1,1,0,0.95,4,0,True,False,1
task_0168,family_31,template_31,1.0,1.0,11,B-COLD,1,0,0,1,5550,5550,481.8181818181818,23,11120,150,120,0,0,1,0,0.5,2,0,False,False,0
task_0168,family_31,template_31,1.0,1.0,11,B-RAG-EMBED,1,0,0,1,5750,5750,500.0,24,11270,150,120,0,0,1,0,0.5,2,0,False,False,0
task_0168,family_31,template_31,1.0,1.0,11,B-STAGEHAND-CACHE,1,0,0,1,5550,5550,481.8181818181818,23,11120,150,120,0,0,1,0,0.5,2,0,False,False,0
task_0168,family_31,template_31,1.0,1.0,11,B-TERX-REPLAY,1,0,0,1,5550,5550,481.8181818181818,23,11120,150,120,0,0,1,0,0.5,2,0,False,False,0
task_0168,family_31,template_31,1.0,1.0,11,NC1-SHUFFLED,0,1,1,0,5550,5550,500.0,23,11120,0,120,0,0,0,0,0.4,2,1,False,False,0
task_0168,family_31,template_31,1.0,1.0,11,NC2-RANDOM,0,1,0,0,5550,5550,500.0,23,11120,0,120,0,0,0,1,0.8,4,1,False,False,0
task_0168,family_31,template_31,1.0,1.0,11,NC3-LENGTH,1,0,0,1,5550,5550,500,23,11120,0,120,0,0,1,0,0.5,2,0,False,False,0
task_0168,family_31,template_31,1.0,1.0,11,NC4-ABLATION,0,1,0,0,6100,6100,550.0,23,1440,0,120,11,1,0,0,0.8,4,1,False,False,0
task_0169,family_31,template_31,0.25,0.0,11,P-SPIDER-MEA,1,0,0,1,470,470,14.545454545454545,3,380,0,120,1,1,1,0,0.89,4,0,True,False,1
task_0169,family_31,template_31,0.25,0.0,11,B-COLD,1,0,0,1,5550,5550,481.8181818181818,23,11120,150,120,0,0,1,0,0.5,2,0,False,False,0
task_0169,family_31,template_31,0.25,0.0,11,B-RAG-EMBED,1,0,0,1,800,800,50.0,13,1590,150,120,11,1,1,0,0.5,2,0,False,False,0
task_0169,family_31,template_31,0.25,0.0,11,B-STAGEHAND-CACHE,1,0,0,1,5550,5550,481.8181818181818,23,11120,150,120,0,0,1,0,0.5,2,0,False,False,0
task_0169,family_31,template_31,0.25,0.0,11,B-TERX-REPLAY,1,0,0,1,5550,5550,481.8181818181818,23,11120,150,120,0,0,1,0,0.5,2,0,False,False,0
task_0169,family_31,template_31,0.25,0.0,11,NC1-SHUFFLED,1,0,1,1,5550,5550,500.0,23,11120,0,120,0,0,1,0,0.4,2,0,False,False,0
task_0169,family_31,template_31,0.25,0.0,11,NC2-RANDOM,1,0,0,1,5550,5550,500.0,23,11120,0,120,0,0,1,1,0.8,4,0,False,False,0
task_0169,family_31,template_31,0.25,0.0,11,NC3-LENGTH,1,0,0,1,5550,5550,500,23,11120,0,120,0,0,1,0,0.5,2,0,False,False,0
task_0169,family_31,template_31,0.25,0.0,11,NC4-ABLATION,1,0,0,1,6100,6100,550.0,23,1440,0,120,11,1,1,0,0.8,4,0,False,False,0
task_0170,family_31,template_31,0.5,1.0,11,P-SPIDER-MEA,1,0,0,1,470,470,14.545454545454545,3,380,0,120,1,1,1,0,0.88,4,0,True,False,1
task_0170,family_31,template_31,0.5,1.0,11,B-COLD,1,0,0,1,5550,5550,481.8181818181818,23,11120,150,120,0,0,1,0,0.5,2,0,False,False,0
task_0170,family_31,template_31,0.5,1.0,11,B-RAG-EMBED,1,0,0,1,5750,5750,500.0,24,11270,150,120,0,0,1,0,0.5,2,0,False,False,0
task_0170,family_31,template_31,0.5,1.0,11,B-STAGEHAND-CACHE,1,0,0,1,5550,5550,481.8181818181818,23,11120,150,120,0,0,1,0,0.5,2,0,False,False,0
task_0170,family_31,template_31,0.5,1.0,11,B-TERX-REPLAY,1,0,0,1,5550,5550,481.8181818181818,23,11120,150,120,0,0,1,0,0.5,2,0,False,False,0
task_0170,family_31,template_31,0.5,1.0,11,NC1-SHUFFLED,1,0,1,1,5550,5550,500.0,23,11120,0,120,0,0,1,0,0.4,2,0,False,False,0
task_0170,family_31,template_31,0.5,1.0,11,NC2-RANDOM,1,0,0,1,5550,5550,500.0,23,11120,0,120,0,0,1,1,0.8,4,0,False,False,0
task_0170,family_31,template_31,0.5,1.0,11,NC3-LENGTH,1,0,0,1,5550,5550,500,23,11120,0,120,0,0,1,0,0.5,2,0,False,False,0
task_0170,family_31,template_31,0.5,1.0,11,NC4-ABLATION,0,1,0,0,6100,6100,550.0,23,1440,0,120,11,1,0,0,0.8,4,1,False,False,0
task_0171,family_31,template_31,0.75,1.0,11,P-SPIDER-MEA,0,1,1,0,470,470,14.545454545454545,3,380,0,120,1,1,0,0,0.07,0,0,True,False,1
task_0171,family_31,template_31,0.75,1.0,11,B-COLD,1,0,0,1,5550,5550,481.8181818181818,23,11120,150,120,0,0,1,0,0.5,2,0,False,False,0
task_0171,family_31,template_31,0.75,1.0,11,B-RAG-EMBED,1,0,0,1,5750,5750,500.0,24,11270,150,120,0,0,1,0,0.5,2,0,False,False,0
task_0171,family_31,template_31,0.75,1.0,11,B-STAGEHAND-CACHE,1,0,0,1,5550,5550,481.8181818181818,23,11120,150,120,0,0,1,0,0.5,2,0,False,False,0
task_0171,family_31,template_31,0.75,1.0,11,B-TERX-REPLAY,1,0,0,1,5550,5550,481.8181818181818,23,11120,150,120,0,0,1,0,0.5,2,0,False,False,0
task_0171,family_31,template_31,0.75,1.0,11,NC1-SHUFFLED,1,0,1,1,5550,5550,500.0,23,11120,0,120,0,0,1,0,0.4,2,0,False,False,0
task_0171,family_31,template_31,0.75,1.0,11,NC2-RANDOM,1,0,0,1,5550,5550,500.0,23,11120,0,120,0,0,1,1,0.8,4,0,False,False,0
task_0171,family_31,template_31,0.75,1.0,11,NC3-LENGTH,1,0,0,1,5550,5550,500,23,11120,0,120,0,0,1,0,0.5,2,0,False,False,0
task_0171,family_31,template_31,0.75,1.0,11,NC4-ABLATION,0,1,0,0,6100,6100,550.0,23,1440,0,120,11,1,0,0,0.8,4,1,False,False,0
task_0172,family_32,template_32,0.0,0.0,12,P-SPIDER-MEA,1,0,0,1,470,470,13.333333333333334,3,380,0,120,1,1,1,0,0.95,4,0,True,False,1
task_0172,family_32,template_32,0.0,0.0,12,B-COLD,1,0,0,1,6050,6050,483.3333333333333,25,12120,150,120,0,0,1,0,0.5,2,0,False,False,0
task_0172,family_32,template_32,0.0,0.0,12,B-RAG-EMBED,1,0,0,1,850,850,50.0,14,1710,150,120,12,1,1,0,0.5,2,0,False,False,0
task_0172,family_32,template_32,0.0,0.0,12,B-STAGEHAND-CACHE,1,0,0,1,650,650,33.333333333333336,13,1560,150,120,12,1,1,0,0.5,2,0,False,False,0
task_0172,family_32,template_32,0.0,0.0,12,B-TERX-REPLAY,1,0,0,1,650,650,33.333333333333336,13,1560,150,120,12,1,1,0,0.5,2,0,False,False,0
task_0172,family_32,template_32,0.0,0.0,12,NC1-SHUFFLED,1,0,1,1,6050,6050,500.0,25,12120,0,120,0,0,1,0,0.4,2,0,False,False,0
task_0172,family_32,template_32,0.0,0.0,12,NC2-RANDOM,1,0,0,1,6050,6050,500.0,25,12120,0,120,0,0,1,1,0.8,4,0,False,False,0
task_0172,family_32,template_32,0.0,0.0,12,NC3-LENGTH,1,0,0,1,6050,6050,500,25,12120,0,120,0,0,1,0,0.5,2,0,False,False,0
task_0172,family_32,template_32,0.0,0.0,12,NC4-ABLATION,1,0,0,1,6650,6650,550.0,25,1560,0,120,12,1,1,0,0.8,4,0,False,False,0
task_0173,family_32,template_32,0.25,0.5,12,P-SPIDER-MEA,1,0,0,1,470,470,13.333333333333334,3,380,0,120,1,1,1,0,0.88,4,0,True,False,1
task_0173,family_32,template_32,0.25,0.5,12,B-COLD,1,0,0,1,6050,6050,483.3333333333333,25,12120,150,120,0,0,1,0,0.5,2,0,False,False,0
task_0173,family_32,template_32,0.25,0.5,12,B-RAG-EMBED,1,0,0,1,3550,3550,275.0,20,6990,150,120,6,1,1,0,0.5,2,0,False,False,0
task_0173,family_32,template_32,0.25,0.5,12,B-STAGEHAND-CACHE,1,0,0,1,6050,6050,483.3333333333333,25,12120,150,120,0,0,1,0,0.5,2,0,False,False,0
task_0173,family_32,template_32,0.25,0.5,12,B-TERX-REPLAY,1,0,0,1,6050,6050,483.3333333333333,25,12120,150,120,0,0,1,0,0.5,2,0,False,False,0
task_0173,family_32,template_32,0.25,0.5,12,NC1-SHUFFLED,1,0,1,1,6050,6050,500.0,25,12120,0,120,0,0,1,0,0.4,2,0,False,False,0
task_0173,family_32,template_32,0.25,0.5,12,NC2-RANDOM,1,0,0,1,6050,6050,500.0,25,12120,0,120,0,0,1,1,0.8,4,0,False,False,0
task_0173,family_32,template_32,0.25,0.5,12,NC3-LENGTH,1,0,0,1,6050,6050,500,25,12120,0,120,0,0,1,0,0.5,2,0,False,False,0
task_0173,family_32,template_32,0.25,0.5,12,NC4-ABLATION,1,0,0,1,6650,6650,550.0,25,1560,0,120,12,1,1,0,0.8,4,0,False,False,0
task_0174,family_32,template_32,0.5,0.5,12,P-SPIDER-MEA,1,0,0,1,470,470,13.333333333333334,3,380,0,120,1,1,1,0,0.9,4,0,True,False,1
task_0174,family_32,template_32,0.5,0.5,12,B-COLD,1,0,0,1,6050,6050,483.3333333333333,25,12120,150,120,0,0,1,0,0.5,2,0,False,False,0
task_0174,family_32,template_32,0.5,0.5,12,B-RAG-EMBED,1,0,0,1,3550,3550,275.0,20,6990,150,120,6,1,1,0,0.5,2,0,False,False,0
task_0174,family_32,template_32,0.5,0.5,12,B-STAGEHAND-CACHE,1,0,0,1,6050,6050,483.3333333333333,25,12120,150,120,0,0,1,0,0.5,2,0,False,False,0
task_0174,family_32,template_32,0.5,0.5,12,B-TERX-REPLAY,1,0,0,1,6050,6050,483.3333333333333,25,12120,150,120,0,0,1,0,0.5,2,0,False,False,0
task_0174,family_32,template_32,0.5,0.5,12,NC1-SHUFFLED,1,0,1,1,6050,6050,500.0,25,12120,0,120,0,0,1,0,0.4,2,0,False,False,0
task_0174,family_32,template_32,0.5,0.5,12,NC2-RANDOM,1,0,0,1,6050,6050,500.0,25,12120,0,120,0,0,1,1,0.8,4,0,False,False,0
task_0174,family_32,template_32,0.5,0.5,12,NC3-LENGTH,1,0,0,1,6050,6050,500,25,12120,0,120,0,0,1,0,0.5,2,0,False,False,0
task_0174,family_32,template_32,0.5,0.5,12,NC4-ABLATION,1,0,0,1,6650,6650,550.0,25,1560,0,120,12,1,1,0,0.8,4,0,False,False,0
task_0175,family_32,template_32,0.75,1.0,12,P-SPIDER-MEA,1,0,0,1,470,470,13.333333333333334,3,380,0,120,1,1,1,0,0.91,4,0,True,False,1
task_0175,family_32,template_32,0.75,1.0,12,B-COLD,1,0,0,1,6050,6050,483.3333333333333,25,12120,150,120,0,0,1,0,0.5,2,0,False,False,0
task_0175,family_32,template_32,0.75,1.0,12,B-RAG-EMBED,1,0,0,1,6250,6250,500.0,26,12270,150,120,0,0,1,0,0.5,2,0,False,False,0
task_0175,family_32,template_32,0.75,1.0,12,B-STAGEHAND-CACHE,1,0,0,1,6050,6050,483.3333333333333,25,12120,150,120,0,0,1,0,0.5,2,0,False,False,0
task_0175,family_32,template_32,0.75,1.0,12,B-TERX-REPLAY,1,0,0,1,6050,6050,483.3333333333333,25,12120,150,120,0,0,1,0,0.5,2,0,False,False,0
task_0175,family_32,template_32,0.75,1.0,12,NC1-SHUFFLED,0,1,1,0,6050,6050,500.0,25,12120,0,120,0,0,0,0,0.4,2,1,False,False,0
task_0175,family_32,template_32,0.75,1.0,12,NC2-RANDOM,0,1,0,0,6050,6050,500.0,25,12120,0,120,0,0,0,1,0.8,4,1,False,False,0
task_0175,family_32,template_32,0.75,1.0,12,NC3-LENGTH,1,0,0,1,6050,6050,500,25,12120,0,120,0,0,1,0,0.5,2,0,False,False,0
task_0175,family_32,template_32,0.75,1.0,12,NC4-ABLATION,0,1,0,0,6650,6650,550.0,25,1560,0,120,12,1,0,0,0.8,4,1,False,False,0
task_0176,family_32,template_32,1.0,1.0,12,P-SPIDER-MEA,1,0,0,1,470,470,13.333333333333334,3,380,0,120,1,1,1,0,0.86,4,0,True,False,1
task_0176,family_32,template_32,1.0,1.0,12,B-COLD,1,0,0,1,6050,6050,483.3333333333333,25,12120,150,120,0,0,1,0,0.5,2,0,False,False,0
task_0176,family_32,template_32,1.0,1.0,12,B-RAG-EMBED,1,0,0,1,6250,6250,500.0,26,12270,150,120,0,0,1,0,0.5,2,0,False,False,0
task_0176,family_32,template_32,1.0,1.0,12,B-STAGEHAND-CACHE,1,0,0,1,6050,6050,483.3333333333333,25,12120,150,120,0,0,1,0,0.5,2,0,False,False,0
task_0176,family_32,template_32,1.0,1.0,12,B-TERX-REPLAY,1,0,0,1,6050,6050,483.3333333333333,25,12120,150,120,0,0,1,0,0.5,2,0,False,False,0
task_0176,family_32,template_32,1.0,1.0,12,NC1-SHUFFLED,1,0,1,1,6050,6050,500.0,25,12120,0,120,0,0,1,0,0.4,2,0,False,False,0
task_0176,family_32,template_32,1.0,1.0,12,NC2-RANDOM,1,0,0,1,6050,6050,500.0,25,12120,0,120,0,0,1,1,0.8,4,0,False,False,0
task_0176,family_32,template_32,1.0,1.0,12,NC3-LENGTH,1,0,0,1,6050,6050,500,25,12120,0,120,0,0,1,0,0.5,2,0,False,False,0
task_0176,family_32,template_32,1.0,1.0,12,NC4-ABLATION,0,1,0,0,6650,6650,550.0,25,1560,0,120,12,1,0,0,0.8,4,1,False,False,0
task_0177,family_33,template_33,0.0,0.0,13,P-SPIDER-MEA,1,0,0,1,470,470,12.307692307692308,3,380,0,120,1,1,1,0,0.87,4,0,True,False,1
task_0177,family_33,template_33,0.0,0.0,13,B-COLD,1,0,0,1,6550,6550,484.61538461538464,27,13120,150,120,0,0,1,0,0.5,2,0,False,False,0
task_0177,family_33,template_33,0.0,0.0,13,B-RAG-EMBED,1,0,0,1,900,900,50.0,15,1830,150,120,13,1,1,0,0.5,2,0,False,False,0
task_0177,family_33,template_33,0.0,0.0,13,B-STAGEHAND-CACHE,1,0,0,1,700,700,34.61538461538461,14,1680,150,120,13,1,1,0,0.5,2,0,False,False,0
task_0177,family_33,template_33,0.0,0.0,13,B-TERX-REPLAY,1,0,0,1,700,700,34.61538461538461,14,1680,150,120,13,1,1,0,0.5,2,0,False,False,0
task_0177,family_33,template_33,0.0,0.0,13,NC1-SHUFFLED,1,0,1,1,6550,6550,500.0,27,13120,0,120,0,0,1,0,0.4,2,0,False,False,0
task_0177,family_33,template_33,0.0,0.0,13,NC2-RANDOM,1,0,0,1,6550,6550,500.0,27,13120,0,120,0,0,1,1,0.8,4,0,False,False,0
task_0177,family_33,template_33,0.0,0.0,13,NC3-LENGTH,1,0,0,1,6550,6550,500,27,13120,0,120,0,0,1,0,0.5,2,0,False,False,0
task_0177,family_33,template_33,0.0,0.0,13,NC4-ABLATION,1,0,0,1,7200,7200,550.0,27,1680,0,120,13,1,1,0,0.8,4,0,False,False,0
task_0178,family_33,template_33,0.5,0.5,13,P-SPIDER-MEA,1,0,0,1,470,470,12.307692307692308,3,380,0,120,1,1,1,0,0.88,4,0,True,False,1
task_0178,family_33,template_33,0.5,0.5,13,B-COLD,1,0,0,1,6550,6550,484.61538461538464,27,13120,150,120,0,0,1,0,0.5,2,0,False,False,0
task_0178,family_33,template_33,0.5,0.5,13,B-RAG-EMBED,1,0,0,1,3600,3600,257.6923076923077,21,7110,150,120,7,1,1,0,0.5,2,0,False,False,0
task_0178,family_33,template_33,0.5,0.5,13,B-STAGEHAND-CACHE,1,0,0,1,6550,6550,484.61538461538464,27,13120,150,120,0,0,1,0,0.5,2,0,False,False,0
task_0178,family_33,template_33,0.5,0.5,13,B-TERX-REPLAY,1,0,0,1,6550,6550,484.61538461538464,27,13120,150,120,0,0,1,0,0.5,2,0,False,False,0
task_0178,family_33,template_33,0.5,0.5,13,NC1-SHUFFLED,1,0,1,1,6550,6550,500.0,27,13120,0,120,0,0,1,0,0.4,2,0,False,False,0
task_0178,family_33,template_33,0.5,0.5,13,NC2-RANDOM,1,0,0,1,6550,6550,500.0,27,13120,0,120,0,0,1,1,0.8,4,0,False,False,0
task_0178,family_33,template_33,0.5,0.5,13,NC3-LENGTH,1,0,0,1,6550,6550,500,27,13120,0,120,0,0,1,0,0.5,2,0,False,False,0
task_0178,family_33,template_33,0.5,0.5,13,NC4-ABLATION,1,0,0,1,7200,7200,550.0,27,1680,0,120,13,1,1,0,0.8,4,0,False,False,0
task_0179,family_33,template_33,0.75,1.0,13,P-SPIDER-MEA,1,0,0,1,470,470,12.307692307692308,3,380,0,120,1,1,1,0,0.9,4,0,True,False,1
task_0179,family_33,template_33,0.75,1.0,13,B-COLD,1,0,0,1,6550,6550,484.61538461538464,27,13120,150,120,0,0,1,0,0.5,2,0,False,False,0
task_0179,family_33,template_33,0.75,1.0,13,B-RAG-EMBED,1,0,0,1,6750,6750,500.0,28,13270,150,120,0,0,1,0,0.5,2,0,False,False,0
task_0179,family_33,template_33,0.75,1.0,13,B-STAGEHAND-CACHE,1,0,0,1,6550,6550,484.61538461538464,27,13120,150,120,0,0,1,0,0.5,2,0,False,False,0
task_0179,family_33,template_33,0.75,1.0,13,B-TERX-REPLAY,1,0,0,1,6550,6550,484.61538461538464,27,13120,150,120,0,0,1,0,0.5,2,0,False,False,0
task_0179,family_33,template_33,0.75,1.0,13,NC1-SHUFFLED,1,0,1,1,6550,6550,500.0,27,13120,0,120,0,0,1,0,0.4,2,0,False,False,0
task_0179,family_33,template_33,0.75,1.0,13,NC2-RANDOM,1,0,0,1,6550,6550,500.0,27,13120,0,120,0,0,1,1,0.8,4,0,False,False,0
task_0179,family_33,template_33,0.75,1.0,13,NC3-LENGTH,1,0,0,1,6550,6550,500,27,13120,0,120,0,0,1,0,0.5,2,0,False,False,0
task_0179,family_33,template_33,0.75,1.0,13,NC4-ABLATION,1,0,0,1,7200,7200,550.0,27,1680,0,120,13,1,1,0,0.8,4,0,False,False,0
task_0180,family_33,template_33,1.0,1.0,13,P-SPIDER-MEA,1,0,0,1,470,470,12.307692307692308,3,380,0,120,1,1,1,0,0.89,4,0,True,False,1
task_0180,family_33,template_33,1.0,1.0,13,B-COLD,1,0,0,1,6550,6550,484.61538461538464,27,13120,150,120,0,0,1,0,0.5,2,0,False,False,0
task_0180,family_33,template_33,1.0,1.0,13,B-RAG-EMBED,1,0,0,1,6750,6750,500.0,28,13270,150,120,0,0,1,0,0.5,2,0,False,False,0
task_0180,family_33,template_33,1.0,1.0,13,B-STAGEHAND-CACHE,1,0,0,1,6550,6550,484.61538461538464,27,13120,150,120,0,0,1,0,0.5,2,0,False,False,0
task_0180,family_33,template_33,1.0,1.0,13,B-TERX-REPLAY,1,0,0,1,6550,6550,484.61538461538464,27,13120,150,120,0,0,1,0,0.5,2,0,False,False,0
task_0180,family_33,template_33,1.0,1.0,13,NC1-SHUFFLED,0,1,1,0,6550,6550,500.0,27,13120,0,120,0,0,0,0,0.4,2,1,False,False,0
task_0180,family_33,template_33,1.0,1.0,13,NC2-RANDOM,0,1,0,0,6550,6550,500.0,27,13120,0,120,0,0,0,1,0.8,4,1,False,False,0
task_0180,family_33,template_33,1.0,1.0,13,NC3-LENGTH,1,0,0,1,6550,6550,500,27,13120,0,120,0,0,1,0,0.5,2,0,False,False,0
task_0180,family_33,template_33,1.0,1.0,13,NC4-ABLATION,1,0,0,1,7200,7200,550.0,27,1680,0,120,13,1,1,0,0.8,4,0,False,False,0
task_0181,family_33,template_33,0.25,0.5,13,P-SPIDER-MEA,1,0,0,1,470,470,12.307692307692308,3,380,0,120,1,1,1,0,0.91,4,0,True,False,1
task_0181,family_33,template_33,0.25,0.5,13,B-COLD,1,0,0,1,6550,6550,484.61538461538464,27,13120,150,120,0,0,1,0,0.5,2,0,False,False,0
task_0181,family_33,template_33,0.25,0.5,13,B-RAG-EMBED,1,0,0,1,3600,3600,257.6923076923077,21,7110,150,120,7,1,1,0,0.5,2,0,False,False,0
task_0181,family_33,template_33,0.25,0.5,13,B-STAGEHAND-CACHE,1,0,0,1,6550,6550,484.61538461538464,27,13120,150,120,0,0,1,0,0.5,2,0,False,False,0
task_0181,family_33,template_33,0.25,0.5,13,B-TERX-REPLAY,1,0,0,1,6550,6550,484.61538461538464,27,13120,150,120,0,0,1,0,0.5,2,0,False,False,0
task_0181,family_33,template_33,0.25,0.5,13,NC1-SHUFFLED,1,0,1,1,6550,6550,500.0,27,13120,0,120,0,0,1,0,0.4,2,0,False,False,0
task_0181,family_33,template_33,0.25,0.5,13,NC2-RANDOM,1,0,0,1,6550,6550,500.0,27,13120,0,120,0,0,1,1,0.8,4,0,False,False,0
task_0181,family_33,template_33,0.25,0.5,13,NC3-LENGTH,1,0,0,1,6550,6550,500,27,13120,0,120,0,0,1,0,0.5,2,0,False,False,0
task_0181,family_33,template_33,0.25,0.5,13,NC4-ABLATION,1,0,0,1,7200,7200,550.0,27,1680,0,120,13,1,1,0,0.8,4,0,False,False,0
task_0182,family_34,template_34,0.0,0.0,14,P-SPIDER-MEA,1,0,0,1,470,470,11.428571428571429,3,380,0,120,1,1,1,0,0.92,4,0,True,False,1
task_0182,family_34,template_34,0.0,0.0,14,B-COLD,1,0,0,1,7050,7050,485.7142857142857,29,14120,150,120,0,0,1,0,0.5,2,0,False,False,0
task_0182,family_34,template_34,0.0,0.0,14,B-RAG-EMBED,1,0,0,1,950,950,50.0,16,1950,150,120,14,1,1,0,0.5,2,0,False,False,0
task_0182,family_34,template_34,0.0,0.0,14,B-STAGEHAND-CACHE,1,0,0,1,750,750,35.714285714285715,15,1800,150,120,14,1,1,0,0.5,2,0,False,False,0
task_0182,family_34,template_34,0.0,0.0,14,B-TERX-REPLAY,1,0,0,1,750,750,35.714285714285715,15,1800,150,120,14,1,1,0,0.5,2,0,False,False,0
task_0182,family_34,template_34,0.0,0.0,14,NC1-SHUFFLED,1,0,1,1,7050,7050,500.0,29,14120,0,120,0,0,1,0,0.4,2,0,False,False,0
task_0182,family_34,template_34,0.0,0.0,14,NC2-RANDOM,1,0,0,1,7050,7050,500.0,29,14120,0,120,0,0,1,1,0.8,4,0,False,False,0
task_0182,family_34,template_34,0.0,0.0,14,NC3-LENGTH,1,0,0,1,7050,7050,500,29,14120,0,120,0,0,1,0,0.5,2,0,False,False,0
task_0182,family_34,template_34,0.0,0.0,14,NC4-ABLATION,0,1,0,0,7750,7750,550.0,29,1800,0,120,14,1,0,0,0.8,4,1,False,False,0
task_0183,family_34,template_34,0.75,0.6667,14,P-SPIDER-MEA,1,0,0,1,470,470,11.428571428571429,3,380,0,120,1,1,1,0,0.94,4,0,True,False,1
task_0183,family_34,template_34,0.75,0.6667,14,B-COLD,1,0,0,1,7050,7050,485.7142857142857,29,14120,150,120,0,0,1,0,0.5,2,0,False,False,0
task_0183,family_34,template_34,0.75,0.6667,14,B-RAG-EMBED,1,0,0,1,5000,5000,339.2857142857143,25,9870,150,120,5,1,1,0,0.5,2,0,False,False,0
task_0183,family_34,template_34,0.75,0.6667,14,B-STAGEHAND-CACHE,1,0,0,1,7050,7050,485.7142857142857,29,14120,150,120,0,0,1,0,0.5,2,0,False,False,0
task_0183,family_34,template_34,0.75,0.6667,14,B-TERX-REPLAY,1,0,0,1,7050,7050,485.7142857142857,29,14120,150,120,0,0,1,0,0.5,2,0,False,False,0
task_0183,family_34,template_34,0.75,0.6667,14,NC1-SHUFFLED,1,0,1,1,7050,7050,500.0,29,14120,0,120,0,0,1,0,0.4,2,0,False,False,0
task_0183,family_34,template_34,0.75,0.6667,14,NC2-RANDOM,1,0,0,1,7050,7050,500.0,29,14120,0,120,0,0,1,1,0.8,4,0,False,False,0
task_0183,family_34,template_34,0.75,0.6667,14,NC3-LENGTH,1,0,0,1,7050,7050,500,29,14120,0,120,0,0,1,0,0.5,2,0,False,False,0
task_0183,family_34,template_34,0.75,0.6667,14,NC4-ABLATION,0,1,0,0,7750,7750,550.0,29,1800,0,120,14,1,0,0,0.8,4,1,False,False,0
task_0184,family_34,template_34,1.0,1.0,14,P-SPIDER-MEA,0,1,1,0,470,470,11.428571428571429,3,380,0,120,1,1,0,0,0.12,0,0,True,False,1
task_0184,family_34,template_34,1.0,1.0,14,B-COLD,1,0,0,1,7050,7050,485.7142857142857,29,14120,150,120,0,0,1,0,0.5,2,0,False,False,0
task_0184,family_34,template_34,1.0,1.0,14,B-RAG-EMBED,1,0,0,1,7250,7250,500.0,30,14270,150,120,0,0,1,0,0.5,2,0,False,False,0
task_0184,family_34,template_34,1.0,1.0,14,B-STAGEHAND-CACHE,1,0,0,1,7050,7050,485.7142857142857,29,14120,150,120,0,0,1,0,0.5,2,0,False,False,0
task_0184,family_34,template_34,1.0,1.0,14,B-TERX-REPLAY,1,0,0,1,7050,7050,485.7142857142857,29,14120,150,120,0,0,1,0,0.5,2,0,False,False,0
task_0184,family_34,template_34,1.0,1.0,14,NC1-SHUFFLED,0,1,1,0,7050,7050,500.0,29,14120,0,120,0,0,0,0,0.4,2,1,False,False,0
task_0184,family_34,template_34,1.0,1.0,14,NC2-RANDOM,0,1,0,0,7050,7050,500.0,29,14120,0,120,0,0,0,1,0.8,4,1,False,False,0
task_0184,family_34,template_34,1.0,1.0,14,NC3-LENGTH,1,0,0,1,7050,7050,500,29,14120,0,120,0,0,1,0,0.5,2,0,False,False,0
task_0184,family_34,template_34,1.0,1.0,14,NC4-ABLATION,0,1,0,0,7750,7750,550.0,29,1800,0,120,14,1,0,0,0.8,4,1,False,False,0
task_0185,family_34,template_34,0.25,0.3333,14,P-SPIDER-MEA,1,0,0,1,470,470,11.428571428571429,3,380,0,120,1,1,1,0,0.94,4,0,True,False,1
task_0185,family_34,template_34,0.25,0.3333,14,B-COLD,1,0,0,1,7050,7050,485.7142857142857,29,14120,150,120,0,0,1,0,0.5,2,0,False,False,0
task_0185,family_34,template_34,0.25,0.3333,14,B-RAG-EMBED,1,0,0,1,3200,3200,210.71428571428572,21,6350,150,120,9,1,1,0,0.5,2,0,False,False,0
task_0185,family_34,template_34,0.25,0.3333,14,B-STAGEHAND-CACHE,1,0,0,1,7050,7050,485.7142857142857,29,14120,150,120,0,0,1,0,0.5,2,0,False,False,0
task_0185,family_34,template_34,0.25,0.3333,14,B-TERX-REPLAY,1,0,0,1,7050,7050,485.7142857142857,29,14120,150,120,0,0,1,0,0.5,2,0,False,False,0
task_0185,family_34,template_34,0.25,0.3333,14,NC1-SHUFFLED,1,0,1,1,7050,7050,500.0,29,14120,0,120,0,0,1,0,0.4,2,0,False,False,0
task_0185,family_34,template_34,0.25,0.3333,14,NC2-RANDOM,1,0,0,1,7050,7050,500.0,29,14120,0,120,0,0,1,1,0.8,4,0,False,False,0
task_0185,family_34,template_34,0.25,0.3333,14,NC3-LENGTH,1,0,0,1,7050,7050,500,29,14120,0,120,0,0,1,0,0.5,2,0,False,False,0
task_0185,family_34,template_34,0.25,0.3333,14,NC4-ABLATION,0,1,0,0,7750,7750,550.0,29,1800,0,120,14,1,0,0,0.8,4,1,False,False,0
task_0186,family_34,template_34,0.5,0.6667,14,P-SPIDER-MEA,1,0,0,1,470,470,11.428571428571429,3,380,0,120,1,1,1,0,0.93,4,0,True,False,1
task_0186,family_34,template_34,0.5,0.6667,14,B-COLD,1,0,0,1,7050,7050,485.7142857142857,29,14120,150,120,0,0,1,0,0.5,2,0,False,False,0
task_0186,family_34,template_34,0.5,0.6667,14,B-RAG-EMBED,1,0,0,1,5000,5000,339.2857142857143,25,9870,150,120,5,1,1,0,0.5,2,0,False,False,0
task_0186,family_34,template_34,0.5,0.6667,14,B-STAGEHAND-CACHE,1,0,0,1,7050,7050,485.7142857142857,29,14120,150,120,0,0,1,0,0.5,2,0,False,False,0
task_0186,family_34,template_34,0.5,0.6667,14,B-TERX-REPLAY,1,0,0,1,7050,7050,485.7142857142857,29,14120,150,120,0,0,1,0,0.5,2,0,False,False,0
task_0186,family_34,template_34,0.5,0.6667,14,NC1-SHUFFLED,1,0,1,1,7050,7050,500.0,29,14120,0,120,0,0,1,0,0.4,2,0,False,False,0
task_0186,family_34,template_34,0.5,0.6667,14,NC2-RANDOM,1,0,0,1,7050,7050,500.0,29,14120,0,120,0,0,1,1,0.8,4,0,False,False,0
task_0186,family_34,template_34,0.5,0.6667,14,NC3-LENGTH,1,0,0,1,7050,7050,500,29,14120,0,120,0,0,1,0,0.5,2,0,False,False,0
task_0186,family_34,template_34,0.5,0.6667,14,NC4-ABLATION,1,0,0,1,7750,7750,550.0,29,1800,0,120,14,1,1,0,0.8,4,0,False,False,0
task_0187,family_35,template_35,0.0,0.0,8,P-SPIDER-MEA,1,0,0,1,470,470,20.0,3,380,0,120,1,1,1,0,0.86,4,0,True,False,1
task_0187,family_35,template_35,0.0,0.0,8,B-COLD,1,0,0,1,4050,4050,475.0,17,8120,150,120,0,0,1,0,0.5,2,0,False,False,0
task_0187,family_35,template_35,0.0,0.0,8,B-RAG-EMBED,1,0,0,1,650,650,50.0,10,1230,150,120,8,1,1,0,0.5,2,0,False,False,0
task_0187,family_35,template_35,0.0,0.0,8,B-STAGEHAND-CACHE,1,0,0,1,450,450,25.0,9,1080,150,120,8,1,1,0,0.5,2,0,False,False,0
task_0187,family_35,template_35,0.0,0.0,8,B-TERX-REPLAY,1,0,0,1,450,450,25.0,9,1080,150,120,8,1,1,0,0.5,2,0,False,False,0
task_0187,family_35,template_35,0.0,0.0,8,NC1-SHUFFLED,0,1,1,0,4050,4050,500.0,17,8120,0,120,0,0,0,0,0.4,2,1,False,False,0
task_0187,family_35,template_35,0.0,0.0,8,NC2-RANDOM,0,1,0,0,4050,4050,500.0,17,8120,0,120,0,0,0,1,0.8,4,1,False,False,0
task_0187,family_35,template_35,0.0,0.0,8,NC3-LENGTH,1,0,0,1,4050,4050,500,17,8120,0,120,0,0,1,0,0.5,2,0,False,False,0
task_0187,family_35,template_35,0.0,0.0,8,NC4-ABLATION,1,0,0,1,4450,4450,550.0,17,1080,0,120,8,1,1,0,0.8,4,0,False,False,0
task_0188,family_35,template_35,1.0,1.0,8,P-SPIDER-MEA,1,0,0,1,470,470,20.0,3,380,0,120,1,1,1,0,0.89,4,0,True,False,1
task_0188,family_35,template_35,1.0,1.0,8,B-COLD,1,0,0,1,4050,4050,475.0,17,8120,150,120,0,0,1,0,0.5,2,0,False,False,0
task_0188,family_35,template_35,1.0,1.0,8,B-RAG-EMBED,1,0,0,1,4250,4250,500.0,18,8270,150,120,0,0,1,0,0.5,2,0,False,False,0
task_0188,family_35,template_35,1.0,1.0,8,B-STAGEHAND-CACHE,1,0,0,1,4050,4050,475.0,17,8120,150,120,0,0,1,0,0.5,2,0,False,False,0
task_0188,family_35,template_35,1.0,1.0,8,B-TERX-REPLAY,1,0,0,1,4050,4050,475.0,17,8120,150,120,0,0,1,0,0.5,2,0,False,False,0
task_0188,family_35,template_35,1.0,1.0,8,NC1-SHUFFLED,1,0,1,1,4050,4050,500.0,17,8120,0,120,0,0,1,0,0.4,2,0,False,False,0
task_0188,family_35,template_35,1.0,1.0,8,NC2-RANDOM,1,0,0,1,4050,4050,500.0,17,8120,0,120,0,0,1,1,0.8,4,0,False,False,0
task_0188,family_35,template_35,1.0,1.0,8,NC3-LENGTH,1,0,0,1,4050,4050,500,17,8120,0,120,0,0,1,0,0.5,2,0,False,False,0
task_0188,family_35,template_35,1.0,1.0,8,NC4-ABLATION,1,0,0,1,4450,4450,550.0,17,1080,0,120,8,1,1,0,0.8,4,0,False,False,0
task_0189,family_35,template_35,0.25,0.0,8,P-SPIDER-MEA,1,0,0,1,470,470,20.0,3,380,0,120,1,1,1,0,0.95,4,0,True,False,1
task_0189,family_35,template_35,0.25,0.0,8,B-COLD,1,0,0,1,4050,4050,475.0,17,8120,150,120,0,0,1,0,0.5,2,0,False,False,0
task_0189,family_35,template_35,0.25,0.0,8,B-RAG-EMBED,1,0,0,1,650,650,50.0,10,1230,150,120,8,1,1,0,0.5,2,0,False,False,0
task_0189,family_35,template_35,0.25,0.0,8,B-STAGEHAND-CACHE,1,0,0,1,4050,4050,475.0,17,8120,150,120,0,0,1,0,0.5,2,0,False,False,0
task_0189,family_35,template_35,0.25,0.0,8,B-TERX-REPLAY,1,0,0,1,4050,4050,475.0,17,8120,150,120,0,0,1,0,0.5,2,0,False,False,0
task_0189,family_35,template_35,0.25,0.0,8,NC1-SHUFFLED,1,0,1,1,4050,4050,500.0,17,8120,0,120,0,0,1,0,0.4,2,0,False,False,0
task_0189,family_35,template_35,0.25,0.0,8,NC2-RANDOM,1,0,0,1,4050,4050,500.0,17,8120,0,120,0,0,1,1,0.8,4,0,False,False,0
task_0189,family_35,template_35,0.25,0.0,8,NC3-LENGTH,1,0,0,1,4050,4050,500,17,8120,0,120,0,0,1,0,0.5,2,0,False,False,0
task_0189,family_35,template_35,0.25,0.0,8,NC4-ABLATION,1,0,0,1,4450,4450,550.0,17,1080,0,120,8,1,1,0,0.8,4,0,False,False,0
task_0190,family_35,template_35,0.5,1.0,8,P-SPIDER-MEA,1,0,0,1,470,470,20.0,3,380,0,120,1,1,1,0,0.89,4,0,True,False,1
task_0190,family_35,template_35,0.5,1.0,8,B-COLD,1,0,0,1,4050,4050,475.0,17,8120,150,120,0,0,1,0,0.5,2,0,False,False,0
task_0190,family_35,template_35,0.5,1.0,8,B-RAG-EMBED,1,0,0,1,4250,4250,500.0,18,8270,150,120,0,0,1,0,0.5,2,0,False,False,0
task_0190,family_35,template_35,0.5,1.0,8,B-STAGEHAND-CACHE,1,0,0,1,4050,4050,475.0,17,8120,150,120,0,0,1,0,0.5,2,0,False,False,0
task_0190,family_35,template_35,0.5,1.0,8,B-TERX-REPLAY,1,0,0,1,4050,4050,475.0,17,8120,150,120,0,0,1,0,0.5,2,0,False,False,0
task_0190,family_35,template_35,0.5,1.0,8,NC1-SHUFFLED,1,0,1,1,4050,4050,500.0,17,8120,0,120,0,0,1,0,0.4,2,0,False,False,0
task_0190,family_35,template_35,0.5,1.0,8,NC2-RANDOM,1,0,0,1,4050,4050,500.0,17,8120,0,120,0,0,1,1,0.8,4,0,False,False,0
task_0190,family_35,template_35,0.5,1.0,8,NC3-LENGTH,1,0,0,1,4050,4050,500,17,8120,0,120,0,0,1,0,0.5,2,0,False,False,0
task_0190,family_35,template_35,0.5,1.0,8,NC4-ABLATION,0,1,0,0,4450,4450,550.0,17,1080,0,120,8,1,0,0,0.8,4,1,False,False,0
task_0191,family_35,template_35,0.75,1.0,8,P-SPIDER-MEA,1,0,0,1,470,470,20.0,3,380,0,120,1,1,1,0,0.9,4,0,True,False,1
task_0191,family_35,template_35,0.75,1.0,8,B-COLD,1,0,0,1,4050,4050,475.0,17,8120,150,120,0,0,1,0,0.5,2,0,False,False,0
task_0191,family_35,template_35,0.75,1.0,8,B-RAG-EMBED,1,0,0,1,4250,4250,500.0,18,8270,150,120,0,0,1,0,0.5,2,0,False,False,0
task_0191,family_35,template_35,0.75,1.0,8,B-STAGEHAND-CACHE,1,0,0,1,4050,4050,475.0,17,8120,150,120,0,0,1,0,0.5,2,0,False,False,0
task_0191,family_35,template_35,0.75,1.0,8,B-TERX-REPLAY,1,0,0,1,4050,4050,475.0,17,8120,150,120,0,0,1,0,0.5,2,0,False,False,0
task_0191,family_35,template_35,0.75,1.0,8,NC1-SHUFFLED,1,0,1,1,4050,4050,500.0,17,8120,0,120,0,0,1,0,0.4,2,0,False,False,0
task_0191,family_35,template_35,0.75,1.0,8,NC2-RANDOM,1,0,0,1,4050,4050,500.0,17,8120,0,120,0,0,1,1,0.8,4,0,False,False,0
task_0191,family_35,template_35,0.75,1.0,8,NC3-LENGTH,1,0,0,1,4050,4050,500,17,8120,0,120,0,0,1,0,0.5,2,0,False,False,0
task_0191,family_35,template_35,0.75,1.0,8,NC4-ABLATION,0,1,0,0,4450,4450,550.0,17,1080,0,120,8,1,0,0,0.8,4,1,False,False,0
