task_id,family_id,system,novelty_fraction,realized_novelty,length,tokens,tokens_f10,per_hit,browser_calls,latency_ms,success,false_accept,unknown,confidence,probeHit,ttlValid,etagMatched,auditorBlocked,frontierHit,frontierCrossFamilyAdoption,cacheHit,auditorFetchMiss,retrieval_hit,toolHit,qcr_jaccard,frontier_jaccard,provenanceHash,verify_passed,hit
task_0000,family_00,B-COLD,0.0,0.0,8,4050,4050,506.25,17,8120,1,0,0,0.99,0,0,0,0,0,0,0,0,0,0,1.0,0.0,,1,0
task_0000,family_00,B-RAG-EMBED,0.0,0.0,8,650,650,56.25,10,1230,1,0,0,0.99,0,0,0,0,0,0,0,0,1,0,1.0,0.0,,1,1
task_0000,family_00,B-STAGEHAND-CACHE,0.0,0.0,8,450,450,56.25,9,1080,1,0,0,0.99,0,0,0,0,0,0,0,0,1,0,1.0,0.0,,1,1
task_0000,family_00,B-TERX-REPLAY,0.0,0.0,8,450,450,56.25,9,1080,1,0,0,0.99,0,0,0,0,0,0,0,0,1,0,1.0,0.0,,1,1
task_0000,family_00,P-SPIDER-MEA-BATCHED,0.0,0.0,8,780,780,58.75,12,1195,1,0,0,0.99,1,1,1,0,1,0,1,0,1,0,1.0,1.0,72f4889666a0e90c,1,1
task_0000,family_00,P-WEBMCP-TOOL,0.0,0.0,8,525,525,52.5,11,1015,1,0,0,0.9563,1,1,1,0,0,0,1,0,1,1,0.0,0.0,72f4889666a0e90c,1,1
task_0000,family_00,NC1-SHUFFLED,0.0,0.0,8,820,820,63.75,12,1285,1,0,0,0.99,0,0,0,0,1,0,1,0,0,0,0.16666666666666666,0.3333333333333333,f28ad1058abe60d7,1,1
task_0000,family_00,NC2-RANDOM,0.0,0.0,8,860,860,68.75,11,1310,1,0,0,0.9607,0,1,0,0,0,0,0,1,0,0,0.0,0.0,bda20f0c812e1a18,1,1
task_0000,family_00,NC3-LENGTH,0.0,0.0,8,4050,4050,500.0,17,8120,1,0,0,0.55,0,0,0,0,0,0,0,0,0,0,0.0,0.0,,1,0
task_0000,family_00,NC4-ABLATION,0.0,0.0,8,780,780,58.75,12,1195,1,0,0,0.99,1,1,1,0,1,0,1,0,1,0,1.0,1.0,72f4889666a0e90c,1,1
task_0001,family_00,B-COLD,0.25,0.5,8,4050,4050,506.25,17,8120,1,0,0,0.9787,0,0,0,0,0,0,0,0,0,0,0.6666666666666666,0.0,,1,0
task_0001,family_00,B-RAG-EMBED,0.25,0.5,8,2450,2450,281.25,14,4750,1,0,0,0.9787,0,0,0,0,0,0,0,0,1,0,0.6666666666666666,0.0,,1,1
task_0001,family_00,B-STAGEHAND-CACHE,0.25,0.5,8,4050,4050,506.25,17,8120,1,0,0,0.9787,0,0,0,0,0,0,0,0,1,0,0.6666666666666666,0.0,,1,0
task_0001,family_00,B-TERX-REPLAY,0.25,0.5,8,4050,4050,506.25,17,8120,1,0,0,0.9787,0,0,0,0,0,0,0,0,1,0,0.6666666666666666,0.0,,1,0
task_0001,family_00,P-SPIDER-MEA-BATCHED,0.25,0.5,8,780,780,58.75,12,1195,1,0,1,0.0277,1,1,1,1,1,0,1,0,1,0,0.6666666666666666,1.0,c6cb024828a9609b,0,0
task_0001,family_00,P-WEBMCP-TOOL,0.25,0.5,8,525,525,52.5,11,1015,1,0,0,0.99,1,1,1,0,0,0,1,0,1,1,0.0,0.0,c6cb024828a9609b,1,1
task_0001,family_00,NC1-SHUFFLED,0.25,0.5,8,1760,1760,181.25,13,3070,1,0,1,0.8679512107349233,0,1,0,1,0,0,0,1,0,0,0.0,0.0,91fa805edbb045e1,0,0
task_0001,family_00,NC2-RANDOM,0.25,0.5,8,2220,2220,238.75,15,3980,0,1,0,0.801793839489525,1,1,1,0,0,0,0,1,0,0,0.0,0.0,0e5e47d7ab69af8d,0,1
task_0001,family_00,NC3-LENGTH,0.25,0.5,8,4050,4050,500.0,17,8120,1,0,0,0.55,0,0,0,0,0,0,0,0,0,0,0.0,0.0,,1,0
task_0001,family_00,NC4-ABLATION,0.25,0.5,8,780,780,58.75,12,1195,1,0,0,0.99,1,1,1,0,1,0,1,0,1,0,0.6666666666666666,1.0,c6cb024828a9609b,1,1
task_0002,family_00,B-COLD,0.5,0.5,8,4050,4050,506.25,17,8120,1,0,0,0.9745,0,0,0,0,0,0,0,0,0,0,0.6666666666666666,0.0,,1,0
task_0002,family_00,B-RAG-EMBED,0.5,0.5,8,2450,2450,281.25,14,4750,1,0,0,0.9745,0,0,0,0,0,0,0,0,1,0,0.6666666666666666,0.0,,1,1
task_0002,family_00,B-STAGEHAND-CACHE,0.5,0.5,8,4050,4050,506.25,17,8120,1,0,0,0.9745,0,0,0,0,0,0,0,0,1,0,0.6666666666666666,0.0,,1,0
task_0002,family_00,B-TERX-REPLAY,0.5,0.5,8,4050,4050,506.25,17,8120,1,0,0,0.9745,0,0,0,0,0,0,0,0,1,0,0.6666666666666666,0.0,,1,0
task_0002,family_00,P-SPIDER-MEA-BATCHED,0.5,0.5,8,780,780,58.75,12,1195,1,0,1,0.01,1,1,1,1,1,0,1,0,1,0,0.6666666666666666,1.0,fbb7e4c43d507d69,0,0
task_0002,family_00,P-WEBMCP-TOOL,0.5,0.5,8,525,525,52.5,11,1015,1,0,0,0.99,1,1,1,0,0,0,1,0,1,1,0.0,0.0,fbb7e4c43d507d69,1,1
task_0002,family_00,NC1-SHUFFLED,0.5,0.5,8,820,820,63.75,12,1285,1,0,0,0.99,0,1,0,0,1,0,1,0,1,0,0.5,1.0,2b9a9e9d8581d5a9,1,1
task_0002,family_00,NC2-RANDOM,0.5,0.5,8,1720,1720,176.25,13,2980,1,0,0,0.9659,1,1,1,0,0,0,0,1,0,0,0.0,0.0,80ba499e158800ef,1,1
task_0002,family_00,NC3-LENGTH,0.5,0.5,8,4050,4050,500.0,17,8120,1,0,0,0.55,0,0,0,0,0,0,0,0,0,0,0.0,0.0,,1,0
task_0002,family_00,NC4-ABLATION,0.5,0.5,8,870,870,70.0,12,1260,1,0,0,0.9569,1,1,1,0,1,0,0,1,1,0,0.6666666666666666,1.0,fbb7e4c43d507d69,1,1
task_0003,family_00,B-COLD,0.75,1.0,8,4050,4050,506.25,17,8120,1,0,0,0.9688,0,0,0,0,0,0,0,0,0,0,0.3333333333333333,0.0,,1,0
task_0003,family_00,B-RAG-EMBED,0.75,1.0,8,4250,4250,506.25,18,8270,1,0,0,0.9688,0,0,0,0,0,0,0,0,1,0,0.3333333333333333,0.0,,1,0
task_0003,family_00,B-STAGEHAND-CACHE,0.75,1.0,8,4050,4050,506.25,17,8120,1,0,0,0.9688,0,0,0,0,0,0,0,0,1,0,0.3333333333333333,0.0,,1,0
task_0003,family_00,B-TERX-REPLAY,0.75,1.0,8,4050,4050,506.25,17,8120,1,0,0,0.9688,0,0,0,0,0,0,0,0,1,0,0.3333333333333333,0.0,,1,0
task_0003,family_00,P-SPIDER-MEA-BATCHED,0.75,1.0,8,780,780,58.75,12,1195,1,0,0,0.99,1,1,1,0,1,0,1,0,1,0,0.3333333333333333,0.3333333333333333,569ec198b075e933,1,1
task_0003,family_00,P-WEBMCP-TOOL,0.75,1.0,8,525,525,52.5,11,1015,1,0,1,0.0457,1,1,1,1,0,0,1,0,1,1,0.0,0.0,569ec198b075e933,0,0
task_0003,family_00,NC1-SHUFFLED,0.75,1.0,8,1280,1280,121.25,14,2195,0,1,0,0.8917050876017393,1,1,1,0,1,0,1,0,0,0,0.16666666666666666,0.3333333333333333,5d794e44ae6a0963,0,1
task_0003,family_00,NC2-RANDOM,0.75,1.0,8,1760,1760,181.25,13,3070,1,0,1,0.8689775783315723,0,0,0,1,0,0,0,1,0,0,0.0,0.0,5627bc853cf71f94,0,0
task_0003,family_00,NC3-LENGTH,0.75,1.0,8,4050,4050,500.0,17,8120,1,0,0,0.55,0,0,0,0,0,0,0,0,0,0,0.0,0.0,,1,0
task_0003,family_00,NC4-ABLATION,0.75,1.0,8,1670,1670,170.0,13,3005,1,0,0,0.99,0,0,0,0,0,0,1,0,1,0,0.3333333333333333,0.3333333333333333,569ec198b075e933,1,1
task_0004,family_00,B-COLD,1.0,1.0,8,4050,4050,506.25,17,8120,1,0,0,0.9667,0,0,0,0,0,0,0,0,0,0,0.6666666666666666,0.0,,1,0
task_0004,family_00,B-RAG-EMBED,1.0,1.0,8,4250,4250,506.25,18,8270,1,0,0,0.9667,0,0,0,0,0,0,0,0,1,0,0.6666666666666666,0.0,,1,0
task_0004,family_00,B-STAGEHAND-CACHE,1.0,1.0,8,4050,4050,506.25,17,8120,1,0,0,0.9667,0,0,0,0,0,0,0,0,1,0,0.6666666666666666,0.0,,1,0
task_0004,family_00,B-TERX-REPLAY,1.0,1.0,8,4050,4050,506.25,17,8120,1,0,0,0.9667,0,0,0,0,0,0,0,0,1,0,0.6666666666666666,0.0,,1,0
task_0004,family_00,P-SPIDER-MEA-BATCHED,1.0,1.0,8,780,780,58.75,12,1195,1,0,0,0.99,1,1,1,0,1,0,1,0,1,0,0.6666666666666666,1.0,83c051e0a1b6a041,1,1
task_0004,family_00,P-WEBMCP-TOOL,1.0,1.0,8,525,525,52.5,11,1015,1,0,0,0.99,1,1,1,0,0,0,1,0,1,1,0.0,0.0,83c051e0a1b6a041,1,1
task_0004,family_00,NC1-SHUFFLED,1.0,1.0,8,820,820,63.75,12,1285,1,0,1,0.8390737736632979,0,0,0,0,1,0,1,0,1,0,0.5,1.0,17591101d9f69ff9,0,0
task_0004,family_00,NC2-RANDOM,1.0,1.0,8,1720,1720,176.25,13,2980,1,0,1,0.9582768431791422,1,1,1,0,0,0,0,1,0,0,0.0,0.0,7b52962739cf3a34,0,0
task_0004,family_00,NC3-LENGTH,1.0,1.0,8,4050,4050,500.0,17,8120,1,0,0,0.55,0,0,0,0,0,0,0,0,0,0,0.0,0.0,,1,0
task_0004,family_00,NC4-ABLATION,1.0,1.0,8,780,780,58.75,12,1195,1,0,0,0.99,1,1,1,0,1,0,1,0,1,0,0.6666666666666666,1.0,83c051e0a1b6a041,1,1
task_0005,family_00,B-COLD,0.25,0.5,8,4050,4050,506.25,17,8120,1,0,0,0.9525,0,0,0,0,0,0,0,0,0,0,0.6666666666666666,0.0,,1,0
task_0005,family_00,B-RAG-EMBED,0.25,0.5,8,2450,2450,281.25,14,4750,1,0,0,0.9525,0,0,0,0,0,0,0,0,1,0,0.6666666666666666,0.0,,1,1
task_0005,family_00,B-STAGEHAND-CACHE,0.25,0.5,8,4050,4050,506.25,17,8120,1,0,0,0.9525,0,0,0,0,0,0,0,0,1,0,0.6666666666666666,0.0,,1,0
task_0005,family_00,B-TERX-REPLAY,0.25,0.5,8,4050,4050,506.25,17,8120,1,0,0,0.9525,0,0,0,0,0,0,0,0,1,0,0.6666666666666666,0.0,,1,0
task_0005,family_00,P-SPIDER-MEA-BATCHED,0.25,0.5,8,780,780,58.75,12,1195,1,0,0,0.9672,1,1,1,0,1,0,1,0,1,0,0.6666666666666666,1.0,84daac5f9dada62b,1,1
task_0005,family_00,P-WEBMCP-TOOL,0.25,0.5,8,615,615,63.75,11,1080,1,0,0,0.99,1,1,1,0,0,0,0,1,1,1,0.0,0.0,84daac5f9dada62b,1,1
task_0005,family_00,NC1-SHUFFLED,0.25,0.5,8,1630,1630,165.0,13,2915,1,0,1,0.7878146732657318,1,1,1,0,0,0,1,0,0,0,0.0,0.0,c85ff3ef5dd9766b,0,0
task_0005,family_00,NC2-RANDOM,0.25,0.5,8,1720,1720,176.25,13,2980,1,0,1,0.8457911692599132,1,1,1,1,0,0,0,1,0,0,0.0,0.0,00c0e9ae1e612552,0,0
task_0005,family_00,NC3-LENGTH,0.25,0.5,8,4050,4050,500.0,17,8120,1,0,0,0.55,0,0,0,0,0,0,0,0,0,0,0.0,0.0,,1,0
task_0005,family_00,NC4-ABLATION,0.25,0.5,8,780,780,58.75,12,1195,1,0,1,0.01,1,1,1,1,1,0,1,0,1,0,0.6666666666666666,1.0,84daac5f9dada62b,0,0
task_0006,family_01,B-COLD,0.0,0.0,9,4550,4550,505.55555555555554,19,9120,1,0,0,0.9505,0,0,0,0,0,0,0,0,0,0,1.0,0.0,,1,0
task_0006,family_01,B-RAG-EMBED,0.0,0.0,9,700,700,55.55555555555556,11,1350,1,0,0,0.9505,0,0,0,0,0,0,0,0,1,0,1.0,0.0,,1,1
task_0006,family_01,B-STAGEHAND-CACHE,0.0,0.0,9,500,500,55.55555555555556,10,1200,1,0,0,0.9505,0,0,0,0,0,0,0,0,1,0,1.0,0.0,,1,1
task_0006,family_01,B-TERX-REPLAY,0.0,0.0,9,500,500,55.55555555555556,10,1200,1,0,0,0.9505,0,0,0,0,0,0,0,0,1,0,1.0,0.0,,1,1
task_0006,family_01,P-SPIDER-MEA-BATCHED,0.0,0.0,9,870,870,62.22222222222222,13,1405,1,0,0,0.99,0,0,0,0,1,0,1,0,1,0,1.0,1.0,ca07292f3a103716,1,1
task_0006,family_01,P-WEBMCP-TOOL,0.0,0.0,9,705,705,66.66666666666667,12,1290,1,0,0,0.99,0,0,0,0,0,0,0,1,1,1,0.0,0.0,ca07292f3a103716,1,1
task_0006,family_01,NC1-SHUFFLED,0.0,0.0,9,870,870,62.22222222222222,12,1340,1,0,0,0.99,1,1,1,0,0,0,0,1,0,0,0.0,0.0,ff64d8b15e91a76a,1,1
task_0006,family_01,NC2-RANDOM,0.0,0.0,9,1370,1370,117.77777777777777,14,2340,0,1,0,0.9387445381911407,1,1,1,0,0,0,0,1,0,0,0.0,0.0,e235de708c81b888,0,1
task_0006,family_01,NC3-LENGTH,0.0,0.0,9,4550,4550,500.0,19,9120,1,0,0,0.55,0,0,0,0,0,0,0,0,0,0,0.0,0.0,,1,0
task_0006,family_01,NC4-ABLATION,0.0,0.0,9,830,830,57.77777777777778,13,1315,1,0,0,0.9501,1,1,1,0,1,0,1,0,1,0,1.0,1.0,ca07292f3a103716,1,1
task_0007,family_01,B-COLD,0.5,0.5,9,4550,4550,505.55555555555554,19,9120,1,0,0,0.99,0,0,0,0,0,0,0,0,0,0,0.5,0.0,,1,0
task_0007,family_01,B-RAG-EMBED,0.5,0.5,9,2500,2500,255.55555555555554,15,4870,1,0,0,0.99,0,0,0,0,0,0,0,0,1,0,0.5,0.0,,1,1
task_0007,family_01,B-STAGEHAND-CACHE,0.5,0.5,9,4550,4550,505.55555555555554,19,9120,1,0,0,0.99,0,0,0,0,0,0,0,0,1,0,0.5,0.0,,1,0
task_0007,family_01,B-TERX-REPLAY,0.5,0.5,9,4550,4550,505.55555555555554,19,9120,1,0,0,0.99,0,0,0,0,0,0,0,0,1,0,0.5,0.0,,1,0
task_0007,family_01,P-SPIDER-MEA-BATCHED,0.5,0.5,9,920,920,67.77777777777777,13,1380,1,0,0,0.9511,1,1,1,0,1,0,0,1,1,0,0.5,1.0,2211075250bdd41d,1,1
task_0007,family_01,P-WEBMCP-TOOL,0.5,0.5,9,1025,1025,102.22222222222223,13,2015,1,0,0,0.99,1,1,1,0,0,0,1,0,1,1,0.0,0.0,2211075250bdd41d,1,1
task_0007,family_01,NC1-SHUFFLED,0.5,0.5,9,1720,1720,156.66666666666666,14,3125,1,0,1,0.8373676215123746,0,0,0,0,0,0,1,0,0,0,0.0,0.0,659873a4b397af66,0,0
task_0007,family_01,NC2-RANDOM,0.5,0.5,9,1810,1810,166.66666666666666,14,3190,1,0,1,0.8202110137391205,0,0,0,0,0,0,0,1,0,0,0.0,0.0,ad1dc56a0d51e78c,0,0
task_0007,family_01,NC3-LENGTH,0.5,0.5,9,4550,4550,500.0,19,9120,1,0,0,0.55,0,0,0,0,0,0,0,0,0,0,0.0,0.0,,1,0
task_0007,family_01,NC4-ABLATION,0.5,0.5,9,830,830,57.77777777777778,13,1315,1,0,0,0.9612,1,1,1,0,1,0,1,0,1,0,0.5,1.0,2211075250bdd41d,1,1
task_0008,family_01,B-COLD,0.75,1.0,9,4550,4550,505.55555555555554,19,9120,1,0,0,0.99,0,0,0,0,0,0,0,0,0,0,0.0,0.0,,1,0
task_0008,family_01,B-RAG-EMBED,0.75,1.0,9,4750,4750,505.55555555555554,20,9270,1,0,0,0.99,0,0,0,0,0,0,0,0,0,0,0.0,0.0,,1,0
task_0008,family_01,B-STAGEHAND-CACHE,0.75,1.0,9,4550,4550,505.55555555555554,19,9120,1,0,0,0.99,0,0,0,0,0,0,0,0,0,0,0.0,0.0,,1,0
task_0008,family_01,B-TERX-REPLAY,0.75,1.0,9,4550,4550,505.55555555555554,19,9120,1,0,0,0.99,0,0,0,0,0,0,0,0,0,0,0.0,0.0,,1,0
task_0008,family_01,P-SPIDER-MEA-BATCHED,0.75,1.0,9,1680,1680,152.22222222222223,14,3035,1,0,1,0.01,1,1,1,1,0,0,1,0,0,0,0.0,0.0,f25088aa6fbc7f5c,0,0
task_0008,family_01,P-WEBMCP-TOOL,0.75,1.0,9,1475,1475,152.22222222222223,14,2895,1,0,1,0.01,1,1,1,1,0,0,1,0,1,1,0.0,0.0,f25088aa6fbc7f5c,0,0
task_0008,family_01,NC1-SHUFFLED,0.75,1.0,9,1680,1680,152.22222222222223,14,3035,1,0,1,0.7850481499622872,1,1,1,0,0,0,1,0,0,0,0.0,0.0,54a353b49cab44a1,0,0
task_0008,family_01,NC2-RANDOM,0.75,1.0,9,1770,1770,162.22222222222223,14,3100,1,0,0,0.9734,1,1,1,0,0,0,0,1,0,0,0.0,0.0,803084db4250daa9,1,1
task_0008,family_01,NC3-LENGTH,0.75,1.0,9,4550,4550,500.0,19,9120,1,0,0,0.55,0,0,0,0,0,0,0,0,0,0,0.0,0.0,,1,0
task_0008,family_01,NC4-ABLATION,0.75,1.0,9,1680,1680,152.22222222222223,14,3035,1,0,1,0.01,1,1,1,1,0,0,1,0,0,0,0.0,0.0,f25088aa6fbc7f5c,0,0
task_0009,family_01,B-COLD,1.0,1.0,9,4550,4550,505.55555555555554,19,9120,1,0,0,0.99,0,0,0,0,0,0,0,0,0,0,0.0,0.0,,1,0
task_0009,family_01,B-RAG-EMBED,1.0,1.0,9,4750,4750,505.55555555555554,20,9270,1,0,0,0.99,0,0,0,0,0,0,0,0,0,0,0.0,0.0,,1,0
task_0009,family_01,B-STAGEHAND-CACHE,1.0,1.0,9,4550,4550,505.55555555555554,19,9120,1,0,0,0.99,0,0,0,0,0,0,0,0,0,0,0.0,0.0,,1,0
task_0009,family_01,B-TERX-REPLAY,1.0,1.0,9,4550,4550,505.55555555555554,19,9120,1,0,0,0.99,0,0,0,0,0,0,0,0,0,0,0.0,0.0,,1,0
task_0009,family_01,P-SPIDER-MEA-BATCHED,1.0,1.0,9,1680,1680,152.22222222222223,14,3035,1,0,1,0.0426,1,1,1,1,0,0,1,0,0,0,0.0,0.0,7b701c8c05d9fff5,0,0
task_0009,family_01,P-WEBMCP-TOOL,1.0,1.0,9,1475,1475,152.22222222222223,14,2895,1,0,0,0.99,1,1,1,0,0,0,1,0,1,1,0.0,0.0,7b701c8c05d9fff5,1,1
task_0009,family_01,NC1-SHUFFLED,1.0,1.0,9,1720,1720,156.66666666666666,14,3125,1,0,1,0.8777129015670854,0,0,0,0,0,0,1,0,0,0,0.0,0.0,0df97bae975320b4,0,0
task_0009,family_01,NC2-RANDOM,1.0,1.0,9,1810,1810,166.66666666666666,14,3190,1,0,0,0.9868,0,0,0,0,0,0,0,1,0,0,0.0,0.0,66c15ef936b9b4ea,1,1
task_0009,family_01,NC3-LENGTH,1.0,1.0,9,4550,4550,500.0,19,9120,1,0,0,0.55,0,0,0,0,0,0,0,0,0,0,0.0,0.0,,1,0
task_0009,family_01,NC4-ABLATION,1.0,1.0,9,1720,1720,156.66666666666666,14,3125,1,0,0,0.99,0,0,0,0,0,0,1,0,0,0,0.0,0.0,7b701c8c05d9fff5,1,1
task_0010,family_01,B-COLD,0.25,0.5,9,4550,4550,505.55555555555554,19,9120,1,0,0,0.9504,0,0,0,0,0,0,0,0,0,0,0.5,0.0,,1,0
task_0010,family_01,B-RAG-EMBED,0.25,0.5,9,2500,2500,255.55555555555554,15,4870,1,0,0,0.9504,0,0,0,0,0,0,0,0,1,0,0.5,0.0,,1,1
task_0010,family_01,B-STAGEHAND-CACHE,0.25,0.5,9,4550,4550,505.55555555555554,19,9120,1,0,0,0.9504,0,0,0,0,0,0,0,0,1,0,0.5,0.0,,1,0
task_0010,family_01,B-TERX-REPLAY,0.25,0.5,9,4550,4550,505.55555555555554,19,9120,1,0,0,0.9504,0,0,0,0,0,0,0,0,1,0,0.5,0.0,,1,0
task_0010,family_01,P-SPIDER-MEA-BATCHED,0.25,0.5,9,830,830,57.77777777777778,13,1315,1,0,0,0.9841,1,1,1,0,1,0,1,0,1,0,0.5,1.0,1975393fdbabe559,1,1
task_0010,family_01,P-WEBMCP-TOOL,0.25,0.5,9,1025,1025,102.22222222222223,13,2015,1,0,0,0.99,1,1,1,0,0,0,1,0,1,1,0.0,0.0,1975393fdbabe559,1,1
task_0010,family_01,NC1-SHUFFLED,0.25,0.5,9,870,870,62.22222222222222,13,1405,1,0,0,0.99,0,0,0,0,1,0,1,0,1,0,0.5,1.0,802cd9ce78ccc859,1,1
task_0010,family_01,NC2-RANDOM,0.25,0.5,9,1770,1770,162.22222222222223,14,3100,1,0,1,0.8472084478456442,1,1,1,1,0,0,0,1,0,0,0.0,0.0,051d44a833db327c,0,0
task_0010,family_01,NC3-LENGTH,0.25,0.5,9,4550,4550,500.0,19,9120,1,0,0,0.55,0,0,0,0,0,0,0,0,0,0,0.0,0.0,,1,0
task_0010,family_01,NC4-ABLATION,0.25,0.5,9,870,870,62.22222222222222,13,1405,1,0,0,0.9541,0,0,0,0,1,0,1,0,1,0,0.5,1.0,1975393fdbabe559,1,1
task_0011,family_01,B-COLD,0.5,0.5,9,4550,4550,505.55555555555554,19,9120,1,0,0,0.99,0,0,0,0,0,0,0,0,0,0,0.16666666666666666,0.0,,1,0
task_0011,family_01,B-RAG-EMBED,0.5,0.5,9,4750,4750,505.55555555555554,20,9270,1,0,0,0.99,0,0,0,0,0,0,0,0,0,0,0.16666666666666666,0.0,,1,0
task_0011,family_01,B-STAGEHAND-CACHE,0.5,0.5,9,4550,4550,505.55555555555554,19,9120,1,0,0,0.99,0,0,0,0,0,0,0,0,0,0,0.16666666666666666,0.0,,1,0
task_0011,family_01,B-TERX-REPLAY,0.5,0.5,9,4550,4550,505.55555555555554,19,9120,1,0,0,0.99,0,0,0,0,0,0,0,0,0,0,0.16666666666666666,0.0,,1,0
task_0011,family_01,P-SPIDER-MEA-BATCHED,0.5,0.5,9,870,870,62.22222222222222,13,1405,1,0,1,0.01,0,1,0,1,1,0,1,0,0,0,0.16666666666666666,0.3333333333333333,4954f6de0ed6c1e2,0,0
task_0011,family_01,P-WEBMCP-TOOL,0.5,0.5,9,1065,1065,106.66666666666667,13,2105,1,0,0,0.99,0,0,0,0,0,0,1,0,1,1,0.0,0.0,4954f6de0ed6c1e2,1,1
task_0011,family_01,NC1-SHUFFLED,0.5,0.5,9,1720,1720,156.66666666666666,14,3125,1,0,1,0.8801625546088508,0,0,0,0,0,0,1,0,0,0,0.0,0.0,b76a27086bb1530e,0,0
task_0011,family_01,NC2-RANDOM,0.5,0.5,9,1810,1810,166.66666666666666,14,3190,1,0,1,0.8827239857089666,0,0,0,0,0,0,0,1,0,0,0.0,0.0,08cac04b25f1dfa3,0,0
task_0011,family_01,NC3-LENGTH,0.5,0.5,9,4550,4550,500.0,19,9120,1,0,0,0.55,0,0,0,0,0,0,0,0,0,0,0.0,0.0,,1,0
task_0011,family_01,NC4-ABLATION,0.5,0.5,9,1720,1720,156.66666666666666,14,3125,1,0,0,0.9651,0,0,0,0,0,0,1,0,0,0,0.16666666666666666,0.3333333333333333,4954f6de0ed6c1e2,1,1
task_0012,family_02,B-COLD,0.0,0.0,10,5050,5050,505.0,21,10120,1,0,0,0.9582,0,0,0,0,0,0,0,0,0,0,1.0,0.0,,1,0
task_0012,family_02,B-RAG-EMBED,0.0,0.0,10,750,750,55.0,12,1470,1,0,0,0.9582,0,0,0,0,0,0,0,0,1,0,1.0,0.0,,1,1
task_0012,family_02,B-STAGEHAND-CACHE,0.0,0.0,10,550,550,55.0,11,1320,1,0,0,0.9582,0,0,0,0,0,0,0,0,1,0,1.0,0.0,,1,1
task_0012,family_02,B-TERX-REPLAY,0.0,0.0,10,550,550,55.0,11,1320,1,0,0,0.9582,0,0,0,0,0,0,0,0,1,0,1.0,0.0,,1,1
task_0012,family_02,P-SPIDER-MEA-BATCHED,0.0,0.0,10,880,880,57.0,14,1435,1,0,0,0.99,1,1,1,0,1,0,1,0,1,0,1.0,1.0,ceb0d0d0b85d0a89,1,1
task_0012,family_02,P-WEBMCP-TOOL,0.0,0.0,10,665,665,56.0,13,1345,1,0,0,0.99,0,1,0,0,0,0,1,0,1,1,0.0,0.0,ceb0d0d0b85d0a89,1,1
task_0012,family_02,NC1-SHUFFLED,0.0,0.0,10,1010,1010,70.0,14,1590,1,0,0,0.99,0,1,0,0,1,0,0,1,1,0,0.3333333333333333,1.0,1bac9be56c65405e,1,1
task_0012,family_02,NC2-RANDOM,0.0,0.0,10,1420,1420,111.0,15,2460,0,1,0,0.8507647007022395,1,1,1,0,0,0,0,1,0,0,0.0,0.0,1aaf184cbd5d9048,0,1
task_0012,family_02,NC3-LENGTH,0.0,0.0,10,5050,5050,500.0,21,10120,1,0,0,0.55,0,0,0,0,0,0,0,0,0,0,0.0,0.0,,1,0
task_0012,family_02,NC4-ABLATION,0.0,0.0,10,920,920,61.0,14,1525,1,0,0,0.99,0,1,0,0,1,0,1,0,1,0,1.0,1.0,ceb0d0d0b85d0a89,1,1
task_0013,family_02,B-COLD,0.75,0.6667,10,5050,5050,505.0,21,10120,1,0,0,0.99,0,0,0,0,0,0,0,0,0,0,0.5555555555555556,0.0,,1,0
task_0013,family_02,B-RAG-EMBED,0.75,0.6667,10,3900,3900,370.0,19,7630,1,0,0,0.99,0,0,0,0,0,0,0,0,1,0,0.5555555555555556,0.0,,1,1
task_0013,family_02,B-STAGEHAND-CACHE,0.75,0.6667,10,5050,5050,505.0,21,10120,1,0,0,0.99,0,0,0,0,0,0,0,0,1,0,0.5555555555555556,0.0,,1,0
task_0013,family_02,B-TERX-REPLAY,0.75,0.6667,10,5050,5050,505.0,21,10120,1,0,0,0.99,0,0,0,0,0,0,0,0,1,0,0.5555555555555556,0.0,,1,0
task_0013,family_02,P-SPIDER-MEA-BATCHED,0.75,0.6667,10,1010,1010,70.0,14,1590,1,0,1,0.01,0,0,0,1,1,0,0,1,1,0,0.5555555555555556,1.0,c7dea40e324ead0f,0,0
task_0013,family_02,P-WEBMCP-TOOL,0.75,0.6667,10,625,625,52.0,13,1255,1,0,1,0.01,1,1,1,1,0,0,1,0,1,1,0.0,0.0,c7dea40e324ead0f,0,0
task_0013,family_02,NC1-SHUFFLED,0.75,0.6667,10,1380,1380,107.0,16,2435,0,1,0,0.9582678270221704,1,1,1,0,1,0,1,0,0,0,0.1111111111111111,0.3333333333333333,ba26a459fba74e0b,0,1
task_0013,family_02,NC2-RANDOM,0.75,0.6667,10,2310,2310,200.0,16,4190,1,0,1,0.9388771567233454,0,0,0,0,0,0,0,1,0,0,0.0,0.0,fb449a901b9105ac,0,0
task_0013,family_02,NC3-LENGTH,0.75,0.6667,10,5050,5050,500.0,21,10120,1,0,0,0.55,0,0,0,0,0,0,0,0,0,0,0.0,0.0,,1,0
task_0013,family_02,NC4-ABLATION,0.75,0.6667,10,920,920,61.0,14,1525,1,0,0,0.9599,0,0,0,0,1,0,1,0,1,0,0.5555555555555556,1.0,c7dea40e324ead0f,1,1
task_0014,family_02,B-COLD,1.0,1.0,10,5050,5050,505.0,21,10120,1,0,0,0.99,0,0,0,0,0,0,0,0,0,0,0.3333333333333333,0.0,,1,0
task_0014,family_02,B-RAG-EMBED,1.0,1.0,10,5250,5250,505.0,22,10270,1,0,0,0.99,0,0,0,0,0,0,0,0,1,0,0.3333333333333333,0.0,,1,0
task_0014,family_02,B-STAGEHAND-CACHE,1.0,1.0,10,5050,5050,505.0,21,10120,1,0,0,0.99,0,0,0,0,0,0,0,0,1,0,0.3333333333333333,0.0,,1,0
task_0014,family_02,B-TERX-REPLAY,1.0,1.0,10,5050,5050,505.0,21,10120,1,0,0,0.99,0,0,0,0,0,0,0,0,1,0,0.3333333333333333,0.0,,1,0
task_0014,family_02,P-SPIDER-MEA-BATCHED,1.0,1.0,10,920,920,61.0,14,1525,1,0,1,0.0243,0,0,0,1,1,0,1,0,1,0,0.3333333333333333,0.3333333333333333,e283a5a8ceb6d7d1,0,0
task_0014,family_02,P-WEBMCP-TOOL,1.0,1.0,10,665,665,56.0,13,1345,1,0,0,0.99,0,0,0,0,0,0,1,0,1,1,0.0,0.0,e283a5a8ceb6d7d1,1,1
task_0014,family_02,NC1-SHUFFLED,1.0,1.0,10,920,920,61.0,14,1525,1,0,1,0.8818627605265639,0,1,0,0,1,0,1,0,0,0,0.1111111111111111,0.3333333333333333,989ec5fc354b6245,0,0
task_0014,family_02,NC2-RANDOM,1.0,1.0,10,2310,2310,200.0,16,4190,1,0,1,0.957300209691958,0,1,0,1,0,0,0,1,0,0,0.0,0.0,c05348ea0d383712,0,0
task_0014,family_02,NC3-LENGTH,1.0,1.0,10,5050,5050,500.0,21,10120,1,0,0,0.55,0,0,0,0,0,0,0,0,0,0,0.0,0.0,,1,0
task_0014,family_02,NC4-ABLATION,1.0,1.0,10,2220,2220,191.0,16,4125,1,0,0,0.99,0,0,0,0,0,0,1,0,1,0,0.3333333333333333,0.3333333333333333,e283a5a8ceb6d7d1,1,1
task_0015,family_02,B-COLD,0.25,0.3333,10,5050,5050,505.0,21,10120,1,0,0,0.99,0,0,0,0,0,0,0,0,0,0,1.0,0.0,,1,0
task_0015,family_02,B-RAG-EMBED,0.25,0.3333,10,2100,2100,190.0,15,4110,1,0,0,0.99,0,0,0,0,0,0,0,0,1,0,1.0,0.0,,1,1
task_0015,family_02,B-STAGEHAND-CACHE,0.25,0.3333,10,5050,5050,505.0,21,10120,1,0,0,0.99,0,0,0,0,0,0,0,0,1,0,1.0,0.0,,1,0
task_0015,family_02,B-TERX-REPLAY,0.25,0.3333,10,5050,5050,505.0,21,10120,1,0,0,0.99,0,0,0,0,0,0,0,0,1,0,1.0,0.0,,1,0
task_0015,family_02,P-SPIDER-MEA-BATCHED,0.25,0.3333,10,880,880,57.0,14,1435,1,0,0,0.99,1,1,1,0,1,0,1,0,1,0,1.0,1.0,cc3ba539f5f3e650,1,1
task_0015,family_02,P-WEBMCP-TOOL,0.25,0.3333,10,665,665,56.0,13,1345,1,0,0,0.99,0,0,0,0,0,0,1,0,1,1,0.0,0.0,cc3ba539f5f3e650,1,1
task_0015,family_02,NC1-SHUFFLED,0.25,0.3333,10,880,880,57.0,14,1435,1,0,0,0.99,1,1,1,0,1,0,1,0,1,0,0.3333333333333333,1.0,49c0ee503f59090f,1,1
task_0015,family_02,NC2-RANDOM,0.25,0.3333,10,2770,2770,246.0,18,5100,0,1,0,0.9597755595514673,1,1,1,0,0,0,0,1,0,0,0.0,0.0,ec4bd9f534d23143,0,1
task_0015,family_02,NC3-LENGTH,0.25,0.3333,10,5050,5050,500.0,21,10120,1,0,0,0.55,0,0,0,0,0,0,0,0,0,0,0.0,0.0,,1,0
task_0015,family_02,NC4-ABLATION,0.25,0.3333,10,920,920,61.0,14,1525,1,0,0,0.981,0,0,0,0,1,0,1,0,1,0,1.0,1.0,cc3ba539f5f3e650,1,1
task_0016,family_02,B-COLD,0.5,0.6667,10,5050,5050,505.0,21,10120,1,0,0,0.9508,0,0,0,0,0,0,0,0,0,0,0.7777777777777778,0.0,,1,0
task_0016,family_02,B-RAG-EMBED,0.5,0.6667,10,3900,3900,370.0,19,7630,1,0,0,0.9508,0,0,0,0,0,0,0,0,1,0,0.7777777777777778,0.0,,1,1
task_0016,family_02,B-STAGEHAND-CACHE,0.5,0.6667,10,5050,5050,505.0,21,10120,1,0,0,0.9508,0,0,0,0,0,0,0,0,1,0,0.7777777777777778,0.0,,1,0
task_0016,family_02,B-TERX-REPLAY,0.5,0.6667,10,5050,5050,505.0,21,10120,1,0,0,0.9508,0,0,0,0,0,0,0,0,1,0,0.7777777777777778,0.0,,1,0
task_0016,family_02,P-SPIDER-MEA-BATCHED,0.5,0.6667,10,920,920,61.0,14,1525,1,0,0,0.99,0,1,0,0,1,0,1,0,1,0,0.7777777777777778,1.0,3bc40f692971ee73,1,1
task_0016,family_02,P-WEBMCP-TOOL,0.5,0.6667,10,665,665,56.0,13,1345,1,0,0,0.9774,0,0,0,0,0,0,1,0,1,1,0.0,0.0,3bc40f692971ee73,1,1
task_0016,family_02,NC1-SHUFFLED,0.5,0.6667,10,920,920,61.0,14,1525,1,0,0,0.99,0,0,0,0,1,0,1,0,0,0,0.2222222222222222,0.3333333333333333,bb473527cdf21d5c,1,1
task_0016,family_02,NC2-RANDOM,0.5,0.6667,10,2310,2310,200.0,16,4190,1,0,1,0.785651140163316,0,0,0,1,0,0,0,1,0,0,0.0,0.0,85855ab1991ccb04,0,0
task_0016,family_02,NC3-LENGTH,0.5,0.6667,10,5050,5050,500.0,21,10120,1,0,0,0.55,0,0,0,0,0,0,0,0,0,0,0.0,0.0,,1,0
task_0016,family_02,NC4-ABLATION,0.5,0.6667,10,920,920,61.0,14,1525,1,0,0,0.99,0,0,0,0,1,0,1,0,1,0,0.7777777777777778,1.0,3bc40f692971ee73,1,1
task_0017,family_02,B-COLD,0.75,0.6667,10,5050,5050,505.0,21,10120,1,0,0,0.99,0,0,0,0,0,0,0,0,0,0,0.7777777777777778,0.0,,1,0
task_0017,family_02,B-RAG-EMBED,0.75,0.6667,10,3900,3900,370.0,19,7630,1,0,0,0.99,0,0,0,0,0,0,0,0,1,0,0.7777777777777778,0.0,,1,1
task_0017,family_02,B-STAGEHAND-CACHE,0.75,0.6667,10,5050,5050,505.0,21,10120,1,0,0,0.99,0,0,0,0,0,0,0,0,1,0,0.7777777777777778,0.0,,1,0
task_0017,family_02,B-TERX-REPLAY,0.75,0.6667,10,5050,5050,505.0,21,10120,1,0,0,0.99,0,0,0,0,0,0,0,0,1,0,0.7777777777777778,0.0,,1,0
task_0017,family_02,P-SPIDER-MEA-BATCHED,0.75,0.6667,10,920,920,61.0,14,1525,1,0,1,0.0348,0,0,0,1,1,0,1,0,1,0,0.7777777777777778,1.0,3af93e1c0ea6a278,0,0
task_0017,family_02,P-WEBMCP-TOOL,0.75,0.6667,10,755,755,65.0,13,1410,1,0,1,0.01,0,0,0,1,0,0,0,1,1,1,0.0,0.0,3af93e1c0ea6a278,0,0
task_0017,family_02,NC1-SHUFFLED,0.75,0.6667,10,880,880,57.0,14,1435,1,0,1,0.9412832771174695,1,1,1,0,1,0,1,0,0,0,0.1111111111111111,0.3333333333333333,dabf07ad137395b6,0,0
task_0017,family_02,NC2-RANDOM,0.75,0.6667,10,2770,2770,246.0,18,5100,0,1,0,0.8606188965670154,1,1,1,0,0,0,0,1,0,0,0.0,0.0,d2b28df9580117d7,0,1
task_0017,family_02,NC3-LENGTH,0.75,0.6667,10,5050,5050,500.0,21,10120,1,0,0,0.55,0,0,0,0,0,0,0,0,0,0,0.0,0.0,,1,0
task_0017,family_02,NC4-ABLATION,0.75,0.6667,10,880,880,57.0,14,1435,1,0,0,0.99,1,1,1,0,1,0,1,0,1,0,0.7777777777777778,1.0,3af93e1c0ea6a278,1,1
task_0018,family_03,B-COLD,0.0,0.0,11,5550,5550,504.54545454545456,23,11120,1,0,0,0.99,0,0,0,0,0,0,0,0,0,0,1.0,0.0,,1,0
task_0018,family_03,B-RAG-EMBED,0.0,0.0,11,800,800,54.54545454545455,13,1590,1,0,0,0.99,0,0,0,0,0,0,0,0,1,0,1.0,0.0,,1,1
task_0018,family_03,B-STAGEHAND-CACHE,0.0,0.0,11,600,600,54.54545454545455,12,1440,1,0,0,0.99,0,0,0,0,0,0,0,0,1,0,1.0,0.0,,1,1
task_0018,family_03,B-TERX-REPLAY,0.0,0.0,11,600,600,54.54545454545455,12,1440,1,0,0,0.99,0,0,0,0,0,0,0,0,1,0,1.0,0.0,,1,1
task_0018,family_03,P-SPIDER-MEA-BATCHED,0.0,0.0,11,930,930,56.36363636363637,15,1555,1,0,0,0.99,1,1,1,0,1,0,1,0,1,0,1.0,1.0,695567225aa35386,1,1
task_0018,family_03,P-WEBMCP-TOOL,0.0,0.0,11,715,715,55.45454545454545,14,1465,1,0,0,0.9787,0,1,0,0,0,0,1,0,1,1,0.0,0.0,695567225aa35386,1,1
task_0018,family_03,NC1-SHUFFLED,0.0,0.0,11,1470,1470,105.45454545454545,16,2580,0,1,0,0.8877908543444462,1,1,1,0,0,0,0,1,0,0,0.0,0.0,25cb9bd2e074d110,0,1
task_0018,family_03,NC2-RANDOM,0.0,0.0,11,1010,1010,63.63636363636363,14,1670,1,0,0,0.9632,0,0,0,0,0,0,0,1,0,0,0.14285714285714285,0.14285714285714285,db1f004710431492,1,1
task_0018,family_03,NC3-LENGTH,0.0,0.0,11,5550,5550,500.0,23,11120,1,0,0,0.55,0,0,0,0,0,0,0,0,0,0,0.0,0.0,,1,0
task_0018,family_03,NC4-ABLATION,0.0,0.0,11,1020,1020,64.54545454545455,15,1620,1,0,0,0.99,1,1,1,0,1,0,0,1,1,0,1.0,1.0,695567225aa35386,1,1
task_0019,family_03,B-COLD,1.0,1.0,11,5550,5550,504.54545454545456,23,11120,1,0,0,0.99,0,0,0,0,0,0,0,0,0,0,0.0,0.0,,1,0
task_0019,family_03,B-RAG-EMBED,1.0,1.0,11,5750,5750,504.54545454545456,24,11270,1,0,0,0.99,0,0,0,0,0,0,0,0,0,0,0.0,0.0,,1,0
task_0019,family_03,B-STAGEHAND-CACHE,1.0,1.0,11,5550,5550,504.54545454545456,23,11120,1,0,0,0.99,0,0,0,0,0,0,0,0,0,0,0.0,0.0,,1,0
task_0019,family_03,B-TERX-REPLAY,1.0,1.0,11,5550,5550,504.54545454545456,23,11120,1,0,0,0.99,0,0,0,0,0,0,0,0,0,0,0.0,0.0,,1,0
task_0019,family_03,P-SPIDER-MEA-BATCHED,1.0,1.0,11,1330,1330,92.72727272727273,15,2395,1,0,0,0.99,1,1,1,0,0,0,1,0,0,0,0.0,0.0,bf874da9f18b3715,1,1
task_0019,family_03,P-WEBMCP-TOOL,1.0,1.0,11,1165,1165,96.36363636363636,15,2345,1,0,0,0.9655,0,0,0,0,0,0,1,0,1,1,0.0,0.0,bf874da9f18b3715,1,1
task_0019,family_03,NC1-SHUFFLED,1.0,1.0,11,1460,1460,104.54545454545455,15,2550,1,0,1,0.8423508315857667,0,0,0,1,0,0,0,1,0,0,0.0,0.0,7bef0a5e31320caa,0,0
task_0019,family_03,NC2-RANDOM,1.0,1.0,11,1460,1460,104.54545454545455,15,2550,1,0,1,0.7897913363883831,0,0,0,0,0,0,0,1,0,0,0.14285714285714285,0.14285714285714285,091b4882ebfcfe62,0,0
task_0019,family_03,NC3-LENGTH,1.0,1.0,11,5550,5550,500.0,23,11120,1,0,0,0.55,0,0,0,0,0,0,0,0,0,0,0.0,0.0,,1,0
task_0019,family_03,NC4-ABLATION,1.0,1.0,11,1330,1330,92.72727272727273,15,2395,1,0,1,0.01,1,1,1,1,0,0,1,0,0,0,0.0,0.0,bf874da9f18b3715,0,0
task_0020,family_03,B-COLD,0.25,0.0,11,5550,5550,504.54545454545456,23,11120,1,0,0,0.99,0,0,0,0,0,0,0,0,0,0,1.0,0.0,,1,0
task_0020,family_03,B-RAG-EMBED,0.25,0.0,11,800,800,54.54545454545455,13,1590,1,0,0,0.99,0,0,0,0,0,0,0,0,1,0,1.0,0.0,,1,1
task_0020,family_03,B-STAGEHAND-CACHE,0.25,0.0,11,5550,5550,504.54545454545456,23,11120,1,0,0,0.99,0,0,0,0,0,0,0,0,1,0,1.0,0.0,,1,0
task_0020,family_03,B-TERX-REPLAY,0.25,0.0,11,5550,5550,504.54545454545456,23,11120,1,0,0,0.99,0,0,0,0,0,0,0,0,1,0,1.0,0.0,,1,0
task_0020,family_03,P-SPIDER-MEA-BATCHED,0.25,0.0,11,970,970,60.0,15,1645,1,0,0,0.9657,0,0,0,0,1,0,1,0,1,0,1.0,1.0,aa2bd74584534f30,1,1
task_0020,family_03,P-WEBMCP-TOOL,0.25,0.0,11,675,675,51.81818181818182,14,1375,1,0,0,0.99,1,1,1,0,0,0,1,0,1,1,0.0,0.0,aa2bd74584534f30,1,1
task_0020,family_03,NC1-SHUFFLED,0.25,0.0,11,1470,1470,105.45454545454545,16,2580,0,1,0,0.8168125268058157,1,1,1,0,0,0,0,1,0,0,0.0,0.0,832f3340e6c0a019,0,1
task_0020,family_03,NC2-RANDOM,0.25,0.0,11,1010,1010,63.63636363636363,14,1670,1,0,1,0.9330336695368949,0,0,0,0,0,0,0,1,0,0,0.14285714285714285,0.14285714285714285,5c6d590865c14fb4,0,0
task_0020,family_03,NC3-LENGTH,0.25,0.0,11,5550,5550,500.0,23,11120,1,0,0,0.55,0,0,0,0,0,0,0,0,0,0,0.0,0.0,,1,0
task_0020,family_03,NC4-ABLATION,0.25,0.0,11,930,930,56.36363636363637,15,1555,1,0,0,0.9743,1,1,1,0,1,0,1,0,1,0,1.0,1.0,aa2bd74584534f30,1,1
task_0021,family_03,B-COLD,0.5,1.0,11,5550,5550,504.54545454545456,23,11120,1,0,0,0.99,0,0,0,0,0,0,0,0,0,0,0.0,0.0,,1,0
task_0021,family_03,B-RAG-EMBED,0.5,1.0,11,5750,5750,504.54545454545456,24,11270,1,0,0,0.99,0,0,0,0,0,0,0,0,0,0,0.0,0.0,,1,0
task_0021,family_03,B-STAGEHAND-CACHE,0.5,1.0,11,5550,5550,504.54545454545456,23,11120,1,0,0,0.99,0,0,0,0,0,0,0,0,0,0,0.0,0.0,,1,0
task_0021,family_03,B-TERX-REPLAY,0.5,1.0,11,5550,5550,504.54545454545456,23,11120,1,0,0,0.99,0,0,0,0,0,0,0,0,0,0,0.0,0.0,,1,0
task_0021,family_03,P-SPIDER-MEA-BATCHED,0.5,1.0,11,1370,1370,96.36363636363636,15,2485,1,0,0,0.99,0,0,0,0,0,0,1,0,0,0,0.0,0.0,6baff68e56b6dbca,1,1
task_0021,family_03,P-WEBMCP-TOOL,0.5,1.0,11,1165,1165,96.36363636363636,15,2345,1,0,0,0.961,0,0,0,0,0,0,1,0,1,1,0.0,0.0,6baff68e56b6dbca,1,1
task_0021,family_03,NC1-SHUFFLED,0.5,1.0,11,1420,1420,100.9090909090909,15,2460,1,0,0,0.99,1,1,1,0,0,0,0,1,0,0,0.0,0.0,c6b9159cf22a149c,1,1
task_0021,family_03,NC2-RANDOM,0.5,1.0,11,1920,1920,146.36363636363637,17,3460,0,1,0,0.8172225400775512,1,1,1,0,0,0,0,1,0,0,0.14285714285714285,0.14285714285714285,59d7d2885fd26d4b,0,1
task_0021,family_03,NC3-LENGTH,0.5,1.0,11,5550,5550,500.0,23,11120,1,0,0,0.55,0,0,0,0,0,0,0,0,0,0,0.0,0.0,,1,0
task_0021,family_03,NC4-ABLATION,0.5,1.0,11,1370,1370,96.36363636363636,15,2485,1,0,0,0.99,0,0,0,0,0,0,1,0,0,0,0.0,0.0,6baff68e56b6dbca,1,1
task_0022,family_03,B-COLD,0.75,1.0,11,5550,5550,504.54545454545456,23,11120,1,0,0,0.99,0,0,0,0,0,0,0,0,0,0,0.0,0.0,,1,0
task_0022,family_03,B-RAG-EMBED,0.75,1.0,11,5750,5750,504.54545454545456,24,11270,1,0,0,0.99,0,0,0,0,0,0,0,0,0,0,0.0,0.0,,1,0
task_0022,family_03,B-STAGEHAND-CACHE,0.75,1.0,11,5550,5550,504.54545454545456,23,11120,1,0,0,0.99,0,0,0,0,0,0,0,0,0,0,0.0,0.0,,1,0
task_0022,family_03,B-TERX-REPLAY,0.75,1.0,11,5550,5550,504.54545454545456,23,11120,1,0,0,0.99,0,0,0,0,0,0,0,0,0,0,0.0,0.0,,1,0
task_0022,family_03,P-SPIDER-MEA-BATCHED,0.75,1.0,11,1370,1370,96.36363636363636,15,2485,1,0,0,0.99,0,0,0,0,0,0,1,0,0,0,0.0,0.0,fa330763c8cade03,1,1
task_0022,family_03,P-WEBMCP-TOOL,0.75,1.0,11,1165,1165,96.36363636363636,15,2345,1,0,0,0.99,0,1,0,0,0,0,1,0,1,1,0.0,0.0,fa330763c8cade03,1,1
task_0022,family_03,NC1-SHUFFLED,0.75,1.0,11,1460,1460,104.54545454545455,15,2550,1,0,1,0.8067600523384,0,1,0,1,0,0,0,1,0,0,0.0,0.0,bef6716e689ecb58,0,0
task_0022,family_03,NC2-RANDOM,0.75,1.0,11,1460,1460,104.54545454545455,15,2550,1,0,1,0.8306640519660298,0,0,0,1,0,0,0,1,0,0,0.14285714285714285,0.14285714285714285,606be5f4d2957d2f,0,0
task_0022,family_03,NC3-LENGTH,0.75,1.0,11,5550,5550,500.0,23,11120,1,0,0,0.55,0,0,0,0,0,0,0,0,0,0,0.0,0.0,,1,0
task_0022,family_03,NC4-ABLATION,0.75,1.0,11,1370,1370,96.36363636363636,15,2485,1,0,0,0.9552,0,0,0,0,0,0,1,0,0,0,0.0,0.0,fa330763c8cade03,1,1
task_0023,family_03,B-COLD,1.0,1.0,11,5550,5550,504.54545454545456,23,11120,1,0,0,0.9879,0,0,0,0,0,0,0,0,0,0,0.0,0.0,,1,0
task_0023,family_03,B-RAG-EMBED,1.0,1.0,11,5750,5750,504.54545454545456,24,11270,1,0,0,0.9879,0,0,0,0,0,0,0,0,0,0,0.0,0.0,,1,0
task_0023,family_03,B-STAGEHAND-CACHE,1.0,1.0,11,5550,5550,504.54545454545456,23,11120,1,0,0,0.9879,0,0,0,0,0,0,0,0,0,0,0.0,0.0,,1,0
task_0023,family_03,B-TERX-REPLAY,1.0,1.0,11,5550,5550,504.54545454545456,23,11120,1,0,0,0.9879,0,0,0,0,0,0,0,0,0,0,0.0,0.0,,1,0
task_0023,family_03,P-SPIDER-MEA-BATCHED,1.0,1.0,11,1330,1330,92.72727272727273,15,2395,1,0,1,0.0128,1,1,1,1,0,0,1,0,0,0,0.0,0.0,167a07dc562c2878,0,0
task_0023,family_03,P-WEBMCP-TOOL,1.0,1.0,11,1215,1215,100.9090909090909,15,2320,1,0,0,0.99,1,1,1,0,0,0,0,1,1,1,0.0,0.0,167a07dc562c2878,1,1
task_0023,family_03,NC1-SHUFFLED,1.0,1.0,11,1420,1420,100.9090909090909,15,2460,1,0,0,0.9575,1,1,1,0,0,0,0,1,0,0,0.0,0.0,cf93438df7faabaf,1,1
task_0023,family_03,NC2-RANDOM,1.0,1.0,11,1460,1460,104.54545454545455,15,2550,1,0,1,0.8599756492946917,0,0,0,0,0,0,0,1,0,0,0.0,0.0,d7a9949f1a72138b,0,0
task_0023,family_03,NC3-LENGTH,1.0,1.0,11,5550,5550,500.0,23,11120,1,0,0,0.55,0,0,0,0,0,0,0,0,0,0,0.0,0.0,,1,0
task_0023,family_03,NC4-ABLATION,1.0,1.0,11,1370,1370,96.36363636363636,15,2485,1,0,0,0.99,0,0,0,0,0,0,1,0,0,0,0.0,0.0,167a07dc562c2878,1,1
task_0024,family_04,B-COLD,0.0,0.0,12,6050,6050,504.1666666666667,25,12120,1,0,0,0.99,0,0,0,0,0,0,0,0,0,0,1.0,0.0,,1,0
task_0024,family_04,B-RAG-EMBED,0.0,0.0,12,850,850,54.166666666666664,14,1710,1,0,0,0.99,0,0,0,0,0,0,0,0,1,0,1.0,0.0,,1,1
task_0024,family_04,B-STAGEHAND-CACHE,0.0,0.0,12,650,650,54.166666666666664,13,1560,1,0,0,0.99,0,0,0,0,0,0,0,0,1,0,1.0,0.0,,1,1
task_0024,family_04,B-TERX-REPLAY,0.0,0.0,12,650,650,54.166666666666664,13,1560,1,0,0,0.99,0,0,0,0,0,0,0,0,1,0,1.0,0.0,,1,1
task_0024,family_04,P-SPIDER-MEA-BATCHED,0.0,0.0,12,1110,1110,66.66666666666667,16,1830,1,0,0,0.99,0,0,0,0,1,0,0,1,1,0,1.0,1.0,092252bfef953a03,1,1
task_0024,family_04,P-WEBMCP-TOOL,0.0,0.0,12,765,765,55.0,15,1585,1,0,0,0.99,0,0,0,0,0,0,1,0,1,1,0.0,0.0,092252bfef953a03,1,1
task_0024,family_04,NC1-SHUFFLED,0.0,0.0,12,1480,1480,97.5,18,2675,0,1,0,0.9196425887119348,1,1,1,0,1,0,1,0,1,0,0.5,1.0,5860a073b6640ad3,0,1
task_0024,family_04,NC2-RANDOM,0.0,0.0,12,1020,1020,59.166666666666664,15,1700,1,0,0,0.99,1,1,1,0,0,0,0,1,0,0,0.0,0.0,699028460138fb9b,1,1
task_0024,family_04,NC3-LENGTH,0.0,0.0,12,6050,6050,500.0,25,12120,1,0,0,0.55,0,0,0,0,0,0,0,0,0,0,0.0,0.0,,1,0
task_0024,family_04,NC4-ABLATION,0.0,0.0,12,1020,1020,59.166666666666664,16,1765,1,0,0,0.99,0,0,0,0,1,0,1,0,1,0,1.0,1.0,092252bfef953a03,1,1
task_0025,family_04,B-COLD,0.25,0.5,12,6050,6050,504.1666666666667,25,12120,1,0,0,0.99,0,0,0,0,0,0,0,0,0,0,0.6666666666666666,0.0,,1,0
task_0025,family_04,B-RAG-EMBED,0.25,0.5,12,3550,3550,279.1666666666667,20,6990,1,0,0,0.99,0,0,0,0,0,0,0,0,1,0,0.6666666666666666,0.0,,1,1
task_0025,family_04,B-STAGEHAND-CACHE,0.25,0.5,12,6050,6050,504.1666666666667,25,12120,1,0,0,0.99,0,0,0,0,0,0,0,0,1,0,0.6666666666666666,0.0,,1,0
task_0025,family_04,B-TERX-REPLAY,0.25,0.5,12,6050,6050,504.1666666666667,25,12120,1,0,0,0.99,0,0,0,0,0,0,0,0,1,0,0.6666666666666666,0.0,,1,0
task_0025,family_04,P-SPIDER-MEA-BATCHED,0.25,0.5,12,980,980,55.833333333333336,16,1675,1,0,0,0.99,1,1,1,0,1,0,1,0,1,0,0.6666666666666666,1.0,039a52b12ade95e0,1,1
task_0025,family_04,P-WEBMCP-TOOL,0.25,0.5,12,765,765,55.0,15,1585,1,0,1,0.0325,0,0,0,1,0,0,1,0,1,1,0.0,0.0,039a52b12ade95e0,0,0
task_0025,family_04,NC1-SHUFFLED,0.25,0.5,12,980,980,55.833333333333336,16,1675,1,0,1,0.9387252242104748,1,1,1,1,1,0,1,0,1,0,0.5,1.0,a38e40a821e3b16d,0,0
task_0025,family_04,NC2-RANDOM,0.25,0.5,12,2420,2420,175.83333333333334,19,4460,0,1,0,0.9144197449287776,1,1,1,0,0,0,0,1,0,0,0.0,0.0,439f6035451b75bb,0,1
task_0025,family_04,NC3-LENGTH,0.25,0.5,12,6050,6050,500.0,25,12120,1,0,0,0.55,0,0,0,0,0,0,0,0,0,0,0.0,0.0,,1,0
task_0025,family_04,NC4-ABLATION,0.25,0.5,12,1020,1020,59.166666666666664,16,1765,1,0,1,0.032,0,0,0,1,1,0,1,0,1,0,0.6666666666666666,1.0,039a52b12ade95e0,0,0
task_0026,family_04,B-COLD,0.5,0.5,12,6050,6050,504.1666666666667,25,12120,1,0,0,0.9546,0,0,0,0,0,0,0,0,0,0,0.6666666666666666,0.0,,1,0
task_0026,family_04,B-RAG-EMBED,0.5,0.5,12,3550,3550,279.1666666666667,20,6990,1,0,0,0.9546,0,0,0,0,0,0,0,0,1,0,0.6666666666666666,0.0,,1,1
task_0026,family_04,B-STAGEHAND-CACHE,0.5,0.5,12,6050,6050,504.1666666666667,25,12120,1,0,0,0.9546,0,0,0,0,0,0,0,0,1,0,0.6666666666666666,0.0,,1,0
task_0026,family_04,B-TERX-REPLAY,0.5,0.5,12,6050,6050,504.1666666666667,25,12120,1,0,0,0.9546,0,0,0,0,0,0,0,0,1,0,0.6666666666666666,0.0,,1,0
task_0026,family_04,P-SPIDER-MEA-BATCHED,0.5,0.5,12,980,980,55.833333333333336,16,1675,1,0,1,0.01,1,1,1,1,1,0,1,0,1,0,0.6666666666666666,1.0,a7caa5514d6d053e,0,0
task_0026,family_04,P-WEBMCP-TOOL,0.5,0.5,12,855,855,62.5,15,1650,1,0,1,0.01,0,0,0,1,0,0,0,1,1,1,0.0,0.0,a7caa5514d6d053e,0,0
task_0026,family_04,NC1-SHUFFLED,0.5,0.5,12,1830,1830,126.66666666666667,17,3395,1,0,0,0.9655,1,1,1,0,0,0,1,0,0,0,0.0,0.0,6139977793fff025,1,1
task_0026,family_04,NC2-RANDOM,0.5,0.5,12,1960,1960,137.5,17,3550,1,0,0,0.9673,0,0,0,0,0,0,0,1,0,0,0.0,0.0,03e7e66b09942972,1,1
task_0026,family_04,NC3-LENGTH,0.5,0.5,12,6050,6050,500.0,25,12120,1,0,0,0.55,0,0,0,0,0,0,0,0,0,0,0.0,0.0,,1,0
task_0026,family_04,NC4-ABLATION,0.5,0.5,12,1020,1020,59.166666666666664,16,1765,1,0,1,0.0241,0,1,0,1,1,0,1,0,1,0,0.6666666666666666,1.0,a7caa5514d6d053e,0,0
task_0027,family_04,B-COLD,0.75,1.0,12,6050,6050,504.1666666666667,25,12120,1,0,0,0.9611,0,0,0,0,0,0,0,0,0,0,0.3333333333333333,0.0,,1,0
task_0027,family_04,B-RAG-EMBED,0.75,1.0,12,6250,6250,504.1666666666667,26,12270,1,0,0,0.9611,0,0,0,0,0,0,0,0,1,0,0.3333333333333333,0.0,,1,0
task_0027,family_04,B-STAGEHAND-CACHE,0.75,1.0,12,6050,6050,504.1666666666667,25,12120,1,0,0,0.9611,0,0,0,0,0,0,0,0,1,0,0.3333333333333333,0.0,,1,0
task_0027,family_04,B-TERX-REPLAY,0.75,1.0,12,6050,6050,504.1666666666667,25,12120,1,0,0,0.9611,0,0,0,0,0,0,0,0,1,0,0.3333333333333333,0.0,,1,0
task_0027,family_04,P-SPIDER-MEA-BATCHED,0.75,1.0,12,980,980,55.833333333333336,16,1675,1,0,0,0.99,1,1,1,0,1,0,1,0,1,0,0.3333333333333333,0.3333333333333333,eae5aeb2a90299b8,1,1
task_0027,family_04,P-WEBMCP-TOOL,0.75,1.0,12,765,765,55.0,15,1585,1,0,0,0.9529,0,0,0,0,0,0,1,0,1,1,0.0,0.0,eae5aeb2a90299b8,1,1
task_0027,family_04,NC1-SHUFFLED,0.75,1.0,12,1110,1110,66.66666666666667,16,1830,1,0,1,0.8902538438085832,0,0,0,1,1,0,0,1,1,0,0.5,1.0,857ac4cf055e3628,0,0
task_0027,family_04,NC2-RANDOM,0.75,1.0,12,1960,1960,137.5,17,3550,1,0,1,0.8460643625722468,0,0,0,0,0,0,0,1,0,0,0.0,0.0,1fc08fca81b288d5,0,0
task_0027,family_04,NC3-LENGTH,0.75,1.0,12,6050,6050,500.0,25,12120,1,0,0,0.55,0,0,0,0,0,0,0,0,0,0,0.0,0.0,,1,0
task_0027,family_04,NC4-ABLATION,0.75,1.0,12,1870,1870,130.0,17,3485,1,0,0,0.9518,0,0,0,0,0,0,1,0,1,0,0.3333333333333333,0.3333333333333333,eae5aeb2a90299b8,1,1
task_0028,family_04,B-COLD,1.0,1.0,12,6050,6050,504.1666666666667,25,12120,1,0,0,0.9505,0,0,0,0,0,0,0,0,0,0,0.6666666666666666,0.0,,1,0
task_0028,family_04,B-RAG-EMBED,1.0,1.0,12,6250,6250,504.1666666666667,26,12270,1,0,0,0.9505,0,0,0,0,0,0,0,0,1,0,0.6666666666666666,0.0,,1,0
task_0028,family_04,B-STAGEHAND-CACHE,1.0,1.0,12,6050,6050,504.1666666666667,25,12120,1,0,0,0.9505,0,0,0,0,0,0,0,0,1,0,0.6666666666666666,0.0,,1,0
task_0028,family_04,B-TERX-REPLAY,1.0,1.0,12,6050,6050,504.1666666666667,25,12120,1,0,0,0.9505,0,0,0,0,0,0,0,0,1,0,0.6666666666666666,0.0,,1,0
task_0028,family_04,P-SPIDER-MEA-BATCHED,1.0,1.0,12,980,980,55.833333333333336,16,1675,1,0,0,0.99,1,1,1,0,1,0,1,0,1,0,0.6666666666666666,1.0,cfaf52e60eee6297,1,1
task_0028,family_04,P-WEBMCP-TOOL,1.0,1.0,12,765,765,55.0,15,1585,1,0,1,0.01,0,0,0,1,0,0,1,0,1,1,0.0,0.0,cfaf52e60eee6297,0,0
task_0028,family_04,NC1-SHUFFLED,1.0,1.0,12,2420,2420,175.83333333333334,19,4460,0,1,0,0.8493160753529683,1,1,1,0,0,0,0,1,0,0,0.0,0.0,8377b7d7717714b2,0,1
task_0028,family_04,NC2-RANDOM,1.0,1.0,12,1960,1960,137.5,17,3550,1,0,1,0.9437606201899572,0,0,0,0,0,0,0,1,0,0,0.0,0.0,a028b35e17eba00a,0,0
task_0028,family_04,NC3-LENGTH,1.0,1.0,12,6050,6050,500.0,25,12120,1,0,0,0.55,0,0,0,0,0,0,0,0,0,0,0.0,0.0,,1,0
task_0028,family_04,NC4-ABLATION,1.0,1.0,12,980,980,55.833333333333336,16,1675,1,0,0,0.9764,1,1,1,0,1,0,1,0,1,0,0.6666666666666666,1.0,cfaf52e60eee6297,1,1
task_0029,family_04,B-COLD,0.25,0.5,12,6050,6050,504.1666666666667,25,12120,1,0,0,0.9701,0,0,0,0,0,0,0,0,0,0,0.6666666666666666,0.0,,1,0
task_0029,family_04,B-RAG-EMBED,0.25,0.5,12,3550,3550,279.1666666666667,20,6990,1,0,0,0.9701,0,0,0,0,0,0,0,0,1,0,0.6666666666666666,0.0,,1,1
task_0029,family_04,B-STAGEHAND-CACHE,0.25,0.5,12,6050,6050,504.1666666666667,25,12120,1,0,0,0.9701,0,0,0,0,0,0,0,0,1,0,0.6666666666666666,0.0,,1,0
task_0029,family_04,B-TERX-REPLAY,0.25,0.5,12,6050,6050,504.1666666666667,25,12120,1,0,0,0.9701,0,0,0,0,0,0,0,0,1,0,0.6666666666666666,0.0,,1,0
task_0029,family_04,P-SPIDER-MEA-BATCHED,0.25,0.5,12,980,980,55.833333333333336,16,1675,1,0,0,0.9874,1,1,1,0,1,0,1,0,1,0,0.6666666666666666,1.0,7764ce395c39a2cf,1,1
task_0029,family_04,P-WEBMCP-TOOL,0.25,0.5,12,765,765,55.0,15,1585,1,0,0,0.9546,0,0,0,0,0,0,1,0,1,1,0.0,0.0,7764ce395c39a2cf,1,1
task_0029,family_04,NC1-SHUFFLED,0.25,0.5,12,1110,1110,66.66666666666667,16,1830,1,0,1,0.9015928185206752,0,0,0,0,1,0,0,1,0,0,0.16666666666666666,0.3333333333333333,e999f3967b5c3259,0,0
task_0029,family_04,NC2-RANDOM,0.25,0.5,12,1960,1960,137.5,17,3550,1,0,0,0.9531,0,0,0,0,0,0,0,1,0,0,0.0,0.0,91cedcc5761dc0aa,1,1
task_0029,family_04,NC3-LENGTH,0.25,0.5,12,6050,6050,500.0,25,12120,1,0,0,0.55,0,0,0,0,0,0,0,0,0,0,0.0,0.0,,1,0
task_0029,family_04,NC4-ABLATION,0.25,0.5,12,1020,1020,59.166666666666664,16,1765,1,0,0,0.99,0,0,0,0,1,0,1,0,1,0,0.6666666666666666,1.0,7764ce395c39a2cf,1,1
task_0030,family_05,B-COLD,0.0,0.0,13,6550,6550,503.84615384615387,27,13120,1,0,0,0.9692,0,0,0,0,0,0,0,0,0,0,1.0,0.0,,1,0
task_0030,family_05,B-RAG-EMBED,0.0,0.0,13,900,900,53.84615384615385,15,1830,1,0,0,0.9692,0,0,0,0,0,0,0,0,1,0,1.0,0.0,,1,1
task_0030,family_05,B-STAGEHAND-CACHE,0.0,0.0,13,700,700,53.84615384615385,14,1680,1,0,0,0.9692,0,0,0,0,0,0,0,0,1,0,1.0,0.0,,1,1
task_0030,family_05,B-TERX-REPLAY,0.0,0.0,13,700,700,53.84615384615385,14,1680,1,0,0,0.9692,0,0,0,0,0,0,0,0,1,0,1.0,0.0,,1,1
task_0030,family_05,P-SPIDER-MEA-BATCHED,0.0,0.0,13,1030,1030,55.38461538461539,17,1795,1,0,0,0.99,1,1,1,0,1,0,1,0,1,0,1.0,1.0,b52fb20515067d0e,1,1
task_0030,family_05,P-WEBMCP-TOOL,0.0,0.0,13,775,775,51.53846153846154,16,1615,1,0,0,0.99,1,1,1,0,0,0,1,0,1,1,0.0,0.0,b52fb20515067d0e,1,1
task_0030,family_05,NC1-SHUFFLED,0.0,0.0,13,1480,1480,90.0,18,2755,0,1,0,0.8572347868147149,1,1,1,0,0,0,1,0,0,0,0.0,0.0,ac1c18cadb544089,0,1
task_0030,family_05,NC2-RANDOM,0.0,0.0,13,1070,1070,58.46153846153846,16,1820,1,0,0,0.99,1,1,1,0,0,0,0,1,0,0,0.0,0.0,a0d8e924c5085353,1,1
task_0030,family_05,NC3-LENGTH,0.0,0.0,13,6550,6550,500.0,27,13120,1,0,0,0.55,0,0,0,0,0,0,0,0,0,0,0.0,0.0,,1,0
task_0030,family_05,NC4-ABLATION,0.0,0.0,13,1030,1030,55.38461538461539,17,1795,1,0,0,0.99,1,1,1,0,1,0,1,0,1,0,1.0,1.0,b52fb20515067d0e,1,1
task_0031,family_05,B-COLD,0.5,0.5,13,6550,6550,503.84615384615387,27,13120,1,0,0,0.99,0,0,0,0,0,0,0,0,0,0,0.5,0.0,,1,0
task_0031,family_05,B-RAG-EMBED,0.5,0.5,13,3600,3600,261.53846153846155,21,7110,1,0,0,0.99,0,0,0,0,0,0,0,0,1,0,0.5,0.0,,1,1
task_0031,family_05,B-STAGEHAND-CACHE,0.5,0.5,13,6550,6550,503.84615384615387,27,13120,1,0,0,0.99,0,0,0,0,0,0,0,0,1,0,0.5,0.0,,1,0
task_0031,family_05,B-TERX-REPLAY,0.5,0.5,13,6550,6550,503.84615384615387,27,13120,1,0,0,0.99,0,0,0,0,0,0,0,0,1,0,0.5,0.0,,1,0
task_0031,family_05,P-SPIDER-MEA-BATCHED,0.5,0.5,13,1030,1030,55.38461538461539,17,1795,1,0,0,0.99,1,1,1,0,1,0,1,0,1,0,0.5,1.0,dd3aeadc527115b1,1,1
task_0031,family_05,P-WEBMCP-TOOL,0.5,0.5,13,1225,1225,86.15384615384616,17,2495,1,0,0,0.9649,1,1,1,0,0,0,1,0,1,1,0.0,0.0,dd3aeadc527115b1,1,1
task_0031,family_05,NC1-SHUFFLED,0.5,0.5,13,1070,1070,58.46153846153846,17,1885,1,0,1,0.9291476550157911,0,0,0,0,1,0,1,0,0,0,0.16666666666666666,0.3333333333333333,27ff30b84b39d121,0,0
task_0031,family_05,NC2-RANDOM,0.5,0.5,13,1970,1970,127.6923076923077,18,3580,1,0,1,0.7932530123341986,1,1,1,1,0,0,0,1,0,0,0.0,0.0,aff4b448f8efe9d1,0,0
task_0031,family_05,NC3-LENGTH,0.5,0.5,13,6550,6550,500.0,27,13120,1,0,0,0.55,0,0,0,0,0,0,0,0,0,0,0.0,0.0,,1,0
task_0031,family_05,NC4-ABLATION,0.5,0.5,13,1070,1070,58.46153846153846,17,1885,1,0,0,0.99,0,0,0,0,1,0,1,0,1,0,0.5,1.0,dd3aeadc527115b1,1,1
task_0032,family_05,B-COLD,0.75,1.0,13,6550,6550,503.84615384615387,27,13120,1,0,0,0.9721,0,0,0,0,0,0,0,0,0,0,0.0,0.0,,1,0
task_0032,family_05,B-RAG-EMBED,0.75,1.0,13,6750,6750,503.84615384615387,28,13270,1,0,0,0.9721,0,0,0,0,0,0,0,0,0,0,0.0,0.0,,1,0
task_0032,family_05,B-STAGEHAND-CACHE,0.75,1.0,13,6550,6550,503.84615384615387,27,13120,1,0,0,0.9721,0,0,0,0,0,0,0,0,0,0,0.0,0.0,,1,0
task_0032,family_05,B-TERX-REPLAY,0.75,1.0,13,6550,6550,503.84615384615387,27,13120,1,0,0,0.9721,0,0,0,0,0,0,0,0,0,0,0.0,0.0,,1,0
task_0032,family_05,P-SPIDER-MEA-BATCHED,0.75,1.0,13,1920,1920,123.84615384615384,18,3605,1,0,1,0.0258,0,0,0,1,0,0,1,0,0,0,0.0,0.0,15dd22ae2f96093b,0,0
task_0032,family_05,P-WEBMCP-TOOL,0.75,1.0,13,1675,1675,120.76923076923077,18,3375,1,0,0,0.9553,1,1,1,0,0,0,1,0,1,1,0.0,0.0,15dd22ae2f96093b,1,1
task_0032,family_05,NC1-SHUFFLED,0.75,1.0,13,2010,2010,130.76923076923077,18,3670,1,0,0,0.9531,0,0,0,0,0,0,0,1,0,0,0.0,0.0,ab5a884d65bea3df,1,1
task_0032,family_05,NC2-RANDOM,0.75,1.0,13,2470,2470,166.15384615384616,20,4580,0,1,0,0.930069270703907,1,1,1,0,0,0,0,1,0,0,0.0,0.0,0ac9d887c345c1fc,0,1
task_0032,family_05,NC3-LENGTH,0.75,1.0,13,6550,6550,500.0,27,13120,1,0,0,0.55,0,0,0,0,0,0,0,0,0,0,0.0,0.0,,1,0
task_0032,family_05,NC4-ABLATION,0.75,1.0,13,1880,1880,120.76923076923077,18,3515,1,0,0,0.99,1,1,1,0,0,0,1,0,0,0,0.0,0.0,15dd22ae2f96093b,1,1
task_0033,family_05,B-COLD,1.0,1.0,13,6550,6550,503.84615384615387,27,13120,1,0,0,0.99,0,0,0,0,0,0,0,0,0,0,0.0,0.0,,1,0
task_0033,family_05,B-RAG-EMBED,1.0,1.0,13,6750,6750,503.84615384615387,28,13270,1,0,0,0.99,0,0,0,0,0,0,0,0,0,0,0.0,0.0,,1,0
task_0033,family_05,B-STAGEHAND-CACHE,1.0,1.0,13,6550,6550,503.84615384615387,27,13120,1,0,0,0.99,0,0,0,0,0,0,0,0,0,0,0.0,0.0,,1,0
task_0033,family_05,B-TERX-REPLAY,1.0,1.0,13,6550,6550,503.84615384615387,27,13120,1,0,0,0.99,0,0,0,0,0,0,0,0,0,0,0.0,0.0,,1,0
task_0033,family_05,P-SPIDER-MEA-BATCHED,1.0,1.0,13,2010,2010,130.76923076923077,18,3670,1,0,0,0.99,0,0,0,0,0,0,0,1,0,0,0.0,0.0,837c9e0e6de8fe91,1,1
task_0033,family_05,P-WEBMCP-TOOL,1.0,1.0,13,1715,1715,123.84615384615384,18,3465,1,0,0,0.9787,0,0,0,0,0,0,1,0,1,1,0.0,0.0,837c9e0e6de8fe91,1,1
task_0033,family_05,NC1-SHUFFLED,1.0,1.0,13,1070,1070,58.46153846153846,17,1885,1,0,1,0.9457432016502696,0,0,0,0,1,0,1,0,0,0,0.16666666666666666,0.3333333333333333,24582e268a522dc5,0,0
task_0033,family_05,NC2-RANDOM,1.0,1.0,13,2010,2010,130.76923076923077,18,3670,1,0,1,0.8269013110835448,0,1,0,0,0,0,0,1,0,0,0.0,0.0,ad5e4394b0fbdc21,0,0
task_0033,family_05,NC3-LENGTH,1.0,1.0,13,6550,6550,500.0,27,13120,1,0,0,0.55,0,0,0,0,0,0,0,0,0,0,0.0,0.0,,1,0
task_0033,family_05,NC4-ABLATION,1.0,1.0,13,1920,1920,123.84615384615384,18,3605,1,0,0,0.99,0,1,0,0,0,0,1,0,0,0,0.0,0.0,837c9e0e6de8fe91,1,1
task_0034,family_05,B-COLD,0.25,0.5,13,6550,6550,503.84615384615387,27,13120,1,0,0,0.99,0,0,0,0,0,0,0,0,0,0,0.5,0.0,,1,0
task_0034,family_05,B-RAG-EMBED,0.25,0.5,13,3600,3600,261.53846153846155,21,7110,1,0,0,0.99,0,0,0,0,0,0,0,0,1,0,0.5,0.0,,1,1
task_0034,family_05,B-STAGEHAND-CACHE,0.25,0.5,13,6550,6550,503.84615384615387,27,13120,1,0,0,0.99,0,0,0,0,0,0,0,0,1,0,0.5,0.0,,1,0
task_0034,family_05,B-TERX-REPLAY,0.25,0.5,13,6550,6550,503.84615384615387,27,13120,1,0,0,0.99,0,0,0,0,0,0,0,0,1,0,0.5,0.0,,1,0
task_0034,family_05,P-SPIDER-MEA-BATCHED,0.25,0.5,13,1030,1030,55.38461538461539,17,1795,1,0,0,0.99,1,1,1,0,1,0,1,0,1,0,0.5,1.0,2a6ff32330c4cc73,1,1
task_0034,family_05,P-WEBMCP-TOOL,0.25,0.5,13,1225,1225,86.15384615384616,17,2495,1,0,0,0.99,1,1,1,0,0,0,1,0,1,1,0.0,0.0,2a6ff32330c4cc73,1,1
task_0034,family_05,NC1-SHUFFLED,0.25,0.5,13,1120,1120,62.30769230769231,17,1860,1,0,0,0.9752,1,1,1,0,1,0,0,1,1,0,0.5,1.0,593a157a9463f07c,1,1
task_0034,family_05,NC2-RANDOM,0.25,0.5,13,1970,1970,127.6923076923077,18,3580,1,0,0,0.9803,1,1,1,0,0,0,0,1,0,0,0.0,0.0,81ccadc7f818e690,1,1
task_0034,family_05,NC3-LENGTH,0.25,0.5,13,6550,6550,500.0,27,13120,1,0,0,0.55,0,0,0,0,0,0,0,0,0,0,0.0,0.0,,1,0
task_0034,family_05,NC4-ABLATION,0.25,0.5,13,1030,1030,55.38461538461539,17,1795,1,0,0,0.9623,1,1,1,0,1,0,1,0,1,0,0.5,1.0,2a6ff32330c4cc73,1,1
task_0035,family_05,B-COLD,0.5,0.5,13,6550,6550,503.84615384615387,27,13120,1,0,0,0.99,0,0,0,0,0,0,0,0,0,0,0.16666666666666666,0.0,,1,0
task_0035,family_05,B-RAG-EMBED,0.5,0.5,13,6750,6750,503.84615384615387,28,13270,1,0,0,0.99,0,0,0,0,0,0,0,0,0,0,0.16666666666666666,0.0,,1,0
task_0035,family_05,B-STAGEHAND-CACHE,0.5,0.5,13,6550,6550,503.84615384615387,27,13120,1,0,0,0.99,0,0,0,0,0,0,0,0,0,0,0.16666666666666666,0.0,,1,0
task_0035,family_05,B-TERX-REPLAY,0.5,0.5,13,6550,6550,503.84615384615387,27,13120,1,0,0,0.99,0,0,0,0,0,0,0,0,0,0,0.16666666666666666,0.0,,1,0
task_0035,family_05,P-SPIDER-MEA-BATCHED,0.5,0.5,13,1030,1030,55.38461538461539,17,1795,1,0,0,0.99,1,1,1,0,1,0,1,0,0,0,0.16666666666666666,0.3333333333333333,0dd95bcb622b6c0a,1,1
task_0035,family_05,P-WEBMCP-TOOL,0.5,0.5,13,1315,1315,93.07692307692308,17,2560,1,0,0,0.9776,1,1,1,0,0,0,0,1,1,1,0.0,0.0,0dd95bcb622b6c0a,1,1
task_0035,family_05,NC1-SHUFFLED,0.5,0.5,13,1070,1070,58.46153846153846,17,1885,1,0,1,0.7932125941062937,0,0,0,0,1,0,1,0,1,0,0.5,1.0,836919823f385f05,0,0
task_0035,family_05,NC2-RANDOM,0.5,0.5,13,2010,2010,130.76923076923077,18,3670,1,0,1,0.9123434208571216,0,0,0,0,0,0,0,1,0,0,0.0,0.0,153d3b8e566b69cb,0,0
task_0035,family_05,NC3-LENGTH,0.5,0.5,13,6550,6550,500.0,27,13120,1,0,0,0.55,0,0,0,0,0,0,0,0,0,0,0.0,0.0,,1,0
task_0035,family_05,NC4-ABLATION,0.5,0.5,13,1880,1880,120.76923076923077,18,3515,1,0,1,0.01,1,1,1,1,0,0,1,0,0,0,0.16666666666666666,0.3333333333333333,0dd95bcb622b6c0a,0,0
task_0036,family_06,B-COLD,0.0,0.0,14,7050,7050,503.57142857142856,29,14120,1,0,0,0.99,0,0,0,0,0,0,0,0,0,0,1.0,0.0,,1,0
task_0036,family_06,B-RAG-EMBED,0.0,0.0,14,950,950,53.57142857142857,16,1950,1,0,0,0.99,0,0,0,0,0,0,0,0,1,0,1.0,0.0,,1,1
task_0036,family_06,B-STAGEHAND-CACHE,0.0,0.0,14,750,750,53.57142857142857,15,1800,1,0,0,0.99,0,0,0,0,0,0,0,0,1,0,1.0,0.0,,1,1
task_0036,family_06,B-TERX-REPLAY,0.0,0.0,14,750,750,53.57142857142857,15,1800,1,0,0,0.99,0,0,0,0,0,0,0,0,1,0,1.0,0.0,,1,1
task_0036,family_06,P-SPIDER-MEA-BATCHED,0.0,0.0,14,1210,1210,64.28571428571429,18,2070,1,0,0,0.99,0,1,0,0,1,0,0,1,1,0,1.0,1.0,dd86c7f807ddcdde,1,1
task_0036,family_06,P-WEBMCP-TOOL,0.0,0.0,14,915,915,57.857142857142854,17,1800,1,0,0,0.9807,1,1,1,0,0,0,0,1,1,1,0.0,0.0,dd86c7f807ddcdde,1,1
task_0036,family_06,NC1-SHUFFLED,0.0,0.0,14,1580,1580,90.71428571428571,20,2915,0,1,0,0.8069676338911915,1,1,1,0,1,0,1,0,1,0,0.3333333333333333,1.0,b0d5ef137dab8603,0,1
task_0036,family_06,NC2-RANDOM,0.0,0.0,14,1120,1120,57.857142857142854,17,1940,1,0,0,0.99,1,1,1,0,0,0,0,1,0,0,0.0,0.0,3ccdf186d0a6edf6,1,1
task_0036,family_06,NC3-LENGTH,0.0,0.0,14,7050,7050,500.0,29,14120,1,0,0,0.55,0,0,0,0,0,0,0,0,0,0,0.0,0.0,,1,0
task_0036,family_06,NC4-ABLATION,0.0,0.0,14,1120,1120,57.857142857142854,18,2005,1,0,0,0.99,0,1,0,0,1,0,1,0,1,0,1.0,1.0,dd86c7f807ddcdde,1,1
task_0037,family_06,B-COLD,0.75,0.6667,14,7050,7050,503.57142857142856,29,14120,1,0,0,0.99,0,0,0,0,0,0,0,0,0,0,0.5555555555555556,0.0,,1,0
task_0037,family_06,B-RAG-EMBED,0.75,0.6667,14,5000,5000,342.85714285714283,25,9870,1,0,0,0.99,0,0,0,0,0,0,0,0,1,0,0.5555555555555556,0.0,,1,1
task_0037,family_06,B-STAGEHAND-CACHE,0.75,0.6667,14,7050,7050,503.57142857142856,29,14120,1,0,0,0.99,0,0,0,0,0,0,0,0,1,0,0.5555555555555556,0.0,,1,0
task_0037,family_06,B-TERX-REPLAY,0.75,0.6667,14,7050,7050,503.57142857142856,29,14120,1,0,0,0.99,0,0,0,0,0,0,0,0,1,0,0.5555555555555556,0.0,,1,0
task_0037,family_06,P-SPIDER-MEA-BATCHED,0.75,0.6667,14,1120,1120,57.857142857142854,18,2005,1,0,0,0.99,0,0,0,0,1,0,1,0,1,0,0.5555555555555556,1.0,bcb0b4f99a662b70,1,1
task_0037,family_06,P-WEBMCP-TOOL,0.75,0.6667,14,865,865,54.285714285714285,17,1825,1,0,0,0.99,0,0,0,0,0,0,1,0,1,1,0.0,0.0,bcb0b4f99a662b70,1,1
task_0037,family_06,NC1-SHUFFLED,0.75,0.6667,14,1120,1120,57.857142857142854,18,2005,1,0,1,0.9003407814498678,0,0,0,1,1,0,1,0,1,0,0.4444444444444444,1.0,420e3dba6b9e3338,0,0
task_0037,family_06,NC2-RANDOM,0.75,0.6667,14,2970,2970,190.0,22,5580,0,1,0,0.8204323625508856,1,1,1,0,0,0,0,1,0,0,0.0,0.0,44024cae254f4d2e,0,1
task_0037,family_06,NC3-LENGTH,0.75,0.6667,14,7050,7050,500.0,29,14120,1,0,0,0.55,0,0,0,0,0,0,0,0,0,0,0.0,0.0,,1,0
task_0037,family_06,NC4-ABLATION,0.75,0.6667,14,1120,1120,57.857142857142854,18,2005,1,0,1,0.01,0,0,0,1,1,0,1,0,1,0,0.5555555555555556,1.0,bcb0b4f99a662b70,0,0
task_0038,family_06,B-COLD,1.0,1.0,14,7050,7050,503.57142857142856,29,14120,1,0,0,0.9755,0,0,0,0,0,0,0,0,0,0,0.3333333333333333,0.0,,1,0
task_0038,family_06,B-RAG-EMBED,1.0,1.0,14,7250,7250,503.57142857142856,30,14270,1,0,0,0.9755,0,0,0,0,0,0,0,0,1,0,0.3333333333333333,0.0,,1,0
task_0038,family_06,B-STAGEHAND-CACHE,1.0,1.0,14,7050,7050,503.57142857142856,29,14120,1,0,0,0.9755,0,0,0,0,0,0,0,0,1,0,0.3333333333333333,0.0,,1,0
task_0038,family_06,B-TERX-REPLAY,1.0,1.0,14,7050,7050,503.57142857142856,29,14120,1,0,0,0.9755,0,0,0,0,0,0,0,0,1,0,0.3333333333333333,0.0,,1,0
task_0038,family_06,P-SPIDER-MEA-BATCHED,1.0,1.0,14,1120,1120,57.857142857142854,18,2005,1,0,1,0.0326,0,0,0,1,1,0,1,0,1,0,0.3333333333333333,0.3333333333333333,792647aec6593188,0,0
task_0038,family_06,P-WEBMCP-TOOL,1.0,1.0,14,865,865,54.285714285714285,17,1825,1,0,0,0.99,0,0,0,0,0,0,1,0,1,1,0.0,0.0,792647aec6593188,1,1
task_0038,family_06,NC1-SHUFFLED,1.0,1.0,14,1120,1120,57.857142857142854,18,2005,1,0,1,0.9077543361440561,0,1,0,0,1,0,1,0,1,0,0.6666666666666666,1.0,25d533460c95f0da,0,0
task_0038,family_06,NC2-RANDOM,1.0,1.0,14,2470,2470,154.28571428571428,20,4580,1,0,1,0.9328731863016166,1,1,1,1,0,0,0,1,0,0,0.0,0.0,fe9d9b3fac85c6df,0,0
task_0038,family_06,NC3-LENGTH,1.0,1.0,14,7050,7050,500.0,29,14120,1,0,0,0.55,0,0,0,0,0,0,0,0,0,0,0.0,0.0,,1,0
task_0038,family_06,NC4-ABLATION,1.0,1.0,14,2420,2420,150.71428571428572,20,4605,1,0,0,0.9617,0,0,0,0,0,0,1,0,1,0,0.3333333333333333,0.3333333333333333,792647aec6593188,1,1
task_0039,family_06,B-COLD,0.25,0.3333,14,7050,7050,503.57142857142856,29,14120,1,0,0,0.99,0,0,0,0,0,0,0,0,0,0,0.7777777777777778,0.0,,1,0
task_0039,family_06,B-RAG-EMBED,0.25,0.3333,14,3200,3200,214.28571428571428,21,6350,1,0,0,0.99,0,0,0,0,0,0,0,0,1,0,0.7777777777777778,0.0,,1,1
task_0039,family_06,B-STAGEHAND-CACHE,0.25,0.3333,14,7050,7050,503.57142857142856,29,14120,1,0,0,0.99,0,0,0,0,0,0,0,0,1,0,0.7777777777777778,0.0,,1,0
task_0039,family_06,B-TERX-REPLAY,0.25,0.3333,14,7050,7050,503.57142857142856,29,14120,1,0,0,0.99,0,0,0,0,0,0,0,0,1,0,0.7777777777777778,0.0,,1,0
task_0039,family_06,P-SPIDER-MEA-BATCHED,0.25,0.3333,14,1120,1120,57.857142857142854,18,2005,1,0,0,0.954,0,1,0,0,1,0,1,0,1,0,0.7777777777777778,1.0,8bfadcdbe16bff21,1,1
task_0039,family_06,P-WEBMCP-TOOL,0.25,0.3333,14,865,865,54.285714285714285,17,1825,1,0,0,0.99,0,0,0,0,0,0,1,0,1,1,0.0,0.0,8bfadcdbe16bff21,1,1
task_0039,family_06,NC1-SHUFFLED,0.25,0.3333,14,1210,1210,64.28571428571429,18,2070,1,0,1,0.8034829566031781,0,0,0,0,1,0,0,1,1,0,0.3333333333333333,1.0,a82c4c220f72d0b1,0,0
task_0039,family_06,NC2-RANDOM,0.25,0.3333,14,2470,2470,154.28571428571428,20,4580,1,0,1,0.8377022577602673,1,1,1,1,0,0,0,1,0,0,0.0,0.0,7d72f3d512c50467,0,0
task_0039,family_06,NC3-LENGTH,0.25,0.3333,14,7050,7050,500.0,29,14120,1,0,0,0.55,0,0,0,0,0,0,0,0,0,0,0.0,0.0,,1,0
task_0039,family_06,NC4-ABLATION,0.25,0.3333,14,1080,1080,55.0,18,1915,1,0,0,0.99,1,1,1,0,1,0,1,0,1,0,0.7777777777777778,1.0,8bfadcdbe16bff21,1,1
task_0040,family_06,B-COLD,0.5,0.6667,14,7050,7050,503.57142857142856,29,14120,1,0,0,0.957,0,0,0,0,0,0,0,0,0,0,1.0,0.0,,1,0
task_0040,family_06,B-RAG-EMBED,0.5,0.6667,14,5000,5000,342.85714285714283,25,9870,1,0,0,0.957,0,0,0,0,0,0,0,0,1,0,1.0,0.0,,1,1
task_0040,family_06,B-STAGEHAND-CACHE,0.5,0.6667,14,7050,7050,503.57142857142856,29,14120,1,0,0,0.957,0,0,0,0,0,0,0,0,1,0,1.0,0.0,,1,0
task_0040,family_06,B-TERX-REPLAY,0.5,0.6667,14,7050,7050,503.57142857142856,29,14120,1,0,0,0.957,0,0,0,0,0,0,0,0,1,0,1.0,0.0,,1,0
task_0040,family_06,P-SPIDER-MEA-BATCHED,0.5,0.6667,14,1080,1080,55.0,18,1915,1,0,0,0.99,1,1,1,0,1,0,1,0,1,0,1.0,1.0,d15186b4e91c1218,1,1
task_0040,family_06,P-WEBMCP-TOOL,0.5,0.6667,14,865,865,54.285714285714285,17,1825,1,0,0,0.99,0,0,0,0,0,0,1,0,1,1,0.0,0.0,d15186b4e91c1218,1,1
task_0040,family_06,NC1-SHUFFLED,0.5,0.6667,14,1120,1120,57.857142857142854,18,2005,1,0,0,0.99,0,0,0,0,1,0,1,0,0,0,0.1111111111111111,0.3333333333333333,a27bced5529247cf,1,1
task_0040,family_06,NC2-RANDOM,0.5,0.6667,14,2510,2510,157.14285714285714,20,4670,1,0,1,0.8633157027553442,0,0,0,0,0,0,0,1,0,0,0.0,0.0,77c350b22c10ac2a,0,0
task_0040,family_06,NC3-LENGTH,0.5,0.6667,14,7050,7050,500.0,29,14120,1,0,0,0.55,0,0,0,0,0,0,0,0,0,0,0.0,0.0,,1,0
task_0040,family_06,NC4-ABLATION,0.5,0.6667,14,1120,1120,57.857142857142854,18,2005,1,0,0,0.99,0,0,0,0,1,0,1,0,1,0,1.0,1.0,d15186b4e91c1218,1,1
task_0041,family_06,B-COLD,0.75,0.6667,14,7050,7050,503.57142857142856,29,14120,1,0,0,0.9664,0,0,0,0,0,0,0,0,0,0,0.7777777777777778,0.0,,1,0
task_0041,family_06,B-RAG-EMBED,0.75,0.6667,14,5000,5000,342.85714285714283,25,9870,1,0,0,0.9664,0,0,0,0,0,0,0,0,1,0,0.7777777777777778,0.0,,1,1
task_0041,family_06,B-STAGEHAND-CACHE,0.75,0.6667,14,7050,7050,503.57142857142856,29,14120,1,0,0,0.9664,0,0,0,0,0,0,0,0,1,0,0.7777777777777778,0.0,,1,0
task_0041,family_06,B-TERX-REPLAY,0.75,0.6667,14,7050,7050,503.57142857142856,29,14120,1,0,0,0.9664,0,0,0,0,0,0,0,0,1,0,0.7777777777777778,0.0,,1,0
task_0041,family_06,P-SPIDER-MEA-BATCHED,0.75,0.6667,14,1080,1080,55.0,18,1915,1,0,1,0.01,1,1,1,1,1,0,1,0,1,0,0.7777777777777778,1.0,26520e0391463c0e,0,0
task_0041,family_06,P-WEBMCP-TOOL,0.75,0.6667,14,865,865,54.285714285714285,17,1825,1,0,0,0.99,0,0,0,0,0,0,1,0,1,1,0.0,0.0,26520e0391463c0e,1,1
task_0041,family_06,NC1-SHUFFLED,0.75,0.6667,14,1170,1170,61.42857142857143,18,1980,1,0,0,0.99,1,1,1,0,1,0,0,1,0,0,0.2222222222222222,0.3333333333333333,2328ebd3bc50e451,1,1
task_0041,family_06,NC2-RANDOM,0.75,0.6667,14,2510,2510,157.14285714285714,20,4670,1,0,1,0.8116712466912022,0,0,0,0,0,0,0,1,0,0,0.0,0.0,713499777cebc06b,0,0
task_0041,family_06,NC3-LENGTH,0.75,0.6667,14,7050,7050,500.0,29,14120,1,0,0,0.55,0,0,0,0,0,0,0,0,0,0,0.0,0.0,,1,0
task_0041,family_06,NC4-ABLATION,0.75,0.6667,14,1120,1120,57.857142857142854,18,2005,1,0,0,0.99,0,1,0,0,1,0,1,0,1,0,0.7777777777777778,1.0,26520e0391463c0e,1,1
task_0042,family_07,B-COLD,0.0,0.0,8,4050,4050,506.25,17,8120,1,0,0,0.99,0,0,0,0,0,0,0,0,0,0,1.0,0.0,,1,0
task_0042,family_07,B-RAG-EMBED,0.0,0.0,8,650,650,56.25,10,1230,1,0,0,0.99,0,0,0,0,0,0,0,0,1,0,1.0,0.0,,1,1
task_0042,family_07,B-STAGEHAND-CACHE,0.0,0.0,8,450,450,56.25,9,1080,1,0,0,0.99,0,0,0,0,0,0,0,0,1,0,1.0,0.0,,1,1
task_0042,family_07,B-TERX-REPLAY,0.0,0.0,8,450,450,56.25,9,1080,1,0,0,0.99,0,0,0,0,0,0,0,0,1,0,1.0,0.0,,1,1
task_0042,family_07,P-SPIDER-MEA-BATCHED,0.0,0.0,8,820,820,63.75,12,1285,1,0,0,0.9791,0,0,0,0,1,0,1,0,1,0,1.0,1.0,6aec223892a062c0,1,1
task_0042,family_07,P-WEBMCP-TOOL,0.0,0.0,8,565,565,57.5,11,1105,1,0,0,0.99,0,0,0,0,0,0,1,0,1,1,0.0,0.0,6aec223892a062c0,1,1
task_0042,family_07,NC1-SHUFFLED,0.0,0.0,8,730,730,52.5,11,1155,1,0,1,0.8116833709566257,1,1,1,0,0,0,1,0,0,0,0.0,0.0,1f57289ba10869b2,0,0
task_0042,family_07,NC2-RANDOM,0.0,0.0,8,820,820,63.75,11,1220,1,0,1,0.9231873939502491,1,1,1,0,0,0,0,1,0,0,0.0,0.0,d382aa3e2d2e5004,0,0
task_0042,family_07,NC3-LENGTH,0.0,0.0,8,4050,4050,500.0,17,8120,1,0,0,0.55,0,0,0,0,0,0,0,0,0,0,0.0,0.0,,1,0
task_0042,family_07,NC4-ABLATION,0.0,0.0,8,820,820,63.75,12,1285,1,0,0,0.9837,0,0,0,0,1,0,1,0,1,0,1.0,1.0,6aec223892a062c0,1,1
task_0043,family_07,B-COLD,1.0,1.0,8,4050,4050,506.25,17,8120,1,0,0,0.99,0,0,0,0,0,0,0,0,0,0,0.0,0.0,,1,0
task_0043,family_07,B-RAG-EMBED,1.0,1.0,8,4250,4250,506.25,18,8270,1,0,0,0.99,0,0,0,0,0,0,0,0,0,0,0.0,0.0,,1,0
task_0043,family_07,B-STAGEHAND-CACHE,1.0,1.0,8,4050,4050,506.25,17,8120,1,0,0,0.99,0,0,0,0,0,0,0,0,0,0,0.0,0.0,,1,0
task_0043,family_07,B-TERX-REPLAY,1.0,1.0,8,4050,4050,506.25,17,8120,1,0,0,0.99,0,0,0,0,0,0,0,0,0,0,0.0,0.0,,1,0
task_0043,family_07,P-SPIDER-MEA-BATCHED,1.0,1.0,8,1310,1310,125.0,12,2190,1,0,0,0.9814,0,0,0,0,0,0,0,1,0,0,0.0,0.0,328a1d726ac28393,1,1
task_0043,family_07,P-WEBMCP-TOOL,1.0,1.0,8,975,975,108.75,12,1895,1,0,1,0.01,1,1,1,1,0,0,1,0,1,1,0.0,0.0,328a1d726ac28393,0,0
task_0043,family_07,NC1-SHUFFLED,1.0,1.0,8,820,820,63.75,12,1285,1,0,0,0.9768,0,0,0,0,1,0,1,0,1,0,0.3333333333333333,0.3333333333333333,626e39b9c5934fa5,1,1
task_0043,family_07,NC2-RANDOM,1.0,1.0,8,1310,1310,125.0,12,2190,1,0,1,0.7957415396075753,0,0,0,0,0,0,0,1,0,0,0.0,0.0,b2a1cdf1c6af1ccc,0,0
task_0043,family_07,NC3-LENGTH,1.0,1.0,8,4050,4050,500.0,17,8120,1,0,0,0.55,0,0,0,0,0,0,0,0,0,0,0.0,0.0,,1,0
task_0043,family_07,NC4-ABLATION,1.0,1.0,8,1220,1220,113.75,12,2125,1,0,0,0.99,0,0,0,0,0,0,1,0,0,0,0.0,0.0,328a1d726ac28393,1,1
task_0044,family_07,B-COLD,0.25,0.0,8,4050,4050,506.25,17,8120,1,0,0,0.99,0,0,0,0,0,0,0,0,0,0,1.0,0.0,,1,0
task_0044,family_07,B-RAG-EMBED,0.25,0.0,8,650,650,56.25,10,1230,1,0,0,0.99,0,0,0,0,0,0,0,0,1,0,1.0,0.0,,1,1
task_0044,family_07,B-STAGEHAND-CACHE,0.25,0.0,8,4050,4050,506.25,17,8120,1,0,0,0.99,0,0,0,0,0,0,0,0,1,0,1.0,0.0,,1,0
task_0044,family_07,B-TERX-REPLAY,0.25,0.0,8,4050,4050,506.25,17,8120,1,0,0,0.99,0,0,0,0,0,0,0,0,1,0,1.0,0.0,,1,0
task_0044,family_07,P-SPIDER-MEA-BATCHED,0.25,0.0,8,820,820,63.75,12,1285,1,0,0,0.99,0,0,0,0,1,0,1,0,1,0,1.0,1.0,2de1a6e517c920c5,1,1
task_0044,family_07,P-WEBMCP-TOOL,0.25,0.0,8,565,565,57.5,11,1105,1,0,0,0.9817,0,0,0,0,0,0,1,0,1,1,0.0,0.0,2de1a6e517c920c5,1,1
task_0044,family_07,NC1-SHUFFLED,0.25,0.0,8,1320,1320,126.25,13,2220,0,1,0,0.808997357425191,1,1,1,0,0,0,0,1,0,0,0.0,0.0,d2920499a1af2e27,0,1
task_0044,family_07,NC2-RANDOM,0.25,0.0,8,820,820,63.75,11,1220,1,0,1,0.7984582775536483,1,1,1,0,0,0,0,1,0,0,0.0,0.0,79e5661a6b267f07,0,0
task_0044,family_07,NC3-LENGTH,0.25,0.0,8,4050,4050,500.0,17,8120,1,0,0,0.55,0,0,0,0,0,0,0,0,0,0,0.0,0.0,,1,0
task_0044,family_07,NC4-ABLATION,0.25,0.0,8,820,820,63.75,12,1285,1,0,0,0.99,0,0,0,0,1,0,1,0,1,0,1.0,1.0,2de1a6e517c920c5,1,1
task_0045,family_07,B-COLD,0.5,1.0,8,4050,4050,506.25,17,8120,1,0,0,0.99,0,0,0,0,0,0,0,0,0,0,0.0,0.0,,1,0
task_0045,family_07,B-RAG-EMBED,0.5,1.0,8,4250,4250,506.25,18,8270,1,0,0,0.99,0,0,0,0,0,0,0,0,0,0,0.0,0.0,,1,0
task_0045,family_07,B-STAGEHAND-CACHE,0.5,1.0,8,4050,4050,506.25,17,8120,1,0,0,0.99,0,0,0,0,0,0,0,0,0,0,0.0,0.0,,1,0
task_0045,family_07,B-TERX-REPLAY,0.5,1.0,8,4050,4050,506.25,17,8120,1,0,0,0.99,0,0,0,0,0,0,0,0,0,0,0.0,0.0,,1,0
task_0045,family_07,P-SPIDER-MEA-BATCHED,0.5,1.0,8,1180,1180,108.75,12,2035,1,0,1,0.0348,1,1,1,1,0,0,1,0,0,0,0.0,0.0,293893f9fa9bfed2,0,0
task_0045,family_07,P-WEBMCP-TOOL,0.5,1.0,8,1015,1015,113.75,12,1985,1,0,0,0.99,0,0,0,0,0,0,1,0,1,1,0.0,0.0,293893f9fa9bfed2,1,1
task_0045,family_07,NC1-SHUFFLED,0.5,1.0,8,1310,1310,125.0,12,2190,1,0,0,0.99,0,0,0,0,0,0,0,1,0,0,0.0,0.0,09cae8bf29b7ce24,1,1
task_0045,family_07,NC2-RANDOM,0.5,1.0,8,1310,1310,125.0,12,2190,1,0,1,0.7908041966487434,0,0,0,1,0,0,0,1,0,0,0.0,0.0,f8b1e5bc5d8458e6,0,0
task_0045,family_07,NC3-LENGTH,0.5,1.0,8,4050,4050,500.0,17,8120,1,0,0,0.55,0,0,0,0,0,0,0,0,0,0,0.0,0.0,,1,0
task_0045,family_07,NC4-ABLATION,0.5,1.0,8,1180,1180,108.75,12,2035,1,0,1,0.01,1,1,1,1,0,0,1,0,0,0,0.0,0.0,293893f9fa9bfed2,0,0
task_0046,family_07,B-COLD,0.75,1.0,8,4050,4050,506.25,17,8120,1,0,0,0.99,0,0,0,0,0,0,0,0,0,0,0.0,0.0,,1,0
task_0046,family_07,B-RAG-EMBED,0.75,1.0,8,4250,4250,506.25,18,8270,1,0,0,0.99,0,0,0,0,0,0,0,0,0,0,0.0,0.0,,1,0
task_0046,family_07,B-STAGEHAND-CACHE,0.75,1.0,8,4050,4050,506.25,17,8120,1,0,0,0.99,0,0,0,0,0,0,0,0,0,0,0.0,0.0,,1,0
task_0046,family_07,B-TERX-REPLAY,0.75,1.0,8,4050,4050,506.25,17,8120,1,0,0,0.99,0,0,0,0,0,0,0,0,0,0,0.0,0.0,,1,0
task_0046,family_07,P-SPIDER-MEA-BATCHED,0.75,1.0,8,1220,1220,113.75,12,2125,1,0,1,0.01,0,0,0,1,0,0,1,0,0,0,0.0,0.0,f80eac38ede0745a,0,0
task_0046,family_07,P-WEBMCP-TOOL,0.75,1.0,8,1065,1065,120.0,12,1960,1,0,1,0.0443,1,1,1,1,0,0,0,1,1,1,0.0,0.0,f80eac38ede0745a,0,0
task_0046,family_07,NC1-SHUFFLED,0.75,1.0,8,1220,1220,113.75,12,2125,1,0,1,0.9429182211654331,0,0,0,1,0,0,1,0,0,0,0.0,0.0,fcb12c4ef15f43bf,0,0
task_0046,family_07,NC2-RANDOM,0.75,1.0,8,1270,1270,120.0,12,2100,1,0,1,0.79292396870886,1,1,1,0,0,0,0,1,0,0,0.0,0.0,972d9452bbcd9e16,0,0
task_0046,family_07,NC3-LENGTH,0.75,1.0,8,4050,4050,500.0,17,8120,1,0,0,0.55,0,0,0,0,0,0,0,0,0,0,0.0,0.0,,1,0
task_0046,family_07,NC4-ABLATION,0.75,1.0,8,1180,1180,108.75,12,2035,1,0,0,0.99,1,1,1,0,0,0,1,0,0,0,0.0,0.0,f80eac38ede0745a,1,1
task_0047,family_07,B-COLD,1.0,1.0,8,4050,4050,506.25,17,8120,1,0,0,0.99,0,0,0,0,0,0,0,0,0,0,0.0,0.0,,1,0
task_0047,family_07,B-RAG-EMBED,1.0,1.0,8,4250,4250,506.25,18,8270,1,0,0,0.99,0,0,0,0,0,0,0,0,0,0,0.0,0.0,,1,0
task_0047,family_07,B-STAGEHAND-CACHE,1.0,1.0,8,4050,4050,506.25,17,8120,1,0,0,0.99,0,0,0,0,0,0,0,0,0,0,0.0,0.0,,1,0
task_0047,family_07,B-TERX-REPLAY,1.0,1.0,8,4050,4050,506.25,17,8120,1,0,0,0.99,0,0,0,0,0,0,0,0,0,0,0.0,0.0,,1,0
task_0047,family_07,P-SPIDER-MEA-BATCHED,1.0,1.0,8,1220,1220,113.75,12,2125,1,0,1,0.0272,0,0,0,1,0,0,1,0,0,0,0.0,0.0,10b90c18576f0e80,0,0
task_0047,family_07,P-WEBMCP-TOOL,1.0,1.0,8,975,975,108.75,12,1895,1,0,0,0.99,1,1,1,0,0,0,1,0,1,1,0.0,0.0,10b90c18576f0e80,1,1
task_0047,family_07,NC1-SHUFFLED,1.0,1.0,8,1220,1220,113.75,12,2125,1,0,0,0.99,0,0,0,0,0,0,1,0,0,0,0.0,0.0,7528fa65102d4345,1,1
task_0047,family_07,NC2-RANDOM,1.0,1.0,8,1310,1310,125.0,12,2190,1,0,1,0.9283496889141811,0,0,0,0,0,0,0,1,0,0,0.0,0.0,f5a6b6c0feac6a2b,0,0
task_0047,family_07,NC3-LENGTH,1.0,1.0,8,4050,4050,500.0,17,8120,1,0,0,0.55,0,0,0,0,0,0,0,0,0,0,0.0,0.0,,1,0
task_0047,family_07,NC4-ABLATION,1.0,1.0,8,1220,1220,113.75,12,2125,1,0,0,0.99,0,0,0,0,0,0,1,0,0,0,0.0,0.0,10b90c18576f0e80,1,1
task_0048,family_08,B-COLD,0.0,0.0,9,4550,4550,505.55555555555554,19,9120,1,0,0,0.99,0,0,0,0,0,0,0,0,0,0,1.0,0.0,,1,0
task_0048,family_08,B-RAG-EMBED,0.0,0.0,9,700,700,55.55555555555556,11,1350,1,0,0,0.99,0,0,0,0,0,0,0,0,1,0,1.0,0.0,,1,1
task_0048,family_08,B-STAGEHAND-CACHE,0.0,0.0,9,500,500,55.55555555555556,10,1200,1,0,0,0.99,0,0,0,0,0,0,0,0,1,0,1.0,0.0,,1,1
task_0048,family_08,B-TERX-REPLAY,0.0,0.0,9,500,500,55.55555555555556,10,1200,1,0,0,0.99,0,0,0,0,0,0,0,0,1,0,1.0,0.0,,1,1
task_0048,family_08,P-SPIDER-MEA-BATCHED,0.0,0.0,9,830,830,57.77777777777778,13,1315,1,0,0,0.99,1,1,1,0,1,0,1,0,1,0,1.0,1.0,a04ab9cf39d091af,1,1
task_0048,family_08,P-WEBMCP-TOOL,0.0,0.0,9,575,575,52.22222222222222,12,1135,1,0,0,0.9881,1,1,1,0,0,0,1,0,1,1,0.0,0.0,a04ab9cf39d091af,1,1
task_0048,family_08,NC1-SHUFFLED,0.0,0.0,9,820,820,56.666666666666664,12,1365,1,0,1,0.9204049467483695,0,0,0,0,0,0,1,0,0,0,0.0,0.0,078c0b07b727fcd5,0,0
task_0048,family_08,NC2-RANDOM,0.0,0.0,9,910,910,66.66666666666667,12,1430,1,0,1,0.959131302449639,0,0,0,0,0,0,0,1,0,0,0.0,0.0,408df17f79949200,0,0
task_0048,family_08,NC3-LENGTH,0.0,0.0,9,4550,4550,500.0,19,9120,1,0,0,0.55,0,0,0,0,0,0,0,0,0,0,0.0,0.0,,1,0
task_0048,family_08,NC4-ABLATION,0.0,0.0,9,870,870,62.22222222222222,13,1405,1,0,0,0.99,0,0,0,0,1,0,1,0,1,0,1.0,1.0,a04ab9cf39d091af,1,1
task_0049,family_08,B-COLD,0.25,0.5,9,4550,4550,505.55555555555554,19,9120,1,0,0,0.9834,0,0,0,0,0,0,0,0,0,0,0.6666666666666666,0.0,,1,0
task_0049,family_08,B-RAG-EMBED,0.25,0.5,9,2500,2500,255.55555555555554,15,4870,1,0,0,0.9834,0,0,0,0,0,0,0,0,1,0,0.6666666666666666,0.0,,1,1
task_0049,family_08,B-STAGEHAND-CACHE,0.25,0.5,9,4550,4550,505.55555555555554,19,9120,1,0,0,0.9834,0,0,0,0,0,0,0,0,1,0,0.6666666666666666,0.0,,1,0
task_0049,family_08,B-TERX-REPLAY,0.25,0.5,9,4550,4550,505.55555555555554,19,9120,1,0,0,0.9834,0,0,0,0,0,0,0,0,1,0,0.6666666666666666,0.0,,1,0
task_0049,family_08,P-SPIDER-MEA-BATCHED,0.25,0.5,9,870,870,62.22222222222222,13,1405,1,0,1,0.01,0,1,0,1,1,0,1,0,1,0,0.6666666666666666,1.0,8966fac5f529a5d7,0,0
task_0049,family_08,P-WEBMCP-TOOL,0.25,0.5,9,705,705,66.66666666666667,12,1290,1,0,1,0.0342,0,0,0,1,0,0,0,1,1,1,0.0,0.0,8966fac5f529a5d7,0,0
task_0049,family_08,NC1-SHUFFLED,0.25,0.5,9,1720,1720,156.66666666666666,14,3125,1,0,1,0.937593217075719,0,0,0,1,0,0,1,0,0,0,0.0,0.0,94666198f33e39f2,0,0
task_0049,family_08,NC2-RANDOM,0.25,0.5,9,1810,1810,166.66666666666666,14,3190,1,0,1,0.833252243103819,0,1,0,0,0,0,0,1,0,0,0.0,0.0,c45df0d36ff570a8,0,0
task_0049,family_08,NC3-LENGTH,0.25,0.5,9,4550,4550,500.0,19,9120,1,0,0,0.55,0,0,0,0,0,0,0,0,0,0,0.0,0.0,,1,0
task_0049,family_08,NC4-ABLATION,0.25,0.5,9,870,870,62.22222222222222,13,1405,1,0,0,0.99,0,0,0,0,1,0,1,0,1,0,0.6666666666666666,1.0,8966fac5f529a5d7,1,1
task_0050,family_08,B-COLD,0.5,0.5,9,4550,4550,505.55555555555554,19,9120,1,0,0,0.99,0,0,0,0,0,0,0,0,0,0,0.6666666666666666,0.0,,1,0
task_0050,family_08,B-RAG-EMBED,0.5,0.5,9,2500,2500,255.55555555555554,15,4870,1,0,0,0.99,0,0,0,0,0,0,0,0,1,0,0.6666666666666666,0.0,,1,1
task_0050,family_08,B-STAGEHAND-CACHE,0.5,0.5,9,4550,4550,505.55555555555554,19,9120,1,0,0,0.99,0,0,0,0,0,0,0,0,1,0,0.6666666666666666,0.0,,1,0
task_0050,family_08,B-TERX-REPLAY,0.5,0.5,9,4550,4550,505.55555555555554,19,9120,1,0,0,0.99,0,0,0,0,0,0,0,0,1,0,0.6666666666666666,0.0,,1,0
task_0050,family_08,P-SPIDER-MEA-BATCHED,0.5,0.5,9,920,920,67.77777777777777,13,1380,1,0,0,0.99,1,1,1,0,1,0,0,1,1,0,0.6666666666666666,1.0,f1e4559dd080da9a,1,1
task_0050,family_08,P-WEBMCP-TOOL,0.5,0.5,9,615,615,56.666666666666664,12,1225,1,0,0,0.99,0,0,0,0,0,0,1,0,1,1,0.0,0.0,f1e4559dd080da9a,1,1
task_0050,family_08,NC1-SHUFFLED,0.5,0.5,9,960,960,72.22222222222223,13,1470,1,0,1,0.887410237165738,0,0,0,0,1,0,0,1,0,0,0.16666666666666666,0.3333333333333333,73668b88877eead2,0,0
task_0050,family_08,NC2-RANDOM,0.5,0.5,9,1770,1770,162.22222222222223,14,3100,1,0,0,0.99,1,1,1,0,0,0,0,1,0,0,0.0,0.0,f1587de91018819b,1,1
task_0050,family_08,NC3-LENGTH,0.5,0.5,9,4550,4550,500.0,19,9120,1,0,0,0.55,0,0,0,0,0,0,0,0,0,0,0.0,0.0,,1,0
task_0050,family_08,NC4-ABLATION,0.5,0.5,9,830,830,57.77777777777778,13,1315,1,0,1,0.01,1,1,1,1,1,0,1,0,1,0,0.6666666666666666,1.0,f1e4559dd080da9a,0,0
task_0051,family_08,B-COLD,0.75,1.0,9,4550,4550,505.55555555555554,19,9120,1,0,0,0.9647,0,0,0,0,0,0,0,0,0,0,0.3333333333333333,0.0,,1,0
task_0051,family_08,B-RAG-EMBED,0.75,1.0,9,4750,4750,505.55555555555554,20,9270,1,0,0,0.9647,0,0,0,0,0,0,0,0,1,0,0.3333333333333333,0.0,,1,0
task_0051,family_08,B-STAGEHAND-CACHE,0.75,1.0,9,4550,4550,505.55555555555554,19,9120,1,0,0,0.9647,0,0,0,0,0,0,0,0,1,0,0.3333333333333333,0.0,,1,0
task_0051,family_08,B-TERX-REPLAY,0.75,1.0,9,4550,4550,505.55555555555554,19,9120,1,0,0,0.9647,0,0,0,0,0,0,0,0,1,0,0.3333333333333333,0.0,,1,0
task_0051,family_08,P-SPIDER-MEA-BATCHED,0.75,1.0,9,870,870,62.22222222222222,13,1405,1,0,1,0.0405,0,0,0,1,1,0,1,0,1,0,0.3333333333333333,0.3333333333333333,12882b90191b2d76,0,0
task_0051,family_08,P-WEBMCP-TOOL,0.75,1.0,9,575,575,52.22222222222222,12,1135,1,0,1,0.047,1,1,1,1,0,0,1,0,1,1,0.0,0.0,12882b90191b2d76,0,0
task_0051,family_08,NC1-SHUFFLED,0.75,1.0,9,2180,2180,207.77777777777777,16,4035,0,1,0,0.9241209344053873,1,1,1,0,0,0,1,0,0,0,0.0,0.0,be832c1f794c7411,0,1
task_0051,family_08,NC2-RANDOM,0.75,1.0,9,1810,1810,166.66666666666666,14,3190,1,0,0,0.99,0,0,0,0,0,0,0,1,0,0,0.0,0.0,f47c9e7df41c171f,1,1
task_0051,family_08,NC3-LENGTH,0.75,1.0,9,4550,4550,500.0,19,9120,1,0,0,0.55,0,0,0,0,0,0,0,0,0,0,0.0,0.0,,1,0
task_0051,family_08,NC4-ABLATION,0.75,1.0,9,1720,1720,156.66666666666666,14,3125,1,0,1,0.0496,0,0,0,1,0,0,1,0,1,0,0.3333333333333333,0.3333333333333333,12882b90191b2d76,0,0
task_0052,family_08,B-COLD,1.0,1.0,9,4550,4550,505.55555555555554,19,9120,1,0,0,0.9877,0,0,0,0,0,0,0,0,0,0,0.6666666666666666,0.0,,1,0
task_0052,family_08,B-RAG-EMBED,1.0,1.0,9,4750,4750,505.55555555555554,20,9270,1,0,0,0.9877,0,0,0,0,0,0,0,0,1,0,0.6666666666666666,0.0,,1,0
task_0052,family_08,B-STAGEHAND-CACHE,1.0,1.0,9,4550,4550,505.55555555555554,19,9120,1,0,0,0.9877,0,0,0,0,0,0,0,0,1,0,0.6666666666666666,0.0,,1,0
task_0052,family_08,B-TERX-REPLAY,1.0,1.0,9,4550,4550,505.55555555555554,19,9120,1,0,0,0.9877,0,0,0,0,0,0,0,0,1,0,0.6666666666666666,0.0,,1,0
task_0052,family_08,P-SPIDER-MEA-BATCHED,1.0,1.0,9,870,870,62.22222222222222,13,1405,1,0,1,0.01,0,0,0,1,1,0,1,0,1,0,0.6666666666666666,1.0,45f9e7c80de71062,0,0
task_0052,family_08,P-WEBMCP-TOOL,1.0,1.0,9,575,575,52.22222222222222,12,1135,1,0,0,0.9748,1,1,1,0,0,0,1,0,1,1,0.0,0.0,45f9e7c80de71062,1,1
task_0052,family_08,NC1-SHUFFLED,1.0,1.0,9,1770,1770,162.22222222222223,14,3100,1,0,1,0.8032791202074344,1,1,1,1,0,0,0,1,0,0,0.0,0.0,ba5572e1fccafb9f,0,0
task_0052,family_08,NC2-RANDOM,1.0,1.0,9,1770,1770,162.22222222222223,14,3100,1,0,0,0.99,1,1,1,0,0,0,0,1,0,0,0.0,0.0,3f27427b7bbf1f2f,1,1
task_0052,family_08,NC3-LENGTH,1.0,1.0,9,4550,4550,500.0,19,9120,1,0,0,0.55,0,0,0,0,0,0,0,0,0,0,0.0,0.0,,1,0
task_0052,family_08,NC4-ABLATION,1.0,1.0,9,830,830,57.77777777777778,13,1315,1,0,1,0.01,1,1,1,1,1,0,1,0,1,0,0.6666666666666666,1.0,45f9e7c80de71062,0,0
task_0053,family_08,B-COLD,0.25,0.5,9,4550,4550,505.55555555555554,19,9120,1,0,0,0.9599,0,0,0,0,0,0,0,0,0,0,0.6666666666666666,0.0,,1,0
task_0053,family_08,B-RAG-EMBED,0.25,0.5,9,2500,2500,255.55555555555554,15,4870,1,0,0,0.9599,0,0,0,0,0,0,0,0,1,0,0.6666666666666666,0.0,,1,1
task_0053,family_08,B-STAGEHAND-CACHE,0.25,0.5,9,4550,4550,505.55555555555554,19,9120,1,0,0,0.9599,0,0,0,0,0,0,0,0,1,0,0.6666666666666666,0.0,,1,0
task_0053,family_08,B-TERX-REPLAY,0.25,0.5,9,4550,4550,505.55555555555554,19,9120,1,0,0,0.9599,0,0,0,0,0,0,0,0,1,0,0.6666666666666666,0.0,,1,0
task_0053,family_08,P-SPIDER-MEA-BATCHED,0.25,0.5,9,830,830,57.77777777777778,13,1315,1,0,0,0.99,1,1,1,0,1,0,1,0,1,0,0.6666666666666666,1.0,f5d6bd5b13b5c835,1,1
task_0053,family_08,P-WEBMCP-TOOL,0.25,0.5,9,575,575,52.22222222222222,12,1135,1,0,0,0.9507,1,1,1,0,0,0,1,0,1,1,0.0,0.0,f5d6bd5b13b5c835,1,1
task_0053,family_08,NC1-SHUFFLED,0.25,0.5,9,1720,1720,156.66666666666666,14,3125,1,0,1,0.8128915821230105,0,1,0,0,0,0,1,0,0,0,0.0,0.0,240596185300de58,0,0
task_0053,family_08,NC2-RANDOM,0.25,0.5,9,1770,1770,162.22222222222223,14,3100,1,0,1,0.7908813139366503,1,1,1,0,0,0,0,1,0,0,0.0,0.0,d198137590438e86,0,0
task_0053,family_08,NC3-LENGTH,0.25,0.5,9,4550,4550,500.0,19,9120,1,0,0,0.55,0,0,0,0,0,0,0,0,0,0,0.0,0.0,,1,0
task_0053,family_08,NC4-ABLATION,0.25,0.5,9,870,870,62.22222222222222,13,1405,1,0,0,0.9858,0,0,0,0,1,0,1,0,1,0,0.6666666666666666,1.0,f5d6bd5b13b5c835,1,1
task_0054,family_09,B-COLD,0.0,0.0,10,5050,5050,505.0,21,10120,1,0,0,0.9667,0,0,0,0,0,0,0,0,0,0,1.0,0.0,,1,0
task_0054,family_09,B-RAG-EMBED,0.0,0.0,10,750,750,55.0,12,1470,1,0,0,0.9667,0,0,0,0,0,0,0,0,1,0,1.0,0.0,,1,1
task_0054,family_09,B-STAGEHAND-CACHE,0.0,0.0,10,550,550,55.0,11,1320,1,0,0,0.9667,0,0,0,0,0,0,0,0,1,0,1.0,0.0,,1,1
task_0054,family_09,B-TERX-REPLAY,0.0,0.0,10,550,550,55.0,11,1320,1,0,0,0.9667,0,0,0,0,0,0,0,0,1,0,1.0,0.0,,1,1
task_0054,family_09,P-SPIDER-MEA-BATCHED,0.0,0.0,10,880,880,57.0,14,1435,1,0,0,0.9561,1,1,1,0,1,0,1,0,1,0,1.0,1.0,e80153d82da1f884,1,1
task_0054,family_09,P-WEBMCP-TOOL,0.0,0.0,10,755,755,65.0,13,1410,1,0,0,0.9607,0,0,0,0,0,0,0,1,1,1,0.0,0.0,e80153d82da1f884,1,1
task_0054,family_09,NC1-SHUFFLED,0.0,0.0,10,1380,1380,107.0,16,2435,0,1,0,0.8613054194427757,1,1,1,0,1,0,1,0,1,0,0.5,1.0,8932d02078bdb6bb,0,1
task_0054,family_09,NC2-RANDOM,0.0,0.0,10,960,960,65.0,13,1550,1,0,1,0.8501603572812979,0,0,0,0,0,0,0,1,0,0,0.0,0.0,c132c069e6cf0247,0,0
task_0054,family_09,NC3-LENGTH,0.0,0.0,10,5050,5050,500.0,21,10120,1,0,0,0.55,0,0,0,0,0,0,0,0,0,0,0.0,0.0,,1,0
task_0054,family_09,NC4-ABLATION,0.0,0.0,10,1010,1010,70.0,14,1590,1,0,0,0.9859,0,1,0,0,1,0,0,1,1,0,1.0,1.0,e80153d82da1f884,1,1
task_0055,family_09,B-COLD,0.5,0.5,10,5050,5050,505.0,21,10120,1,0,0,0.9644,0,0,0,0,0,0,0,0,0,0,0.5,0.0,,1,0
task_0055,family_09,B-RAG-EMBED,0.5,0.5,10,3000,3000,280.0,17,5870,1,0,0,0.9644,0,0,0,0,0,0,0,0,1,0,0.5,0.0,,1,1
task_0055,family_09,B-STAGEHAND-CACHE,0.5,0.5,10,5050,5050,505.0,21,10120,1,0,0,0.9644,0,0,0,0,0,0,0,0,1,0,0.5,0.0,,1,0
task_0055,family_09,B-TERX-REPLAY,0.5,0.5,10,5050,5050,505.0,21,10120,1,0,0,0.9644,0,0,0,0,0,0,0,0,1,0,0.5,0.0,,1,0
task_0055,family_09,P-SPIDER-MEA-BATCHED,0.5,0.5,10,920,920,61.0,14,1525,1,0,0,0.99,0,1,0,0,1,0,1,0,1,0,0.5,1.0,c9798761452c9832,1,1
task_0055,family_09,P-WEBMCP-TOOL,0.5,0.5,10,1115,1115,101.0,14,2225,1,0,0,0.99,0,1,0,0,0,0,1,0,1,1,0.0,0.0,c9798761452c9832,1,1
task_0055,family_09,NC1-SHUFFLED,0.5,0.5,10,1730,1730,142.0,15,3155,1,0,0,0.99,1,1,1,0,0,0,1,0,0,0,0.0,0.0,b15803882e30b48d,1,1
task_0055,family_09,NC2-RANDOM,0.5,0.5,10,1860,1860,155.0,15,3310,1,0,0,0.9691,0,0,0,0,0,0,0,1,0,0,0.0,0.0,98ddd5545098f76f,1,1
task_0055,family_09,NC3-LENGTH,0.5,0.5,10,5050,5050,500.0,21,10120,1,0,0,0.55,0,0,0,0,0,0,0,0,0,0,0.0,0.0,,1,0
task_0055,family_09,NC4-ABLATION,0.5,0.5,10,920,920,61.0,14,1525,1,0,0,0.9849,0,0,0,0,1,0,1,0,1,0,0.5,1.0,c9798761452c9832,1,1
task_0056,family_09,B-COLD,0.75,1.0,10,5050,5050,505.0,21,10120,1,0,0,0.99,0,0,0,0,0,0,0,0,0,0,0.0,0.0,,1,0
task_0056,family_09,B-RAG-EMBED,0.75,1.0,10,5250,5250,505.0,22,10270,1,0,0,0.99,0,0,0,0,0,0,0,0,0,0,0.0,0.0,,1,0
task_0056,family_09,B-STAGEHAND-CACHE,0.75,1.0,10,5050,5050,505.0,21,10120,1,0,0,0.99,0,0,0,0,0,0,0,0,0,0,0.0,0.0,,1,0
task_0056,family_09,B-TERX-REPLAY,0.75,1.0,10,5050,5050,505.0,21,10120,1,0,0,0.99,0,0,0,0,0,0,0,0,0,0,0.0,0.0,,1,0
task_0056,family_09,P-SPIDER-MEA-BATCHED,0.75,1.0,10,1770,1770,146.0,15,3245,1,0,1,0.01,0,0,0,1,0,0,1,0,0,0,0.0,0.0,4789a651211234d0,0,0
task_0056,family_09,P-WEBMCP-TOOL,0.75,1.0,10,1565,1565,146.0,15,3105,1,0,0,0.99,0,0,0,0,0,0,1,0,1,1,0.0,0.0,4789a651211234d0,1,1
task_0056,family_09,NC1-SHUFFLED,0.75,1.0,10,1730,1730,142.0,15,3155,1,0,0,0.9708,1,1,1,0,0,0,1,0,0,0,0.0,0.0,7d555f9a933f3ea2,1,1
task_0056,family_09,NC2-RANDOM,0.75,1.0,10,1820,1820,151.0,15,3220,1,0,1,0.9353813844807772,1,1,1,1,0,0,0,1,0,0,0.0,0.0,f8041a460047c8c3,0,0
task_0056,family_09,NC3-LENGTH,0.75,1.0,10,5050,5050,500.0,21,10120,1,0,0,0.55,0,0,0,0,0,0,0,0,0,0,0.0,0.0,,1,0
task_0056,family_09,NC4-ABLATION,0.75,1.0,10,1770,1770,146.0,15,3245,1,0,0,0.9657,0,1,0,0,0,0,1,0,0,0,0.0,0.0,4789a651211234d0,1,1
task_0057,family_09,B-COLD,1.0,1.0,10,5050,5050,505.0,21,10120,1,0,0,0.9886,0,0,0,0,0,0,0,0,0,0,0.0,0.0,,1,0
task_0057,family_09,B-RAG-EMBED,1.0,1.0,10,5250,5250,505.0,22,10270,1,0,0,0.9886,0,0,0,0,0,0,0,0,0,0,0.0,0.0,,1,0
task_0057,family_09,B-STAGEHAND-CACHE,1.0,1.0,10,5050,5050,505.0,21,10120,1,0,0,0.9886,0,0,0,0,0,0,0,0,0,0,0.0,0.0,,1,0
task_0057,family_09,B-TERX-REPLAY,1.0,1.0,10,5050,5050,505.0,21,10120,1,0,0,0.9886,0,0,0,0,0,0,0,0,0,0,0.0,0.0,,1,0
task_0057,family_09,P-SPIDER-MEA-BATCHED,1.0,1.0,10,1730,1730,142.0,15,3155,1,0,1,0.01,1,1,1,1,0,0,1,0,0,0,0.0,0.0,7ffcfd0f28f21a8d,0,0
task_0057,family_09,P-WEBMCP-TOOL,1.0,1.0,10,1565,1565,146.0,15,3105,1,0,0,0.99,0,1,0,0,0,0,1,0,1,1,0.0,0.0,7ffcfd0f28f21a8d,1,1
task_0057,family_09,NC1-SHUFFLED,1.0,1.0,10,920,920,61.0,14,1525,1,0,0,0.9899,0,0,0,0,1,0,1,0,0,0,0.16666666666666666,0.3333333333333333,e13d81826c9099bf,1,1
task_0057,family_09,NC2-RANDOM,1.0,1.0,10,1860,1860,155.0,15,3310,1,0,0,0.99,0,1,0,0,0,0,0,1,0,0,0.0,0.0,6c2aceec05fbb38d,1,1
task_0057,family_09,NC3-LENGTH,1.0,1.0,10,5050,5050,500.0,21,10120,1,0,0,0.55,0,0,0,0,0,0,0,0,0,0,0.0,0.0,,1,0
task_0057,family_09,NC4-ABLATION,1.0,1.0,10,1770,1770,146.0,15,3245,1,0,0,0.9788,0,1,0,0,0,0,1,0,0,0,0.0,0.0,7ffcfd0f28f21a8d,1,1
task_0058,family_09,B-COLD,0.25,0.5,10,5050,5050,505.0,21,10120,1,0,0,0.99,0,0,0,0,0,0,0,0,0,0,0.5,0.0,,1,0
task_0058,family_09,B-RAG-EMBED,0.25,0.5,10,3000,3000,280.0,17,5870,1,0,0,0.99,0,0,0,0,0,0,0,0,1,0,0.5,0.0,,1,1
task_0058,family_09,B-STAGEHAND-CACHE,0.25,0.5,10,5050,5050,505.0,21,10120,1,0,0,0.99,0,0,0,0,0,0,0,0,1,0,0.5,0.0,,1,0
task_0058,family_09,B-TERX-REPLAY,0.25,0.5,10,5050,5050,505.0,21,10120,1,0,0,0.99,0,0,0,0,0,0,0,0,1,0,0.5,0.0,,1,0
task_0058,family_09,P-SPIDER-MEA-BATCHED,0.25,0.5,10,880,880,57.0,14,1435,1,0,1,0.01,1,1,1,1,1,0,1,0,1,0,0.5,1.0,61cca73023b6e157,0,0
task_0058,family_09,P-WEBMCP-TOOL,0.25,0.5,10,1115,1115,101.0,14,2225,1,0,1,0.01,0,0,0,1,0,0,1,0,1,1,0.0,0.0,61cca73023b6e157,0,0
task_0058,family_09,NC1-SHUFFLED,0.25,0.5,10,1010,1010,70.0,14,1590,1,0,1,0.9333235218970439,0,0,0,0,1,0,0,1,1,0,0.5,1.0,0672735f3ee9d5af,0,0
task_0058,family_09,NC2-RANDOM,0.25,0.5,10,2320,2320,201.0,17,4220,0,1,0,0.9569797616915434,1,1,1,0,0,0,0,1,0,0,0.0,0.0,09ef3a80b6f51ea0,0,1
task_0058,family_09,NC3-LENGTH,0.25,0.5,10,5050,5050,500.0,21,10120,1,0,0,0.55,0,0,0,0,0,0,0,0,0,0,0.0,0.0,,1,0
task_0058,family_09,NC4-ABLATION,0.25,0.5,10,880,880,57.0,14,1435,1,0,0,0.9876,1,1,1,0,1,0,1,0,1,0,0.5,1.0,61cca73023b6e157,1,1
task_0059,family_09,B-COLD,0.5,0.5,10,5050,5050,505.0,21,10120,1,0,0,0.99,0,0,0,0,0,0,0,0,0,0,0.16666666666666666,0.0,,1,0
task_0059,family_09,B-RAG-EMBED,0.5,0.5,10,5250,5250,505.0,22,10270,1,0,0,0.99,0,0,0,0,0,0,0,0,0,0,0.16666666666666666,0.0,,1,0
task_0059,family_09,B-STAGEHAND-CACHE,0.5,0.5,10,5050,5050,505.0,21,10120,1,0,0,0.99,0,0,0,0,0,0,0,0,0,0,0.16666666666666666,0.0,,1,0
task_0059,family_09,B-TERX-REPLAY,0.5,0.5,10,5050,5050,505.0,21,10120,1,0,0,0.99,0,0,0,0,0,0,0,0,0,0,0.16666666666666666,0.0,,1,0
task_0059,family_09,P-SPIDER-MEA-BATCHED,0.5,0.5,10,920,920,61.0,14,1525,1,0,0,0.99,0,0,0,0,1,0,1,0,0,0,0.16666666666666666,0.3333333333333333,fae1771197113e19,1,1
task_0059,family_09,P-WEBMCP-TOOL,0.5,0.5,10,1075,1075,97.0,14,2135,1,0,0,0.9634,1,1,1,0,0,0,1,0,1,1,0.0,0.0,fae1771197113e19,1,1
task_0059,family_09,NC1-SHUFFLED,0.5,0.5,10,970,970,66.0,14,1500,1,0,0,0.955,1,1,1,0,1,0,0,1,1,0,0.5,1.0,0bd80063e8deb1ef,1,1
task_0059,family_09,NC2-RANDOM,0.5,0.5,10,1820,1820,151.0,15,3220,1,0,1,0.8001846563296128,1,1,1,0,0,0,0,1,0,0,0.0,0.0,5f84cebe04253573,0,0
task_0059,family_09,NC3-LENGTH,0.5,0.5,10,5050,5050,500.0,21,10120,1,0,0,0.55,0,0,0,0,0,0,0,0,0,0,0.0,0.0,,1,0
task_0059,family_09,NC4-ABLATION,0.5,0.5,10,1770,1770,146.0,15,3245,1,0,0,0.99,0,0,0,0,0,0,1,0,0,0,0.16666666666666666,0.3333333333333333,fae1771197113e19,1,1
task_0060,family_10,B-COLD,0.0,0.0,11,5550,5550,504.54545454545456,23,11120,1,0,0,0.9668,0,0,0,0,0,0,0,0,0,0,1.0,0.0,,1,0
task_0060,family_10,B-RAG-EMBED,0.0,0.0,11,800,800,54.54545454545455,13,1590,1,0,0,0.9668,0,0,0,0,0,0,0,0,1,0,1.0,0.0,,1,1
task_0060,family_10,B-STAGEHAND-CACHE,0.0,0.0,11,600,600,54.54545454545455,12,1440,1,0,0,0.9668,0,0,0,0,0,0,0,0,1,0,1.0,0.0,,1,1
task_0060,family_10,B-TERX-REPLAY,0.0,0.0,11,600,600,54.54545454545455,12,1440,1,0,0,0.9668,0,0,0,0,0,0,0,0,1,0,1.0,0.0,,1,1
task_0060,family_10,P-SPIDER-MEA-BATCHED,0.0,0.0,11,970,970,60.0,15,1645,1,0,0,0.99,0,0,0,0,1,0,1,0,1,0,1.0,1.0,9ed7676c0f917881,1,1
task_0060,family_10,P-WEBMCP-TOOL,0.0,0.0,11,715,715,55.45454545454545,14,1465,1,0,0,0.9884,0,0,0,0,0,0,1,0,1,1,0.0,0.0,9ed7676c0f917881,1,1
task_0060,family_10,NC1-SHUFFLED,0.0,0.0,11,1060,1060,68.18181818181819,15,1710,1,0,1,0.8421737527395353,0,0,0,0,1,0,0,1,0,0,0.2222222222222222,0.3333333333333333,037cd45032143a26,0,0
task_0060,family_10,NC2-RANDOM,0.0,0.0,11,1470,1470,105.45454545454545,16,2580,0,1,0,0.903471048194983,1,1,1,0,0,0,0,1,0,0,0.0,0.0,72858926cfaa1ace,0,1
task_0060,family_10,NC3-LENGTH,0.0,0.0,11,5550,5550,500.0,23,11120,1,0,0,0.55,0,0,0,0,0,0,0,0,0,0,0.0,0.0,,1,0
task_0060,family_10,NC4-ABLATION,0.0,0.0,11,930,930,56.36363636363637,15,1555,1,0,0,0.99,1,1,1,0,1,0,1,0,1,0,1.0,1.0,9ed7676c0f917881,1,1
task_0061,family_10,B-COLD,0.75,0.6667,11,5550,5550,504.54545454545456,23,11120,1,0,0,0.9591,0,0,0,0,0,0,0,0,0,0,0.5555555555555556,0.0,,1,0
task_0061,family_10,B-RAG-EMBED,0.75,0.6667,11,3950,3950,340.90909090909093,20,7750,1,0,0,0.9591,0,0,0,0,0,0,0,0,1,0,0.5555555555555556,0.0,,1,1
task_0061,family_10,B-STAGEHAND-CACHE,0.75,0.6667,11,5550,5550,504.54545454545456,23,11120,1,0,0,0.9591,0,0,0,0,0,0,0,0,1,0,0.5555555555555556,0.0,,1,0
task_0061,family_10,B-TERX-REPLAY,0.75,0.6667,11,5550,5550,504.54545454545456,23,11120,1,0,0,0.9591,0,0,0,0,0,0,0,0,1,0,0.5555555555555556,0.0,,1,0
task_0061,family_10,P-SPIDER-MEA-BATCHED,0.75,0.6667,11,930,930,56.36363636363637,15,1555,1,0,0,0.9544,1,1,1,0,1,0,1,0,1,0,0.5555555555555556,1.0,985163b0d3147aac,1,1
task_0061,family_10,P-WEBMCP-TOOL,0.75,0.6667,11,715,715,55.45454545454545,14,1465,1,0,1,0.0106,0,1,0,1,0,0,1,0,1,1,0.0,0.0,985163b0d3147aac,0,0
task_0061,family_10,NC1-SHUFFLED,0.75,0.6667,11,970,970,60.0,15,1645,1,0,1,0.8852189699326181,0,0,0,0,1,0,1,0,0,0,0.2222222222222222,0.3333333333333333,2225e74312883446,0,0
task_0061,family_10,NC2-RANDOM,0.75,0.6667,11,2360,2360,186.36363636363637,17,4310,1,0,1,0.9231360988007787,0,0,0,0,0,0,0,1,0,0,0.0,0.0,55cdf1fcd58e4191,0,0
task_0061,family_10,NC3-LENGTH,0.75,0.6667,11,5550,5550,500.0,23,11120,1,0,0,0.55,0,0,0,0,0,0,0,0,0,0,0.0,0.0,,1,0
task_0061,family_10,NC4-ABLATION,0.75,0.6667,11,1020,1020,64.54545454545455,15,1620,1,0,0,0.99,1,1,1,0,1,0,0,1,1,0,0.5555555555555556,1.0,985163b0d3147aac,1,1
task_0062,family_10,B-COLD,1.0,1.0,11,5550,5550,504.54545454545456,23,11120,1,0,0,0.99,0,0,0,0,0,0,0,0,0,0,0.3333333333333333,0.0,,1,0
task_0062,family_10,B-RAG-EMBED,1.0,1.0,11,5750,5750,504.54545454545456,24,11270,1,0,0,0.99,0,0,0,0,0,0,0,0,1,0,0.3333333333333333,0.0,,1,0
task_0062,family_10,B-STAGEHAND-CACHE,1.0,1.0,11,5550,5550,504.54545454545456,23,11120,1,0,0,0.99,0,0,0,0,0,0,0,0,1,0,0.3333333333333333,0.0,,1,0
task_0062,family_10,B-TERX-REPLAY,1.0,1.0,11,5550,5550,504.54545454545456,23,11120,1,0,0,0.99,0,0,0,0,0,0,0,0,1,0,0.3333333333333333,0.0,,1,0
task_0062,family_10,P-SPIDER-MEA-BATCHED,1.0,1.0,11,930,930,56.36363636363637,15,1555,1,0,0,0.99,1,1,1,0,1,0,1,0,1,0,0.3333333333333333,0.3333333333333333,b9b876abe4286f91,1,1
task_0062,family_10,P-WEBMCP-TOOL,1.0,1.0,11,765,765,60.0,14,1440,1,0,1,0.0347,1,1,1,1,0,0,0,1,1,1,0.0,0.0,b9b876abe4286f91,0,0
task_0062,family_10,NC1-SHUFFLED,1.0,1.0,11,1520,1520,110.0,17,2620,0,1,0,0.8093449943465226,1,1,1,0,1,0,0,1,0,0,0.1111111111111111,0.3333333333333333,475d6e500a989034,0,1
task_0062,family_10,NC2-RANDOM,1.0,1.0,11,2320,2320,182.72727272727272,17,4220,1,0,0,0.99,1,1,1,0,0,0,0,1,0,0,0.0,0.0,44b9f73b7f8aafb9,1,1
task_0062,family_10,NC3-LENGTH,1.0,1.0,11,5550,5550,500.0,23,11120,1,0,0,0.55,0,0,0,0,0,0,0,0,0,0,0.0,0.0,,1,0
task_0062,family_10,NC4-ABLATION,1.0,1.0,11,2230,2230,174.54545454545453,17,4155,1,0,0,0.962,1,1,1,0,0,0,1,0,1,0,0.3333333333333333,0.3333333333333333,b9b876abe4286f91,1,1
task_0063,family_10,B-COLD,0.25,0.3333,11,5550,5550,504.54545454545456,23,11120,1,0,0,0.99,0,0,0,0,0,0,0,0,0,0,0.7777777777777778,0.0,,1,0
task_0063,family_10,B-RAG-EMBED,0.25,0.3333,11,2600,2600,218.1818181818182,17,5110,1,0,0,0.99,0,0,0,0,0,0,0,0,1,0,0.7777777777777778,0.0,,1,1
task_0063,family_10,B-STAGEHAND-CACHE,0.25,0.3333,11,5550,5550,504.54545454545456,23,11120,1,0,0,0.99,0,0,0,0,0,0,0,0,1,0,0.7777777777777778,0.0,,1,0
task_0063,family_10,B-TERX-REPLAY,0.25,0.3333,11,5550,5550,504.54545454545456,23,11120,1,0,0,0.99,0,0,0,0,0,0,0,0,1,0,0.7777777777777778,0.0,,1,0
task_0063,family_10,P-SPIDER-MEA-BATCHED,0.25,0.3333,11,930,930,56.36363636363637,15,1555,1,0,0,0.99,1,1,1,0,1,0,1,0,1,0,0.7777777777777778,1.0,628969ea9d74df41,1,1
task_0063,family_10,P-WEBMCP-TOOL,0.25,0.3333,11,675,675,51.81818181818182,14,1375,1,0,0,0.9698,1,1,1,0,0,0,1,0,1,1,0.0,0.0,628969ea9d74df41,1,1
task_0063,family_10,NC1-SHUFFLED,0.25,0.3333,11,970,970,60.0,15,1645,1,0,1,0.8980138165053229,0,0,0,0,1,0,1,0,1,0,0.4444444444444444,1.0,ce6fbed690d51505,0,0
task_0063,family_10,NC2-RANDOM,0.25,0.3333,11,2360,2360,186.36363636363637,17,4310,1,0,0,0.99,0,1,0,0,0,0,0,1,0,0,0.0,0.0,25e580e97a887338,1,1
task_0063,family_10,NC3-LENGTH,0.25,0.3333,11,5550,5550,500.0,23,11120,1,0,0,0.55,0,0,0,0,0,0,0,0,0,0,0.0,0.0,,1,0
task_0063,family_10,NC4-ABLATION,0.25,0.3333,11,930,930,56.36363636363637,15,1555,1,0,0,0.99,1,1,1,0,1,0,1,0,1,0,0.7777777777777778,1.0,628969ea9d74df41,1,1
task_0064,family_10,B-COLD,0.5,0.6667,11,5550,5550,504.54545454545456,23,11120,1,0,0,0.99,0,0,0,0,0,0,0,0,0,0,0.7777777777777778,0.0,,1,0
task_0064,family_10,B-RAG-EMBED,0.5,0.6667,11,3950,3950,340.90909090909093,20,7750,1,0,0,0.99,0,0,0,0,0,0,0,0,1,0,0.7777777777777778,0.0,,1,1
task_0064,family_10,B-STAGEHAND-CACHE,0.5,0.6667,11,5550,5550,504.54545454545456,23,11120,1,0,0,0.99,0,0,0,0,0,0,0,0,1,0,0.7777777777777778,0.0,,1,0
task_0064,family_10,B-TERX-REPLAY,0.5,0.6667,11,5550,5550,504.54545454545456,23,11120,1,0,0,0.99,0,0,0,0,0,0,0,0,1,0,0.7777777777777778,0.0,,1,0
task_0064,family_10,P-SPIDER-MEA-BATCHED,0.5,0.6667,11,930,930,56.36363636363637,15,1555,1,0,0,0.99,1,1,1,0,1,0,1,0,1,0,0.7777777777777778,1.0,51b41f145311f9fe,1,1
task_0064,family_10,P-WEBMCP-TOOL,0.5,0.6667,11,675,675,51.81818181818182,14,1375,1,0,0,0.9867,1,1,1,0,0,0,1,0,1,1,0.0,0.0,51b41f145311f9fe,1,1
task_0064,family_10,NC1-SHUFFLED,0.5,0.6667,11,970,970,60.0,15,1645,1,0,1,0.8873206426400203,0,0,0,0,1,0,1,0,1,0,0.3333333333333333,1.0,8b5cdb2bece15358,0,0
task_0064,family_10,NC2-RANDOM,0.5,0.6667,11,2360,2360,186.36363636363637,17,4310,1,0,1,0.9026414337490211,0,0,0,0,0,0,0,1,0,0,0.0,0.0,775c50c4188cc783,0,0
task_0064,family_10,NC3-LENGTH,0.5,0.6667,11,5550,5550,500.0,23,11120,1,0,0,0.55,0,0,0,0,0,0,0,0,0,0,0.0,0.0,,1,0
task_0064,family_10,NC4-ABLATION,0.5,0.6667,11,930,930,56.36363636363637,15,1555,1,0,0,0.99,1,1,1,0,1,0,1,0,1,0,0.7777777777777778,1.0,51b41f145311f9fe,1,1
task_0065,family_10,B-COLD,0.75,0.6667,11,5550,5550,504.54545454545456,23,11120,1,0,0,0.99,0,0,0,0,0,0,0,0,0,0,0.7777777777777778,0.0,,1,0
task_0065,family_10,B-RAG-EMBED,0.75,0.6667,11,3950,3950,340.90909090909093,20,7750,1,0,0,0.99,0,0,0,0,0,0,0,0,1,0,0.7777777777777778,0.0,,1,1
task_0065,family_10,B-STAGEHAND-CACHE,0.75,0.6667,11,5550,5550,504.54545454545456,23,11120,1,0,0,0.99,0,0,0,0,0,0,0,0,1,0,0.7777777777777778,0.0,,1,0
task_0065,family_10,B-TERX-REPLAY,0.75,0.6667,11,5550,5550,504.54545454545456,23,11120,1,0,0,0.99,0,0,0,0,0,0,0,0,1,0,0.7777777777777778,0.0,,1,0
task_0065,family_10,P-SPIDER-MEA-BATCHED,0.75,0.6667,11,930,930,56.36363636363637,15,1555,1,0,0,0.99,1,1,1,0,1,0,1,0,1,0,0.7777777777777778,1.0,2f7f7b0c25302734,1,1
task_0065,family_10,P-WEBMCP-TOOL,0.75,0.6667,11,715,715,55.45454545454545,14,1465,1,0,0,0.99,0,0,0,0,0,0,1,0,1,1,0.0,0.0,2f7f7b0c25302734,1,1
task_0065,family_10,NC1-SHUFFLED,0.75,0.6667,11,970,970,60.0,15,1645,1,0,1,0.830320181936896,0,0,0,0,1,0,1,0,0,0,0.1111111111111111,0.3333333333333333,55f5162161a3cc69,0,0
task_0065,family_10,NC2-RANDOM,0.75,0.6667,11,2820,2820,228.1818181818182,19,5220,0,1,0,0.9509808585979267,1,1,1,0,0,0,0,1,0,0,0.0,0.0,ea9df34841ef6ef1,0,1
task_0065,family_10,NC3-LENGTH,0.75,0.6667,11,5550,5550,500.0,23,11120,1,0,0,0.55,0,0,0,0,0,0,0,0,0,0,0.0,0.0,,1,0
task_0065,family_10,NC4-ABLATION,0.75,0.6667,11,930,930,56.36363636363637,15,1555,1,0,0,0.99,1,1,1,0,1,0,1,0,1,0,0.7777777777777778,1.0,2f7f7b0c25302734,1,1
task_0066,family_11,B-COLD,0.0,0.0,12,6050,6050,504.1666666666667,25,12120,1,0,0,0.98,0,0,0,0,0,0,0,0,0,0,1.0,0.0,,1,0
task_0066,family_11,B-RAG-EMBED,0.0,0.0,12,850,850,54.166666666666664,14,1710,1,0,0,0.98,0,0,0,0,0,0,0,0,1,0,1.0,0.0,,1,1
task_0066,family_11,B-STAGEHAND-CACHE,0.0,0.0,12,650,650,54.166666666666664,13,1560,1,0,0,0.98,0,0,0,0,0,0,0,0,1,0,1.0,0.0,,1,1
task_0066,family_11,B-TERX-REPLAY,0.0,0.0,12,650,650,54.166666666666664,13,1560,1,0,0,0.98,0,0,0,0,0,0,0,0,1,0,1.0,0.0,,1,1
task_0066,family_11,P-SPIDER-MEA-BATCHED,0.0,0.0,12,980,980,55.833333333333336,16,1675,1,0,0,0.99,1,1,1,0,1,0,1,0,1,0,1.0,1.0,1c36d425f9e9fb13,1,1
task_0066,family_11,P-WEBMCP-TOOL,0.0,0.0,12,765,765,55.0,15,1585,1,0,0,0.99,0,0,0,0,0,0,1,0,1,1,0.0,0.0,1c36d425f9e9fb13,1,1
task_0066,family_11,NC1-SHUFFLED,0.0,0.0,12,970,970,55.0,15,1725,1,0,1,0.8662503648326974,0,0,0,0,0,0,1,0,0,0,0.0,0.0,85e4f497d57197dd,0,0
task_0066,family_11,NC2-RANDOM,0.0,0.0,12,1020,1020,59.166666666666664,15,1700,1,0,1,0.8101369305965618,1,1,1,0,0,0,0,1,0,0,0.0,0.0,5ba6b677efef2dfc,0,0
task_0066,family_11,NC3-LENGTH,0.0,0.0,12,6050,6050,500.0,25,12120,1,0,0,0.55,0,0,0,0,0,0,0,0,0,0,0.0,0.0,,1,0
task_0066,family_11,NC4-ABLATION,0.0,0.0,12,1020,1020,59.166666666666664,16,1765,1,0,0,0.99,0,0,0,0,1,0,1,0,1,0,1.0,1.0,1c36d425f9e9fb13,1,1
task_0067,family_11,B-COLD,1.0,1.0,12,6050,6050,504.1666666666667,25,12120,1,0,0,0.99,0,0,0,0,0,0,0,0,0,0,0.0,0.0,,1,0
task_0067,family_11,B-RAG-EMBED,1.0,1.0,12,6250,6250,504.1666666666667,26,12270,1,0,0,0.99,0,0,0,0,0,0,0,0,0,0,0.0,0.0,,1,0
task_0067,family_11,B-STAGEHAND-CACHE,1.0,1.0,12,6050,6050,504.1666666666667,25,12120,1,0,0,0.99,0,0,0,0,0,0,0,0,0,0,0.0,0.0,,1,0
task_0067,family_11,B-TERX-REPLAY,1.0,1.0,12,6050,6050,504.1666666666667,25,12120,1,0,0,0.99,0,0,0,0,0,0,0,0,0,0,0.0,0.0,,1,0
task_0067,family_11,P-SPIDER-MEA-BATCHED,1.0,1.0,12,1510,1510,100.0,16,2670,1,0,0,0.9663,0,0,0,0,0,0,0,1,0,0,0.0,0.0,de1ba5a0e746bfe1,1,1
task_0067,family_11,P-WEBMCP-TOOL,1.0,1.0,12,1175,1175,89.16666666666667,16,2375,1,0,1,0.01,1,1,1,1,0,0,1,0,1,1,0.0,0.0,de1ba5a0e746bfe1,0,0
task_0067,family_11,NC1-SHUFFLED,1.0,1.0,12,1510,1510,100.0,16,2670,1,0,1,0.8967570322654546,0,0,0,1,0,0,0,1,0,0,0.0,0.0,2e6e4849f3bd48e4,0,0
task_0067,family_11,NC2-RANDOM,1.0,1.0,12,1510,1510,100.0,16,2670,1,0,1,0.8005231323039761,0,0,0,0,0,0,0,1,0,0,0.0,0.0,190f7ab5e28a4814,0,0
task_0067,family_11,NC3-LENGTH,1.0,1.0,12,6050,6050,500.0,25,12120,1,0,0,0.55,0,0,0,0,0,0,0,0,0,0,0.0,0.0,,1,0
task_0067,family_11,NC4-ABLATION,1.0,1.0,12,1420,1420,92.5,16,2605,1,0,0,0.99,0,0,0,0,0,0,1,0,0,0,0.0,0.0,de1ba5a0e746bfe1,1,1
task_0068,family_11,B-COLD,0.25,0.0,12,6050,6050,504.1666666666667,25,12120,1,0,0,0.9849,0,0,0,0,0,0,0,0,0,0,1.0,0.0,,1,0
task_0068,family_11,B-RAG-EMBED,0.25,0.0,12,850,850,54.166666666666664,14,1710,1,0,0,0.9849,0,0,0,0,0,0,0,0,1,0,1.0,0.0,,1,1
task_0068,family_11,B-STAGEHAND-CACHE,0.25,0.0,12,6050,6050,504.1666666666667,25,12120,1,0,0,0.9849,0,0,0,0,0,0,0,0,1,0,1.0,0.0,,1,0
task_0068,family_11,B-TERX-REPLAY,0.25,0.0,12,6050,6050,504.1666666666667,25,12120,1,0,0,0.9849,0,0,0,0,0,0,0,0,1,0,1.0,0.0,,1,0
task_0068,family_11,P-SPIDER-MEA-BATCHED,0.25,0.0,12,1020,1020,59.166666666666664,16,1765,1,0,0,0.9537,0,1,0,0,1,0,1,0,1,0,1.0,1.0,3ef65c9c7e87df39,1,1
task_0068,family_11,P-WEBMCP-TOOL,0.25,0.0,12,765,765,55.0,15,1585,1,0,0,0.9583,0,0,0,0,0,0,1,0,1,1,0.0,0.0,3ef65c9c7e87df39,1,1
task_0068,family_11,NC1-SHUFFLED,0.25,0.0,12,930,930,51.666666666666664,15,1635,1,0,1,0.8524421649274616,1,1,1,0,0,0,1,0,0,0,0.0,0.0,83f9c42c7d1fc84b,0,0
task_0068,family_11,NC2-RANDOM,0.25,0.0,12,1020,1020,59.166666666666664,15,1700,1,0,0,0.99,1,1,1,0,0,0,0,1,0,0,0.0,0.0,b22e6fb8df6def36,1,1
task_0068,family_11,NC3-LENGTH,0.25,0.0,12,6050,6050,500.0,25,12120,1,0,0,0.55,0,0,0,0,0,0,0,0,0,0,0.0,0.0,,1,0
task_0068,family_11,NC4-ABLATION,0.25,0.0,12,980,980,55.833333333333336,16,1675,1,0,0,0.9782,1,1,1,0,1,0,1,0,1,0,1.0,1.0,3ef65c9c7e87df39,1,1
task_0069,family_11,B-COLD,0.5,1.0,12,6050,6050,504.1666666666667,25,12120,1,0,0,0.9691,0,0,0,0,0,0,0,0,0,0,0.0,0.0,,1,0
task_0069,family_11,B-RAG-EMBED,0.5,1.0,12,6250,6250,504.1666666666667,26,12270,1,0,0,0.9691,0,0,0,0,0,0,0,0,0,0,0.0,0.0,,1,0
task_0069,family_11,B-STAGEHAND-CACHE,0.5,1.0,12,6050,6050,504.1666666666667,25,12120,1,0,0,0.9691,0,0,0,0,0,0,0,0,0,0,0.0,0.0,,1,0
task_0069,family_11,B-TERX-REPLAY,0.5,1.0,12,6050,6050,504.1666666666667,25,12120,1,0,0,0.9691,0,0,0,0,0,0,0,0,0,0,0.0,0.0,,1,0
task_0069,family_11,P-SPIDER-MEA-BATCHED,0.5,1.0,12,1420,1420,92.5,16,2605,1,0,0,0.99,0,1,0,0,0,0,1,0,0,0,0.0,0.0,d9799c1edd32cd22,1,1
task_0069,family_11,P-WEBMCP-TOOL,0.5,1.0,12,1305,1305,100.0,16,2530,1,0,0,0.9795,0,1,0,0,0,0,0,1,1,1,0.0,0.0,d9799c1edd32cd22,1,1
task_0069,family_11,NC1-SHUFFLED,0.5,1.0,12,1380,1380,89.16666666666667,16,2515,1,0,1,0.891518313573198,1,1,1,1,0,0,1,0,0,0,0.0,0.0,e5c2c054136894ab,0,0
task_0069,family_11,NC2-RANDOM,0.5,1.0,12,1470,1470,96.66666666666667,16,2580,1,0,1,0.9009515064938984,1,1,1,1,0,0,0,1,0,0,0.0,0.0,9922f87469ef7b8b,0,0
task_0069,family_11,NC3-LENGTH,0.5,1.0,12,6050,6050,500.0,25,12120,1,0,0,0.55,0,0,0,0,0,0,0,0,0,0,0.0,0.0,,1,0
task_0069,family_11,NC4-ABLATION,0.5,1.0,12,1380,1380,89.16666666666667,16,2515,1,0,0,0.99,1,1,1,0,0,0,1,0,0,0,0.0,0.0,d9799c1edd32cd22,1,1
task_0070,family_11,B-COLD,0.75,1.0,12,6050,6050,504.1666666666667,25,12120,1,0,0,0.9887,0,0,0,0,0,0,0,0,0,0,0.0,0.0,,1,0
task_0070,family_11,B-RAG-EMBED,0.75,1.0,12,6250,6250,504.1666666666667,26,12270,1,0,0,0.9887,0,0,0,0,0,0,0,0,0,0,0.0,0.0,,1,0
task_0070,family_11,B-STAGEHAND-CACHE,0.75,1.0,12,6050,6050,504.1666666666667,25,12120,1,0,0,0.9887,0,0,0,0,0,0,0,0,0,0,0.0,0.0,,1,0
task_0070,family_11,B-TERX-REPLAY,0.75,1.0,12,6050,6050,504.1666666666667,25,12120,1,0,0,0.9887,0,0,0,0,0,0,0,0,0,0,0.0,0.0,,1,0
task_0070,family_11,P-SPIDER-MEA-BATCHED,0.75,1.0,12,1420,1420,92.5,16,2605,1,0,1,0.028,0,0,0,1,0,0,1,0,0,0,0.0,0.0,95f43b5ecfb0754e,0,0
task_0070,family_11,P-WEBMCP-TOOL,0.75,1.0,12,1175,1175,89.16666666666667,16,2375,1,0,1,0.0272,1,1,1,1,0,0,1,0,1,1,0.0,0.0,95f43b5ecfb0754e,0,0
task_0070,family_11,NC1-SHUFFLED,0.75,1.0,12,1420,1420,92.5,16,2605,1,0,1,0.9527175144342519,0,0,0,0,0,0,1,0,0,0,0.0,0.0,7f2d70b4e32a7583,0,0
task_0070,family_11,NC2-RANDOM,0.75,1.0,12,1510,1510,100.0,16,2670,1,0,1,0.8852190548129671,0,0,0,0,0,0,0,1,0,0,0.0,0.0,e648ad7ee048ea87,0,0
task_0070,family_11,NC3-LENGTH,0.75,1.0,12,6050,6050,500.0,25,12120,1,0,0,0.55,0,0,0,0,0,0,0,0,0,0,0.0,0.0,,1,0
task_0070,family_11,NC4-ABLATION,0.75,1.0,12,1380,1380,89.16666666666667,16,2515,1,0,0,0.9621,1,1,1,0,0,0,1,0,0,0,0.0,0.0,95f43b5ecfb0754e,1,1
task_0071,family_11,B-COLD,1.0,1.0,12,6050,6050,504.1666666666667,25,12120,1,0,0,0.9615,0,0,0,0,0,0,0,0,0,0,0.0,0.0,,1,0
task_0071,family_11,B-RAG-EMBED,1.0,1.0,12,6250,6250,504.1666666666667,26,12270,1,0,0,0.9615,0,0,0,0,0,0,0,0,0,0,0.0,0.0,,1,0
task_0071,family_11,B-STAGEHAND-CACHE,1.0,1.0,12,6050,6050,504.1666666666667,25,12120,1,0,0,0.9615,0,0,0,0,0,0,0,0,0,0,0.0,0.0,,1,0
task_0071,family_11,B-TERX-REPLAY,1.0,1.0,12,6050,6050,504.1666666666667,25,12120,1,0,0,0.9615,0,0,0,0,0,0,0,0,0,0,0.0,0.0,,1,0
task_0071,family_11,P-SPIDER-MEA-BATCHED,1.0,1.0,12,1420,1420,92.5,16,2605,1,0,0,0.9693,0,0,0,0,0,0,1,0,0,0,0.0,0.0,d4f02f8596247ae5,1,1
task_0071,family_11,P-WEBMCP-TOOL,1.0,1.0,12,1175,1175,89.16666666666667,16,2375,1,0,0,0.9869,1,1,1,0,0,0,1,0,1,1,0.0,0.0,d4f02f8596247ae5,1,1
task_0071,family_11,NC1-SHUFFLED,1.0,1.0,12,1420,1420,92.5,16,2605,1,0,1,0.7906831587637858,0,0,0,0,0,0,1,0,0,0,0.0,0.0,b2e63a79d4a67126,0,0
task_0071,family_11,NC2-RANDOM,1.0,1.0,12,1470,1470,96.66666666666667,16,2580,1,0,1,0.8021583230693886,1,1,1,0,0,0,0,1,0,0,0.0,0.0,0bdc6ea35c5fccfd,0,0
task_0071,family_11,NC3-LENGTH,1.0,1.0,12,6050,6050,500.0,25,12120,1,0,0,0.55,0,0,0,0,0,0,0,0,0,0,0.0,0.0,,1,0
task_0071,family_11,NC4-ABLATION,1.0,1.0,12,1420,1420,92.5,16,2605,1,0,0,0.99,0,1,0,0,0,0,1,0,0,0,0.0,0.0,d4f02f8596247ae5,1,1
task_0072,family_12,B-COLD,0.0,0.0,13,6550,6550,503.84615384615387,27,13120,1,0,0,0.99,0,0,0,0,0,0,0,0,0,0,1.0,0.0,,1,0
task_0072,family_12,B-RAG-EMBED,0.0,0.0,13,900,900,53.84615384615385,15,1830,1,0,0,0.99,0,0,0,0,0,0,0,0,1,0,1.0,0.0,,1,1
task_0072,family_12,B-STAGEHAND-CACHE,0.0,0.0,13,700,700,53.84615384615385,14,1680,1,0,0,0.99,0,0,0,0,0,0,0,0,1,0,1.0,0.0,,1,1
task_0072,family_12,B-TERX-REPLAY,0.0,0.0,13,700,700,53.84615384615385,14,1680,1,0,0,0.99,0,0,0,0,0,0,0,0,1,0,1.0,0.0,,1,1
task_0072,family_12,P-SPIDER-MEA-BATCHED,0.0,0.0,13,1030,1030,55.38461538461539,17,1795,1,0,0,0.99,1,1,1,0,1,0,1,0,1,0,1.0,1.0,1f364f30ef746d2a,1,1
task_0072,family_12,P-WEBMCP-TOOL,0.0,0.0,13,815,815,54.61538461538461,16,1705,1,0,0,0.99,0,0,0,0,0,0,1,0,1,1,0.0,0.0,1f364f30ef746d2a,1,1
task_0072,family_12,NC1-SHUFFLED,0.0,0.0,13,1070,1070,58.46153846153846,17,1885,1,0,0,0.99,0,0,0,0,1,0,1,0,0,0,0.16666666666666666,0.3333333333333333,73d2b93fb60fba60,1,1
task_0072,family_12,NC2-RANDOM,0.0,0.0,13,1570,1570,96.92307692307692,18,2820,0,1,0,0.9478885844780641,1,1,1,0,0,0,0,1,0,0,0.0,0.0,75edafa24bdbc392,0,1
task_0072,family_12,NC3-LENGTH,0.0,0.0,13,6550,6550,500.0,27,13120,1,0,0,0.55,0,0,0,0,0,0,0,0,0,0,0.0,0.0,,1,0
task_0072,family_12,NC4-ABLATION,0.0,0.0,13,1070,1070,58.46153846153846,17,1885,1,0,0,0.9878,0,0,0,0,1,0,1,0,1,0,1.0,1.0,1f364f30ef746d2a,1,1
task_0073,family_12,B-COLD,0.25,0.5,13,6550,6550,503.84615384615387,27,13120,1,0,0,0.99,0,0,0,0,0,0,0,0,0,0,0.6666666666666666,0.0,,1,0
task_0073,family_12,B-RAG-EMBED,0.25,0.5,13,3600,3600,261.53846153846155,21,7110,1,0,0,0.99,0,0,0,0,0,0,0,0,1,0,0.6666666666666666,0.0,,1,1
task_0073,family_12,B-STAGEHAND-CACHE,0.25,0.5,13,6550,6550,503.84615384615387,27,13120,1,0,0,0.99,0,0,0,0,0,0,0,0,1,0,0.6666666666666666,0.0,,1,0
task_0073,family_12,B-TERX-REPLAY,0.25,0.5,13,6550,6550,503.84615384615387,27,13120,1,0,0,0.99,0,0,0,0,0,0,0,0,1,0,0.6666666666666666,0.0,,1,0
task_0073,family_12,P-SPIDER-MEA-BATCHED,0.25,0.5,13,1160,1160,65.38461538461539,17,1950,1,0,0,0.9722,0,1,0,0,1,0,0,1,1,0,0.6666666666666666,1.0,e698902b764d9088,1,1
task_0073,family_12,P-WEBMCP-TOOL,0.25,0.5,13,775,775,51.53846153846154,16,1615,1,0,0,0.99,1,1,1,0,0,0,1,0,1,1,0.0,0.0,e698902b764d9088,1,1
task_0073,family_12,NC1-SHUFFLED,0.25,0.5,13,2380,2380,159.23076923076923,20,4515,0,1,0,0.8077948510828146,1,1,1,0,0,0,1,0,0,0,0.0,0.0,d912fb066a18da5d,0,1
task_0073,family_12,NC2-RANDOM,0.25,0.5,13,1970,1970,127.6923076923077,18,3580,1,0,0,0.99,1,1,1,0,0,0,0,1,0,0,0.0,0.0,f2ffa5721255145e,1,1
task_0073,family_12,NC3-LENGTH,0.25,0.5,13,6550,6550,500.0,27,13120,1,0,0,0.55,0,0,0,0,0,0,0,0,0,0,0.0,0.0,,1,0
task_0073,family_12,NC4-ABLATION,0.25,0.5,13,1030,1030,55.38461538461539,17,1795,1,0,0,0.99,1,1,1,0,1,0,1,0,1,0,0.6666666666666666,1.0,e698902b764d9088,1,1
task_0074,family_12,B-COLD,0.5,0.5,13,6550,6550,503.84615384615387,27,13120,1,0,0,0.99,0,0,0,0,0,0,0,0,0,0,0.6666666666666666,0.0,,1,0
task_0074,family_12,B-RAG-EMBED,0.5,0.5,13,3600,3600,261.53846153846155,21,7110,1,0,0,0.99,0,0,0,0,0,0,0,0,1,0,0.6666666666666666,0.0,,1,1
task_0074,family_12,B-STAGEHAND-CACHE,0.5,0.5,13,6550,6550,503.84615384615387,27,13120,1,0,0,0.99,0,0,0,0,0,0,0,0,1,0,0.6666666666666666,0.0,,1,0
task_0074,family_12,B-TERX-REPLAY,0.5,0.5,13,6550,6550,503.84615384615387,27,13120,1,0,0,0.99,0,0,0,0,0,0,0,0,1,0,0.6666666666666666,0.0,,1,0
task_0074,family_12,P-SPIDER-MEA-BATCHED,0.5,0.5,13,1030,1030,55.38461538461539,17,1795,1,0,0,0.99,1,1,1,0,1,0,1,0,1,0,0.6666666666666666,1.0,cb7bea942436d3ba,1,1
task_0074,family_12,P-WEBMCP-TOOL,0.5,0.5,13,865,865,58.46153846153846,16,1680,1,0,0,0.99,1,1,1,0,0,0,0,1,1,1,0.0,0.0,cb7bea942436d3ba,1,1
task_0074,family_12,NC1-SHUFFLED,0.5,0.5,13,2470,2470,166.15384615384616,20,4580,0,1,0,0.9071932440225512,1,1,1,0,0,0,0,1,0,0,0.0,0.0,b8be3c52c2f59c75,0,1
task_0074,family_12,NC2-RANDOM,0.5,0.5,13,2010,2010,130.76923076923077,18,3670,1,0,0,0.99,0,0,0,0,0,0,0,1,0,0,0.0,0.0,40e964ca90dde2a0,1,1
task_0074,family_12,NC3-LENGTH,0.5,0.5,13,6550,6550,500.0,27,13120,1,0,0,0.55,0,0,0,0,0,0,0,0,0,0,0.0,0.0,,1,0
task_0074,family_12,NC4-ABLATION,0.5,0.5,13,1030,1030,55.38461538461539,17,1795,1,0,0,0.958,1,1,1,0,1,0,1,0,1,0,0.6666666666666666,1.0,cb7bea942436d3ba,1,1
task_0075,family_12,B-COLD,0.75,1.0,13,6550,6550,503.84615384615387,27,13120,1,0,0,0.99,0,0,0,0,0,0,0,0,0,0,0.3333333333333333,0.0,,1,0
task_0075,family_12,B-RAG-EMBED,0.75,1.0,13,6750,6750,503.84615384615387,28,13270,1,0,0,0.99,0,0,0,0,0,0,0,0,1,0,0.3333333333333333,0.0,,1,0
task_0075,family_12,B-STAGEHAND-CACHE,0.75,1.0,13,6550,6550,503.84615384615387,27,13120,1,0,0,0.99,0,0,0,0,0,0,0,0,1,0,0.3333333333333333,0.0,,1,0
task_0075,family_12,B-TERX-REPLAY,0.75,1.0,13,6550,6550,503.84615384615387,27,13120,1,0,0,0.99,0,0,0,0,0,0,0,0,1,0,0.3333333333333333,0.0,,1,0
task_0075,family_12,P-SPIDER-MEA-BATCHED,0.75,1.0,13,1030,1030,55.38461538461539,17,1795,1,0,1,0.01,1,1,1,1,1,0,1,0,1,0,0.3333333333333333,0.3333333333333333,ee1f2bdba787fbd2,0,0
task_0075,family_12,P-WEBMCP-TOOL,0.75,1.0,13,815,815,54.61538461538461,16,1705,1,0,1,0.01,0,1,0,1,0,0,1,0,1,1,0.0,0.0,ee1f2bdba787fbd2,0,0
task_0075,family_12,NC1-SHUFFLED,0.75,1.0,13,1120,1120,62.30769230769231,17,1860,1,0,1,0.9395641401687109,1,1,1,1,1,0,0,1,0,0,0.16666666666666666,0.3333333333333333,52495e87f57cebf0,0,0
task_0075,family_12,NC2-RANDOM,0.75,1.0,13,2010,2010,130.76923076923077,18,3670,1,0,1,0.8707247476766298,0,1,0,1,0,0,0,1,0,0,0.0,0.0,59a34315336a9d06,0,0
task_0075,family_12,NC3-LENGTH,0.75,1.0,13,6550,6550,500.0,27,13120,1,0,0,0.55,0,0,0,0,0,0,0,0,0,0,0.0,0.0,,1,0
task_0075,family_12,NC4-ABLATION,0.75,1.0,13,1880,1880,120.76923076923077,18,3515,1,0,1,0.01,1,1,1,1,0,0,1,0,1,0,0.3333333333333333,0.3333333333333333,ee1f2bdba787fbd2,0,0
task_0076,family_12,B-COLD,1.0,1.0,13,6550,6550,503.84615384615387,27,13120,1,0,0,0.99,0,0,0,0,0,0,0,0,0,0,0.6666666666666666,0.0,,1,0
task_0076,family_12,B-RAG-EMBED,1.0,1.0,13,6750,6750,503.84615384615387,28,13270,1,0,0,0.99,0,0,0,0,0,0,0,0,1,0,0.6666666666666666,0.0,,1,0
task_0076,family_12,B-STAGEHAND-CACHE,1.0,1.0,13,6550,6550,503.84615384615387,27,13120,1,0,0,0.99,0,0,0,0,0,0,0,0,1,0,0.6666666666666666,0.0,,1,0
task_0076,family_12,B-TERX-REPLAY,1.0,1.0,13,6550,6550,503.84615384615387,27,13120,1,0,0,0.99,0,0,0,0,0,0,0,0,1,0,0.6666666666666666,0.0,,1,0
task_0076,family_12,P-SPIDER-MEA-BATCHED,1.0,1.0,13,1070,1070,58.46153846153846,17,1885,1,0,1,0.01,0,0,0,1,1,0,1,0,1,0,0.6666666666666666,1.0,3557ddefd91f3ff5,0,0
task_0076,family_12,P-WEBMCP-TOOL,1.0,1.0,13,775,775,51.53846153846154,16,1615,1,0,0,0.99,1,1,1,0,0,0,1,0,1,1,0.0,0.0,3557ddefd91f3ff5,1,1
task_0076,family_12,NC1-SHUFFLED,1.0,1.0,13,1530,1530,93.84615384615384,19,2795,0,1,0,0.9321551115309067,1,1,1,0,1,0,1,0,1,0,0.5,1.0,d38538b2c9698ee0,0,1
task_0076,family_12,NC2-RANDOM,1.0,1.0,13,2470,2470,166.15384615384616,20,4580,0,1,0,0.8202733223665987,1,1,1,0,0,0,0,1,0,0,0.0,0.0,586acd56b20178f5,0,1
task_0076,family_12,NC3-LENGTH,1.0,1.0,13,6550,6550,500.0,27,13120,1,0,0,0.55,0,0,0,0,0,0,0,0,0,0,0.0,0.0,,1,0
task_0076,family_12,NC4-ABLATION,1.0,1.0,13,1070,1070,58.46153846153846,17,1885,1,0,0,0.9658,0,0,0,0,1,0,1,0,1,0,0.6666666666666666,1.0,3557ddefd91f3ff5,1,1
task_0077,family_13,B-COLD,0.0,0.0,14,7050,7050,503.57142857142856,29,14120,1,0,0,0.9733,0,0,0,0,0,0,0,0,0,0,1.0,0.0,,1,0
task_0077,family_13,B-RAG-EMBED,0.0,0.0,14,950,950,53.57142857142857,16,1950,1,0,0,0.9733,0,0,0,0,0,0,0,0,1,0,1.0,0.0,,1,1
task_0077,family_13,B-STAGEHAND-CACHE,0.0,0.0,14,750,750,53.57142857142857,15,1800,1,0,0,0.9733,0,0,0,0,0,0,0,0,1,0,1.0,0.0,,1,1
task_0077,family_13,B-TERX-REPLAY,0.0,0.0,14,750,750,53.57142857142857,15,1800,1,0,0,0.9733,0,0,0,0,0,0,0,0,1,0,1.0,0.0,,1,1
task_0077,family_13,P-SPIDER-MEA-BATCHED,0.0,0.0,14,1080,1080,55.0,18,1915,1,0,0,0.99,1,1,1,0,1,0,1,0,1,0,1.0,1.0,4765fe35b541f494,1,1
task_0077,family_13,P-WEBMCP-TOOL,0.0,0.0,14,865,865,54.285714285714285,17,1825,1,0,0,0.99,0,1,0,0,0,0,1,0,1,1,0.0,0.0,4765fe35b541f494,1,1
task_0077,family_13,NC1-SHUFFLED,0.0,0.0,14,1210,1210,64.28571428571429,18,2070,1,0,1,0.8517641936575562,0,0,0,0,1,0,0,1,0,0,0.16666666666666666,0.3333333333333333,d68821df199c8a03,0,0
task_0077,family_13,NC2-RANDOM,0.0,0.0,14,1120,1120,57.857142857142854,17,1940,1,0,0,0.99,1,1,1,0,0,0,0,1,0,0,0.0,0.0,3f3bb3b8f570e028,1,1
task_0077,family_13,NC3-LENGTH,0.0,0.0,14,7050,7050,500.0,29,14120,1,0,0,0.55,0,0,0,0,0,0,0,0,0,0,0.0,0.0,,1,0
task_0077,family_13,NC4-ABLATION,0.0,0.0,14,1210,1210,64.28571428571429,18,2070,1,0,0,0.99,0,1,0,0,1,0,0,1,1,0,1.0,1.0,4765fe35b541f494,1,1
task_0078,family_13,B-COLD,0.5,0.5,14,7050,7050,503.57142857142856,29,14120,1,0,0,0.99,0,0,0,0,0,0,0,0,0,0,0.5,0.0,,1,0
task_0078,family_13,B-RAG-EMBED,0.5,0.5,14,4100,4100,278.57142857142856,23,8110,1,0,0,0.99,0,0,0,0,0,0,0,0,1,0,0.5,0.0,,1,1
task_0078,family_13,B-STAGEHAND-CACHE,0.5,0.5,14,7050,7050,503.57142857142856,29,14120,1,0,0,0.99,0,0,0,0,0,0,0,0,1,0,0.5,0.0,,1,0
task_0078,family_13,B-TERX-REPLAY,0.5,0.5,14,7050,7050,503.57142857142856,29,14120,1,0,0,0.99,0,0,0,0,0,0,0,0,1,0,0.5,0.0,,1,0
task_0078,family_13,P-SPIDER-MEA-BATCHED,0.5,0.5,14,1080,1080,55.0,18,1915,1,0,1,0.01,1,1,1,1,1,0,1,0,1,0,0.5,1.0,fea882a2a96b2643,0,0
task_0078,family_13,P-WEBMCP-TOOL,0.5,0.5,14,1275,1275,83.57142857142857,18,2615,1,0,1,0.0311,1,1,1,1,0,0,1,0,1,1,0.0,0.0,fea882a2a96b2643,0,0
task_0078,family_13,NC1-SHUFFLED,0.5,0.5,14,2020,2020,122.14285714285714,19,3700,1,0,0,0.9746,1,1,1,0,0,0,0,1,0,0,0.0,0.0,ef6aaa88264572c1,1,1
task_0078,family_13,NC2-RANDOM,0.5,0.5,14,2020,2020,122.14285714285714,19,3700,1,0,1,0.9161227328412385,1,1,1,1,0,0,0,1,0,0,0.0,0.0,46e17e2f04010b41,0,0
task_0078,family_13,NC3-LENGTH,0.5,0.5,14,7050,7050,500.0,29,14120,1,0,0,0.55,0,0,0,0,0,0,0,0,0,0,0.0,0.0,,1,0
task_0078,family_13,NC4-ABLATION,0.5,0.5,14,1120,1120,57.857142857142854,18,2005,1,0,0,0.9508,0,0,0,0,1,0,1,0,1,0,0.5,1.0,fea882a2a96b2643,1,1
task_0079,family_13,B-COLD,0.75,1.0,14,7050,7050,503.57142857142856,29,14120,1,0,0,0.9775,0,0,0,0,0,0,0,0,0,0,0.0,0.0,,1,0
task_0079,family_13,B-RAG-EMBED,0.75,1.0,14,7250,7250,503.57142857142856,30,14270,1,0,0,0.9775,0,0,0,0,0,0,0,0,0,0,0.0,0.0,,1,0
task_0079,family_13,B-STAGEHAND-CACHE,0.75,1.0,14,7050,7050,503.57142857142856,29,14120,1,0,0,0.9775,0,0,0,0,0,0,0,0,0,0,0.0,0.0,,1,0
task_0079,family_13,B-TERX-REPLAY,0.75,1.0,14,7050,7050,503.57142857142856,29,14120,1,0,0,0.9775,0,0,0,0,0,0,0,0,0,0,0.0,0.0,,1,0
task_0079,family_13,P-SPIDER-MEA-BATCHED,0.75,1.0,14,1930,1930,115.71428571428571,19,3635,1,0,0,0.99,1,1,1,0,0,0,1,0,0,0,0.0,0.0,b818d99e3e293eda,1,1
task_0079,family_13,P-WEBMCP-TOOL,0.75,1.0,14,1725,1725,115.71428571428571,19,3495,1,0,0,0.99,1,1,1,0,0,0,1,0,1,1,0.0,0.0,b818d99e3e293eda,1,1
task_0079,family_13,NC1-SHUFFLED,0.75,1.0,14,1080,1080,55.0,18,1915,1,0,1,0.8122892156706908,1,1,1,0,1,0,1,0,0,0,0.16666666666666666,0.3333333333333333,2fe142f6523c1a9a,0,0
task_0079,family_13,NC2-RANDOM,0.75,1.0,14,2060,2060,125.0,19,3790,1,0,1,0.7824950381083218,0,0,0,0,0,0,0,1,0,0,0.0,0.0,91294a9b5cddfa4f,0,0
task_0079,family_13,NC3-LENGTH,0.75,1.0,14,7050,7050,500.0,29,14120,1,0,0,0.55,0,0,0,0,0,0,0,0,0,0,0.0,0.0,,1,0
task_0079,family_13,NC4-ABLATION,0.75,1.0,14,1930,1930,115.71428571428571,19,3635,1,0,1,0.0329,1,1,1,1,0,0,1,0,0,0,0.0,0.0,b818d99e3e293eda,0,0
task_0080,family_13,B-COLD,1.0,1.0,14,7050,7050,503.57142857142856,29,14120,1,0,0,0.9816,0,0,0,0,0,0,0,0,0,0,0.0,0.0,,1,0
task_0080,family_13,B-RAG-EMBED,1.0,1.0,14,7250,7250,503.57142857142856,30,14270,1,0,0,0.9816,0,0,0,0,0,0,0,0,0,0,0.0,0.0,,1,0
task_0080,family_13,B-STAGEHAND-CACHE,1.0,1.0,14,7050,7050,503.57142857142856,29,14120,1,0,0,0.9816,0,0,0,0,0,0,0,0,0,0,0.0,0.0,,1,0
task_0080,family_13,B-TERX-REPLAY,1.0,1.0,14,7050,7050,503.57142857142856,29,14120,1,0,0,0.9816,0,0,0,0,0,0,0,0,0,0,0.0,0.0,,1,0
task_0080,family_13,P-SPIDER-MEA-BATCHED,1.0,1.0,14,1930,1930,115.71428571428571,19,3635,1,0,1,0.0212,1,1,1,1,0,0,1,0,0,0,0.0,0.0,020695396dd2a7e6,0,0
task_0080,family_13,P-WEBMCP-TOOL,1.0,1.0,14,1815,1815,122.14285714285714,19,3560,1,0,1,0.01,1,1,1,1,0,0,0,1,1,1,0.0,0.0,020695396dd2a7e6,0,0
task_0080,family_13,NC1-SHUFFLED,1.0,1.0,14,1580,1580,90.71428571428571,20,2915,0,1,0,0.8510041040832109,1,1,1,0,1,0,1,0,0,0,0.16666666666666666,0.3333333333333333,329b57c88c49fe44,0,1
task_0080,family_13,NC2-RANDOM,1.0,1.0,14,2060,2060,125.0,19,3790,1,0,0,0.9648,0,0,0,0,0,0,0,1,0,0,0.0,0.0,91d4133ab5935006,1,1
task_0080,family_13,NC3-LENGTH,1.0,1.0,14,7050,7050,500.0,29,14120,1,0,0,0.55,0,0,0,0,0,0,0,0,0,0,0.0,0.0,,1,0
task_0080,family_13,NC4-ABLATION,1.0,1.0,14,1970,1970,118.57142857142857,19,3725,1,0,0,0.9829,0,0,0,0,0,0,1,0,0,0,0.0,0.0,020695396dd2a7e6,1,1
task_0081,family_13,B-COLD,0.25,0.5,14,7050,7050,503.57142857142856,29,14120,1,0,0,0.99,0,0,0,0,0,0,0,0,0,0,0.5,0.0,,1,0
task_0081,family_13,B-RAG-EMBED,0.25,0.5,14,4100,4100,278.57142857142856,23,8110,1,0,0,0.99,0,0,0,0,0,0,0,0,1,0,0.5,0.0,,1,1
task_0081,family_13,B-STAGEHAND-CACHE,0.25,0.5,14,7050,7050,503.57142857142856,29,14120,1,0,0,0.99,0,0,0,0,0,0,0,0,1,0,0.5,0.0,,1,0
task_0081,family_13,B-TERX-REPLAY,0.25,0.5,14,7050,7050,503.57142857142856,29,14120,1,0,0,0.99,0,0,0,0,0,0,0,0,1,0,0.5,0.0,,1,0
task_0081,family_13,P-SPIDER-MEA-BATCHED,0.25,0.5,14,1080,1080,55.0,18,1915,1,0,0,0.9698,1,1,1,0,1,0,1,0,1,0,0.5,1.0,21d886c571636deb,1,1
task_0081,family_13,P-WEBMCP-TOOL,0.25,0.5,14,1275,1275,83.57142857142857,18,2615,1,0,0,0.9891,1,1,1,0,0,0,1,0,1,1,0.0,0.0,21d886c571636deb,1,1
task_0081,family_13,NC1-SHUFFLED,0.25,0.5,14,1080,1080,55.0,18,1915,1,0,1,0.9580829771033595,1,1,1,0,1,0,1,0,0,0,0.16666666666666666,0.3333333333333333,827c2c37dc3c40a1,0,0
task_0081,family_13,NC2-RANDOM,0.25,0.5,14,2060,2060,125.0,19,3790,1,0,1,0.8853077156349363,0,0,0,0,0,0,0,1,0,0,0.0,0.0,656f6b6fe5f3ef4c,0,0
task_0081,family_13,NC3-LENGTH,0.25,0.5,14,7050,7050,500.0,29,14120,1,0,0,0.55,0,0,0,0,0,0,0,0,0,0,0.0,0.0,,1,0
task_0081,family_13,NC4-ABLATION,0.25,0.5,14,1120,1120,57.857142857142854,18,2005,1,0,1,0.0248,0,1,0,1,1,0,1,0,1,0,0.5,1.0,21d886c571636deb,0,0
task_0082,family_14,B-COLD,0.0,0.0,8,4050,4050,506.25,17,8120,1,0,0,0.9889,0,0,0,0,0,0,0,0,0,0,1.0,0.0,,1,0
task_0082,family_14,B-RAG-EMBED,0.0,0.0,8,650,650,56.25,10,1230,1,0,0,0.9889,0,0,0,0,0,0,0,0,1,0,1.0,0.0,,1,1
task_0082,family_14,B-STAGEHAND-CACHE,0.0,0.0,8,450,450,56.25,9,1080,1,0,0,0.9889,0,0,0,0,0,0,0,0,1,0,1.0,0.0,,1,1
task_0082,family_14,B-TERX-REPLAY,0.0,0.0,8,450,450,56.25,9,1080,1,0,0,0.9889,0,0,0,0,0,0,0,0,1,0,1.0,0.0,,1,1
task_0082,family_14,P-SPIDER-MEA-BATCHED,0.0,0.0,8,820,820,63.75,12,1285,1,0,0,0.9735,0,1,0,0,1,0,1,0,1,0,1.0,1.0,ef4edc3f43fba913,1,1
task_0082,family_14,P-WEBMCP-TOOL,0.0,0.0,8,565,565,57.5,11,1105,1,0,0,0.99,0,0,0,0,0,0,1,0,1,1,0.0,0.0,ef4edc3f43fba913,1,1
task_0082,family_14,NC1-SHUFFLED,0.0,0.0,8,1320,1320,126.25,13,2220,0,1,0,0.8656940185542691,1,1,1,0,0,0,0,1,0,0,0.0,0.0,5f05b99c95a3929e,0,1
task_0082,family_14,NC2-RANDOM,0.0,0.0,8,860,860,68.75,11,1310,1,0,0,0.9627,0,0,0,0,0,0,0,1,0,0,0.0,0.0,d52e5f19ab40c6ff,1,1
task_0082,family_14,NC3-LENGTH,0.0,0.0,8,4050,4050,500.0,17,8120,1,0,0,0.55,0,0,0,0,0,0,0,0,0,0,0.0,0.0,,1,0
task_0082,family_14,NC4-ABLATION,0.0,0.0,8,820,820,63.75,12,1285,1,0,0,0.99,0,0,0,0,1,0,1,0,1,0,1.0,1.0,ef4edc3f43fba913,1,1
task_0083,family_14,B-COLD,0.75,0.6667,8,4050,4050,506.25,17,8120,1,0,0,0.9525,0,0,0,0,0,0,0,0,0,0,0.5555555555555556,0.0,,1,0
task_0083,family_14,B-RAG-EMBED,0.75,0.6667,8,2900,2900,337.5,15,5630,1,0,0,0.9525,0,0,0,0,0,0,0,0,1,0,0.5555555555555556,0.0,,1,1
task_0083,family_14,B-STAGEHAND-CACHE,0.75,0.6667,8,4050,4050,506.25,17,8120,1,0,0,0.9525,0,0,0,0,0,0,0,0,1,0,0.5555555555555556,0.0,,1,0
task_0083,family_14,B-TERX-REPLAY,0.75,0.6667,8,4050,4050,506.25,17,8120,1,0,0,0.9525,0,0,0,0,0,0,0,0,1,0,0.5555555555555556,0.0,,1,0
task_0083,family_14,P-SPIDER-MEA-BATCHED,0.75,0.6667,8,780,780,58.75,12,1195,1,0,0,0.9599,1,1,1,0,1,0,1,0,1,0,0.5555555555555556,1.0,ed535d1ab300d636,1,1
task_0083,family_14,P-WEBMCP-TOOL,0.75,0.6667,8,525,525,52.5,11,1015,1,0,0,0.99,1,1,1,0,0,0,1,0,1,1,0.0,0.0,ed535d1ab300d636,1,1
task_0083,family_14,NC1-SHUFFLED,0.75,0.6667,8,820,820,63.75,12,1285,1,0,1,0.8256422718757609,0,1,0,0,1,0,1,0,0,0,0.1111111111111111,0.3333333333333333,7033184b8a7f2125,0,0
task_0083,family_14,NC2-RANDOM,0.75,0.6667,8,2210,2210,237.5,14,3950,1,0,0,0.99,0,0,0,0,0,0,0,1,0,0,0.0,0.0,d236aff11b7eb20d,1,1
task_0083,family_14,NC3-LENGTH,0.75,0.6667,8,4050,4050,500.0,17,8120,1,0,0,0.55,0,0,0,0,0,0,0,0,0,0,0.0,0.0,,1,0
task_0083,family_14,NC4-ABLATION,0.75,0.6667,8,780,780,58.75,12,1195,1,0,1,0.0135,1,1,1,1,1,0,1,0,1,0,0.5555555555555556,1.0,ed535d1ab300d636,0,0
task_0084,family_14,B-COLD,1.0,1.0,8,4050,4050,506.25,17,8120,1,0,0,0.9566,0,0,0,0,0,0,0,0,0,0,0.3333333333333333,0.0,,1,0
task_0084,family_14,B-RAG-EMBED,1.0,1.0,8,4250,4250,506.25,18,8270,1,0,0,0.9566,0,0,0,0,0,0,0,0,1,0,0.3333333333333333,0.0,,1,0
task_0084,family_14,B-STAGEHAND-CACHE,1.0,1.0,8,4050,4050,506.25,17,8120,1,0,0,0.9566,0,0,0,0,0,0,0,0,1,0,0.3333333333333333,0.0,,1,0
task_0084,family_14,B-TERX-REPLAY,1.0,1.0,8,4050,4050,506.25,17,8120,1,0,0,0.9566,0,0,0,0,0,0,0,0,1,0,0.3333333333333333,0.0,,1,0
task_0084,family_14,P-SPIDER-MEA-BATCHED,1.0,1.0,8,780,780,58.75,12,1195,1,0,0,0.99,1,1,1,0,1,0,1,0,1,0,0.3333333333333333,0.3333333333333333,c8fe43ff09c47d80,1,1
task_0084,family_14,P-WEBMCP-TOOL,1.0,1.0,8,615,615,63.75,11,1080,1,0,0,0.9534,1,1,1,0,0,0,0,1,1,1,0.0,0.0,c8fe43ff09c47d80,1,1
task_0084,family_14,NC1-SHUFFLED,1.0,1.0,8,1280,1280,121.25,14,2195,0,1,0,0.9062122966696631,1,1,1,0,1,0,1,0,1,0,0.3333333333333333,1.0,43ec6f283210e16d,0,1
task_0084,family_14,NC2-RANDOM,1.0,1.0,8,2210,2210,237.5,14,3950,1,0,0,0.9652,0,0,0,0,0,0,0,1,0,0,0.0,0.0,bc890bf88f8b775e,1,1
task_0084,family_14,NC3-LENGTH,1.0,1.0,8,4050,4050,500.0,17,8120,1,0,0,0.55,0,0,0,0,0,0,0,0,0,0,0.0,0.0,,1,0
task_0084,family_14,NC4-ABLATION,1.0,1.0,8,2080,2080,221.25,14,3795,1,0,0,0.9622,1,1,1,0,0,0,1,0,1,0,0.3333333333333333,0.3333333333333333,c8fe43ff09c47d80,1,1
task_0085,family_14,B-COLD,0.25,0.3333,8,4050,4050,506.25,17,8120,1,0,0,0.9815,0,0,0,0,0,0,0,0,0,0,1.0,0.0,,1,0
task_0085,family_14,B-RAG-EMBED,0.25,0.3333,8,2000,2000,225.0,13,3870,1,0,0,0.9815,0,0,0,0,0,0,0,0,1,0,1.0,0.0,,1,1
task_0085,family_14,B-STAGEHAND-CACHE,0.25,0.3333,8,4050,4050,506.25,17,8120,1,0,0,0.9815,0,0,0,0,0,0,0,0,1,0,1.0,0.0,,1,0
task_0085,family_14,B-TERX-REPLAY,0.25,0.3333,8,4050,4050,506.25,17,8120,1,0,0,0.9815,0,0,0,0,0,0,0,0,1,0,1.0,0.0,,1,0
task_0085,family_14,P-SPIDER-MEA-BATCHED,0.25,0.3333,8,820,820,63.75,12,1285,1,0,0,0.9573,0,0,0,0,1,0,1,0,1,0,1.0,1.0,ad8cda36c5b1ce56,1,1
task_0085,family_14,P-WEBMCP-TOOL,0.25,0.3333,8,525,525,52.5,11,1015,1,0,0,0.9858,1,1,1,0,0,0,1,0,1,1,0.0,0.0,ad8cda36c5b1ce56,1,1
task_0085,family_14,NC1-SHUFFLED,0.25,0.3333,8,820,820,63.75,12,1285,1,0,1,0.9485846487946406,0,0,0,0,1,0,1,0,1,0,0.4444444444444444,1.0,f16440c37b2ccf9a,0,0
task_0085,family_14,NC2-RANDOM,0.25,0.3333,8,2210,2210,237.5,14,3950,1,0,1,0.7859830968902046,0,0,0,0,0,0,0,1,0,0,0.0,0.0,f3ae863bc97aa080,0,0
task_0085,family_14,NC3-LENGTH,0.25,0.3333,8,4050,4050,500.0,17,8120,1,0,0,0.55,0,0,0,0,0,0,0,0,0,0,0.0,0.0,,1,0
task_0085,family_14,NC4-ABLATION,0.25,0.3333,8,820,820,63.75,12,1285,1,0,0,0.99,0,0,0,0,1,0,1,0,1,0,1.0,1.0,ad8cda36c5b1ce56,1,1
task_0086,family_14,B-COLD,0.5,0.6667,8,4050,4050,506.25,17,8120,1,0,0,0.9631,0,0,0,0,0,0,0,0,0,0,0.7777777777777778,0.0,,1,0
task_0086,family_14,B-RAG-EMBED,0.5,0.6667,8,2900,2900,337.5,15,5630,1,0,0,0.9631,0,0,0,0,0,0,0,0,1,0,0.7777777777777778,0.0,,1,1
task_0086,family_14,B-STAGEHAND-CACHE,0.5,0.6667,8,4050,4050,506.25,17,8120,1,0,0,0.9631,0,0,0,0,0,0,0,0,1,0,0.7777777777777778,0.0,,1,0
task_0086,family_14,B-TERX-REPLAY,0.5,0.6667,8,4050,4050,506.25,17,8120,1,0,0,0.9631,0,0,0,0,0,0,0,0,1,0,0.7777777777777778,0.0,,1,0
task_0086,family_14,P-SPIDER-MEA-BATCHED,0.5,0.6667,8,820,820,63.75,12,1285,1,0,0,0.99,0,0,0,0,1,0,1,0,1,0,0.7777777777777778,1.0,a7b4fe3408f790be,1,1
task_0086,family_14,P-WEBMCP-TOOL,0.5,0.6667,8,525,525,52.5,11,1015,1,0,1,0.01,1,1,1,1,0,0,1,0,1,1,0.0,0.0,a7b4fe3408f790be,0,0
task_0086,family_14,NC1-SHUFFLED,0.5,0.6667,8,820,820,63.75,12,1285,1,0,0,0.99,0,0,0,0,1,0,1,0,0,0,0.1111111111111111,0.3333333333333333,4f2e7c9b69ed7c3c,1,1
task_0086,family_14,NC2-RANDOM,0.5,0.6667,8,2670,2670,295.0,16,4860,0,1,0,0.8485316960129249,1,1,1,0,0,0,0,1,0,0,0.0,0.0,f3f22e3c2147efd7,0,1
task_0086,family_14,NC3-LENGTH,0.5,0.6667,8,4050,4050,500.0,17,8120,1,0,0,0.55,0,0,0,0,0,0,0,0,0,0,0.0,0.0,,1,0
task_0086,family_14,NC4-ABLATION,0.5,0.6667,8,780,780,58.75,12,1195,1,0,0,0.99,1,1,1,0,1,0,1,0,1,0,0.7777777777777778,1.0,a7b4fe3408f790be,1,1
task_0087,family_15,B-COLD,0.0,0.0,9,4550,4550,505.55555555555554,19,9120,1,0,0,0.99,0,0,0,0,0,0,0,0,0,0,1.0,0.0,,1,0
task_0087,family_15,B-RAG-EMBED,0.0,0.0,9,700,700,55.55555555555556,11,1350,1,0,0,0.99,0,0,0,0,0,0,0,0,1,0,1.0,0.0,,1,1
task_0087,family_15,B-STAGEHAND-CACHE,0.0,0.0,9,500,500,55.55555555555556,10,1200,1,0,0,0.99,0,0,0,0,0,0,0,0,1,0,1.0,0.0,,1,1
task_0087,family_15,B-TERX-REPLAY,0.0,0.0,9,500,500,55.55555555555556,10,1200,1,0,0,0.99,0,0,0,0,0,0,0,0,1,0,1.0,0.0,,1,1
task_0087,family_15,P-SPIDER-MEA-BATCHED,0.0,0.0,9,870,870,62.22222222222222,13,1405,1,0,0,0.9526,0,0,0,0,1,0,1,0,1,0,1.0,1.0,9c8e68c7d17560e5,1,1
task_0087,family_15,P-WEBMCP-TOOL,0.0,0.0,9,665,665,62.22222222222222,12,1200,1,0,0,0.9848,1,1,1,0,0,0,0,1,1,1,0.0,0.0,9c8e68c7d17560e5,1,1
task_0087,family_15,NC1-SHUFFLED,0.0,0.0,9,780,780,52.22222222222222,12,1275,1,0,0,0.99,1,1,1,0,0,0,1,0,0,0,0.0,0.0,d444bf27ee5645ab,1,1
task_0087,family_15,NC2-RANDOM,0.0,0.0,9,1370,1370,117.77777777777777,14,2340,0,1,0,0.9091940386410149,1,1,1,0,0,0,0,1,0,0,0.0,0.0,fe82436441be7f7f,0,1
task_0087,family_15,NC3-LENGTH,0.0,0.0,9,4550,4550,500.0,19,9120,1,0,0,0.55,0,0,0,0,0,0,0,0,0,0,0.0,0.0,,1,0
task_0087,family_15,NC4-ABLATION,0.0,0.0,9,870,870,62.22222222222222,13,1405,1,0,0,0.9584,0,0,0,0,1,0,1,0,1,0,1.0,1.0,9c8e68c7d17560e5,1,1
task_0088,family_15,B-COLD,1.0,1.0,9,4550,4550,505.55555555555554,19,9120,1,0,0,0.99,0,0,0,0,0,0,0,0,0,0,0.0,0.0,,1,0
task_0088,family_15,B-RAG-EMBED,1.0,1.0,9,4750,4750,505.55555555555554,20,9270,1,0,0,0.99,0,0,0,0,0,0,0,0,0,0,0.0,0.0,,1,0
task_0088,family_15,B-STAGEHAND-CACHE,1.0,1.0,9,4550,4550,505.55555555555554,19,9120,1,0,0,0.99,0,0,0,0,0,0,0,0,0,0,0.0,0.0,,1,0
task_0088,family_15,B-TERX-REPLAY,1.0,1.0,9,4550,4550,505.55555555555554,19,9120,1,0,0,0.99,0,0,0,0,0,0,0,0,0,0,0.0,0.0,,1,0
task_0088,family_15,P-SPIDER-MEA-BATCHED,1.0,1.0,9,1270,1270,106.66666666666667,13,2245,1,0,1,0.01,0,0,0,1,0,0,1,0,0,0,0.0,0.0,1f7bd2366fe74b74,0,0
task_0088,family_15,P-WEBMCP-TOOL,1.0,1.0,9,1065,1065,106.66666666666667,13,2105,1,0,1,0.01,0,0,0,1,0,0,1,0,1,1,0.0,0.0,1f7bd2366fe74b74,0,0
task_0088,family_15,NC1-SHUFFLED,1.0,1.0,9,1360,1360,116.66666666666667,13,2310,1,0,1,0.8193252834157634,0,0,0,1,0,0,0,1,0,0,0.0,0.0,f4a42ef1b3ca0ca4,0,0
task_0088,family_15,NC2-RANDOM,1.0,1.0,9,1360,1360,116.66666666666667,13,2310,1,0,1,0.9190094558072452,0,0,0,1,0,0,0,1,0,0,0.0,0.0,d7f31230324a11a7,0,0
task_0088,family_15,NC3-LENGTH,1.0,1.0,9,4550,4550,500.0,19,9120,1,0,0,0.55,0,0,0,0,0,0,0,0,0,0,0.0,0.0,,1,0
task_0088,family_15,NC4-ABLATION,1.0,1.0,9,1230,1230,102.22222222222223,13,2155,1,0,1,0.02,1,1,1,1,0,0,1,0,0,0,0.0,0.0,1f7bd2366fe74b74,0,0
task_0089,family_15,B-COLD,0.25,0.0,9,4550,4550,505.55555555555554,19,9120,1,0,0,0.99,0,0,0,0,0,0,0,0,0,0,1.0,0.0,,1,0
task_0089,family_15,B-RAG-EMBED,0.25,0.0,9,700,700,55.55555555555556,11,1350,1,0,0,0.99,0,0,0,0,0,0,0,0,1,0,1.0,0.0,,1,1
task_0089,family_15,B-STAGEHAND-CACHE,0.25,0.0,9,4550,4550,505.55555555555554,19,9120,1,0,0,0.99,0,0,0,0,0,0,0,0,1,0,1.0,0.0,,1,0
task_0089,family_15,B-TERX-REPLAY,0.25,0.0,9,4550,4550,505.55555555555554,19,9120,1,0,0,0.99,0,0,0,0,0,0,0,0,1,0,1.0,0.0,,1,0
task_0089,family_15,P-SPIDER-MEA-BATCHED,0.25,0.0,9,920,920,67.77777777777777,13,1380,1,0,0,0.99,1,1,1,0,1,0,0,1,1,0,1.0,1.0,cc965952852c4450,1,1
task_0089,family_15,P-WEBMCP-TOOL,0.25,0.0,9,615,615,56.666666666666664,12,1225,1,0,0,0.99,0,0,0,0,0,0,1,0,1,1,0.0,0.0,cc965952852c4450,1,1
task_0089,family_15,NC1-SHUFFLED,0.25,0.0,9,1280,1280,107.77777777777777,14,2275,0,1,0,0.8910211890898272,1,1,1,0,0,0,1,0,0,0,0.0,0.0,fb551d3a328db47e,0,1
task_0089,family_15,NC2-RANDOM,0.25,0.0,9,870,870,62.22222222222222,12,1340,1,0,0,0.9793,1,1,1,0,0,0,0,1,0,0,0.0,0.0,d739f352055cb39e,1,1
task_0089,family_15,NC3-LENGTH,0.25,0.0,9,4550,4550,500.0,19,9120,1,0,0,0.55,0,0,0,0,0,0,0,0,0,0,0.0,0.0,,1,0
task_0089,family_15,NC4-ABLATION,0.25,0.0,9,830,830,57.77777777777778,13,1315,1,0,0,0.9848,1,1,1,0,1,0,1,0,1,0,1.0,1.0,cc965952852c4450,1,1
task_0090,family_15,B-COLD,0.5,1.0,9,4550,4550,505.55555555555554,19,9120,1,0,0,0.99,0,0,0,0,0,0,0,0,0,0,0.0,0.0,,1,0
task_0090,family_15,B-RAG-EMBED,0.5,1.0,9,4750,4750,505.55555555555554,20,9270,1,0,0,0.99,0,0,0,0,0,0,0,0,0,0,0.0,0.0,,1,0
task_0090,family_15,B-STAGEHAND-CACHE,0.5,1.0,9,4550,4550,505.55555555555554,19,9120,1,0,0,0.99,0,0,0,0,0,0,0,0,0,0,0.0,0.0,,1,0
task_0090,family_15,B-TERX-REPLAY,0.5,1.0,9,4550,4550,505.55555555555554,19,9120,1,0,0,0.99,0,0,0,0,0,0,0,0,0,0,0.0,0.0,,1,0
task_0090,family_15,P-SPIDER-MEA-BATCHED,0.5,1.0,9,1270,1270,106.66666666666667,13,2245,1,0,1,0.0403,0,0,0,1,0,0,1,0,0,0,0.0,0.0,71323681d8deb46d,0,0
task_0090,family_15,P-WEBMCP-TOOL,0.5,1.0,9,1065,1065,106.66666666666667,13,2105,1,0,1,0.0237,0,1,0,1,0,0,1,0,1,1,0.0,0.0,71323681d8deb46d,0,0
task_0090,family_15,NC1-SHUFFLED,0.5,1.0,9,1270,1270,106.66666666666667,13,2245,1,0,0,0.9772,0,0,0,0,0,0,1,0,0,0,0.0,0.0,ff0c9c6e9ad058cf,1,1
task_0090,family_15,NC2-RANDOM,0.5,1.0,9,1320,1320,112.22222222222223,13,2220,1,0,0,0.99,1,1,1,0,0,0,0,1,0,0,0.0,0.0,2b1a16fa6f8dd5c7,1,1
task_0090,family_15,NC3-LENGTH,0.5,1.0,9,4550,4550,500.0,19,9120,1,0,0,0.55,0,0,0,0,0,0,0,0,0,0,0.0,0.0,,1,0
task_0090,family_15,NC4-ABLATION,0.5,1.0,9,1270,1270,106.66666666666667,13,2245,1,0,0,0.99,0,0,0,0,0,0,1,0,0,0,0.0,0.0,71323681d8deb46d,1,1
task_0091,family_15,B-COLD,0.75,1.0,9,4550,4550,505.55555555555554,19,9120,1,0,0,0.9698,0,0,0,0,0,0,0,0,0,0,0.0,0.0,,1,0
task_0091,family_15,B-RAG-EMBED,0.75,1.0,9,4750,4750,505.55555555555554,20,9270,1,0,0,0.9698,0,0,0,0,0,0,0,0,0,0,0.0,0.0,,1,0
task_0091,family_15,B-STAGEHAND-CACHE,0.75,1.0,9,4550,4550,505.55555555555554,19,9120,1,0,0,0.9698,0,0,0,0,0,0,0,0,0,0,0.0,0.0,,1,0
task_0091,family_15,B-TERX-REPLAY,0.75,1.0,9,4550,4550,505.55555555555554,19,9120,1,0,0,0.9698,0,0,0,0,0,0,0,0,0,0,0.0,0.0,,1,0
task_0091,family_15,P-SPIDER-MEA-BATCHED,0.75,1.0,9,1270,1270,106.66666666666667,13,2245,1,0,1,0.0318,0,0,0,1,0,0,1,0,0,0,0.0,0.0,5c1f25f9be6e4452,0,0
task_0091,family_15,P-WEBMCP-TOOL,0.75,1.0,9,1065,1065,106.66666666666667,13,2105,1,0,0,0.99,0,0,0,0,0,0,1,0,1,1,0.0,0.0,5c1f25f9be6e4452,1,1
task_0091,family_15,NC1-SHUFFLED,0.75,1.0,9,1270,1270,106.66666666666667,13,2245,1,0,1,0.8135043905619808,0,0,0,1,0,0,1,0,0,0,0.0,0.0,61a6b2aff969c4f5,0,0
task_0091,family_15,NC2-RANDOM,0.75,1.0,9,1360,1360,116.66666666666667,13,2310,1,0,0,0.9695,0,0,0,0,0,0,0,1,0,0,0.0,0.0,1f5ce174fcc06118,1,1
task_0091,family_15,NC3-LENGTH,0.75,1.0,9,4550,4550,500.0,19,9120,1,0,0,0.55,0,0,0,0,0,0,0,0,0,0,0.0,0.0,,1,0
task_0091,family_15,NC4-ABLATION,0.75,1.0,9,1270,1270,106.66666666666667,13,2245,1,0,1,0.01,0,0,0,1,0,0,1,0,0,0,0.0,0.0,5c1f25f9be6e4452,0,0
task_0092,family_16,B-COLD,0.0,0.0,10,5050,5050,505.0,21,10120,1,0,0,0.99,0,0,0,0,0,0,0,0,0,0,1.0,0.0,,1,0
task_0092,family_16,B-RAG-EMBED,0.0,0.0,10,750,750,55.0,12,1470,1,0,0,0.99,0,0,0,0,0,0,0,0,1,0,1.0,0.0,,1,1
task_0092,family_16,B-STAGEHAND-CACHE,0.0,0.0,10,550,550,55.0,11,1320,1,0,0,0.99,0,0,0,0,0,0,0,0,1,0,1.0,0.0,,1,1
task_0092,family_16,B-TERX-REPLAY,0.0,0.0,10,550,550,55.0,11,1320,1,0,0,0.99,0,0,0,0,0,0,0,0,1,0,1.0,0.0,,1,1
task_0092,family_16,P-SPIDER-MEA-BATCHED,0.0,0.0,10,920,920,61.0,14,1525,1,0,0,0.9875,0,0,0,0,1,0,1,0,1,0,1.0,1.0,79df43db4e94f8d3,1,1
task_0092,family_16,P-WEBMCP-TOOL,0.0,0.0,10,755,755,65.0,13,1410,1,0,0,0.99,0,1,0,0,0,0,0,1,1,1,0.0,0.0,79df43db4e94f8d3,1,1
task_0092,family_16,NC1-SHUFFLED,0.0,0.0,10,870,870,56.0,13,1485,1,0,1,0.9590227861388227,0,0,0,0,0,0,1,0,0,0,0.0,0.0,8eb4bece0a4488bc,0,0
task_0092,family_16,NC2-RANDOM,0.0,0.0,10,960,960,65.0,13,1550,1,0,1,0.8163268708335508,0,0,0,0,0,0,0,1,0,0,0.0,0.0,36de98dbf4d26027,0,0
task_0092,family_16,NC3-LENGTH,0.0,0.0,10,5050,5050,500.0,21,10120,1,0,0,0.55,0,0,0,0,0,0,0,0,0,0,0.0,0.0,,1,0
task_0092,family_16,NC4-ABLATION,0.0,0.0,10,920,920,61.0,14,1525,1,0,0,0.9517,0,0,0,0,1,0,1,0,1,0,1.0,1.0,79df43db4e94f8d3,1,1
task_0093,family_16,B-COLD,0.25,0.5,10,5050,5050,505.0,21,10120,1,0,0,0.99,0,0,0,0,0,0,0,0,0,0,0.6666666666666666,0.0,,1,0
task_0093,family_16,B-RAG-EMBED,0.25,0.5,10,3000,3000,280.0,17,5870,1,0,0,0.99,0,0,0,0,0,0,0,0,1,0,0.6666666666666666,0.0,,1,1
task_0093,family_16,B-STAGEHAND-CACHE,0.25,0.5,10,5050,5050,505.0,21,10120,1,0,0,0.99,0,0,0,0,0,0,0,0,1,0,0.6666666666666666,0.0,,1,0
task_0093,family_16,B-TERX-REPLAY,0.25,0.5,10,5050,5050,505.0,21,10120,1,0,0,0.99,0,0,0,0,0,0,0,0,1,0,0.6666666666666666,0.0,,1,0
task_0093,family_16,P-SPIDER-MEA-BATCHED,0.25,0.5,10,970,970,66.0,14,1500,1,0,0,0.9524,1,1,1,0,1,0,0,1,1,0,0.6666666666666666,1.0,77a57fef4ee95bd4,1,1
task_0093,family_16,P-WEBMCP-TOOL,0.25,0.5,10,625,625,52.0,13,1255,1,0,0,0.99,1,1,1,0,0,0,1,0,1,1,0.0,0.0,77a57fef4ee95bd4,1,1
task_0093,family_16,NC1-SHUFFLED,0.25,0.5,10,1730,1730,142.0,15,3155,1,0,0,0.958,1,1,1,0,0,0,1,0,0,0,0.0,0.0,99283479a41b2372,1,1
task_0093,family_16,NC2-RANDOM,0.25,0.5,10,1860,1860,155.0,15,3310,1,0,1,0.9026589098465196,0,0,0,1,0,0,0,1,0,0,0.0,0.0,7d2f915de2b6e74f,0,0
task_0093,family_16,NC3-LENGTH,0.25,0.5,10,5050,5050,500.0,21,10120,1,0,0,0.55,0,0,0,0,0,0,0,0,0,0,0.0,0.0,,1,0
task_0093,family_16,NC4-ABLATION,0.25,0.5,10,920,920,61.0,14,1525,1,0,0,0.99,0,0,0,0,1,0,1,0,1,0,0.6666666666666666,1.0,77a57fef4ee95bd4,1,1
task_0094,family_16,B-COLD,0.5,0.5,10,5050,5050,505.0,21,10120,1,0,0,0.9697,0,0,0,0,0,0,0,0,0,0,0.6666666666666666,0.0,,1,0
task_0094,family_16,B-RAG-EMBED,0.5,0.5,10,3000,3000,280.0,17,5870,1,0,0,0.9697,0,0,0,0,0,0,0,0,1,0,0.6666666666666666,0.0,,1,1
task_0094,family_16,B-STAGEHAND-CACHE,0.5,0.5,10,5050,5050,505.0,21,10120,1,0,0,0.9697,0,0,0,0,0,0,0,0,1,0,0.6666666666666666,0.0,,1,0
task_0094,family_16,B-TERX-REPLAY,0.5,0.5,10,5050,5050,505.0,21,10120,1,0,0,0.9697,0,0,0,0,0,0,0,0,1,0,0.6666666666666666,0.0,,1,0
task_0094,family_16,P-SPIDER-MEA-BATCHED,0.5,0.5,10,920,920,61.0,14,1525,1,0,0,0.99,0,0,0,0,1,0,1,0,1,0,0.6666666666666666,1.0,958a38344ae06723,1,1
task_0094,family_16,P-WEBMCP-TOOL,0.5,0.5,10,665,665,56.0,13,1345,1,0,0,0.99,0,0,0,0,0,0,1,0,1,1,0.0,0.0,958a38344ae06723,1,1
task_0094,family_16,NC1-SHUFFLED,0.5,0.5,10,1730,1730,142.0,15,3155,1,0,1,0.9289917734185412,1,1,1,1,0,0,1,0,0,0,0.0,0.0,5c619db6fb5aead6,0,0
task_0094,family_16,NC2-RANDOM,0.5,0.5,10,1860,1860,155.0,15,3310,1,0,0,0.98,0,0,0,0,0,0,0,1,0,0,0.0,0.0,e78842e664013a29,1,1
task_0094,family_16,NC3-LENGTH,0.5,0.5,10,5050,5050,500.0,21,10120,1,0,0,0.55,0,0,0,0,0,0,0,0,0,0,0.0,0.0,,1,0
task_0094,family_16,NC4-ABLATION,0.5,0.5,10,880,880,57.0,14,1435,1,0,0,0.99,1,1,1,0,1,0,1,0,1,0,0.6666666666666666,1.0,958a38344ae06723,1,1
task_0095,family_16,B-COLD,0.75,1.0,10,5050,5050,505.0,21,10120,1,0,0,0.99,0,0,0,0,0,0,0,0,0,0,0.3333333333333333,0.0,,1,0
task_0095,family_16,B-RAG-EMBED,0.75,1.0,10,5250,5250,505.0,22,10270,1,0,0,0.99,0,0,0,0,0,0,0,0,1,0,0.3333333333333333,0.0,,1,0
task_0095,family_16,B-STAGEHAND-CACHE,0.75,1.0,10,5050,5050,505.0,21,10120,1,0,0,0.99,0,0,0,0,0,0,0,0,1,0,0.3333333333333333,0.0,,1,0
task_0095,family_16,B-TERX-REPLAY,0.75,1.0,10,5050,5050,505.0,21,10120,1,0,0,0.99,0,0,0,0,0,0,0,0,1,0,0.3333333333333333,0.0,,1,0
task_0095,family_16,P-SPIDER-MEA-BATCHED,0.75,1.0,10,880,880,57.0,14,1435,1,0,1,0.01,1,1,1,1,1,0,1,0,1,0,0.3333333333333333,0.3333333333333333,9aba88894240f1df,0,0
task_0095,family_16,P-WEBMCP-TOOL,0.75,1.0,10,665,665,56.0,13,1345,1,0,0,0.99,0,0,0,0,0,0,1,0,1,1,0.0,0.0,9aba88894240f1df,1,1
task_0095,family_16,NC1-SHUFFLED,0.75,1.0,10,880,880,57.0,14,1435,1,0,1,0.8512648770941977,1,1,1,1,1,0,1,0,0,0,0.16666666666666666,0.3333333333333333,97eea41d9e0976d0,0,0
task_0095,family_16,NC2-RANDOM,0.75,1.0,10,1860,1860,155.0,15,3310,1,0,1,0.8201570118472427,0,1,0,0,0,0,0,1,0,0,0.0,0.0,c56147929b138afc,0,0
task_0095,family_16,NC3-LENGTH,0.75,1.0,10,5050,5050,500.0,21,10120,1,0,0,0.55,0,0,0,0,0,0,0,0,0,0,0.0,0.0,,1,0
task_0095,family_16,NC4-ABLATION,0.75,1.0,10,1770,1770,146.0,15,3245,1,0,0,0.9599,0,1,0,0,0,0,1,0,1,0,0.3333333333333333,0.3333333333333333,9aba88894240f1df,1,1
task_0096,family_16,B-COLD,1.0,1.0,10,5050,5050,505.0,21,10120,1,0,0,0.99,0,0,0,0,0,0,0,0,0,0,0.6666666666666666,0.0,,1,0
task_0096,family_16,B-RAG-EMBED,1.0,1.0,10,5250,5250,505.0,22,10270,1,0,0,0.99,0,0,0,0,0,0,0,0,1,0,0.6666666666666666,0.0,,1,0
task_0096,family_16,B-STAGEHAND-CACHE,1.0,1.0,10,5050,5050,505.0,21,10120,1,0,0,0.99,0,0,0,0,0,0,0,0,1,0,0.6666666666666666,0.0,,1,0
task_0096,family_16,B-TERX-REPLAY,1.0,1.0,10,5050,5050,505.0,21,10120,1,0,0,0.99,0,0,0,0,0,0,0,0,1,0,0.6666666666666666,0.0,,1,0
task_0096,family_16,P-SPIDER-MEA-BATCHED,1.0,1.0,10,880,880,57.0,14,1435,1,0,1,0.01,1,1,1,1,1,0,1,0,1,0,0.6666666666666666,1.0,9f35bb388d714b83,0,0
task_0096,family_16,P-WEBMCP-TOOL,1.0,1.0,10,625,625,52.0,13,1255,1,0,1,0.0451,1,1,1,1,0,0,1,0,1,1,0.0,0.0,9f35bb388d714b83,0,0
task_0096,family_16,NC1-SHUFFLED,1.0,1.0,10,2230,2230,192.0,17,4155,0,1,0,0.80362175909547,1,1,1,0,0,0,1,0,0,0,0.0,0.0,d206669f5a9383ae,0,1
task_0096,family_16,NC2-RANDOM,1.0,1.0,10,1820,1820,151.0,15,3220,1,0,0,0.99,1,1,1,0,0,0,0,1,0,0,0.0,0.0,2b622241b0c1d877,1,1
task_0096,family_16,NC3-LENGTH,1.0,1.0,10,5050,5050,500.0,21,10120,1,0,0,0.55,0,0,0,0,0,0,0,0,0,0,0.0,0.0,,1,0
task_0096,family_16,NC4-ABLATION,1.0,1.0,10,880,880,57.0,14,1435,1,0,0,0.99,1,1,1,0,1,0,1,0,1,0,0.6666666666666666,1.0,9f35bb388d714b83,1,1
task_0097,family_17,B-COLD,0.0,0.0,11,5550,5550,504.54545454545456,23,11120,1,0,0,0.99,0,0,0,0,0,0,0,0,0,0,1.0,0.0,,1,0
task_0097,family_17,B-RAG-EMBED,0.0,0.0,11,800,800,54.54545454545455,13,1590,1,0,0,0.99,0,0,0,0,0,0,0,0,1,0,1.0,0.0,,1,1
task_0097,family_17,B-STAGEHAND-CACHE,0.0,0.0,11,600,600,54.54545454545455,12,1440,1,0,0,0.99,0,0,0,0,0,0,0,0,1,0,1.0,0.0,,1,1
task_0097,family_17,B-TERX-REPLAY,0.0,0.0,11,600,600,54.54545454545455,12,1440,1,0,0,0.99,0,0,0,0,0,0,0,0,1,0,1.0,0.0,,1,1
task_0097,family_17,P-SPIDER-MEA-BATCHED,0.0,0.0,11,970,970,60.0,15,1645,1,0,0,0.99,0,0,0,0,1,0,1,0,1,0,1.0,1.0,030a248d553b6d3e,1,1
task_0097,family_17,P-WEBMCP-TOOL,0.0,0.0,11,715,715,55.45454545454545,14,1465,1,0,0,0.9527,0,0,0,0,0,0,1,0,1,1,0.0,0.0,030a248d553b6d3e,1,1
task_0097,family_17,NC1-SHUFFLED,0.0,0.0,11,970,970,60.0,15,1645,1,0,0,0.9889,0,0,0,0,1,0,1,0,0,0,0.16666666666666666,0.3333333333333333,a2bd691b198b31ba,1,1
task_0097,family_17,NC2-RANDOM,0.0,0.0,11,970,970,60.0,14,1580,1,0,0,0.99,1,1,1,0,0,0,0,1,0,0,0.0,0.0,ee83a74c4d090066,1,1
task_0097,family_17,NC3-LENGTH,0.0,0.0,11,5550,5550,500.0,23,11120,1,0,0,0.55,0,0,0,0,0,0,0,0,0,0,0.0,0.0,,1,0
task_0097,family_17,NC4-ABLATION,0.0,0.0,11,970,970,60.0,15,1645,1,0,0,0.99,0,0,0,0,1,0,1,0,1,0,1.0,1.0,030a248d553b6d3e,1,1
task_0098,family_17,B-COLD,0.5,0.5,11,5550,5550,504.54545454545456,23,11120,1,0,0,0.99,0,0,0,0,0,0,0,0,0,0,0.5,0.0,,1,0
task_0098,family_17,B-RAG-EMBED,0.5,0.5,11,3500,3500,300.0,19,6870,1,0,0,0.99,0,0,0,0,0,0,0,0,1,0,0.5,0.0,,1,1
task_0098,family_17,B-STAGEHAND-CACHE,0.5,0.5,11,5550,5550,504.54545454545456,23,11120,1,0,0,0.99,0,0,0,0,0,0,0,0,1,0,0.5,0.0,,1,0
task_0098,family_17,B-TERX-REPLAY,0.5,0.5,11,5550,5550,504.54545454545456,23,11120,1,0,0,0.99,0,0,0,0,0,0,0,0,1,0,0.5,0.0,,1,0
task_0098,family_17,P-SPIDER-MEA-BATCHED,0.5,0.5,11,1060,1060,68.18181818181819,15,1710,1,0,1,0.0376,0,0,0,1,1,0,0,1,1,0,0.5,1.0,d6f25418e29e0135,0,0
task_0098,family_17,P-WEBMCP-TOOL,0.5,0.5,11,1165,1165,96.36363636363636,15,2345,1,0,0,0.99,0,0,0,0,0,0,1,0,1,1,0.0,0.0,d6f25418e29e0135,1,1
task_0098,family_17,NC1-SHUFFLED,0.5,0.5,11,1430,1430,101.81818181818181,17,2555,0,1,0,0.8172135260347727,1,1,1,0,1,0,1,0,0,0,0.16666666666666666,0.3333333333333333,ae79319fd5ae1c4f,0,1
task_0098,family_17,NC2-RANDOM,0.5,0.5,11,1910,1910,145.45454545454547,16,3430,1,0,1,0.9168462178291095,0,1,0,0,0,0,0,1,0,0,0.0,0.0,353302029fb4c441,0,0
task_0098,family_17,NC3-LENGTH,0.5,0.5,11,5550,5550,500.0,23,11120,1,0,0,0.55,0,0,0,0,0,0,0,0,0,0,0.0,0.0,,1,0
task_0098,family_17,NC4-ABLATION,0.5,0.5,11,970,970,60.0,15,1645,1,0,0,0.9633,0,0,0,0,1,0,1,0,1,0,0.5,1.0,d6f25418e29e0135,1,1
task_0099,family_17,B-COLD,0.75,1.0,11,5550,5550,504.54545454545456,23,11120,1,0,0,0.99,0,0,0,0,0,0,0,0,0,0,0.0,0.0,,1,0
task_0099,family_17,B-RAG-EMBED,0.75,1.0,11,5750,5750,504.54545454545456,24,11270,1,0,0,0.99,0,0,0,0,0,0,0,0,0,0,0.0,0.0,,1,0
task_0099,family_17,B-STAGEHAND-CACHE,0.75,1.0,11,5550,5550,504.54545454545456,23,11120,1,0,0,0.99,0,0,0,0,0,0,0,0,0,0,0.0,0.0,,1,0
task_0099,family_17,B-TERX-REPLAY,0.75,1.0,11,5550,5550,504.54545454545456,23,11120,1,0,0,0.99,0,0,0,0,0,0,0,0,0,0,0.0,0.0,,1,0
task_0099,family_17,P-SPIDER-MEA-BATCHED,0.75,1.0,11,1780,1780,133.63636363636363,16,3275,1,0,0,0.99,1,1,1,0,0,0,1,0,0,0,0.0,0.0,aa3c6236fff7985d,1,1
task_0099,family_17,P-WEBMCP-TOOL,0.75,1.0,11,1615,1615,137.27272727272728,16,3225,1,0,1,0.01,0,0,0,1,0,0,1,0,1,1,0.0,0.0,aa3c6236fff7985d,0,0
task_0099,family_17,NC1-SHUFFLED,0.75,1.0,11,1430,1430,101.81818181818181,17,2555,0,1,0,0.8748717825292692,1,1,1,0,1,0,1,0,0,0,0.16666666666666666,0.3333333333333333,11fe202f5cce2560,0,1
task_0099,family_17,NC2-RANDOM,0.75,1.0,11,1910,1910,145.45454545454547,16,3430,1,0,0,0.99,0,0,0,0,0,0,0,1,0,0,0.0,0.0,8c84973f59dbfc11,1,1
task_0099,family_17,NC3-LENGTH,0.75,1.0,11,5550,5550,500.0,23,11120,1,0,0,0.55,0,0,0,0,0,0,0,0,0,0,0.0,0.0,,1,0
task_0099,family_17,NC4-ABLATION,0.75,1.0,11,1820,1820,137.27272727272728,16,3365,1,0,1,0.01,0,0,0,1,0,0,1,0,0,0,0.0,0.0,aa3c6236fff7985d,0,0
task_0100,family_17,B-COLD,1.0,1.0,11,5550,5550,504.54545454545456,23,11120,1,0,0,0.9642,0,0,0,0,0,0,0,0,0,0,0.0,0.0,,1,0
task_0100,family_17,B-RAG-EMBED,1.0,1.0,11,5750,5750,504.54545454545456,24,11270,1,0,0,0.9642,0,0,0,0,0,0,0,0,0,0,0.0,0.0,,1,0
task_0100,family_17,B-STAGEHAND-CACHE,1.0,1.0,11,5550,5550,504.54545454545456,23,11120,1,0,0,0.9642,0,0,0,0,0,0,0,0,0,0,0.0,0.0,,1,0
task_0100,family_17,B-TERX-REPLAY,1.0,1.0,11,5550,5550,504.54545454545456,23,11120,1,0,0,0.9642,0,0,0,0,0,0,0,0,0,0,0.0,0.0,,1,0
task_0100,family_17,P-SPIDER-MEA-BATCHED,1.0,1.0,11,1780,1780,133.63636363636363,16,3275,1,0,0,0.99,1,1,1,0,0,0,1,0,0,0,0.0,0.0,c20787a3ca9d3ae1,1,1
task_0100,family_17,P-WEBMCP-TOOL,1.0,1.0,11,1705,1705,145.45454545454547,16,3290,1,0,0,0.9519,0,0,0,0,0,0,0,1,1,1,0.0,0.0,c20787a3ca9d3ae1,1,1
task_0100,family_17,NC1-SHUFFLED,1.0,1.0,11,930,930,56.36363636363637,15,1555,1,0,1,0.9127502890443794,1,1,1,1,1,0,1,0,0,0,0.16666666666666666,0.3333333333333333,e76476c259b21ed4,0,0
task_0100,family_17,NC2-RANDOM,1.0,1.0,11,1910,1910,145.45454545454547,16,3430,1,0,1,0.8713049801959297,0,1,0,1,0,0,0,1,0,0,0.0,0.0,bc5b86d48a1ec87a,0,0
task_0100,family_17,NC3-LENGTH,1.0,1.0,11,5550,5550,500.0,23,11120,1,0,0,0.55,0,0,0,0,0,0,0,0,0,0,0.0,0.0,,1,0
task_0100,family_17,NC4-ABLATION,1.0,1.0,11,1780,1780,133.63636363636363,16,3275,1,0,0,0.99,1,1,1,0,0,0,1,0,0,0,0.0,0.0,c20787a3ca9d3ae1,1,1
task_0101,family_17,B-COLD,0.25,0.5,11,5550,5550,504.54545454545456,23,11120,1,0,0,0.99,0,0,0,0,0,0,0,0,0,0,0.5,0.0,,1,0
task_0101,family_17,B-RAG-EMBED,0.25,0.5,11,3500,3500,300.0,19,6870,1,0,0,0.99,0,0,0,0,0,0,0,0,1,0,0.5,0.0,,1,1
task_0101,family_17,B-STAGEHAND-CACHE,0.25,0.5,11,5550,5550,504.54545454545456,23,11120,1,0,0,0.99,0,0,0,0,0,0,0,0,1,0,0.5,0.0,,1,0
task_0101,family_17,B-TERX-REPLAY,0.25,0.5,11,5550,5550,504.54545454545456,23,11120,1,0,0,0.99,0,0,0,0,0,0,0,0,1,0,0.5,0.0,,1,0
task_0101,family_17,P-SPIDER-MEA-BATCHED,0.25,0.5,11,970,970,60.0,15,1645,1,0,1,0.0312,0,0,0,1,1,0,1,0,1,0,0.5,1.0,e00f1b352491f522,0,0
task_0101,family_17,P-WEBMCP-TOOL,0.25,0.5,11,1165,1165,96.36363636363636,15,2345,1,0,0,0.9876,0,0,0,0,0,0,1,0,1,1,0.0,0.0,e00f1b352491f522,1,1
task_0101,family_17,NC1-SHUFFLED,0.25,0.5,11,1910,1910,145.45454545454547,16,3430,1,0,0,0.9585,0,0,0,0,0,0,0,1,0,0,0.0,0.0,f3c1a10e766a6cf8,1,1
task_0101,family_17,NC2-RANDOM,0.25,0.5,11,1870,1870,141.8181818181818,16,3340,1,0,0,0.99,1,1,1,0,0,0,0,1,0,0,0.0,0.0,045c499ca10db5c0,1,1
task_0101,family_17,NC3-LENGTH,0.25,0.5,11,5550,5550,500.0,23,11120,1,0,0,0.55,0,0,0,0,0,0,0,0,0,0,0.0,0.0,,1,0
task_0101,family_17,NC4-ABLATION,0.25,0.5,11,970,970,60.0,15,1645,1,0,0,0.9786,0,0,0,0,1,0,1,0,1,0,0.5,1.0,e00f1b352491f522,1,1
task_0102,family_18,B-COLD,0.0,0.0,12,6050,6050,504.1666666666667,25,12120,1,0,0,0.9575,0,0,0,0,0,0,0,0,0,0,1.0,0.0,,1,0
task_0102,family_18,B-RAG-EMBED,0.0,0.0,12,850,850,54.166666666666664,14,1710,1,0,0,0.9575,0,0,0,0,0,0,0,0,1,0,1.0,0.0,,1,1
task_0102,family_18,B-STAGEHAND-CACHE,0.0,0.0,12,650,650,54.166666666666664,13,1560,1,0,0,0.9575,0,0,0,0,0,0,0,0,1,0,1.0,0.0,,1,1
task_0102,family_18,B-TERX-REPLAY,0.0,0.0,12,650,650,54.166666666666664,13,1560,1,0,0,0.9575,0,0,0,0,0,0,0,0,1,0,1.0,0.0,,1,1
task_0102,family_18,P-SPIDER-MEA-BATCHED,0.0,0.0,12,980,980,55.833333333333336,16,1675,1,0,0,0.99,1,1,1,0,1,0,1,0,1,0,1.0,1.0,b61f7464e64496ed,1,1
task_0102,family_18,P-WEBMCP-TOOL,0.0,0.0,12,725,725,51.666666666666664,15,1495,1,0,0,0.99,1,1,1,0,0,0,1,0,1,1,0.0,0.0,b61f7464e64496ed,1,1
task_0102,family_18,NC1-SHUFFLED,0.0,0.0,12,1020,1020,59.166666666666664,15,1700,1,0,0,0.9734,1,1,1,0,0,0,0,1,0,0,0.0,0.0,0bd679d9b5591424,1,1
task_0102,family_18,NC2-RANDOM,0.0,0.0,12,1520,1520,100.83333333333333,17,2700,0,1,0,0.955815385462518,1,1,1,0,0,0,0,1,0,0,0.0,0.0,c38ade93c41b2d56,0,1
task_0102,family_18,NC3-LENGTH,0.0,0.0,12,6050,6050,500.0,25,12120,1,0,0,0.55,0,0,0,0,0,0,0,0,0,0,0.0,0.0,,1,0
task_0102,family_18,NC4-ABLATION,0.0,0.0,12,980,980,55.833333333333336,16,1675,1,0,0,0.9665,1,1,1,0,1,0,1,0,1,0,1.0,1.0,b61f7464e64496ed,1,1
task_0103,family_18,B-COLD,0.75,0.6667,12,6050,6050,504.1666666666667,25,12120,1,0,0,0.99,0,0,0,0,0,0,0,0,0,0,0.5555555555555556,0.0,,1,0
task_0103,family_18,B-RAG-EMBED,0.75,0.6667,12,4450,4450,354.1666666666667,22,8750,1,0,0,0.99,0,0,0,0,0,0,0,0,1,0,0.5555555555555556,0.0,,1,1
task_0103,family_18,B-STAGEHAND-CACHE,0.75,0.6667,12,6050,6050,504.1666666666667,25,12120,1,0,0,0.99,0,0,0,0,0,0,0,0,1,0,0.5555555555555556,0.0,,1,0
task_0103,family_18,B-TERX-REPLAY,0.75,0.6667,12,6050,6050,504.1666666666667,25,12120,1,0,0,0.99,0,0,0,0,0,0,0,0,1,0,0.5555555555555556,0.0,,1,0
task_0103,family_18,P-SPIDER-MEA-BATCHED,0.75,0.6667,12,1110,1110,66.66666666666667,16,1830,1,0,0,0.99,0,0,0,0,1,0,0,1,1,0,0.5555555555555556,1.0,18dae3ada5be8f95,1,1
task_0103,family_18,P-WEBMCP-TOOL,0.75,0.6667,12,725,725,51.666666666666664,15,1495,1,0,0,0.9616,1,1,1,0,0,0,1,0,1,1,0.0,0.0,18dae3ada5be8f95,1,1
task_0103,family_18,NC1-SHUFFLED,0.75,0.6667,12,1020,1020,59.166666666666664,16,1765,1,0,1,0.8663198221041088,0,0,0,1,1,0,1,0,1,0,0.4444444444444444,1.0,c77c74d630526f64,0,0
task_0103,family_18,NC2-RANDOM,0.75,0.6667,12,2370,2370,171.66666666666666,18,4340,1,0,1,0.8592111550000449,1,1,1,0,0,0,0,1,0,0,0.0,0.0,5decba4f9939e497,0,0
task_0103,family_18,NC3-LENGTH,0.75,0.6667,12,6050,6050,500.0,25,12120,1,0,0,0.55,0,0,0,0,0,0,0,0,0,0,0.0,0.0,,1,0
task_0103,family_18,NC4-ABLATION,0.75,0.6667,12,1020,1020,59.166666666666664,16,1765,1,0,0,0.969,0,0,0,0,1,0,1,0,1,0,0.5555555555555556,1.0,18dae3ada5be8f95,1,1
task_0104,family_18,B-COLD,1.0,1.0,12,6050,6050,504.1666666666667,25,12120,1,0,0,0.99,0,0,0,0,0,0,0,0,0,0,0.3333333333333333,0.0,,1,0
task_0104,family_18,B-RAG-EMBED,1.0,1.0,12,6250,6250,504.1666666666667,26,12270,1,0,0,0.99,0,0,0,0,0,0,0,0,1,0,0.3333333333333333,0.0,,1,0
task_0104,family_18,B-STAGEHAND-CACHE,1.0,1.0,12,6050,6050,504.1666666666667,25,12120,1,0,0,0.99,0,0,0,0,0,0,0,0,1,0,0.3333333333333333,0.0,,1,0
task_0104,family_18,B-TERX-REPLAY,1.0,1.0,12,6050,6050,504.1666666666667,25,12120,1,0,0,0.99,0,0,0,0,0,0,0,0,1,0,0.3333333333333333,0.0,,1,0
task_0104,family_18,P-SPIDER-MEA-BATCHED,1.0,1.0,12,980,980,55.833333333333336,16,1675,1,0,0,0.99,1,1,1,0,1,0,1,0,1,0,0.3333333333333333,0.3333333333333333,2bd625511d853aba,1,1
task_0104,family_18,P-WEBMCP-TOOL,1.0,1.0,12,725,725,51.666666666666664,15,1495,1,0,1,0.0412,1,1,1,1,0,0,1,0,1,1,0.0,0.0,2bd625511d853aba,0,0
task_0104,family_18,NC1-SHUFFLED,1.0,1.0,12,2280,2280,164.16666666666666,18,4275,1,0,1,0.8006217651351394,1,1,1,1,0,0,1,0,0,0,0.0,0.0,1c91ea894bdb2a82,0,0
task_0104,family_18,NC2-RANDOM,1.0,1.0,12,2370,2370,171.66666666666666,18,4340,1,0,1,0.8463419885150878,1,1,1,1,0,0,0,1,0,0,0.0,0.0,e553f9ed61909997,0,0
task_0104,family_18,NC3-LENGTH,1.0,1.0,12,6050,6050,500.0,25,12120,1,0,0,0.55,0,0,0,0,0,0,0,0,0,0,0.0,0.0,,1,0
task_0104,family_18,NC4-ABLATION,1.0,1.0,12,2280,2280,164.16666666666666,18,4275,1,0,1,0.0319,1,1,1,1,0,0,1,0,1,0,0.3333333333333333,0.3333333333333333,2bd625511d853aba,0,0
task_0105,family_18,B-COLD,0.25,0.3333,12,6050,6050,504.1666666666667,25,12120,1,0,0,0.99,0,0,0,0,0,0,0,0,0,0,0.7777777777777778,0.0,,1,0
task_0105,family_18,B-RAG-EMBED,0.25,0.3333,12,2650,2650,204.16666666666666,18,5230,1,0,0,0.99,0,0,0,0,0,0,0,0,1,0,0.7777777777777778,0.0,,1,1
task_0105,family_18,B-STAGEHAND-CACHE,0.25,0.3333,12,6050,6050,504.1666666666667,25,12120,1,0,0,0.99,0,0,0,0,0,0,0,0,1,0,0.7777777777777778,0.0,,1,0
task_0105,family_18,B-TERX-REPLAY,0.25,0.3333,12,6050,6050,504.1666666666667,25,12120,1,0,0,0.99,0,0,0,0,0,0,0,0,1,0,0.7777777777777778,0.0,,1,0
task_0105,family_18,P-SPIDER-MEA-BATCHED,0.25,0.3333,12,980,980,55.833333333333336,16,1675,1,0,0,0.99,1,1,1,0,1,0,1,0,1,0,0.7777777777777778,1.0,9cb07b83c2b8bd0b,1,1
task_0105,family_18,P-WEBMCP-TOOL,0.25,0.3333,12,855,855,62.5,15,1650,1,0,0,0.99,0,0,0,0,0,0,0,1,1,1,0.0,0.0,9cb07b83c2b8bd0b,1,1
task_0105,family_18,NC1-SHUFFLED,0.25,0.3333,12,1070,1070,63.333333333333336,16,1740,1,0,0,0.9843,1,1,1,0,1,0,0,1,1,0,0.3333333333333333,1.0,7e2fe79c00e8302c,1,1
task_0105,family_18,NC2-RANDOM,0.25,0.3333,12,2410,2410,175.0,18,4430,1,0,0,0.99,0,0,0,0,0,0,0,1,0,0,0.0,0.0,27c400167cd2821d,1,1
task_0105,family_18,NC3-LENGTH,0.25,0.3333,12,6050,6050,500.0,25,12120,1,0,0,0.55,0,0,0,0,0,0,0,0,0,0,0.0,0.0,,1,0
task_0105,family_18,NC4-ABLATION,0.25,0.3333,12,1020,1020,59.166666666666664,16,1765,1,0,0,0.99,0,0,0,0,1,0,1,0,1,0,0.7777777777777778,1.0,9cb07b83c2b8bd0b,1,1
task_0106,family_18,B-COLD,0.5,0.6667,12,6050,6050,504.1666666666667,25,12120,1,0,0,0.9504,0,0,0,0,0,0,0,0,0,0,1.0,0.0,,1,0
task_0106,family_18,B-RAG-EMBED,0.5,0.6667,12,4450,4450,354.1666666666667,22,8750,1,0,0,0.9504,0,0,0,0,0,0,0,0,1,0,1.0,0.0,,1,1
task_0106,family_18,B-STAGEHAND-CACHE,0.5,0.6667,12,6050,6050,504.1666666666667,25,12120,1,0,0,0.9504,0,0,0,0,0,0,0,0,1,0,1.0,0.0,,1,0
task_0106,family_18,B-TERX-REPLAY,0.5,0.6667,12,6050,6050,504.1666666666667,25,12120,1,0,0,0.9504,0,0,0,0,0,0,0,0,1,0,1.0,0.0,,1,0
task_0106,family_18,P-SPIDER-MEA-BATCHED,0.5,0.6667,12,980,980,55.833333333333336,16,1675,1,0,0,0.9877,1,1,1,0,1,0,1,0,1,0,1.0,1.0,892c03c798c99439,1,1
task_0106,family_18,P-WEBMCP-TOOL,0.5,0.6667,12,765,765,55.0,15,1585,1,0,0,0.9558,0,0,0,0,0,0,1,0,1,1,0.0,0.0,892c03c798c99439,1,1
task_0106,family_18,NC1-SHUFFLED,0.5,0.6667,12,2280,2280,164.16666666666666,18,4275,1,0,0,0.99,1,1,1,0,0,0,1,0,0,0,0.0,0.0,7a15e67185e233c5,1,1
task_0106,family_18,NC2-RANDOM,0.5,0.6667,12,2410,2410,175.0,18,4430,1,0,0,0.9581,0,0,0,0,0,0,0,1,0,0,0.0,0.0,136b01f4dacd41b4,1,1
task_0106,family_18,NC3-LENGTH,0.5,0.6667,12,6050,6050,500.0,25,12120,1,0,0,0.55,0,0,0,0,0,0,0,0,0,0,0.0,0.0,,1,0
task_0106,family_18,NC4-ABLATION,0.5,0.6667,12,1020,1020,59.166666666666664,16,1765,1,0,0,0.99,0,0,0,0,1,0,1,0,1,0,1.0,1.0,892c03c798c99439,1,1
task_0107,family_19,B-COLD,0.0,0.0,13,6550,6550,503.84615384615387,27,13120,1,0,0,0.9745,0,0,0,0,0,0,0,0,0,0,1.0,0.0,,1,0
task_0107,family_19,B-RAG-EMBED,0.0,0.0,13,900,900,53.84615384615385,15,1830,1,0,0,0.9745,0,0,0,0,0,0,0,0,1,0,1.0,0.0,,1,1
task_0107,family_19,B-STAGEHAND-CACHE,0.0,0.0,13,700,700,53.84615384615385,14,1680,1,0,0,0.9745,0,0,0,0,0,0,0,0,1,0,1.0,0.0,,1,1
task_0107,family_19,B-TERX-REPLAY,0.0,0.0,13,700,700,53.84615384615385,14,1680,1,0,0,0.9745,0,0,0,0,0,0,0,0,1,0,1.0,0.0,,1,1
task_0107,family_19,P-SPIDER-MEA-BATCHED,0.0,0.0,13,1070,1070,58.46153846153846,17,1885,1,0,0,0.99,0,1,0,0,1,0,1,0,1,0,1.0,1.0,8fc6512a45c95da2,1,1
task_0107,family_19,P-WEBMCP-TOOL,0.0,0.0,13,905,905,61.53846153846154,16,1770,1,0,0,0.99,0,1,0,0,0,0,0,1,1,1,0.0,0.0,8fc6512a45c95da2,1,1
task_0107,family_19,NC1-SHUFFLED,0.0,0.0,13,1480,1480,90.0,18,2755,0,1,0,0.9245837057678724,1,1,1,0,0,0,1,0,0,0,0.0,0.0,6c4f6f255b0a03fe,0,1
task_0107,family_19,NC2-RANDOM,0.0,0.0,13,1070,1070,58.46153846153846,16,1820,1,0,0,0.99,1,1,1,0,0,0,0,1,0,0,0.0,0.0,79c4467ca9e295f2,1,1
task_0107,family_19,NC3-LENGTH,0.0,0.0,13,6550,6550,500.0,27,13120,1,0,0,0.55,0,0,0,0,0,0,0,0,0,0,0.0,0.0,,1,0
task_0107,family_19,NC4-ABLATION,0.0,0.0,13,1120,1120,62.30769230769231,17,1860,1,0,0,0.99,1,1,1,0,1,0,0,1,1,0,1.0,1.0,8fc6512a45c95da2,1,1
task_0108,family_19,B-COLD,1.0,1.0,13,6550,6550,503.84615384615387,27,13120,1,0,0,0.9665,0,0,0,0,0,0,0,0,0,0,0.0,0.0,,1,0
task_0108,family_19,B-RAG-EMBED,1.0,1.0,13,6750,6750,503.84615384615387,28,13270,1,0,0,0.9665,0,0,0,0,0,0,0,0,0,0,0.0,0.0,,1,0
task_0108,family_19,B-STAGEHAND-CACHE,1.0,1.0,13,6550,6550,503.84615384615387,27,13120,1,0,0,0.9665,0,0,0,0,0,0,0,0,0,0,0.0,0.0,,1,0
task_0108,family_19,B-TERX-REPLAY,1.0,1.0,13,6550,6550,503.84615384615387,27,13120,1,0,0,0.9665,0,0,0,0,0,0,0,0,0,0,0.0,0.0,,1,0
task_0108,family_19,P-SPIDER-MEA-BATCHED,1.0,1.0,13,1430,1430,86.15384615384616,17,2635,1,0,0,0.99,1,1,1,0,0,0,1,0,0,0,0.0,0.0,491b35bb8ce61db3,1,1
task_0108,family_19,P-WEBMCP-TOOL,1.0,1.0,13,1225,1225,86.15384615384616,17,2495,1,0,0,0.99,1,1,1,0,0,0,1,0,1,1,0.0,0.0,491b35bb8ce61db3,1,1
task_0108,family_19,NC1-SHUFFLED,1.0,1.0,13,1470,1470,89.23076923076923,17,2725,1,0,1,0.9119813248873578,0,0,0,0,0,0,1,0,0,0,0.0,0.0,7f87964290cdbaf6,0,0
task_0108,family_19,NC2-RANDOM,1.0,1.0,13,1520,1520,93.07692307692308,17,2700,1,0,1,0.851604720662199,1,1,1,1,0,0,0,1,0,0,0.0,0.0,7298f51e54307200,0,0
task_0108,family_19,NC3-LENGTH,1.0,1.0,13,6550,6550,500.0,27,13120,1,0,0,0.55,0,0,0,0,0,0,0,0,0,0,0.0,0.0,,1,0
task_0108,family_19,NC4-ABLATION,1.0,1.0,13,1470,1470,89.23076923076923,17,2725,1,0,0,0.99,0,0,0,0,0,0,1,0,0,0,0.0,0.0,491b35bb8ce61db3,1,1
task_0109,family_19,B-COLD,0.25,0.0,13,6550,6550,503.84615384615387,27,13120,1,0,0,0.9645,0,0,0,0,0,0,0,0,0,0,1.0,0.0,,1,0
task_0109,family_19,B-RAG-EMBED,0.25,0.0,13,900,900,53.84615384615385,15,1830,1,0,0,0.9645,0,0,0,0,0,0,0,0,1,0,1.0,0.0,,1,1
task_0109,family_19,B-STAGEHAND-CACHE,0.25,0.0,13,6550,6550,503.84615384615387,27,13120,1,0,0,0.9645,0,0,0,0,0,0,0,0,1,0,1.0,0.0,,1,0
task_0109,family_19,B-TERX-REPLAY,0.25,0.0,13,6550,6550,503.84615384615387,27,13120,1,0,0,0.9645,0,0,0,0,0,0,0,0,1,0,1.0,0.0,,1,0
task_0109,family_19,P-SPIDER-MEA-BATCHED,0.25,0.0,13,1030,1030,55.38461538461539,17,1795,1,0,0,0.9845,1,1,1,0,1,0,1,0,1,0,1.0,1.0,6f1b7b7c2b78c85d,1,1
task_0109,family_19,P-WEBMCP-TOOL,0.25,0.0,13,775,775,51.53846153846154,16,1615,1,0,0,0.99,1,1,1,0,0,0,1,0,1,1,0.0,0.0,6f1b7b7c2b78c85d,1,1
task_0109,family_19,NC1-SHUFFLED,0.25,0.0,13,980,980,51.53846153846154,16,1755,1,0,0,0.99,1,1,1,0,0,0,1,0,0,0,0.0,0.0,b87912cf312b8f1e,1,1
task_0109,family_19,NC2-RANDOM,0.25,0.0,13,1070,1070,58.46153846153846,16,1820,1,0,0,0.99,1,1,1,0,0,0,0,1,0,0,0.0,0.0,c39ad2e1913d5971,1,1
task_0109,family_19,NC3-LENGTH,0.25,0.0,13,6550,6550,500.0,27,13120,1,0,0,0.55,0,0,0,0,0,0,0,0,0,0,0.0,0.0,,1,0
task_0109,family_19,NC4-ABLATION,0.25,0.0,13,1070,1070,58.46153846153846,17,1885,1,0,0,0.99,0,0,0,0,1,0,1,0,1,0,1.0,1.0,6f1b7b7c2b78c85d,1,1
task_0110,family_19,B-COLD,0.5,1.0,13,6550,6550,503.84615384615387,27,13120,1,0,0,0.9882,0,0,0,0,0,0,0,0,0,0,0.0,0.0,,1,0
task_0110,family_19,B-RAG-EMBED,0.5,1.0,13,6750,6750,503.84615384615387,28,13270,1,0,0,0.9882,0,0,0,0,0,0,0,0,0,0,0.0,0.0,,1,0
task_0110,family_19,B-STAGEHAND-CACHE,0.5,1.0,13,6550,6550,503.84615384615387,27,13120,1,0,0,0.9882,0,0,0,0,0,0,0,0,0,0,0.0,0.0,,1,0
task_0110,family_19,B-TERX-REPLAY,0.5,1.0,13,6550,6550,503.84615384615387,27,13120,1,0,0,0.9882,0,0,0,0,0,0,0,0,0,0,0.0,0.0,,1,0
task_0110,family_19,P-SPIDER-MEA-BATCHED,0.5,1.0,13,1430,1430,86.15384615384616,17,2635,1,0,0,0.9755,1,1,1,0,0,0,1,0,0,0,0.0,0.0,dae07181687e97e5,1,1
task_0110,family_19,P-WEBMCP-TOOL,0.5,1.0,13,1265,1265,89.23076923076923,17,2585,1,0,0,0.99,0,0,0,0,0,0,1,0,1,1,0.0,0.0,dae07181687e97e5,1,1
task_0110,family_19,NC1-SHUFFLED,0.5,1.0,13,1470,1470,89.23076923076923,17,2725,1,0,1,0.8745740634176605,0,0,0,0,0,0,1,0,0,0,0.0,0.0,d1c1228407b1f9ea,0,0
task_0110,family_19,NC2-RANDOM,0.5,1.0,13,1560,1560,96.15384615384616,17,2790,1,0,1,0.7844172771964188,0,0,0,1,0,0,0,1,0,0,0.0,0.0,169999380fde665e,0,0
task_0110,family_19,NC3-LENGTH,0.5,1.0,13,6550,6550,500.0,27,13120,1,0,0,0.55,0,0,0,0,0,0,0,0,0,0,0.0,0.0,,1,0
task_0110,family_19,NC4-ABLATION,0.5,1.0,13,1470,1470,89.23076923076923,17,2725,1,0,0,0.99,0,0,0,0,0,0,1,0,0,0,0.0,0.0,dae07181687e97e5,1,1
task_0111,family_19,B-COLD,0.75,1.0,13,6550,6550,503.84615384615387,27,13120,1,0,0,0.99,0,0,0,0,0,0,0,0,0,0,0.0,0.0,,1,0
task_0111,family_19,B-RAG-EMBED,0.75,1.0,13,6750,6750,503.84615384615387,28,13270,1,0,0,0.99,0,0,0,0,0,0,0,0,0,0,0.0,0.0,,1,0
task_0111,family_19,B-STAGEHAND-CACHE,0.75,1.0,13,6550,6550,503.84615384615387,27,13120,1,0,0,0.99,0,0,0,0,0,0,0,0,0,0,0.0,0.0,,1,0
task_0111,family_19,B-TERX-REPLAY,0.75,1.0,13,6550,6550,503.84615384615387,27,13120,1,0,0,0.99,0,0,0,0,0,0,0,0,0,0,0.0,0.0,,1,0
task_0111,family_19,P-SPIDER-MEA-BATCHED,0.75,1.0,13,1430,1430,86.15384615384616,17,2635,1,0,1,0.01,1,1,1,1,0,0,1,0,0,0,0.0,0.0,51cd8ff0556b3085,0,0
task_0111,family_19,P-WEBMCP-TOOL,0.75,1.0,13,1225,1225,86.15384615384616,17,2495,1,0,0,0.9708,1,1,1,0,0,0,1,0,1,1,0.0,0.0,51cd8ff0556b3085,1,1
task_0111,family_19,NC1-SHUFFLED,0.75,1.0,13,1430,1430,86.15384615384616,17,2635,1,0,0,0.99,1,1,1,0,0,0,1,0,0,0,0.0,0.0,c97130f72f331a43,1,1
task_0111,family_19,NC2-RANDOM,0.75,1.0,13,1520,1520,93.07692307692308,17,2700,1,0,1,0.9399877825555559,1,1,1,1,0,0,0,1,0,0,0.0,0.0,054fc15819de7c73,0,0
task_0111,family_19,NC3-LENGTH,0.75,1.0,13,6550,6550,500.0,27,13120,1,0,0,0.55,0,0,0,0,0,0,0,0,0,0,0.0,0.0,,1,0
task_0111,family_19,NC4-ABLATION,0.75,1.0,13,1430,1430,86.15384615384616,17,2635,1,0,0,0.99,1,1,1,0,0,0,1,0,0,0,0.0,0.0,51cd8ff0556b3085,1,1
task_0112,family_20,B-COLD,0.0,0.0,14,7050,7050,503.57142857142856,29,14120,1,0,0,0.99,0,0,0,0,0,0,0,0,0,0,1.0,0.0,,1,0
task_0112,family_20,B-RAG-EMBED,0.0,0.0,14,950,950,53.57142857142857,16,1950,1,0,0,0.99,0,0,0,0,0,0,0,0,1,0,1.0,0.0,,1,1
task_0112,family_20,B-STAGEHAND-CACHE,0.0,0.0,14,750,750,53.57142857142857,15,1800,1,0,0,0.99,0,0,0,0,0,0,0,0,1,0,1.0,0.0,,1,1
task_0112,family_20,B-TERX-REPLAY,0.0,0.0,14,750,750,53.57142857142857,15,1800,1,0,0,0.99,0,0,0,0,0,0,0,0,1,0,1.0,0.0,,1,1
task_0112,family_20,P-SPIDER-MEA-BATCHED,0.0,0.0,14,1170,1170,61.42857142857143,18,1980,1,0,0,0.9534,1,1,1,0,1,0,0,1,1,0,1.0,1.0,fade3be8fa11fb87,1,1
task_0112,family_20,P-WEBMCP-TOOL,0.0,0.0,14,865,865,54.285714285714285,17,1825,1,0,0,0.99,0,0,0,0,0,0,1,0,1,1,0.0,0.0,fade3be8fa11fb87,1,1
task_0112,family_20,NC1-SHUFFLED,0.0,0.0,14,1080,1080,55.0,18,1915,1,0,1,0.9529560478247661,1,1,1,0,1,0,1,0,0,0,0.16666666666666666,0.3333333333333333,fea1d0869a90d59e,0,0
task_0112,family_20,NC2-RANDOM,0.0,0.0,14,1120,1120,57.857142857142854,17,1940,1,0,0,0.9747,1,1,1,0,0,0,0,1,0,0,0.0,0.0,e7d4bbcdce886af9,1,1
task_0112,family_20,NC3-LENGTH,0.0,0.0,14,7050,7050,500.0,29,14120,1,0,0,0.55,0,0,0,0,0,0,0,0,0,0,0.0,0.0,,1,0
task_0112,family_20,NC4-ABLATION,0.0,0.0,14,1120,1120,57.857142857142854,18,2005,1,0,0,0.99,0,1,0,0,1,0,1,0,1,0,1.0,1.0,fade3be8fa11fb87,1,1
task_0113,family_20,B-COLD,0.25,0.5,14,7050,7050,503.57142857142856,29,14120,1,0,0,0.99,0,0,0,0,0,0,0,0,0,0,0.6666666666666666,0.0,,1,0
task_0113,family_20,B-RAG-EMBED,0.25,0.5,14,4100,4100,278.57142857142856,23,8110,1,0,0,0.99,0,0,0,0,0,0,0,0,1,0,0.6666666666666666,0.0,,1,1
task_0113,family_20,B-STAGEHAND-CACHE,0.25,0.5,14,7050,7050,503.57142857142856,29,14120,1,0,0,0.99,0,0,0,0,0,0,0,0,1,0,0.6666666666666666,0.0,,1,0
task_0113,family_20,B-TERX-REPLAY,0.25,0.5,14,7050,7050,503.57142857142856,29,14120,1,0,0,0.99,0,0,0,0,0,0,0,0,1,0,0.6666666666666666,0.0,,1,0
task_0113,family_20,P-SPIDER-MEA-BATCHED,0.25,0.5,14,1120,1120,57.857142857142854,18,2005,1,0,0,0.9506,0,1,0,0,1,0,1,0,1,0,0.6666666666666666,1.0,f80c49c9af8308a7,1,1
task_0113,family_20,P-WEBMCP-TOOL,0.25,0.5,14,825,825,51.42857142857143,17,1735,1,0,0,0.99,1,1,1,0,0,0,1,0,1,1,0.0,0.0,f80c49c9af8308a7,1,1
task_0113,family_20,NC1-SHUFFLED,0.25,0.5,14,1080,1080,55.0,18,1915,1,0,0,0.99,1,1,1,0,1,0,1,0,0,0,0.16666666666666666,0.3333333333333333,17e91580ce8904fd,1,1
task_0113,family_20,NC2-RANDOM,0.25,0.5,14,2520,2520,157.85714285714286,21,4700,0,1,0,0.9282681241125926,1,1,1,0,0,0,0,1,0,0,0.0,0.0,d27d1201a28e84be,0,1
task_0113,family_20,NC3-LENGTH,0.25,0.5,14,7050,7050,500.0,29,14120,1,0,0,0.55,0,0,0,0,0,0,0,0,0,0,0.0,0.0,,1,0
task_0113,family_20,NC4-ABLATION,0.25,0.5,14,1120,1120,57.857142857142854,18,2005,1,0,0,0.99,0,0,0,0,1,0,1,0,1,0,0.6666666666666666,1.0,f80c49c9af8308a7,1,1
task_0114,family_20,B-COLD,0.5,0.5,14,7050,7050,503.57142857142856,29,14120,1,0,0,0.99,0,0,0,0,0,0,0,0,0,0,0.6666666666666666,0.0,,1,0
task_0114,family_20,B-RAG-EMBED,0.5,0.5,14,4100,4100,278.57142857142856,23,8110,1,0,0,0.99,0,0,0,0,0,0,0,0,1,0,0.6666666666666666,0.0,,1,1
task_0114,family_20,B-STAGEHAND-CACHE,0.5,0.5,14,7050,7050,503.57142857142856,29,14120,1,0,0,0.99,0,0,0,0,0,0,0,0,1,0,0.6666666666666666,0.0,,1,0
task_0114,family_20,B-TERX-REPLAY,0.5,0.5,14,7050,7050,503.57142857142856,29,14120,1,0,0,0.99,0,0,0,0,0,0,0,0,1,0,0.6666666666666666,0.0,,1,0
task_0114,family_20,P-SPIDER-MEA-BATCHED,0.5,0.5,14,1080,1080,55.0,18,1915,1,0,0,0.99,1,1,1,0,1,0,1,0,1,0,0.6666666666666666,1.0,9907201352897adb,1,1
task_0114,family_20,P-WEBMCP-TOOL,0.5,0.5,14,825,825,51.42857142857143,17,1735,1,0,0,0.99,1,1,1,0,0,0,1,0,1,1,0.0,0.0,9907201352897adb,1,1
task_0114,family_20,NC1-SHUFFLED,0.5,0.5,14,2430,2430,151.42857142857142,21,4635,0,1,0,0.8913016673837357,1,1,1,0,0,0,1,0,0,0,0.0,0.0,a405c19e8f886688,0,1
task_0114,family_20,NC2-RANDOM,0.5,0.5,14,2020,2020,122.14285714285714,19,3700,1,0,1,0.8818326382718795,1,1,1,0,0,0,0,1,0,0,0.0,0.0,6d00a248fd49ba09,0,0
task_0114,family_20,NC3-LENGTH,0.5,0.5,14,7050,7050,500.0,29,14120,1,0,0,0.55,0,0,0,0,0,0,0,0,0,0,0.0,0.0,,1,0
task_0114,family_20,NC4-ABLATION,0.5,0.5,14,1080,1080,55.0,18,1915,1,0,1,0.01,1,1,1,1,1,0,1,0,1,0,0.6666666666666666,1.0,9907201352897adb,0,0
task_0115,family_20,B-COLD,0.75,1.0,14,7050,7050,503.57142857142856,29,14120,1,0,0,0.99,0,0,0,0,0,0,0,0,0,0,0.3333333333333333,0.0,,1,0
task_0115,family_20,B-RAG-EMBED,0.75,1.0,14,7250,7250,503.57142857142856,30,14270,1,0,0,0.99,0,0,0,0,0,0,0,0,1,0,0.3333333333333333,0.0,,1,0
task_0115,family_20,B-STAGEHAND-CACHE,0.75,1.0,14,7050,7050,503.57142857142856,29,14120,1,0,0,0.99,0,0,0,0,0,0,0,0,1,0,0.3333333333333333,0.0,,1,0
task_0115,family_20,B-TERX-REPLAY,0.75,1.0,14,7050,7050,503.57142857142856,29,14120,1,0,0,0.99,0,0,0,0,0,0,0,0,1,0,0.3333333333333333,0.0,,1,0
task_0115,family_20,P-SPIDER-MEA-BATCHED,0.75,1.0,14,1120,1120,57.857142857142854,18,2005,1,0,0,0.99,0,0,0,0,1,0,1,0,1,0,0.3333333333333333,0.3333333333333333,1649b4ca1c5ef612,1,1
task_0115,family_20,P-WEBMCP-TOOL,0.75,1.0,14,825,825,51.42857142857143,17,1735,1,0,0,0.99,1,1,1,0,0,0,1,0,1,1,0.0,0.0,1649b4ca1c5ef612,1,1
task_0115,family_20,NC1-SHUFFLED,0.75,1.0,14,1170,1170,61.42857142857143,18,1980,1,0,0,0.99,1,1,1,0,1,0,0,1,0,0,0.16666666666666666,0.3333333333333333,daa785f0c77f9fcd,1,1
task_0115,family_20,NC2-RANDOM,0.75,1.0,14,2060,2060,125.0,19,3790,1,0,1,0.9004593822360184,0,0,0,1,0,0,0,1,0,0,0.0,0.0,2f90f4f9aa6fbd96,0,0
task_0115,family_20,NC3-LENGTH,0.75,1.0,14,7050,7050,500.0,29,14120,1,0,0,0.55,0,0,0,0,0,0,0,0,0,0,0.0,0.0,,1,0
task_0115,family_20,NC4-ABLATION,0.75,1.0,14,1930,1930,115.71428571428571,19,3635,1,0,0,0.9515,1,1,1,0,0,0,1,0,1,0,0.3333333333333333,0.3333333333333333,1649b4ca1c5ef612,1,1
task_0116,family_20,B-COLD,1.0,1.0,14,7050,7050,503.57142857142856,29,14120,1,0,0,0.99,0,0,0,0,0,0,0,0,0,0,0.6666666666666666,0.0,,1,0
task_0116,family_20,B-RAG-EMBED,1.0,1.0,14,7250,7250,503.57142857142856,30,14270,1,0,0,0.99,0,0,0,0,0,0,0,0,1,0,0.6666666666666666,0.0,,1,0
task_0116,family_20,B-STAGEHAND-CACHE,1.0,1.0,14,7050,7050,503.57142857142856,29,14120,1,0,0,0.99,0,0,0,0,0,0,0,0,1,0,0.6666666666666666,0.0,,1,0
task_0116,family_20,B-TERX-REPLAY,1.0,1.0,14,7050,7050,503.57142857142856,29,14120,1,0,0,0.99,0,0,0,0,0,0,0,0,1,0,0.6666666666666666,0.0,,1,0
task_0116,family_20,P-SPIDER-MEA-BATCHED,1.0,1.0,14,1080,1080,55.0,18,1915,1,0,1,0.01,1,1,1,1,1,0,1,0,1,0,0.6666666666666666,1.0,a06a6c6ff89ca9c0,0,0
task_0116,family_20,P-WEBMCP-TOOL,1.0,1.0,14,955,955,60.714285714285715,17,1890,1,0,1,0.01,0,0,0,1,0,0,0,1,1,1,0.0,0.0,a06a6c6ff89ca9c0,0,0
task_0116,family_20,NC1-SHUFFLED,1.0,1.0,14,1170,1170,61.42857142857143,18,1980,1,0,0,0.9768,1,1,1,0,1,0,0,1,0,0,0.16666666666666666,0.3333333333333333,b5f6a7691a4e3417,1,1
task_0116,family_20,NC2-RANDOM,1.0,1.0,14,2060,2060,125.0,19,3790,1,0,1,0.8809564674998416,0,0,0,0,0,0,0,1,0,0,0.0,0.0,3838121f11ef35b0,0,0
task_0116,family_20,NC3-LENGTH,1.0,1.0,14,7050,7050,500.0,29,14120,1,0,0,0.55,0,0,0,0,0,0,0,0,0,0,0.0,0.0,,1,0
task_0116,family_20,NC4-ABLATION,1.0,1.0,14,1120,1120,57.857142857142854,18,2005,1,0,0,0.99,0,1,0,0,1,0,1,0,1,0,0.6666666666666666,1.0,a06a6c6ff89ca9c0,1,1
task_0117,family_21,B-COLD,0.0,0.0,8,4050,4050,506.25,17,8120,1,0,0,0.99,0,0,0,0,0,0,0,0,0,0,1.0,0.0,,1,0
task_0117,family_21,B-RAG-EMBED,0.0,0.0,8,650,650,56.25,10,1230,1,0,0,0.99,0,0,0,0,0,0,0,0,1,0,1.0,0.0,,1,1
task_0117,family_21,B-STAGEHAND-CACHE,0.0,0.0,8,450,450,56.25,9,1080,1,0,0,0.99,0,0,0,0,0,0,0,0,1,0,1.0,0.0,,1,1
task_0117,family_21,B-TERX-REPLAY,0.0,0.0,8,450,450,56.25,9,1080,1,0,0,0.99,0,0,0,0,0,0,0,0,1,0,1.0,0.0,,1,1
task_0117,family_21,P-SPIDER-MEA-BATCHED,0.0,0.0,8,910,910,75.0,12,1350,1,0,0,0.99,0,0,0,0,1,0,0,1,1,0,1.0,1.0,9a7d64e55ec875af,1,1
task_0117,family_21,P-WEBMCP-TOOL,0.0,0.0,8,615,615,63.75,11,1080,1,0,0,0.9894,1,1,1,0,0,0,0,1,1,1,0.0,0.0,9a7d64e55ec875af,1,1
task_0117,family_21,NC1-SHUFFLED,0.0,0.0,8,1320,1320,126.25,13,2220,0,1,0,0.8355512475713962,1,1,1,0,0,0,0,1,0,0,0.0,0.0,c633261f8248545e,0,1
task_0117,family_21,NC2-RANDOM,0.0,0.0,8,820,820,63.75,11,1220,1,0,0,0.99,1,1,1,0,0,0,0,1,0,0,0.0,0.0,5178b7d85f000788,1,1
task_0117,family_21,NC3-LENGTH,0.0,0.0,8,4050,4050,500.0,17,8120,1,0,0,0.55,0,0,0,0,0,0,0,0,0,0,0.0,0.0,,1,0
task_0117,family_21,NC4-ABLATION,0.0,0.0,8,820,820,63.75,12,1285,1,0,0,0.9897,0,0,0,0,1,0,1,0,1,0,1.0,1.0,9a7d64e55ec875af,1,1
task_0118,family_21,B-COLD,0.5,0.5,8,4050,4050,506.25,17,8120,1,0,0,0.953,0,0,0,0,0,0,0,0,0,0,0.5,0.0,,1,0
task_0118,family_21,B-RAG-EMBED,0.5,0.5,8,2450,2450,281.25,14,4750,1,0,0,0.953,0,0,0,0,0,0,0,0,1,0,0.5,0.0,,1,1
task_0118,family_21,B-STAGEHAND-CACHE,0.5,0.5,8,4050,4050,506.25,17,8120,1,0,0,0.953,0,0,0,0,0,0,0,0,1,0,0.5,0.0,,1,0
task_0118,family_21,B-TERX-REPLAY,0.5,0.5,8,4050,4050,506.25,17,8120,1,0,0,0.953,0,0,0,0,0,0,0,0,1,0,0.5,0.0,,1,0
task_0118,family_21,P-SPIDER-MEA-BATCHED,0.5,0.5,8,820,820,63.75,12,1285,1,0,0,0.99,0,0,0,0,1,0,1,0,1,0,0.5,1.0,9722aea70057c5a9,1,1
task_0118,family_21,P-WEBMCP-TOOL,0.5,0.5,8,1015,1015,113.75,12,1985,1,0,0,0.9616,0,0,0,0,0,0,1,0,1,1,0.0,0.0,9722aea70057c5a9,1,1
task_0118,family_21,NC1-SHUFFLED,0.5,0.5,8,1760,1760,181.25,13,3070,1,0,1,0.8582460079199496,0,0,0,1,0,0,0,1,0,0,0.0,0.0,2df8e850334f8f20,0,0
task_0118,family_21,NC2-RANDOM,0.5,0.5,8,1760,1760,181.25,13,3070,1,0,0,0.99,0,0,0,0,0,0,0,1,0,0,0.0,0.0,c319145c63d2f5e5,1,1
task_0118,family_21,NC3-LENGTH,0.5,0.5,8,4050,4050,500.0,17,8120,1,0,0,0.55,0,0,0,0,0,0,0,0,0,0,0.0,0.0,,1,0
task_0118,family_21,NC4-ABLATION,0.5,0.5,8,780,780,58.75,12,1195,1,0,1,0.01,1,1,1,1,1,0,1,0,1,0,0.5,1.0,9722aea70057c5a9,0,0
task_0119,family_21,B-COLD,0.75,1.0,8,4050,4050,506.25,17,8120,1,0,0,0.9775,0,0,0,0,0,0,0,0,0,0,0.0,0.0,,1,0
task_0119,family_21,B-RAG-EMBED,0.75,1.0,8,4250,4250,506.25,18,8270,1,0,0,0.9775,0,0,0,0,0,0,0,0,0,0,0.0,0.0,,1,0
task_0119,family_21,B-STAGEHAND-CACHE,0.75,1.0,8,4050,4050,506.25,17,8120,1,0,0,0.9775,0,0,0,0,0,0,0,0,0,0,0.0,0.0,,1,0
task_0119,family_21,B-TERX-REPLAY,0.75,1.0,8,4050,4050,506.25,17,8120,1,0,0,0.9775,0,0,0,0,0,0,0,0,0,0,0.0,0.0,,1,0
task_0119,family_21,P-SPIDER-MEA-BATCHED,0.75,1.0,8,1630,1630,165.0,13,2915,1,0,0,0.9672,1,1,1,0,0,0,1,0,0,0,0.0,0.0,2c053f658df53262,1,1
task_0119,family_21,P-WEBMCP-TOOL,0.75,1.0,8,1465,1465,170.0,13,2865,1,0,0,0.99,0,0,0,0,0,0,1,0,1,1,0.0,0.0,2c053f658df53262,1,1
task_0119,family_21,NC1-SHUFFLED,0.75,1.0,8,1670,1670,170.0,13,3005,1,0,1,0.8407582236114237,0,0,0,0,0,0,1,0,0,0,0.0,0.0,29df886334f54dc7,0,0
task_0119,family_21,NC2-RANDOM,0.75,1.0,8,1760,1760,181.25,13,3070,1,0,1,0.8156553610644437,0,0,0,1,0,0,0,1,0,0,0.0,0.0,56a770e19e584acd,0,0
task_0119,family_21,NC3-LENGTH,0.75,1.0,8,4050,4050,500.0,17,8120,1,0,0,0.55,0,0,0,0,0,0,0,0,0,0,0.0,0.0,,1,0
task_0119,family_21,NC4-ABLATION,0.75,1.0,8,1670,1670,170.0,13,3005,1,0,1,0.01,0,0,0,1,0,0,1,0,0,0,0.0,0.0,2c053f658df53262,0,0
task_0120,family_21,B-COLD,1.0,1.0,8,4050,4050,506.25,17,8120,1,0,0,0.99,0,0,0,0,0,0,0,0,0,0,0.0,0.0,,1,0
task_0120,family_21,B-RAG-EMBED,1.0,1.0,8,4250,4250,506.25,18,8270,1,0,0,0.99,0,0,0,0,0,0,0,0,0,0,0.0,0.0,,1,0
task_0120,family_21,B-STAGEHAND-CACHE,1.0,1.0,8,4050,4050,506.25,17,8120,1,0,0,0.99,0,0,0,0,0,0,0,0,0,0,0.0,0.0,,1,0
task_0120,family_21,B-TERX-REPLAY,1.0,1.0,8,4050,4050,506.25,17,8120,1,0,0,0.99,0,0,0,0,0,0,0,0,0,0,0.0,0.0,,1,0
task_0120,family_21,P-SPIDER-MEA-BATCHED,1.0,1.0,8,1670,1670,170.0,13,3005,1,0,0,0.99,0,0,0,0,0,0,1,0,0,0,0.0,0.0,fa5c781e3313e7bb,1,1
task_0120,family_21,P-WEBMCP-TOOL,1.0,1.0,8,1465,1465,170.0,13,2865,1,0,1,0.0454,0,0,0,1,0,0,1,0,1,1,0.0,0.0,fa5c781e3313e7bb,0,0
task_0120,family_21,NC1-SHUFFLED,1.0,1.0,8,870,870,70.0,12,1260,1,0,0,0.9757,1,1,1,0,1,0,0,1,1,0,0.5,1.0,dcfb9b2814c183c4,1,1
task_0120,family_21,NC2-RANDOM,1.0,1.0,8,1720,1720,176.25,13,2980,1,0,1,0.8362750539192624,1,1,1,1,0,0,0,1,0,0,0.0,0.0,59c7b66421dcfd32,0,0
task_0120,family_21,NC3-LENGTH,1.0,1.0,8,4050,4050,500.0,17,8120,1,0,0,0.55,0,0,0,0,0,0,0,0,0,0,0.0,0.0,,1,0
task_0120,family_21,NC4-ABLATION,1.0,1.0,8,1670,1670,170.0,13,3005,1,0,0,0.9892,0,0,0,0,0,0,1,0,0,0,0.0,0.0,fa5c781e3313e7bb,1,1
task_0121,family_21,B-COLD,0.25,0.5,8,4050,4050,506.25,17,8120,1,0,0,0.99,0,0,0,0,0,0,0,0,0,0,0.5,0.0,,1,0
task_0121,family_21,B-RAG-EMBED,0.25,0.5,8,2450,2450,281.25,14,4750,1,0,0,0.99,0,0,0,0,0,0,0,0,1,0,0.5,0.0,,1,1
task_0121,family_21,B-STAGEHAND-CACHE,0.25,0.5,8,4050,4050,506.25,17,8120,1,0,0,0.99,0,0,0,0,0,0,0,0,1,0,0.5,0.0,,1,0
task_0121,family_21,B-TERX-REPLAY,0.25,0.5,8,4050,4050,506.25,17,8120,1,0,0,0.99,0,0,0,0,0,0,0,0,1,0,0.5,0.0,,1,0
task_0121,family_21,P-SPIDER-MEA-BATCHED,0.25,0.5,8,820,820,63.75,12,1285,1,0,0,0.99,0,0,0,0,1,0,1,0,1,0,0.5,1.0,a9f536ce7371e436,1,1
task_0121,family_21,P-WEBMCP-TOOL,0.25,0.5,8,1015,1015,113.75,12,1985,1,0,0,0.979,0,0,0,0,0,0,1,0,1,1,0.0,0.0,a9f536ce7371e436,1,1
task_0121,family_21,NC1-SHUFFLED,0.25,0.5,8,870,870,70.0,12,1260,1,0,0,0.99,1,1,1,0,1,0,0,1,0,0,0.16666666666666666,0.3333333333333333,8db1276a767fd54b,1,1
task_0121,family_21,NC2-RANDOM,0.25,0.5,8,1760,1760,181.25,13,3070,1,0,0,0.9533,0,0,0,0,0,0,0,1,0,0,0.0,0.0,3bc546495feb82ed,1,1
task_0121,family_21,NC3-LENGTH,0.25,0.5,8,4050,4050,500.0,17,8120,1,0,0,0.55,0,0,0,0,0,0,0,0,0,0,0.0,0.0,,1,0
task_0121,family_21,NC4-ABLATION,0.25,0.5,8,780,780,58.75,12,1195,1,0,0,0.99,1,1,1,0,1,0,1,0,1,0,0.5,1.0,a9f536ce7371e436,1,1
task_0122,family_22,B-COLD,0.0,0.0,9,4550,4550,505.55555555555554,19,9120,1,0,0,0.99,0,0,0,0,0,0,0,0,0,0,1.0,0.0,,1,0
task_0122,family_22,B-RAG-EMBED,0.0,0.0,9,700,700,55.55555555555556,11,1350,1,0,0,0.99,0,0,0,0,0,0,0,0,1,0,1.0,0.0,,1,1
task_0122,family_22,B-STAGEHAND-CACHE,0.0,0.0,9,500,500,55.55555555555556,10,1200,1,0,0,0.99,0,0,0,0,0,0,0,0,1,0,1.0,0.0,,1,1
task_0122,family_22,B-TERX-REPLAY,0.0,0.0,9,500,500,55.55555555555556,10,1200,1,0,0,0.99,0,0,0,0,0,0,0,0,1,0,1.0,0.0,,1,1
task_0122,family_22,P-SPIDER-MEA-BATCHED,0.0,0.0,9,870,870,62.22222222222222,13,1405,1,0,0,0.99,0,0,0,0,1,0,1,0,1,0,1.0,1.0,3d1e58646b36c734,1,1
task_0122,family_22,P-WEBMCP-TOOL,0.0,0.0,9,575,575,52.22222222222222,12,1135,1,0,0,0.99,1,1,1,0,0,0,1,0,1,1,0.0,0.0,3d1e58646b36c734,1,1
task_0122,family_22,NC1-SHUFFLED,0.0,0.0,9,910,910,66.66666666666667,12,1430,1,0,1,0.8912455687143652,0,1,0,0,0,0,0,1,0,0,0.0,0.0,64ee44848f4bd8b8,0,0
task_0122,family_22,NC2-RANDOM,0.0,0.0,9,1370,1370,117.77777777777777,14,2340,0,1,0,0.8579053306468495,1,1,1,0,0,0,0,1,0,0,0.0,0.0,58885adf60fb9819,0,1
task_0122,family_22,NC3-LENGTH,0.0,0.0,9,4550,4550,500.0,19,9120,1,0,0,0.55,0,0,0,0,0,0,0,0,0,0,0.0,0.0,,1,0
task_0122,family_22,NC4-ABLATION,0.0,0.0,9,870,870,62.22222222222222,13,1405,1,0,0,0.9688,0,0,0,0,1,0,1,0,1,0,1.0,1.0,3d1e58646b36c734,1,1
task_0123,family_22,B-COLD,0.75,0.6667,9,4550,4550,505.55555555555554,19,9120,1,0,0,0.9544,0,0,0,0,0,0,0,0,0,0,0.5555555555555556,0.0,,1,0
task_0123,family_22,B-RAG-EMBED,0.75,0.6667,9,3400,3400,355.55555555555554,17,6630,1,0,0,0.9544,0,0,0,0,0,0,0,0,1,0,0.5555555555555556,0.0,,1,1
task_0123,family_22,B-STAGEHAND-CACHE,0.75,0.6667,9,4550,4550,505.55555555555554,19,9120,1,0,0,0.9544,0,0,0,0,0,0,0,0,1,0,0.5555555555555556,0.0,,1,0
task_0123,family_22,B-TERX-REPLAY,0.75,0.6667,9,4550,4550,505.55555555555554,19,9120,1,0,0,0.9544,0,0,0,0,0,0,0,0,1,0,0.5555555555555556,0.0,,1,0
task_0123,family_22,P-SPIDER-MEA-BATCHED,0.75,0.6667,9,870,870,62.22222222222222,13,1405,1,0,0,0.99,0,0,0,0,1,0,1,0,1,0,0.5555555555555556,1.0,74443eddddb4a9df,1,1
task_0123,family_22,P-WEBMCP-TOOL,0.75,0.6667,9,665,665,62.22222222222222,12,1200,1,0,0,0.9565,1,1,1,0,0,0,0,1,1,1,0.0,0.0,74443eddddb4a9df,1,1
task_0123,family_22,NC1-SHUFFLED,0.75,0.6667,9,1330,1330,113.33333333333333,15,2315,0,1,0,0.923305513584103,1,1,1,0,1,0,1,0,0,0,0.1111111111111111,0.3333333333333333,35a780243a49f43e,0,1
task_0123,family_22,NC2-RANDOM,0.75,0.6667,9,2260,2260,216.66666666666666,15,4070,1,0,0,0.99,0,1,0,0,0,0,0,1,0,0,0.0,0.0,032ecfb29bb936c9,1,1
task_0123,family_22,NC3-LENGTH,0.75,0.6667,9,4550,4550,500.0,19,9120,1,0,0,0.55,0,0,0,0,0,0,0,0,0,0,0.0,0.0,,1,0
task_0123,family_22,NC4-ABLATION,0.75,0.6667,9,830,830,57.77777777777778,13,1315,1,0,1,0.01,1,1,1,1,1,0,1,0,1,0,0.5555555555555556,1.0,74443eddddb4a9df,0,0
task_0124,family_22,B-COLD,1.0,1.0,9,4550,4550,505.55555555555554,19,9120,1,0,0,0.9588,0,0,0,0,0,0,0,0,0,0,0.3333333333333333,0.0,,1,0
task_0124,family_22,B-RAG-EMBED,1.0,1.0,9,4750,4750,505.55555555555554,20,9270,1,0,0,0.9588,0,0,0,0,0,0,0,0,1,0,0.3333333333333333,0.0,,1,0
task_0124,family_22,B-STAGEHAND-CACHE,1.0,1.0,9,4550,4550,505.55555555555554,19,9120,1,0,0,0.9588,0,0,0,0,0,0,0,0,1,0,0.3333333333333333,0.0,,1,0
task_0124,family_22,B-TERX-REPLAY,1.0,1.0,9,4550,4550,505.55555555555554,19,9120,1,0,0,0.9588,0,0,0,0,0,0,0,0,1,0,0.3333333333333333,0.0,,1,0
task_0124,family_22,P-SPIDER-MEA-BATCHED,1.0,1.0,9,830,830,57.77777777777778,13,1315,1,0,0,0.99,1,1,1,0,1,0,1,0,1,0,0.3333333333333333,0.3333333333333333,3af93e1e6e6e2d7b,1,1
task_0124,family_22,P-WEBMCP-TOOL,1.0,1.0,9,575,575,52.22222222222222,12,1135,1,0,1,0.01,1,1,1,1,0,0,1,0,1,1,0.0,0.0,3af93e1e6e6e2d7b,0,0
task_0124,family_22,NC1-SHUFFLED,1.0,1.0,9,920,920,67.77777777777777,13,1380,1,0,1,0.8336937014001168,1,1,1,0,1,0,0,1,1,0,0.6666666666666666,1.0,9b217b87b3b21d05,0,0
task_0124,family_22,NC2-RANDOM,1.0,1.0,9,2220,2220,212.22222222222223,15,3980,1,0,0,0.99,1,1,1,0,0,0,0,1,0,0,0.0,0.0,64f66396c0cba365,1,1
task_0124,family_22,NC3-LENGTH,1.0,1.0,9,4550,4550,500.0,19,9120,1,0,0,0.55,0,0,0,0,0,0,0,0,0,0,0.0,0.0,,1,0
task_0124,family_22,NC4-ABLATION,1.0,1.0,9,2130,2130,202.22222222222223,15,3915,1,0,1,0.01,1,1,1,1,0,0,1,0,1,0,0.3333333333333333,0.3333333333333333,3af93e1e6e6e2d7b,0,0
task_0125,family_22,B-COLD,0.25,0.3333,9,4550,4550,505.55555555555554,19,9120,1,0,0,0.99,0,0,0,0,0,0,0,0,0,0,0.7777777777777778,0.0,,1,0
task_0125,family_22,B-RAG-EMBED,0.25,0.3333,9,2050,2050,205.55555555555554,14,3990,1,0,0,0.99,0,0,0,0,0,0,0,0,1,0,0.7777777777777778,0.0,,1,1
task_0125,family_22,B-STAGEHAND-CACHE,0.25,0.3333,9,4550,4550,505.55555555555554,19,9120,1,0,0,0.99,0,0,0,0,0,0,0,0,1,0,0.7777777777777778,0.0,,1,0
task_0125,family_22,B-TERX-REPLAY,0.25,0.3333,9,4550,4550,505.55555555555554,19,9120,1,0,0,0.99,0,0,0,0,0,0,0,0,1,0,0.7777777777777778,0.0,,1,0
task_0125,family_22,P-SPIDER-MEA-BATCHED,0.25,0.3333,9,830,830,57.77777777777778,13,1315,1,0,0,0.9698,1,1,1,0,1,0,1,0,1,0,0.7777777777777778,1.0,66052e2194e0ac8e,1,1
task_0125,family_22,P-WEBMCP-TOOL,0.25,0.3333,9,615,615,56.666666666666664,12,1225,1,0,0,0.99,0,0,0,0,0,0,1,0,1,1,0.0,0.0,66052e2194e0ac8e,1,1
task_0125,family_22,NC1-SHUFFLED,0.25,0.3333,9,960,960,72.22222222222223,13,1470,1,0,1,0.8875855062541332,0,1,0,0,1,0,0,1,1,0,0.6666666666666666,1.0,ac7d8974d6dde162,0,0
task_0125,family_22,NC2-RANDOM,0.25,0.3333,9,2220,2220,212.22222222222223,15,3980,1,0,1,0.8887916195772707,1,1,1,0,0,0,0,1,0,0,0.0,0.0,2f71bafd2e65a7e7,0,0
task_0125,family_22,NC3-LENGTH,0.25,0.3333,9,4550,4550,500.0,19,9120,1,0,0,0.55,0,0,0,0,0,0,0,0,0,0,0.0,0.0,,1,0
task_0125,family_22,NC4-ABLATION,0.25,0.3333,9,830,830,57.77777777777778,13,1315,1,0,0,0.9519,1,1,1,0,1,0,1,0,1,0,0.7777777777777778,1.0,66052e2194e0ac8e,1,1
task_0126,family_22,B-COLD,0.5,0.6667,9,4550,4550,505.55555555555554,19,9120,1,0,0,0.99,0,0,0,0,0,0,0,0,0,0,0.7777777777777778,0.0,,1,0
task_0126,family_22,B-RAG-EMBED,0.5,0.6667,9,3400,3400,355.55555555555554,17,6630,1,0,0,0.99,0,0,0,0,0,0,0,0,1,0,0.7777777777777778,0.0,,1,1
task_0126,family_22,B-STAGEHAND-CACHE,0.5,0.6667,9,4550,4550,505.55555555555554,19,9120,1,0,0,0.99,0,0,0,0,0,0,0,0,1,0,0.7777777777777778,0.0,,1,0
task_0126,family_22,B-TERX-REPLAY,0.5,0.6667,9,4550,4550,505.55555555555554,19,9120,1,0,0,0.99,0,0,0,0,0,0,0,0,1,0,0.7777777777777778,0.0,,1,0
task_0126,family_22,P-SPIDER-MEA-BATCHED,0.5,0.6667,9,830,830,57.77777777777778,13,1315,1,0,0,0.9506,1,1,1,0,1,0,1,0,1,0,0.7777777777777778,1.0,e53711ea57872f79,1,1
task_0126,family_22,P-WEBMCP-TOOL,0.5,0.6667,9,615,615,56.666666666666664,12,1225,1,0,1,0.01,0,1,0,1,0,0,1,0,1,1,0.0,0.0,e53711ea57872f79,0,0
task_0126,family_22,NC1-SHUFFLED,0.5,0.6667,9,870,870,62.22222222222222,13,1405,1,0,0,0.99,0,0,0,0,1,0,1,0,0,0,0.2222222222222222,0.3333333333333333,d9891a4535769d04,1,1
task_0126,family_22,NC2-RANDOM,0.5,0.6667,9,2260,2260,216.66666666666666,15,4070,1,0,1,0.8119674739332019,0,0,0,1,0,0,0,1,0,0,0.0,0.0,cbeefdc1a2fdc42c,0,0
task_0126,family_22,NC3-LENGTH,0.5,0.6667,9,4550,4550,500.0,19,9120,1,0,0,0.55,0,0,0,0,0,0,0,0,0,0,0.0,0.0,,1,0
task_0126,family_22,NC4-ABLATION,0.5,0.6667,9,960,960,72.22222222222223,13,1470,1,0,0,0.9577,0,0,0,0,1,0,0,1,1,0,0.7777777777777778,1.0,e53711ea57872f79,1,1
task_0127,family_23,B-COLD,0.0,0.0,10,5050,5050,505.0,21,10120,1,0,0,0.99,0,0,0,0,0,0,0,0,0,0,1.0,0.0,,1,0
task_0127,family_23,B-RAG-EMBED,0.0,0.0,10,750,750,55.0,12,1470,1,0,0,0.99,0,0,0,0,0,0,0,0,1,0,1.0,0.0,,1,1
task_0127,family_23,B-STAGEHAND-CACHE,0.0,0.0,10,550,550,55.0,11,1320,1,0,0,0.99,0,0,0,0,0,0,0,0,1,0,1.0,0.0,,1,1
task_0127,family_23,B-TERX-REPLAY,0.0,0.0,10,550,550,55.0,11,1320,1,0,0,0.99,0,0,0,0,0,0,0,0,1,0,1.0,0.0,,1,1
task_0127,family_23,P-SPIDER-MEA-BATCHED,0.0,0.0,10,970,970,66.0,14,1500,1,0,0,0.9627,1,1,1,0,1,0,0,1,1,0,1.0,1.0,d2aa8326df2cc636,1,1
task_0127,family_23,P-WEBMCP-TOOL,0.0,0.0,10,625,625,52.0,13,1255,1,0,0,0.99,1,1,1,0,0,0,1,0,1,1,0.0,0.0,d2aa8326df2cc636,1,1
task_0127,family_23,NC1-SHUFFLED,0.0,0.0,10,870,870,56.0,13,1485,1,0,1,0.8554412545574506,0,0,0,0,0,0,1,0,0,0,0.0,0.0,9062ee833f9e9385,0,0
task_0127,family_23,NC2-RANDOM,0.0,0.0,10,960,960,65.0,13,1550,1,0,1,0.7848303504523045,0,0,0,0,0,0,0,1,0,0,0.0,0.0,4f98560f004bad1f,0,0
task_0127,family_23,NC3-LENGTH,0.0,0.0,10,5050,5050,500.0,21,10120,1,0,0,0.55,0,0,0,0,0,0,0,0,0,0,0.0,0.0,,1,0
task_0127,family_23,NC4-ABLATION,0.0,0.0,10,920,920,61.0,14,1525,1,0,0,0.99,0,0,0,0,1,0,1,0,1,0,1.0,1.0,d2aa8326df2cc636,1,1
task_0128,family_23,B-COLD,1.0,1.0,10,5050,5050,505.0,21,10120,1,0,0,0.99,0,0,0,0,0,0,0,0,0,0,0.0,0.0,,1,0
task_0128,family_23,B-RAG-EMBED,1.0,1.0,10,5250,5250,505.0,22,10270,1,0,0,0.99,0,0,0,0,0,0,0,0,0,0,0.0,0.0,,1,0
task_0128,family_23,B-STAGEHAND-CACHE,1.0,1.0,10,5050,5050,505.0,21,10120,1,0,0,0.99,0,0,0,0,0,0,0,0,0,0,0.0,0.0,,1,0
task_0128,family_23,B-TERX-REPLAY,1.0,1.0,10,5050,5050,505.0,21,10120,1,0,0,0.99,0,0,0,0,0,0,0,0,0,0,0.0,0.0,,1,0
task_0128,family_23,P-SPIDER-MEA-BATCHED,1.0,1.0,10,1320,1320,101.0,14,2365,1,0,0,0.99,0,0,0,0,0,0,1,0,0,0,0.0,0.0,9de0b586ea5b9991,1,1
task_0128,family_23,P-WEBMCP-TOOL,1.0,1.0,10,1115,1115,101.0,14,2225,1,0,0,0.99,0,0,0,0,0,0,1,0,1,1,0.0,0.0,9de0b586ea5b9991,1,1
task_0128,family_23,NC1-SHUFFLED,1.0,1.0,10,1320,1320,101.0,14,2365,1,0,1,0.8146580731730495,0,1,0,1,0,0,1,0,0,0,0.0,0.0,fcfc44f909d51280,0,0
task_0128,family_23,NC2-RANDOM,1.0,1.0,10,1870,1870,156.0,16,3340,0,1,0,0.9136404728034341,1,1,1,0,0,0,0,1,0,0,0.0,0.0,74a557e60f175d88,0,1
task_0128,family_23,NC3-LENGTH,1.0,1.0,10,5050,5050,500.0,21,10120,1,0,0,0.55,0,0,0,0,0,0,0,0,0,0,0.0,0.0,,1,0
task_0128,family_23,NC4-ABLATION,1.0,1.0,10,1320,1320,101.0,14,2365,1,0,1,0.01,0,1,0,1,0,0,1,0,0,0,0.0,0.0,9de0b586ea5b9991,0,0
task_0129,family_23,B-COLD,0.25,0.0,10,5050,5050,505.0,21,10120,1,0,0,0.9825,0,0,0,0,0,0,0,0,0,0,1.0,0.0,,1,0
task_0129,family_23,B-RAG-EMBED,0.25,0.0,10,750,750,55.0,12,1470,1,0,0,0.9825,0,0,0,0,0,0,0,0,1,0,1.0,0.0,,1,1
task_0129,family_23,B-STAGEHAND-CACHE,0.25,0.0,10,5050,5050,505.0,21,10120,1,0,0,0.9825,0,0,0,0,0,0,0,0,1,0,1.0,0.0,,1,0
task_0129,family_23,B-TERX-REPLAY,0.25,0.0,10,5050,5050,505.0,21,10120,1,0,0,0.9825,0,0,0,0,0,0,0,0,1,0,1.0,0.0,,1,0
task_0129,family_23,P-SPIDER-MEA-BATCHED,0.25,0.0,10,880,880,57.0,14,1435,1,0,0,0.9847,1,1,1,0,1,0,1,0,1,0,1.0,1.0,485daeb7c6a2f3ea,1,1
task_0129,family_23,P-WEBMCP-TOOL,0.25,0.0,10,625,625,52.0,13,1255,1,0,0,0.9887,1,1,1,0,0,0,1,0,1,1,0.0,0.0,485daeb7c6a2f3ea,1,1
task_0129,family_23,NC1-SHUFFLED,0.25,0.0,10,830,830,52.0,13,1395,1,0,1,0.8745592659494372,1,1,1,0,0,0,1,0,0,0,0.0,0.0,97e28205c2729667,0,0
task_0129,family_23,NC2-RANDOM,0.25,0.0,10,960,960,65.0,13,1550,1,0,0,0.99,0,0,0,0,0,0,0,1,0,0,0.0,0.0,8105e01d5228535c,1,1
task_0129,family_23,NC3-LENGTH,0.25,0.0,10,5050,5050,500.0,21,10120,1,0,0,0.55,0,0,0,0,0,0,0,0,0,0,0.0,0.0,,1,0
task_0129,family_23,NC4-ABLATION,0.25,0.0,10,880,880,57.0,14,1435,1,0,0,0.99,1,1,1,0,1,0,1,0,1,0,1.0,1.0,485daeb7c6a2f3ea,1,1
task_0130,family_23,B-COLD,0.5,1.0,10,5050,5050,505.0,21,10120,1,0,0,0.99,0,0,0,0,0,0,0,0,0,0,0.0,0.0,,1,0
task_0130,family_23,B-RAG-EMBED,0.5,1.0,10,5250,5250,505.0,22,10270,1,0,0,0.99,0,0,0,0,0,0,0,0,0,0,0.0,0.0,,1,0
task_0130,family_23,B-STAGEHAND-CACHE,0.5,1.0,10,5050,5050,505.0,21,10120,1,0,0,0.99,0,0,0,0,0,0,0,0,0,0,0.0,0.0,,1,0
task_0130,family_23,B-TERX-REPLAY,0.5,1.0,10,5050,5050,505.0,21,10120,1,0,0,0.99,0,0,0,0,0,0,0,0,0,0,0.0,0.0,,1,0
task_0130,family_23,P-SPIDER-MEA-BATCHED,0.5,1.0,10,1280,1280,97.0,14,2275,1,0,0,0.99,1,1,1,0,0,0,1,0,0,0,0.0,0.0,f85104072099c746,1,1
task_0130,family_23,P-WEBMCP-TOOL,0.5,1.0,10,1115,1115,101.0,14,2225,1,0,1,0.01,0,0,0,1,0,0,1,0,1,1,0.0,0.0,f85104072099c746,0,0
task_0130,family_23,NC1-SHUFFLED,0.5,1.0,10,1410,1410,110.0,14,2430,1,0,1,0.7958502541469334,0,1,0,0,0,0,0,1,0,0,0.0,0.0,f6c2a191a1a93f7d,0,0
task_0130,family_23,NC2-RANDOM,0.5,1.0,10,1370,1370,106.0,14,2340,1,0,0,0.99,1,1,1,0,0,0,0,1,0,0,0.0,0.0,e8dcfeb37b19132b,1,1
task_0130,family_23,NC3-LENGTH,0.5,1.0,10,5050,5050,500.0,21,10120,1,0,0,0.55,0,0,0,0,0,0,0,0,0,0,0.0,0.0,,1,0
task_0130,family_23,NC4-ABLATION,0.5,1.0,10,1320,1320,101.0,14,2365,1,0,0,0.9677,0,0,0,0,0,0,1,0,0,0,0.0,0.0,f85104072099c746,1,1
task_0131,family_23,B-COLD,0.75,1.0,10,5050,5050,505.0,21,10120,1,0,0,0.99,0,0,0,0,0,0,0,0,0,0,0.0,0.0,,1,0
task_0131,family_23,B-RAG-EMBED,0.75,1.0,10,5250,5250,505.0,22,10270,1,0,0,0.99,0,0,0,0,0,0,0,0,0,0,0.0,0.0,,1,0
task_0131,family_23,B-STAGEHAND-CACHE,0.75,1.0,10,5050,5050,505.0,21,10120,1,0,0,0.99,0,0,0,0,0,0,0,0,0,0,0.0,0.0,,1,0
task_0131,family_23,B-TERX-REPLAY,0.75,1.0,10,5050,5050,505.0,21,10120,1,0,0,0.99,0,0,0,0,0,0,0,0,0,0,0.0,0.0,,1,0
task_0131,family_23,P-SPIDER-MEA-BATCHED,0.75,1.0,10,1280,1280,97.0,14,2275,1,0,0,0.9598,1,1,1,0,0,0,1,0,0,0,0.0,0.0,fe7b76acfe48cc3e,1,1
task_0131,family_23,P-WEBMCP-TOOL,0.75,1.0,10,1165,1165,106.0,14,2200,1,0,0,0.9819,1,1,1,0,0,0,0,1,1,1,0.0,0.0,fe7b76acfe48cc3e,1,1
task_0131,family_23,NC1-SHUFFLED,0.75,1.0,10,1780,1780,147.0,16,3275,0,1,0,0.8252832967868555,1,1,1,0,0,0,1,0,0,0,0.0,0.0,5bb7a4a9dcef18f9,0,1
task_0131,family_23,NC2-RANDOM,0.75,1.0,10,1410,1410,110.0,14,2430,1,0,0,0.99,0,0,0,0,0,0,0,1,0,0,0.0,0.0,21ceb2889ef990e3,1,1
task_0131,family_23,NC3-LENGTH,0.75,1.0,10,5050,5050,500.0,21,10120,1,0,0,0.55,0,0,0,0,0,0,0,0,0,0,0.0,0.0,,1,0
task_0131,family_23,NC4-ABLATION,0.75,1.0,10,1320,1320,101.0,14,2365,1,0,1,0.01,0,0,0,1,0,0,1,0,0,0,0.0,0.0,fe7b76acfe48cc3e,0,0
task_0132,family_24,B-COLD,0.0,0.0,11,5550,5550,504.54545454545456,23,11120,1,0,0,0.99,0,0,0,0,0,0,0,0,0,0,1.0,0.0,,1,0
task_0132,family_24,B-RAG-EMBED,0.0,0.0,11,800,800,54.54545454545455,13,1590,1,0,0,0.99,0,0,0,0,0,0,0,0,1,0,1.0,0.0,,1,1
task_0132,family_24,B-STAGEHAND-CACHE,0.0,0.0,11,600,600,54.54545454545455,12,1440,1,0,0,0.99,0,0,0,0,0,0,0,0,1,0,1.0,0.0,,1,1
task_0132,family_24,B-TERX-REPLAY,0.0,0.0,11,600,600,54.54545454545455,12,1440,1,0,0,0.99,0,0,0,0,0,0,0,0,1,0,1.0,0.0,,1,1
task_0132,family_24,P-SPIDER-MEA-BATCHED,0.0,0.0,11,930,930,56.36363636363637,15,1555,1,0,0,0.9856,1,1,1,0,1,0,1,0,1,0,1.0,1.0,ee0bad0a6b72d9c7,1,1
task_0132,family_24,P-WEBMCP-TOOL,0.0,0.0,11,765,765,60.0,14,1440,1,0,0,0.9731,1,1,1,0,0,0,0,1,1,1,0.0,0.0,ee0bad0a6b72d9c7,1,1
task_0132,family_24,NC1-SHUFFLED,0.0,0.0,11,1060,1060,68.18181818181819,15,1710,1,0,0,0.9791,0,1,0,0,1,0,0,1,0,0,0.16666666666666666,0.3333333333333333,5e0d6a40ac0b688c,1,1
task_0132,family_24,NC2-RANDOM,0.0,0.0,11,1010,1010,63.63636363636363,14,1670,1,0,1,0.8884094651288775,0,1,0,0,0,0,0,1,0,0,0.0,0.0,167ff076d6c6cdb5,0,0
task_0132,family_24,NC3-LENGTH,0.0,0.0,11,5550,5550,500.0,23,11120,1,0,0,0.55,0,0,0,0,0,0,0,0,0,0,0.0,0.0,,1,0
task_0132,family_24,NC4-ABLATION,0.0,0.0,11,930,930,56.36363636363637,15,1555,1,0,0,0.99,1,1,1,0,1,0,1,0,1,0,1.0,1.0,ee0bad0a6b72d9c7,1,1
task_0133,family_24,B-COLD,0.25,0.5,11,5550,5550,504.54545454545456,23,11120,1,0,0,0.99,0,0,0,0,0,0,0,0,0,0,0.6666666666666666,0.0,,1,0
task_0133,family_24,B-RAG-EMBED,0.25,0.5,11,3500,3500,300.0,19,6870,1,0,0,0.99,0,0,0,0,0,0,0,0,1,0,0.6666666666666666,0.0,,1,1
task_0133,family_24,B-STAGEHAND-CACHE,0.25,0.5,11,5550,5550,504.54545454545456,23,11120,1,0,0,0.99,0,0,0,0,0,0,0,0,1,0,0.6666666666666666,0.0,,1,0
task_0133,family_24,B-TERX-REPLAY,0.25,0.5,11,5550,5550,504.54545454545456,23,11120,1,0,0,0.99,0,0,0,0,0,0,0,0,1,0,0.6666666666666666,0.0,,1,0
task_0133,family_24,P-SPIDER-MEA-BATCHED,0.25,0.5,11,930,930,56.36363636363637,15,1555,1,0,1,0.01,1,1,1,1,1,0,1,0,1,0,0.6666666666666666,1.0,0adb508d10df085a,0,0
task_0133,family_24,P-WEBMCP-TOOL,0.25,0.5,11,675,675,51.81818181818182,14,1375,1,0,1,0.0175,1,1,1,1,0,0,1,0,1,1,0.0,0.0,0adb508d10df085a,0,0
task_0133,family_24,NC1-SHUFFLED,0.25,0.5,11,930,930,56.36363636363637,15,1555,1,0,0,0.99,1,1,1,0,1,0,1,0,0,0,0.16666666666666666,0.3333333333333333,73d8aaaab4050d9c,1,1
task_0133,family_24,NC2-RANDOM,0.25,0.5,11,1910,1910,145.45454545454547,16,3430,1,0,1,0.9503703620705026,0,0,0,0,0,0,0,1,0,0,0.0,0.0,3437f52b80c1b2a5,0,0
task_0133,family_24,NC3-LENGTH,0.25,0.5,11,5550,5550,500.0,23,11120,1,0,0,0.55,0,0,0,0,0,0,0,0,0,0,0.0,0.0,,1,0
task_0133,family_24,NC4-ABLATION,0.25,0.5,11,1020,1020,64.54545454545455,15,1620,1,0,0,0.99,1,1,1,0,1,0,0,1,1,0,0.6666666666666666,1.0,0adb508d10df085a,1,1
task_0134,family_24,B-COLD,0.5,0.5,11,5550,5550,504.54545454545456,23,11120,1,0,0,0.99,0,0,0,0,0,0,0,0,0,0,0.6666666666666666,0.0,,1,0
task_0134,family_24,B-RAG-EMBED,0.5,0.5,11,3500,3500,300.0,19,6870,1,0,0,0.99,0,0,0,0,0,0,0,0,1,0,0.6666666666666666,0.0,,1,1
task_0134,family_24,B-STAGEHAND-CACHE,0.5,0.5,11,5550,5550,504.54545454545456,23,11120,1,0,0,0.99,0,0,0,0,0,0,0,0,1,0,0.6666666666666666,0.0,,1,0
task_0134,family_24,B-TERX-REPLAY,0.5,0.5,11,5550,5550,504.54545454545456,23,11120,1,0,0,0.99,0,0,0,0,0,0,0,0,1,0,0.6666666666666666,0.0,,1,0
task_0134,family_24,P-SPIDER-MEA-BATCHED,0.5,0.5,11,970,970,60.0,15,1645,1,0,1,0.01,0,0,0,1,1,0,1,0,1,0,0.6666666666666666,1.0,1b8c4ef692a43736,0,0
task_0134,family_24,P-WEBMCP-TOOL,0.5,0.5,11,715,715,55.45454545454545,14,1465,1,0,0,0.99,0,0,0,0,0,0,1,0,1,1,0.0,0.0,1b8c4ef692a43736,1,1
task_0134,family_24,NC1-SHUFFLED,0.5,0.5,11,2280,2280,179.0909090909091,18,4275,0,1,0,0.8319055746153716,1,1,1,0,0,0,1,0,0,0,0.0,0.0,274159be6c79b61b,0,1
task_0134,family_24,NC2-RANDOM,0.5,0.5,11,1910,1910,145.45454545454547,16,3430,1,0,0,0.99,0,0,0,0,0,0,0,1,0,0,0.0,0.0,39d2efcf9db41442,1,1
task_0134,family_24,NC3-LENGTH,0.5,0.5,11,5550,5550,500.0,23,11120,1,0,0,0.55,0,0,0,0,0,0,0,0,0,0,0.0,0.0,,1,0
task_0134,family_24,NC4-ABLATION,0.5,0.5,11,970,970,60.0,15,1645,1,0,0,0.9899,0,0,0,0,1,0,1,0,1,0,0.6666666666666666,1.0,1b8c4ef692a43736,1,1
task_0135,family_24,B-COLD,0.75,1.0,11,5550,5550,504.54545454545456,23,11120,1,0,0,0.99,0,0,0,0,0,0,0,0,0,0,0.3333333333333333,0.0,,1,0
task_0135,family_24,B-RAG-EMBED,0.75,1.0,11,5750,5750,504.54545454545456,24,11270,1,0,0,0.99,0,0,0,0,0,0,0,0,1,0,0.3333333333333333,0.0,,1,0
task_0135,family_24,B-STAGEHAND-CACHE,0.75,1.0,11,5550,5550,504.54545454545456,23,11120,1,0,0,0.99,0,0,0,0,0,0,0,0,1,0,0.3333333333333333,0.0,,1,0
task_0135,family_24,B-TERX-REPLAY,0.75,1.0,11,5550,5550,504.54545454545456,23,11120,1,0,0,0.99,0,0,0,0,0,0,0,0,1,0,0.3333333333333333,0.0,,1,0
task_0135,family_24,P-SPIDER-MEA-BATCHED,0.75,1.0,11,930,930,56.36363636363637,15,1555,1,0,0,0.99,1,1,1,0,1,0,1,0,1,0,0.3333333333333333,0.3333333333333333,d8d07e96248dfd41,1,1
task_0135,family_24,P-WEBMCP-TOOL,0.75,1.0,11,675,675,51.81818181818182,14,1375,1,0,1,0.01,1,1,1,1,0,0,1,0,1,1,0.0,0.0,d8d07e96248dfd41,0,0
task_0135,family_24,NC1-SHUFFLED,0.75,1.0,11,1780,1780,133.63636363636363,16,3275,1,0,1,0.8384916184367739,1,1,1,1,0,0,1,0,0,0,0.0,0.0,2fbf58f852fb975c,0,0
task_0135,family_24,NC2-RANDOM,0.75,1.0,11,1870,1870,141.8181818181818,16,3340,1,0,1,0.8189268840374226,1,1,1,0,0,0,0,1,0,0,0.0,0.0,98dca21ea51f0fb0,0,0
task_0135,family_24,NC3-LENGTH,0.75,1.0,11,5550,5550,500.0,23,11120,1,0,0,0.55,0,0,0,0,0,0,0,0,0,0,0.0,0.0,,1,0
task_0135,family_24,NC4-ABLATION,0.75,1.0,11,1780,1780,133.63636363636363,16,3275,1,0,0,0.99,1,1,1,0,0,0,1,0,1,0,0.3333333333333333,0.3333333333333333,d8d07e96248dfd41,1,1
task_0136,family_24,B-COLD,1.0,1.0,11,5550,5550,504.54545454545456,23,11120,1,0,0,0.99,0,0,0,0,0,0,0,0,0,0,0.6666666666666666,0.0,,1,0
task_0136,family_24,B-RAG-EMBED,1.0,1.0,11,5750,5750,504.54545454545456,24,11270,1,0,0,0.99,0,0,0,0,0,0,0,0,1,0,0.6666666666666666,0.0,,1,0
task_0136,family_24,B-STAGEHAND-CACHE,1.0,1.0,11,5550,5550,504.54545454545456,23,11120,1,0,0,0.99,0,0,0,0,0,0,0,0,1,0,0.6666666666666666,0.0,,1,0
task_0136,family_24,B-TERX-REPLAY,1.0,1.0,11,5550,5550,504.54545454545456,23,11120,1,0,0,0.99,0,0,0,0,0,0,0,0,1,0,0.6666666666666666,0.0,,1,0
task_0136,family_24,P-SPIDER-MEA-BATCHED,1.0,1.0,11,930,930,56.36363636363637,15,1555,1,0,1,0.01,1,1,1,1,1,0,1,0,1,0,0.6666666666666666,1.0,baa6069e3c12d8aa,0,0
task_0136,family_24,P-WEBMCP-TOOL,1.0,1.0,11,715,715,55.45454545454545,14,1465,1,0,0,0.99,0,0,0,0,0,0,1,0,1,1,0.0,0.0,baa6069e3c12d8aa,1,1
task_0136,family_24,NC1-SHUFFLED,1.0,1.0,11,1020,1020,64.54545454545455,15,1620,1,0,0,0.99,1,1,1,0,1,0,0,1,0,0,0.16666666666666666,0.3333333333333333,af79ade636fe57ef,1,1
task_0136,family_24,NC2-RANDOM,1.0,1.0,11,1910,1910,145.45454545454547,16,3430,1,0,1,0.8368160278884835,0,0,0,1,0,0,0,1,0,0,0.0,0.0,403ebbd9892a8dc9,0,0
task_0136,family_24,NC3-LENGTH,1.0,1.0,11,5550,5550,500.0,23,11120,1,0,0,0.55,0,0,0,0,0,0,0,0,0,0,0.0,0.0,,1,0
task_0136,family_24,NC4-ABLATION,1.0,1.0,11,930,930,56.36363636363637,15,1555,1,0,0,0.99,1,1,1,0,1,0,1,0,1,0,0.6666666666666666,1.0,baa6069e3c12d8aa,1,1
task_0137,family_25,B-COLD,0.0,0.0,12,6050,6050,504.1666666666667,25,12120,1,0,0,0.9697,0,0,0,0,0,0,0,0,0,0,1.0,0.0,,1,0
task_0137,family_25,B-RAG-EMBED,0.0,0.0,12,850,850,54.166666666666664,14,1710,1,0,0,0.9697,0,0,0,0,0,0,0,0,1,0,1.0,0.0,,1,1
task_0137,family_25,B-STAGEHAND-CACHE,0.0,0.0,12,650,650,54.166666666666664,13,1560,1,0,0,0.9697,0,0,0,0,0,0,0,0,1,0,1.0,0.0,,1,1
task_0137,family_25,B-TERX-REPLAY,0.0,0.0,12,650,650,54.166666666666664,13,1560,1,0,0,0.9697,0,0,0,0,0,0,0,0,1,0,1.0,0.0,,1,1
task_0137,family_25,P-SPIDER-MEA-BATCHED,0.0,0.0,12,1020,1020,59.166666666666664,16,1765,1,0,0,0.99,0,1,0,0,1,0,1,0,1,0,1.0,1.0,4e5377aaa0f7a965,1,1
task_0137,family_25,P-WEBMCP-TOOL,0.0,0.0,12,725,725,51.666666666666664,15,1495,1,0,0,0.9897,1,1,1,0,0,0,1,0,1,1,0.0,0.0,4e5377aaa0f7a965,1,1
task_0137,family_25,NC1-SHUFFLED,0.0,0.0,12,1020,1020,59.166666666666664,15,1700,1,0,0,0.99,1,1,1,0,0,0,0,1,0,0,0.0,0.0,21566becb14ae853,1,1
task_0137,family_25,NC2-RANDOM,0.0,0.0,12,1020,1020,59.166666666666664,15,1700,1,0,0,0.9604,1,1,1,0,0,0,0,1,0,0,0.0,0.0,33a582d95ef6ec7c,1,1
task_0137,family_25,NC3-LENGTH,0.0,0.0,12,6050,6050,500.0,25,12120,1,0,0,0.55,0,0,0,0,0,0,0,0,0,0,0.0,0.0,,1,0
task_0137,family_25,NC4-ABLATION,0.0,0.0,12,980,980,55.833333333333336,16,1675,1,0,0,0.99,1,1,1,0,1,0,1,0,1,0,1.0,1.0,4e5377aaa0f7a965,1,1
task_0138,family_25,B-COLD,0.5,0.5,12,6050,6050,504.1666666666667,25,12120,1,0,0,0.99,0,0,0,0,0,0,0,0,0,0,0.8333333333333333,0.0,,1,0
task_0138,family_25,B-RAG-EMBED,0.5,0.5,12,3550,3550,279.1666666666667,20,6990,1,0,0,0.99,0,0,0,0,0,0,0,0,1,0,0.8333333333333333,0.0,,1,1
task_0138,family_25,B-STAGEHAND-CACHE,0.5,0.5,12,6050,6050,504.1666666666667,25,12120,1,0,0,0.99,0,0,0,0,0,0,0,0,1,0,0.8333333333333333,0.0,,1,0
task_0138,family_25,B-TERX-REPLAY,0.5,0.5,12,6050,6050,504.1666666666667,25,12120,1,0,0,0.99,0,0,0,0,0,0,0,0,1,0,0.8333333333333333,0.0,,1,0
task_0138,family_25,P-SPIDER-MEA-BATCHED,0.5,0.5,12,1110,1110,66.66666666666667,16,1830,1,0,0,0.99,0,0,0,0,1,0,0,1,1,0,0.8333333333333333,1.0,58ca16ae23374150,1,1
task_0138,family_25,P-WEBMCP-TOOL,0.5,0.5,12,855,855,62.5,15,1650,1,0,0,0.9894,0,1,0,0,0,0,0,1,1,1,0.0,0.0,58ca16ae23374150,1,1
task_0138,family_25,NC1-SHUFFLED,0.5,0.5,12,1830,1830,126.66666666666667,17,3395,1,0,1,0.7830443617352632,1,1,1,0,0,0,1,0,0,0,0.0,0.0,5c5c620c608d8788,0,0
task_0138,family_25,NC2-RANDOM,0.5,0.5,12,1920,1920,134.16666666666666,17,3460,1,0,1,0.8756546181853936,1,1,1,0,0,0,0,1,0,0,0.0,0.0,aed46e16c11b7454,0,0
task_0138,family_25,NC3-LENGTH,0.5,0.5,12,6050,6050,500.0,25,12120,1,0,0,0.55,0,0,0,0,0,0,0,0,0,0,0.0,0.0,,1,0
task_0138,family_25,NC4-ABLATION,0.5,0.5,12,980,980,55.833333333333336,16,1675,1,0,0,0.988,1,1,1,0,1,0,1,0,1,0,0.8333333333333333,1.0,58ca16ae23374150,1,1
task_0139,family_25,B-COLD,0.75,1.0,12,6050,6050,504.1666666666667,25,12120,1,0,0,0.99,0,0,0,0,0,0,0,0,0,0,0.6666666666666666,0.0,,1,0
task_0139,family_25,B-RAG-EMBED,0.75,1.0,12,6250,6250,504.1666666666667,26,12270,1,0,0,0.99,0,0,0,0,0,0,0,0,1,0,0.6666666666666666,0.0,,1,0
task_0139,family_25,B-STAGEHAND-CACHE,0.75,1.0,12,6050,6050,504.1666666666667,25,12120,1,0,0,0.99,0,0,0,0,0,0,0,0,1,0,0.6666666666666666,0.0,,1,0
task_0139,family_25,B-TERX-REPLAY,0.75,1.0,12,6050,6050,504.1666666666667,25,12120,1,0,0,0.99,0,0,0,0,0,0,0,0,1,0,0.6666666666666666,0.0,,1,0
task_0139,family_25,P-SPIDER-MEA-BATCHED,0.75,1.0,12,1020,1020,59.166666666666664,16,1765,1,0,0,0.9893,0,1,0,0,1,0,1,0,1,0,0.6666666666666666,0.6666666666666666,2b1370e762127f9e,1,1
task_0139,family_25,P-WEBMCP-TOOL,0.75,1.0,12,725,725,51.666666666666664,15,1495,1,0,0,0.9706,1,1,1,0,0,0,1,0,1,1,0.0,0.0,2b1370e762127f9e,1,1
task_0139,family_25,NC1-SHUFFLED,0.75,1.0,12,1070,1070,63.333333333333336,16,1740,1,0,0,0.9677,1,1,1,0,1,0,0,1,0,0,0.29166666666666663,0.3333333333333333,decaeea9ac552a50,1,1
task_0139,family_25,NC2-RANDOM,0.75,1.0,12,1920,1920,134.16666666666666,17,3460,1,0,1,0.8322909615065636,1,1,1,0,0,0,0,1,0,0,0.0,0.0,5bae1189fda829fa,0,0
task_0139,family_25,NC3-LENGTH,0.75,1.0,12,6050,6050,500.0,25,12120,1,0,0,0.55,0,0,0,0,0,0,0,0,0,0,0.0,0.0,,1,0
task_0139,family_25,NC4-ABLATION,0.75,1.0,12,1830,1830,126.66666666666667,17,3395,1,0,1,0.0285,1,1,1,1,0,0,1,0,1,0,0.6666666666666666,0.6666666666666666,2b1370e762127f9e,0,0
task_0140,family_25,B-COLD,1.0,1.0,12,6050,6050,504.1666666666667,25,12120,1,0,0,0.9622,0,0,0,0,0,0,0,0,0,0,0.6666666666666666,0.0,,1,0
task_0140,family_25,B-RAG-EMBED,1.0,1.0,12,6250,6250,504.1666666666667,26,12270,1,0,0,0.9622,0,0,0,0,0,0,0,0,1,0,0.6666666666666666,0.0,,1,0
task_0140,family_25,B-STAGEHAND-CACHE,1.0,1.0,12,6050,6050,504.1666666666667,25,12120,1,0,0,0.9622,0,0,0,0,0,0,0,0,1,0,0.6666666666666666,0.0,,1,0
task_0140,family_25,B-TERX-REPLAY,1.0,1.0,12,6050,6050,504.1666666666667,25,12120,1,0,0,0.9622,0,0,0,0,0,0,0,0,1,0,0.6666666666666666,0.0,,1,0
task_0140,family_25,P-SPIDER-MEA-BATCHED,1.0,1.0,12,1020,1020,59.166666666666664,16,1765,1,0,1,0.0488,0,0,0,1,1,0,1,0,1,0,0.6666666666666666,0.6666666666666666,1581f978fbd45f2a,0,0
task_0140,family_25,P-WEBMCP-TOOL,1.0,1.0,12,765,765,55.0,15,1585,1,0,1,0.01,0,0,0,1,0,0,1,0,1,1,0.0,0.0,1581f978fbd45f2a,0,0
task_0140,family_25,NC1-SHUFFLED,1.0,1.0,12,1830,1830,126.66666666666667,17,3395,1,0,0,0.99,1,1,1,0,0,0,1,0,0,0,0.0,0.0,02d850e2efc885d1,1,1
task_0140,family_25,NC2-RANDOM,1.0,1.0,12,1960,1960,137.5,17,3550,1,0,1,0.8663208700252515,0,0,0,0,0,0,0,1,0,0,0.0,0.0,230ca0fc3a2e6905,0,0
task_0140,family_25,NC3-LENGTH,1.0,1.0,12,6050,6050,500.0,25,12120,1,0,0,0.55,0,0,0,0,0,0,0,0,0,0,0.0,0.0,,1,0
task_0140,family_25,NC4-ABLATION,1.0,1.0,12,1830,1830,126.66666666666667,17,3395,1,0,0,0.99,1,1,1,0,0,0,1,0,1,0,0.6666666666666666,0.6666666666666666,1581f978fbd45f2a,1,1
task_0141,family_25,B-COLD,0.25,0.5,12,6050,6050,504.1666666666667,25,12120,1,0,0,0.99,0,0,0,0,0,0,0,0,0,0,0.625,0.0,,1,0
task_0141,family_25,B-RAG-EMBED,0.25,0.5,12,3550,3550,279.1666666666667,20,6990,1,0,0,0.99,0,0,0,0,0,0,0,0,1,0,0.625,0.0,,1,1
task_0141,family_25,B-STAGEHAND-CACHE,0.25,0.5,12,6050,6050,504.1666666666667,25,12120,1,0,0,0.99,0,0,0,0,0,0,0,0,1,0,0.625,0.0,,1,0
task_0141,family_25,B-TERX-REPLAY,0.25,0.5,12,6050,6050,504.1666666666667,25,12120,1,0,0,0.99,0,0,0,0,0,0,0,0,1,0,0.625,0.0,,1,0
task_0141,family_25,P-SPIDER-MEA-BATCHED,0.25,0.5,12,980,980,55.833333333333336,16,1675,1,0,0,0.99,1,1,1,0,1,0,1,0,1,0,0.625,1.0,b8f296528bc930aa,1,1
task_0141,family_25,P-WEBMCP-TOOL,0.25,0.5,12,1175,1175,89.16666666666667,16,2375,1,0,0,0.99,1,1,1,0,0,0,1,0,1,1,0.0,0.0,b8f296528bc930aa,1,1
task_0141,family_25,NC1-SHUFFLED,0.25,0.5,12,1480,1480,97.5,18,2675,0,1,0,0.8701410665568432,1,1,1,0,1,0,1,0,1,0,0.3333333333333333,0.6666666666666666,0ebdbccee8abcdba,0,1
task_0141,family_25,NC2-RANDOM,0.25,0.5,12,1960,1960,137.5,17,3550,1,0,0,0.99,0,0,0,0,0,0,0,1,0,0,0.0,0.0,caff3a07565ba22c,1,1
task_0141,family_25,NC3-LENGTH,0.25,0.5,12,6050,6050,500.0,25,12120,1,0,0,0.55,0,0,0,0,0,0,0,0,0,0,0.0,0.0,,1,0
task_0141,family_25,NC4-ABLATION,0.25,0.5,12,1020,1020,59.166666666666664,16,1765,1,0,0,0.99,0,0,0,0,1,0,1,0,1,0,0.625,1.0,b8f296528bc930aa,1,1
task_0142,family_26,B-COLD,0.0,0.0,13,6550,6550,503.84615384615387,27,13120,1,0,0,0.975,0,0,0,0,0,0,0,0,0,0,1.0,0.0,,1,0
task_0142,family_26,B-RAG-EMBED,0.0,0.0,13,900,900,53.84615384615385,15,1830,1,0,0,0.975,0,0,0,0,0,0,0,0,1,0,1.0,0.0,,1,1
task_0142,family_26,B-STAGEHAND-CACHE,0.0,0.0,13,700,700,53.84615384615385,14,1680,1,0,0,0.975,0,0,0,0,0,0,0,0,1,0,1.0,0.0,,1,1
task_0142,family_26,B-TERX-REPLAY,0.0,0.0,13,700,700,53.84615384615385,14,1680,1,0,0,0.975,0,0,0,0,0,0,0,0,1,0,1.0,0.0,,1,1
task_0142,family_26,P-SPIDER-MEA-BATCHED,0.0,0.0,13,1030,1030,55.38461538461539,17,1795,1,0,0,0.9508,1,1,1,0,1,0,1,0,1,0,1.0,1.0,cf116d2db98ccfc3,1,1
task_0142,family_26,P-WEBMCP-TOOL,0.0,0.0,13,905,905,61.53846153846154,16,1770,1,0,0,0.9628,0,0,0,0,0,0,0,1,1,1,0.0,0.0,cf116d2db98ccfc3,1,1
task_0142,family_26,NC1-SHUFFLED,0.0,0.0,13,1070,1070,58.46153846153846,17,1885,1,0,0,0.9558,0,0,0,0,1,0,1,0,1,0,0.3333333333333333,1.0,66187d95d1aa0ab7,1,1
task_0142,family_26,NC2-RANDOM,0.0,0.0,13,1070,1070,58.46153846153846,16,1820,1,0,0,0.99,1,1,1,0,0,0,0,1,0,0,0.0,0.0,494114a915293d80,1,1
task_0142,family_26,NC3-LENGTH,0.0,0.0,13,6550,6550,500.0,27,13120,1,0,0,0.55,0,0,0,0,0,0,0,0,0,0,0.0,0.0,,1,0
task_0142,family_26,NC4-ABLATION,0.0,0.0,13,1070,1070,58.46153846153846,17,1885,1,0,0,0.9557,0,1,0,0,1,0,1,0,1,0,1.0,1.0,cf116d2db98ccfc3,1,1
task_0143,family_26,B-COLD,0.75,0.6667,13,6550,6550,503.84615384615387,27,13120,1,0,0,0.969,0,0,0,0,0,0,0,0,0,0,0.5555555555555556,0.0,,1,0
task_0143,family_26,B-RAG-EMBED,0.75,0.6667,13,4950,4950,365.38461538461536,24,9750,1,0,0,0.969,0,0,0,0,0,0,0,0,1,0,0.5555555555555556,0.0,,1,1
task_0143,family_26,B-STAGEHAND-CACHE,0.75,0.6667,13,6550,6550,503.84615384615387,27,13120,1,0,0,0.969,0,0,0,0,0,0,0,0,1,0,0.5555555555555556,0.0,,1,0
task_0143,family_26,B-TERX-REPLAY,0.75,0.6667,13,6550,6550,503.84615384615387,27,13120,1,0,0,0.969,0,0,0,0,0,0,0,0,1,0,0.5555555555555556,0.0,,1,0
task_0143,family_26,P-SPIDER-MEA-BATCHED,0.75,0.6667,13,1030,1030,55.38461538461539,17,1795,1,0,0,0.99,1,1,1,0,1,0,1,0,1,0,0.5555555555555556,1.0,4938bfbff4609cfa,1,1
task_0143,family_26,P-WEBMCP-TOOL,0.75,0.6667,13,815,815,54.61538461538461,16,1705,1,0,0,0.99,0,1,0,0,0,0,1,0,1,1,0.0,0.0,4938bfbff4609cfa,1,1
task_0143,family_26,NC1-SHUFFLED,0.75,0.6667,13,1030,1030,55.38461538461539,17,1795,1,0,0,0.9652,1,1,1,0,1,0,1,0,1,0,0.3333333333333333,1.0,a71d2fb4ca2f0c7a,1,1
task_0143,family_26,NC2-RANDOM,0.75,0.6667,13,2460,2460,165.3846153846154,19,4550,1,0,1,0.8901827742680412,0,0,0,1,0,0,0,1,0,0,0.0,0.0,32be36737dcb5799,0,0
task_0143,family_26,NC3-LENGTH,0.75,0.6667,13,6550,6550,500.0,27,13120,1,0,0,0.55,0,0,0,0,0,0,0,0,0,0,0.0,0.0,,1,0
task_0143,family_26,NC4-ABLATION,0.75,0.6667,13,1030,1030,55.38461538461539,17,1795,1,0,0,0.99,1,1,1,0,1,0,1,0,1,0,0.5555555555555556,1.0,4938bfbff4609cfa,1,1
task_0144,family_26,B-COLD,1.0,1.0,13,6550,6550,503.84615384615387,27,13120,1,0,0,0.99,0,0,0,0,0,0,0,0,0,0,0.3333333333333333,0.0,,1,0
task_0144,family_26,B-RAG-EMBED,1.0,1.0,13,6750,6750,503.84615384615387,28,13270,1,0,0,0.99,0,0,0,0,0,0,0,0,1,0,0.3333333333333333,0.0,,1,0
task_0144,family_26,B-STAGEHAND-CACHE,1.0,1.0,13,6550,6550,503.84615384615387,27,13120,1,0,0,0.99,0,0,0,0,0,0,0,0,1,0,0.3333333333333333,0.0,,1,0
task_0144,family_26,B-TERX-REPLAY,1.0,1.0,13,6550,6550,503.84615384615387,27,13120,1,0,0,0.99,0,0,0,0,0,0,0,0,1,0,0.3333333333333333,0.0,,1,0
task_0144,family_26,P-SPIDER-MEA-BATCHED,1.0,1.0,13,1160,1160,65.38461538461539,17,1950,1,0,0,0.99,0,0,0,0,1,0,0,1,1,0,0.3333333333333333,0.3333333333333333,3bf3d736f02e334a,1,1
task_0144,family_26,P-WEBMCP-TOOL,1.0,1.0,13,815,815,54.61538461538461,16,1705,1,0,0,0.9854,0,0,0,0,0,0,1,0,1,1,0.0,0.0,3bf3d736f02e334a,1,1
task_0144,family_26,NC1-SHUFFLED,1.0,1.0,13,1030,1030,55.38461538461539,17,1795,1,0,0,0.99,1,1,1,0,1,0,1,0,0,0,0.1111111111111111,0.3333333333333333,5c2b6c83ec8f80e7,1,1
task_0144,family_26,NC2-RANDOM,1.0,1.0,13,2920,2920,200.76923076923077,21,5460,0,1,0,0.8640534252884039,1,1,1,0,0,0,0,1,0,0,0.0,0.0,9b0a638bcf53896e,0,1
task_0144,family_26,NC3-LENGTH,1.0,1.0,13,6550,6550,500.0,27,13120,1,0,0,0.55,0,0,0,0,0,0,0,0,0,0,0.0,0.0,,1,0
task_0144,family_26,NC4-ABLATION,1.0,1.0,13,2370,2370,158.46153846153845,19,4485,1,0,1,0.0165,0,0,0,1,0,0,1,0,1,0,0.3333333333333333,0.3333333333333333,3bf3d736f02e334a,0,0
task_0145,family_26,B-COLD,0.25,0.3333,13,6550,6550,503.84615384615387,27,13120,1,0,0,0.99,0,0,0,0,0,0,0,0,0,0,1.0,0.0,,1,0
task_0145,family_26,B-RAG-EMBED,0.25,0.3333,13,2700,2700,192.30769230769232,19,5350,1,0,0,0.99,0,0,0,0,0,0,0,0,1,0,1.0,0.0,,1,1
task_0145,family_26,B-STAGEHAND-CACHE,0.25,0.3333,13,6550,6550,503.84615384615387,27,13120,1,0,0,0.99,0,0,0,0,0,0,0,0,1,0,1.0,0.0,,1,0
task_0145,family_26,B-TERX-REPLAY,0.25,0.3333,13,6550,6550,503.84615384615387,27,13120,1,0,0,0.99,0,0,0,0,0,0,0,0,1,0,1.0,0.0,,1,0
task_0145,family_26,P-SPIDER-MEA-BATCHED,0.25,0.3333,13,1070,1070,58.46153846153846,17,1885,1,0,0,0.9685,0,0,0,0,1,0,1,0,1,0,1.0,1.0,f9a99accd6ca6eca,1,1
task_0145,family_26,P-WEBMCP-TOOL,0.25,0.3333,13,815,815,54.61538461538461,16,1705,1,0,0,0.9595,0,0,0,0,0,0,1,0,1,1,0.0,0.0,f9a99accd6ca6eca,1,1
task_0145,family_26,NC1-SHUFFLED,0.25,0.3333,13,1070,1070,58.46153846153846,17,1885,1,0,1,0.9192463805060804,0,0,0,0,1,0,1,0,1,0,0.3333333333333333,1.0,02cf17dfda071a75,0,0
task_0145,family_26,NC2-RANDOM,0.25,0.3333,13,2460,2460,165.3846153846154,19,4550,1,0,1,0.848934395225938,0,0,0,0,0,0,0,1,0,0,0.0,0.0,d176421fcf45973f,0,0
task_0145,family_26,NC3-LENGTH,0.25,0.3333,13,6550,6550,500.0,27,13120,1,0,0,0.55,0,0,0,0,0,0,0,0,0,0,0.0,0.0,,1,0
task_0145,family_26,NC4-ABLATION,0.25,0.3333,13,1070,1070,58.46153846153846,17,1885,1,0,0,0.99,0,0,0,0,1,0,1,0,1,0,1.0,1.0,f9a99accd6ca6eca,1,1
task_0146,family_26,B-COLD,0.5,0.6667,13,6550,6550,503.84615384615387,27,13120,1,0,0,0.99,0,0,0,0,0,0,0,0,0,0,0.7777777777777778,0.0,,1,0
task_0146,family_26,B-RAG-EMBED,0.5,0.6667,13,4950,4950,365.38461538461536,24,9750,1,0,0,0.99,0,0,0,0,0,0,0,0,1,0,0.7777777777777778,0.0,,1,1
task_0146,family_26,B-STAGEHAND-CACHE,0.5,0.6667,13,6550,6550,503.84615384615387,27,13120,1,0,0,0.99,0,0,0,0,0,0,0,0,1,0,0.7777777777777778,0.0,,1,0
task_0146,family_26,B-TERX-REPLAY,0.5,0.6667,13,6550,6550,503.84615384615387,27,13120,1,0,0,0.99,0,0,0,0,0,0,0,0,1,0,0.7777777777777778,0.0,,1,0
task_0146,family_26,P-SPIDER-MEA-BATCHED,0.5,0.6667,13,1070,1070,58.46153846153846,17,1885,1,0,0,0.99,0,0,0,0,1,0,1,0,1,0,0.7777777777777778,1.0,e9ac1598b0fadfa2,1,1
task_0146,family_26,P-WEBMCP-TOOL,0.5,0.6667,13,775,775,51.53846153846154,16,1615,1,0,0,0.9766,1,1,1,0,0,0,1,0,1,1,0.0,0.0,e9ac1598b0fadfa2,1,1
task_0146,family_26,NC1-SHUFFLED,0.5,0.6667,13,1120,1120,62.30769230769231,17,1860,1,0,1,0.8626611230332516,1,1,1,1,1,0,0,1,1,0,0.4444444444444444,1.0,d1fd544973d1bc09,0,0
task_0146,family_26,NC2-RANDOM,0.5,0.6667,13,2920,2920,200.76923076923077,21,5460,0,1,0,0.8228715393462784,1,1,1,0,0,0,0,1,0,0,0.0,0.0,cc2e6288ce0fb9dd,0,1
task_0146,family_26,NC3-LENGTH,0.5,0.6667,13,6550,6550,500.0,27,13120,1,0,0,0.55,0,0,0,0,0,0,0,0,0,0,0.0,0.0,,1,0
task_0146,family_26,NC4-ABLATION,0.5,0.6667,13,1030,1030,55.38461538461539,17,1795,1,0,0,0.99,1,1,1,0,1,0,1,0,1,0,0.7777777777777778,1.0,e9ac1598b0fadfa2,1,1
task_0147,family_27,B-COLD,0.0,0.0,14,7050,7050,503.57142857142856,29,14120,1,0,0,0.99,0,0,0,0,0,0,0,0,0,0,1.0,0.0,,1,0
task_0147,family_27,B-RAG-EMBED,0.0,0.0,14,950,950,53.57142857142857,16,1950,1,0,0,0.99,0,0,0,0,0,0,0,0,1,0,1.0,0.0,,1,1
task_0147,family_27,B-STAGEHAND-CACHE,0.0,0.0,14,750,750,53.57142857142857,15,1800,1,0,0,0.99,0,0,0,0,0,0,0,0,1,0,1.0,0.0,,1,1
task_0147,family_27,B-TERX-REPLAY,0.0,0.0,14,750,750,53.57142857142857,15,1800,1,0,0,0.99,0,0,0,0,0,0,0,0,1,0,1.0,0.0,,1,1
task_0147,family_27,P-SPIDER-MEA-BATCHED,0.0,0.0,14,1210,1210,64.28571428571429,18,2070,1,0,0,0.9747,0,0,0,0,1,0,0,1,1,0,1.0,1.0,e549bd2b4bfbe88c,1,1
task_0147,family_27,P-WEBMCP-TOOL,0.0,0.0,14,825,825,51.42857142857143,17,1735,1,0,0,0.99,1,1,1,0,0,0,1,0,1,1,0.0,0.0,e549bd2b4bfbe88c,1,1
task_0147,family_27,NC1-SHUFFLED,0.0,0.0,14,1070,1070,54.285714285714285,17,1965,1,0,1,0.8059358051111306,0,0,0,0,0,0,1,0,0,0,0.0,0.0,926eb6c02bc4efa0,0,0
task_0147,family_27,NC2-RANDOM,0.0,0.0,14,1160,1160,60.714285714285715,17,2030,1,0,0,0.9657,0,0,0,0,0,0,0,1,0,0,0.0,0.0,bcd30861cb929d90,1,1
task_0147,family_27,NC3-LENGTH,0.0,0.0,14,7050,7050,500.0,29,14120,1,0,0,0.55,0,0,0,0,0,0,0,0,0,0,0.0,0.0,,1,0
task_0147,family_27,NC4-ABLATION,0.0,0.0,14,1120,1120,57.857142857142854,18,2005,1,0,0,0.957,0,0,0,0,1,0,1,0,1,0,1.0,1.0,e549bd2b4bfbe88c,1,1
task_0148,family_27,B-COLD,1.0,1.0,14,7050,7050,503.57142857142856,29,14120,1,0,0,0.9728,0,0,0,0,0,0,0,0,0,0,0.0,0.0,,1,0
task_0148,family_27,B-RAG-EMBED,1.0,1.0,14,7250,7250,503.57142857142856,30,14270,1,0,0,0.9728,0,0,0,0,0,0,0,0,0,0,0.0,0.0,,1,0
task_0148,family_27,B-STAGEHAND-CACHE,1.0,1.0,14,7050,7050,503.57142857142856,29,14120,1,0,0,0.9728,0,0,0,0,0,0,0,0,0,0,0.0,0.0,,1,0
task_0148,family_27,B-TERX-REPLAY,1.0,1.0,14,7050,7050,503.57142857142856,29,14120,1,0,0,0.9728,0,0,0,0,0,0,0,0,0,0,0.0,0.0,,1,0
task_0148,family_27,P-SPIDER-MEA-BATCHED,1.0,1.0,14,1520,1520,86.42857142857143,18,2845,1,0,0,0.99,0,0,0,0,0,0,1,0,0,0,0.0,0.0,66a5e50a55f9765e,1,1
task_0148,family_27,P-WEBMCP-TOOL,1.0,1.0,14,1365,1365,90.0,18,2680,1,0,1,0.0133,1,1,1,1,0,0,0,1,1,1,0.0,0.0,66a5e50a55f9765e,0,0
task_0148,family_27,NC1-SHUFFLED,1.0,1.0,14,1520,1520,86.42857142857143,18,2845,1,0,0,0.9604,0,0,0,0,0,0,1,0,0,0,0.0,0.0,16fcd2a3eae659be,1,1
task_0148,family_27,NC2-RANDOM,1.0,1.0,14,1570,1570,90.0,18,2820,1,0,0,0.99,1,1,1,0,0,0,0,1,0,0,0.0,0.0,eab39c47f4084ceb,1,1
task_0148,family_27,NC3-LENGTH,1.0,1.0,14,7050,7050,500.0,29,14120,1,0,0,0.55,0,0,0,0,0,0,0,0,0,0,0.0,0.0,,1,0
task_0148,family_27,NC4-ABLATION,1.0,1.0,14,1480,1480,83.57142857142857,18,2755,1,0,1,0.01,1,1,1,1,0,0,1,0,0,0,0.0,0.0,66a5e50a55f9765e,0,0
task_0149,family_27,B-COLD,0.25,0.0,14,7050,7050,503.57142857142856,29,14120,1,0,0,0.99,0,0,0,0,0,0,0,0,0,0,1.0,0.0,,1,0
task_0149,family_27,B-RAG-EMBED,0.25,0.0,14,950,950,53.57142857142857,16,1950,1,0,0,0.99,0,0,0,0,0,0,0,0,1,0,1.0,0.0,,1,1
task_0149,family_27,B-STAGEHAND-CACHE,0.25,0.0,14,7050,7050,503.57142857142856,29,14120,1,0,0,0.99,0,0,0,0,0,0,0,0,1,0,1.0,0.0,,1,0
task_0149,family_27,B-TERX-REPLAY,0.25,0.0,14,7050,7050,503.57142857142856,29,14120,1,0,0,0.99,0,0,0,0,0,0,0,0,1,0,1.0,0.0,,1,0
task_0149,family_27,P-SPIDER-MEA-BATCHED,0.25,0.0,14,1080,1080,55.0,18,1915,1,0,0,0.99,1,1,1,0,1,0,1,0,1,0,1.0,1.0,ec43f55d4af89872,1,1
task_0149,family_27,P-WEBMCP-TOOL,0.25,0.0,14,825,825,51.42857142857143,17,1735,1,0,0,0.9578,1,1,1,0,0,0,1,0,1,1,0.0,0.0,ec43f55d4af89872,1,1
task_0149,family_27,NC1-SHUFFLED,0.25,0.0,14,1620,1620,93.57142857142857,19,2940,0,1,0,0.8195737260482497,1,1,1,0,0,0,0,1,0,0,0.0,0.0,4acd705d62e766fb,0,1
task_0149,family_27,NC2-RANDOM,0.25,0.0,14,1160,1160,60.714285714285715,17,2030,1,0,0,0.99,0,1,0,0,0,0,0,1,0,0,0.0,0.0,e438dcd44614e89b,1,1
task_0149,family_27,NC3-LENGTH,0.25,0.0,14,7050,7050,500.0,29,14120,1,0,0,0.55,0,0,0,0,0,0,0,0,0,0,0.0,0.0,,1,0
task_0149,family_27,NC4-ABLATION,0.25,0.0,14,1120,1120,57.857142857142854,18,2005,1,0,0,0.99,0,0,0,0,1,0,1,0,1,0,1.0,1.0,ec43f55d4af89872,1,1
task_0150,family_27,B-COLD,0.5,1.0,14,7050,7050,503.57142857142856,29,14120,1,0,0,0.9793,0,0,0,0,0,0,0,0,0,0,0.0,0.0,,1,0
task_0150,family_27,B-RAG-EMBED,0.5,1.0,14,7250,7250,503.57142857142856,30,14270,1,0,0,0.9793,0,0,0,0,0,0,0,0,0,0,0.0,0.0,,1,0
task_0150,family_27,B-STAGEHAND-CACHE,0.5,1.0,14,7050,7050,503.57142857142856,29,14120,1,0,0,0.9793,0,0,0,0,0,0,0,0,0,0,0.0,0.0,,1,0
task_0150,family_27,B-TERX-REPLAY,0.5,1.0,14,7050,7050,503.57142857142856,29,14120,1,0,0,0.9793,0,0,0,0,0,0,0,0,0,0,0.0,0.0,,1,0
task_0150,family_27,P-SPIDER-MEA-BATCHED,0.5,1.0,14,1520,1520,86.42857142857143,18,2845,1,0,1,0.0111,0,0,0,1,0,0,1,0,0,0,0.0,0.0,7db71c366cd01bbd,0,0
task_0150,family_27,P-WEBMCP-TOOL,0.5,1.0,14,1315,1315,86.42857142857143,18,2705,1,0,0,0.9555,0,0,0,0,0,0,1,0,1,1,0.0,0.0,7db71c366cd01bbd,1,1
task_0150,family_27,NC1-SHUFFLED,0.5,1.0,14,1980,1980,119.28571428571429,20,3755,0,1,0,0.860523167298161,1,1,1,0,0,0,1,0,0,0,0.0,0.0,cc962aed0876cda9,0,1
task_0150,family_27,NC2-RANDOM,0.5,1.0,14,1610,1610,92.85714285714286,18,2910,1,0,0,0.99,0,0,0,0,0,0,0,1,0,0,0.0,0.0,158edd6fbf2f1308,1,1
task_0150,family_27,NC3-LENGTH,0.5,1.0,14,7050,7050,500.0,29,14120,1,0,0,0.55,0,0,0,0,0,0,0,0,0,0,0.0,0.0,,1,0
task_0150,family_27,NC4-ABLATION,0.5,1.0,14,1520,1520,86.42857142857143,18,2845,1,0,0,0.9593,0,0,0,0,0,0,1,0,0,0,0.0,0.0,7db71c366cd01bbd,1,1
task_0151,family_27,B-COLD,0.75,1.0,14,7050,7050,503.57142857142856,29,14120,1,0,0,0.99,0,0,0,0,0,0,0,0,0,0,0.0,0.0,,1,0
task_0151,family_27,B-RAG-EMBED,0.75,1.0,14,7250,7250,503.57142857142856,30,14270,1,0,0,0.99,0,0,0,0,0,0,0,0,0,0,0.0,0.0,,1,0
task_0151,family_27,B-STAGEHAND-CACHE,0.75,1.0,14,7050,7050,503.57142857142856,29,14120,1,0,0,0.99,0,0,0,0,0,0,0,0,0,0,0.0,0.0,,1,0
task_0151,family_27,B-TERX-REPLAY,0.75,1.0,14,7050,7050,503.57142857142856,29,14120,1,0,0,0.99,0,0,0,0,0,0,0,0,0,0,0.0,0.0,,1,0
task_0151,family_27,P-SPIDER-MEA-BATCHED,0.75,1.0,14,1520,1520,86.42857142857143,18,2845,1,0,1,0.0212,0,0,0,1,0,0,1,0,0,0,0.0,0.0,79ba1ffde20a74cf,0,0
task_0151,family_27,P-WEBMCP-TOOL,0.75,1.0,14,1315,1315,86.42857142857143,18,2705,1,0,1,0.01,0,0,0,1,0,0,1,0,1,1,0.0,0.0,79ba1ffde20a74cf,0,0
task_0151,family_27,NC1-SHUFFLED,0.75,1.0,14,1520,1520,86.42857142857143,18,2845,1,0,0,0.9782,0,0,0,0,0,0,1,0,0,0,0.0,0.0,379615bf594c283a,1,1
task_0151,family_27,NC2-RANDOM,0.75,1.0,14,1610,1610,92.85714285714286,18,2910,1,0,1,0.8953025825464412,0,0,0,0,0,0,0,1,0,0,0.0,0.0,04f6a288efaae5de,0,0
task_0151,family_27,NC3-LENGTH,0.75,1.0,14,7050,7050,500.0,29,14120,1,0,0,0.55,0,0,0,0,0,0,0,0,0,0,0.0,0.0,,1,0
task_0151,family_27,NC4-ABLATION,0.75,1.0,14,1520,1520,86.42857142857143,18,2845,1,0,0,0.9719,0,0,0,0,0,0,1,0,0,0,0.0,0.0,79ba1ffde20a74cf,1,1
task_0152,family_28,B-COLD,0.0,0.0,8,4050,4050,506.25,17,8120,1,0,0,0.99,0,0,0,0,0,0,0,0,0,0,1.0,0.0,,1,0
task_0152,family_28,B-RAG-EMBED,0.0,0.0,8,650,650,56.25,10,1230,1,0,0,0.99,0,0,0,0,0,0,0,0,1,0,1.0,0.0,,1,1
task_0152,family_28,B-STAGEHAND-CACHE,0.0,0.0,8,450,450,56.25,9,1080,1,0,0,0.99,0,0,0,0,0,0,0,0,1,0,1.0,0.0,,1,1
task_0152,family_28,B-TERX-REPLAY,0.0,0.0,8,450,450,56.25,9,1080,1,0,0,0.99,0,0,0,0,0,0,0,0,1,0,1.0,0.0,,1,1
task_0152,family_28,P-SPIDER-MEA-BATCHED,0.0,0.0,8,820,820,63.75,12,1285,1,0,0,0.99,0,0,0,0,1,0,1,0,1,0,1.0,1.0,6dbb2b30742da49a,1,1
task_0152,family_28,P-WEBMCP-TOOL,0.0,0.0,8,615,615,63.75,11,1080,1,0,0,0.99,1,1,1,0,0,0,0,1,1,1,0.0,0.0,6dbb2b30742da49a,1,1
task_0152,family_28,NC1-SHUFFLED,0.0,0.0,8,780,780,58.75,12,1195,1,0,1,0.9472525508869633,1,1,1,0,1,0,1,0,1,0,0.5,1.0,d49569aa420c0e6a,0,0
task_0152,family_28,NC2-RANDOM,0.0,0.0,8,820,820,63.75,11,1220,1,0,1,0.9013960154996519,1,1,1,0,0,0,0,1,0,0,0.0,0.0,ed5addaeb1a78d27,0,0
task_0152,family_28,NC3-LENGTH,0.0,0.0,8,4050,4050,500.0,17,8120,1,0,0,0.55,0,0,0,0,0,0,0,0,0,0,0.0,0.0,,1,0
task_0152,family_28,NC4-ABLATION,0.0,0.0,8,820,820,63.75,12,1285,1,0,0,0.9852,0,0,0,0,1,0,1,0,1,0,1.0,1.0,6dbb2b30742da49a,1,1
task_0153,family_28,B-COLD,0.25,0.5,8,4050,4050,506.25,17,8120,1,0,0,0.99,0,0,0,0,0,0,0,0,0,0,0.6666666666666666,0.0,,1,0
task_0153,family_28,B-RAG-EMBED,0.25,0.5,8,2450,2450,281.25,14,4750,1,0,0,0.99,0,0,0,0,0,0,0,0,1,0,0.6666666666666666,0.0,,1,1
task_0153,family_28,B-STAGEHAND-CACHE,0.25,0.5,8,4050,4050,506.25,17,8120,1,0,0,0.99,0,0,0,0,0,0,0,0,1,0,0.6666666666666666,0.0,,1,0
task_0153,family_28,B-TERX-REPLAY,0.25,0.5,8,4050,4050,506.25,17,8120,1,0,0,0.99,0,0,0,0,0,0,0,0,1,0,0.6666666666666666,0.0,,1,0
task_0153,family_28,P-SPIDER-MEA-BATCHED,0.25,0.5,8,870,870,70.0,12,1260,1,0,1,0.01,1,1,1,1,1,0,0,1,1,0,0.6666666666666666,1.0,31ae426db8c0d3fd,0,0
task_0153,family_28,P-WEBMCP-TOOL,0.25,0.5,8,525,525,52.5,11,1015,1,0,0,0.9837,1,1,1,0,0,0,1,0,1,1,0.0,0.0,31ae426db8c0d3fd,1,1
task_0153,family_28,NC1-SHUFFLED,0.25,0.5,8,1370,1370,132.5,14,2260,0,1,0,0.9507572239816795,1,1,1,0,1,0,0,1,0,0,0.16666666666666666,0.3333333333333333,f65496a298ac93f0,0,1
task_0153,family_28,NC2-RANDOM,0.25,0.5,8,1720,1720,176.25,13,2980,1,0,0,0.9669,1,1,1,0,0,0,0,1,0,0,0.0,0.0,27adf18f417d0b60,1,1
task_0153,family_28,NC3-LENGTH,0.25,0.5,8,4050,4050,500.0,17,8120,1,0,0,0.55,0,0,0,0,0,0,0,0,0,0,0.0,0.0,,1,0
task_0153,family_28,NC4-ABLATION,0.25,0.5,8,780,780,58.75,12,1195,1,0,0,0.99,1,1,1,0,1,0,1,0,1,0,0.6666666666666666,1.0,31ae426db8c0d3fd,1,1
task_0154,family_28,B-COLD,0.5,0.5,8,4050,4050,506.25,17,8120,1,0,0,0.99,0,0,0,0,0,0,0,0,0,0,0.6666666666666666,0.0,,1,0
task_0154,family_28,B-RAG-EMBED,0.5,0.5,8,2450,2450,281.25,14,4750,1,0,0,0.99,0,0,0,0,0,0,0,0,1,0,0.6666666666666666,0.0,,1,1
task_0154,family_28,B-STAGEHAND-CACHE,0.5,0.5,8,4050,4050,506.25,17,8120,1,0,0,0.99,0,0,0,0,0,0,0,0,1,0,0.6666666666666666,0.0,,1,0
task_0154,family_28,B-TERX-REPLAY,0.5,0.5,8,4050,4050,506.25,17,8120,1,0,0,0.99,0,0,0,0,0,0,0,0,1,0,0.6666666666666666,0.0,,1,0
task_0154,family_28,P-SPIDER-MEA-BATCHED,0.5,0.5,8,820,820,63.75,12,1285,1,0,0,0.99,0,1,0,0,1,0,1,0,1,0,0.6666666666666666,1.0,50312f9b6f0a8318,1,1
task_0154,family_28,P-WEBMCP-TOOL,0.5,0.5,8,525,525,52.5,11,1015,1,0,0,0.99,1,1,1,0,0,0,1,0,1,1,0.0,0.0,50312f9b6f0a8318,1,1
task_0154,family_28,NC1-SHUFFLED,0.5,0.5,8,1630,1630,165.0,13,2915,1,0,0,0.99,1,1,1,0,0,0,1,0,0,0,0.0,0.0,96bf807943e24f24,1,1
task_0154,family_28,NC2-RANDOM,0.5,0.5,8,1720,1720,176.25,13,2980,1,0,0,0.9539,1,1,1,0,0,0,0,1,0,0,0.0,0.0,34affa84d9677549,1,1
task_0154,family_28,NC3-LENGTH,0.5,0.5,8,4050,4050,500.0,17,8120,1,0,0,0.55,0,0,0,0,0,0,0,0,0,0,0.0,0.0,,1,0
task_0154,family_28,NC4-ABLATION,0.5,0.5,8,820,820,63.75,12,1285,1,0,0,0.99,0,1,0,0,1,0,1,0,1,0,0.6666666666666666,1.0,50312f9b6f0a8318,1,1
task_0155,family_28,B-COLD,0.75,1.0,8,4050,4050,506.25,17,8120,1,0,0,0.99,0,0,0,0,0,0,0,0,0,0,0.3333333333333333,0.0,,1,0
task_0155,family_28,B-RAG-EMBED,0.75,1.0,8,4250,4250,506.25,18,8270,1,0,0,0.99,0,0,0,0,0,0,0,0,1,0,0.3333333333333333,0.0,,1,0
task_0155,family_28,B-STAGEHAND-CACHE,0.75,1.0,8,4050,4050,506.25,17,8120,1,0,0,0.99,0,0,0,0,0,0,0,0,1,0,0.3333333333333333,0.0,,1,0
task_0155,family_28,B-TERX-REPLAY,0.75,1.0,8,4050,4050,506.25,17,8120,1,0,0,0.99,0,0,0,0,0,0,0,0,1,0,0.3333333333333333,0.0,,1,0
task_0155,family_28,P-SPIDER-MEA-BATCHED,0.75,1.0,8,780,780,58.75,12,1195,1,0,0,0.99,1,1,1,0,1,0,1,0,1,0,0.3333333333333333,0.3333333333333333,9384957fb3b93cf1,1,1
task_0155,family_28,P-WEBMCP-TOOL,0.75,1.0,8,565,565,57.5,11,1105,1,0,0,0.99,0,0,0,0,0,0,1,0,1,1,0.0,0.0,9384957fb3b93cf1,1,1
task_0155,family_28,NC1-SHUFFLED,0.75,1.0,8,780,780,58.75,12,1195,1,0,1,0.8204865679781713,1,1,1,1,1,0,1,0,1,0,0.5,1.0,786d26d544907047,0,0
task_0155,family_28,NC2-RANDOM,0.75,1.0,8,1760,1760,181.25,13,3070,1,0,0,0.99,0,0,0,0,0,0,0,1,0,0,0.0,0.0,47cf179b53c0fe00,1,1
task_0155,family_28,NC3-LENGTH,0.75,1.0,8,4050,4050,500.0,17,8120,1,0,0,0.55,0,0,0,0,0,0,0,0,0,0,0.0,0.0,,1,0
task_0155,family_28,NC4-ABLATION,0.75,1.0,8,1670,1670,170.0,13,3005,1,0,0,0.99,0,0,0,0,0,0,1,0,1,0,0.3333333333333333,0.3333333333333333,9384957fb3b93cf1,1,1
task_0156,family_28,B-COLD,1.0,1.0,8,4050,4050,506.25,17,8120,1,0,0,0.99,0,0,0,0,0,0,0,0,0,0,0.6666666666666666,0.0,,1,0
task_0156,family_28,B-RAG-EMBED,1.0,1.0,8,4250,4250,506.25,18,8270,1,0,0,0.99,0,0,0,0,0,0,0,0,1,0,0.6666666666666666,0.0,,1,0
task_0156,family_28,B-STAGEHAND-CACHE,1.0,1.0,8,4050,4050,506.25,17,8120,1,0,0,0.99,0,0,0,0,0,0,0,0,1,0,0.6666666666666666,0.0,,1,0
task_0156,family_28,B-TERX-REPLAY,1.0,1.0,8,4050,4050,506.25,17,8120,1,0,0,0.99,0,0,0,0,0,0,0,0,1,0,0.6666666666666666,0.0,,1,0
task_0156,family_28,P-SPIDER-MEA-BATCHED,1.0,1.0,8,780,780,58.75,12,1195,1,0,1,0.01,1,1,1,1,1,0,1,0,1,0,0.6666666666666666,1.0,c88e6a4741fe1a4a,0,0
task_0156,family_28,P-WEBMCP-TOOL,1.0,1.0,8,525,525,52.5,11,1015,1,0,0,0.99,1,1,1,0,0,0,1,0,1,1,0.0,0.0,c88e6a4741fe1a4a,1,1
task_0156,family_28,NC1-SHUFFLED,1.0,1.0,8,1670,1670,170.0,13,3005,1,0,1,0.8054081016188059,0,1,0,0,0,0,1,0,0,0,0.0,0.0,5e791ebc7471bbcf,0,0
task_0156,family_28,NC2-RANDOM,1.0,1.0,8,1720,1720,176.25,13,2980,1,0,1,0.8705387891814294,1,1,1,1,0,0,0,1,0,0,0.0,0.0,4587c1131bed9cc2,0,0
task_0156,family_28,NC3-LENGTH,1.0,1.0,8,4050,4050,500.0,17,8120,1,0,0,0.55,0,0,0,0,0,0,0,0,0,0,0.0,0.0,,1,0
task_0156,family_28,NC4-ABLATION,1.0,1.0,8,780,780,58.75,12,1195,1,0,1,0.01,1,1,1,1,1,0,1,0,1,0,0.6666666666666666,1.0,c88e6a4741fe1a4a,0,0
task_0157,family_29,B-COLD,0.0,0.0,9,4550,4550,505.55555555555554,19,9120,1,0,0,0.9661,0,0,0,0,0,0,0,0,0,0,1.0,0.0,,1,0
task_0157,family_29,B-RAG-EMBED,0.0,0.0,9,700,700,55.55555555555556,11,1350,1,0,0,0.9661,0,0,0,0,0,0,0,0,1,0,1.0,0.0,,1,1
task_0157,family_29,B-STAGEHAND-CACHE,0.0,0.0,9,500,500,55.55555555555556,10,1200,1,0,0,0.9661,0,0,0,0,0,0,0,0,1,0,1.0,0.0,,1,1
task_0157,family_29,B-TERX-REPLAY,0.0,0.0,9,500,500,55.55555555555556,10,1200,1,0,0,0.9661,0,0,0,0,0,0,0,0,1,0,1.0,0.0,,1,1
task_0157,family_29,P-SPIDER-MEA-BATCHED,0.0,0.0,9,830,830,57.77777777777778,13,1315,1,0,0,0.99,1,1,1,0,1,0,1,0,1,0,1.0,1.0,11ccd6904a2adcba,1,1
task_0157,family_29,P-WEBMCP-TOOL,0.0,0.0,9,575,575,52.22222222222222,12,1135,1,0,0,0.99,1,1,1,0,0,0,1,0,1,1,0.0,0.0,11ccd6904a2adcba,1,1
task_0157,family_29,NC1-SHUFFLED,0.0,0.0,9,1280,1280,107.77777777777777,14,2275,0,1,0,0.8177883710681334,1,1,1,0,0,0,1,0,0,0,0.0,0.0,aa41a0d3cee4fe79,0,1
task_0157,family_29,NC2-RANDOM,0.0,0.0,9,870,870,62.22222222222222,12,1340,1,0,1,0.8669666395782771,1,1,1,0,0,0,0,1,0,0,0.0,0.0,df3a92424bc6e979,0,0
task_0157,family_29,NC3-LENGTH,0.0,0.0,9,4550,4550,500.0,19,9120,1,0,0,0.55,0,0,0,0,0,0,0,0,0,0,0.0,0.0,,1,0
task_0157,family_29,NC4-ABLATION,0.0,0.0,9,830,830,57.77777777777778,13,1315,1,0,0,0.99,1,1,1,0,1,0,1,0,1,0,1.0,1.0,11ccd6904a2adcba,1,1
task_0158,family_29,B-COLD,0.5,0.5,9,4550,4550,505.55555555555554,19,9120,1,0,0,0.99,0,0,0,0,0,0,0,0,0,0,0.5,0.0,,1,0
task_0158,family_29,B-RAG-EMBED,0.5,0.5,9,2500,2500,255.55555555555554,15,4870,1,0,0,0.99,0,0,0,0,0,0,0,0,1,0,0.5,0.0,,1,1
task_0158,family_29,B-STAGEHAND-CACHE,0.5,0.5,9,4550,4550,505.55555555555554,19,9120,1,0,0,0.99,0,0,0,0,0,0,0,0,1,0,0.5,0.0,,1,0
task_0158,family_29,B-TERX-REPLAY,0.5,0.5,9,4550,4550,505.55555555555554,19,9120,1,0,0,0.99,0,0,0,0,0,0,0,0,1,0,0.5,0.0,,1,0
task_0158,family_29,P-SPIDER-MEA-BATCHED,0.5,0.5,9,960,960,72.22222222222223,13,1470,1,0,0,0.9841,0,0,0,0,1,0,0,1,1,0,0.5,1.0,a8af8ea779d45200,1,1
task_0158,family_29,P-WEBMCP-TOOL,0.5,0.5,9,1065,1065,106.66666666666667,13,2105,1,0,0,0.99,0,0,0,0,0,0,1,0,1,1,0.0,0.0,a8af8ea779d45200,1,1
task_0158,family_29,NC1-SHUFFLED,0.5,0.5,9,1720,1720,156.66666666666666,14,3125,1,0,1,0.9162841288562978,0,0,0,0,0,0,1,0,0,0,0.0,0.0,a4f28f6350a8c47e,0,0
task_0158,family_29,NC2-RANDOM,0.5,0.5,9,1810,1810,166.66666666666666,14,3190,1,0,1,0.7929058296683464,0,0,0,0,0,0,0,1,0,0,0.0,0.0,24efcab17cb31aca,0,0
task_0158,family_29,NC3-LENGTH,0.5,0.5,9,4550,4550,500.0,19,9120,1,0,0,0.55,0,0,0,0,0,0,0,0,0,0,0.0,0.0,,1,0
task_0158,family_29,NC4-ABLATION,0.5,0.5,9,870,870,62.22222222222222,13,1405,1,0,0,0.99,0,0,0,0,1,0,1,0,1,0,0.5,1.0,a8af8ea779d45200,1,1
task_0159,family_29,B-COLD,0.75,1.0,9,4550,4550,505.55555555555554,19,9120,1,0,0,0.986,0,0,0,0,0,0,0,0,0,0,0.0,0.0,,1,0
task_0159,family_29,B-RAG-EMBED,0.75,1.0,9,4750,4750,505.55555555555554,20,9270,1,0,0,0.986,0,0,0,0,0,0,0,0,0,0,0.0,0.0,,1,0
task_0159,family_29,B-STAGEHAND-CACHE,0.75,1.0,9,4550,4550,505.55555555555554,19,9120,1,0,0,0.986,0,0,0,0,0,0,0,0,0,0,0.0,0.0,,1,0
task_0159,family_29,B-TERX-REPLAY,0.75,1.0,9,4550,4550,505.55555555555554,19,9120,1,0,0,0.986,0,0,0,0,0,0,0,0,0,0,0.0,0.0,,1,0
task_0159,family_29,P-SPIDER-MEA-BATCHED,0.75,1.0,9,1680,1680,152.22222222222223,14,3035,1,0,0,0.99,1,1,1,0,0,0,1,0,0,0,0.0,0.0,fd3a0e6d7be8bb1a,1,1
task_0159,family_29,P-WEBMCP-TOOL,0.75,1.0,9,1605,1605,166.66666666666666,14,3050,1,0,0,0.99,0,0,0,0,0,0,0,1,1,1,0.0,0.0,fd3a0e6d7be8bb1a,1,1
task_0159,family_29,NC1-SHUFFLED,0.75,1.0,9,920,920,67.77777777777777,13,1380,1,0,1,0.8563279002006284,1,1,1,1,1,0,0,1,1,0,0.5,1.0,0c2c9b5026023133,0,0
task_0159,family_29,NC2-RANDOM,0.75,1.0,9,1810,1810,166.66666666666666,14,3190,1,0,1,0.86005350238126,0,0,0,1,0,0,0,1,0,0,0.0,0.0,5d0c18184d4874c5,0,0
task_0159,family_29,NC3-LENGTH,0.75,1.0,9,4550,4550,500.0,19,9120,1,0,0,0.55,0,0,0,0,0,0,0,0,0,0,0.0,0.0,,1,0
task_0159,family_29,NC4-ABLATION,0.75,1.0,9,1720,1720,156.66666666666666,14,3125,1,0,1,0.01,0,0,0,1,0,0,1,0,0,0,0.0,0.0,fd3a0e6d7be8bb1a,0,0
task_0160,family_29,B-COLD,1.0,1.0,9,4550,4550,505.55555555555554,19,9120,1,0,0,0.99,0,0,0,0,0,0,0,0,0,0,0.0,0.0,,1,0
task_0160,family_29,B-RAG-EMBED,1.0,1.0,9,4750,4750,505.55555555555554,20,9270,1,0,0,0.99,0,0,0,0,0,0,0,0,0,0,0.0,0.0,,1,0
task_0160,family_29,B-STAGEHAND-CACHE,1.0,1.0,9,4550,4550,505.55555555555554,19,9120,1,0,0,0.99,0,0,0,0,0,0,0,0,0,0,0.0,0.0,,1,0
task_0160,family_29,B-TERX-REPLAY,1.0,1.0,9,4550,4550,505.55555555555554,19,9120,1,0,0,0.99,0,0,0,0,0,0,0,0,0,0,0.0,0.0,,1,0
task_0160,family_29,P-SPIDER-MEA-BATCHED,1.0,1.0,9,1720,1720,156.66666666666666,14,3125,1,0,1,0.0258,0,1,0,1,0,0,1,0,0,0,0.0,0.0,7f5daa51dfbd9e24,0,0
task_0160,family_29,P-WEBMCP-TOOL,1.0,1.0,9,1475,1475,152.22222222222223,14,2895,1,0,0,0.9584,1,1,1,0,0,0,1,0,1,1,0.0,0.0,7f5daa51dfbd9e24,1,1
task_0160,family_29,NC1-SHUFFLED,1.0,1.0,9,1810,1810,166.66666666666666,14,3190,1,0,0,0.99,0,0,0,0,0,0,0,1,0,0,0.0,0.0,c0d59b23b6cbd4d6,1,1
task_0160,family_29,NC2-RANDOM,1.0,1.0,9,1770,1770,162.22222222222223,14,3100,1,0,1,0.797170972124051,1,1,1,1,0,0,0,1,0,0,0.0,0.0,8b67af8e0ef58f58,0,0
task_0160,family_29,NC3-LENGTH,1.0,1.0,9,4550,4550,500.0,19,9120,1,0,0,0.55,0,0,0,0,0,0,0,0,0,0,0.0,0.0,,1,0
task_0160,family_29,NC4-ABLATION,1.0,1.0,9,1680,1680,152.22222222222223,14,3035,1,0,0,0.99,1,1,1,0,0,0,1,0,0,0,0.0,0.0,7f5daa51dfbd9e24,1,1
task_0161,family_29,B-COLD,0.25,0.5,9,4550,4550,505.55555555555554,19,9120,1,0,0,0.9536,0,0,0,0,0,0,0,0,0,0,0.5,0.0,,1,0
task_0161,family_29,B-RAG-EMBED,0.25,0.5,9,2500,2500,255.55555555555554,15,4870,1,0,0,0.9536,0,0,0,0,0,0,0,0,1,0,0.5,0.0,,1,1
task_0161,family_29,B-STAGEHAND-CACHE,0.25,0.5,9,4550,4550,505.55555555555554,19,9120,1,0,0,0.9536,0,0,0,0,0,0,0,0,1,0,0.5,0.0,,1,0
task_0161,family_29,B-TERX-REPLAY,0.25,0.5,9,4550,4550,505.55555555555554,19,9120,1,0,0,0.9536,0,0,0,0,0,0,0,0,1,0,0.5,0.0,,1,0
task_0161,family_29,P-SPIDER-MEA-BATCHED,0.25,0.5,9,830,830,57.77777777777778,13,1315,1,0,0,0.99,1,1,1,0,1,0,1,0,1,0,0.5,1.0,7e8c76181817cbf1,1,1
task_0161,family_29,P-WEBMCP-TOOL,0.25,0.5,9,1065,1065,106.66666666666667,13,2105,1,0,0,0.99,0,0,0,0,0,0,1,0,1,1,0.0,0.0,7e8c76181817cbf1,1,1
task_0161,family_29,NC1-SHUFFLED,0.25,0.5,9,870,870,62.22222222222222,13,1405,1,0,1,0.8889732815878925,0,0,0,0,1,0,1,0,1,0,0.5,1.0,4e495da851393449,0,0
task_0161,family_29,NC2-RANDOM,0.25,0.5,9,1810,1810,166.66666666666666,14,3190,1,0,0,0.9552,0,0,0,0,0,0,0,1,0,0,0.0,0.0,513eb290a3807e0f,1,1
task_0161,family_29,NC3-LENGTH,0.25,0.5,9,4550,4550,500.0,19,9120,1,0,0,0.55,0,0,0,0,0,0,0,0,0,0,0.0,0.0,,1,0
task_0161,family_29,NC4-ABLATION,0.25,0.5,9,830,830,57.77777777777778,13,1315,1,0,0,0.99,1,1,1,0,1,0,1,0,1,0,0.5,1.0,7e8c76181817cbf1,1,1
task_0162,family_30,B-COLD,0.0,0.0,10,5050,5050,505.0,21,10120,1,0,0,0.99,0,0,0,0,0,0,0,0,0,0,1.0,0.0,,1,0
task_0162,family_30,B-RAG-EMBED,0.0,0.0,10,750,750,55.0,12,1470,1,0,0,0.99,0,0,0,0,0,0,0,0,1,0,1.0,0.0,,1,1
task_0162,family_30,B-STAGEHAND-CACHE,0.0,0.0,10,550,550,55.0,11,1320,1,0,0,0.99,0,0,0,0,0,0,0,0,1,0,1.0,0.0,,1,1
task_0162,family_30,B-TERX-REPLAY,0.0,0.0,10,550,550,55.0,11,1320,1,0,0,0.99,0,0,0,0,0,0,0,0,1,0,1.0,0.0,,1,1
task_0162,family_30,P-SPIDER-MEA-BATCHED,0.0,0.0,10,920,920,61.0,14,1525,1,0,0,0.99,0,0,0,0,1,0,1,0,1,0,1.0,1.0,407530c01115183a,1,1
task_0162,family_30,P-WEBMCP-TOOL,0.0,0.0,10,755,755,65.0,13,1410,1,0,0,0.99,0,0,0,0,0,0,0,1,1,1,0.0,0.0,407530c01115183a,1,1
task_0162,family_30,NC1-SHUFFLED,0.0,0.0,10,920,920,61.0,14,1525,1,0,1,0.8231818529273861,0,0,0,0,1,0,1,0,1,0,0.3333333333333333,1.0,5c2a178142ebab6a,0,0
task_0162,family_30,NC2-RANDOM,0.0,0.0,10,1420,1420,111.0,15,2460,0,1,0,0.9360085231175964,1,1,1,0,0,0,0,1,0,0,0.0,0.0,ae798a4107d3f042,0,1
task_0162,family_30,NC3-LENGTH,0.0,0.0,10,5050,5050,500.0,21,10120,1,0,0,0.55,0,0,0,0,0,0,0,0,0,0,0.0,0.0,,1,0
task_0162,family_30,NC4-ABLATION,0.0,0.0,10,880,880,57.0,14,1435,1,0,0,0.9694,1,1,1,0,1,0,1,0,1,0,1.0,1.0,407530c01115183a,1,1
task_0163,family_30,B-COLD,0.75,0.6667,10,5050,5050,505.0,21,10120,1,0,0,0.99,0,0,0,0,0,0,0,0,0,0,0.5555555555555556,0.0,,1,0
task_0163,family_30,B-RAG-EMBED,0.75,0.6667,10,3900,3900,370.0,19,7630,1,0,0,0.99,0,0,0,0,0,0,0,0,1,0,0.5555555555555556,0.0,,1,1
task_0163,family_30,B-STAGEHAND-CACHE,0.75,0.6667,10,5050,5050,505.0,21,10120,1,0,0,0.99,0,0,0,0,0,0,0,0,1,0,0.5555555555555556,0.0,,1,0
task_0163,family_30,B-TERX-REPLAY,0.75,0.6667,10,5050,5050,505.0,21,10120,1,0,0,0.99,0,0,0,0,0,0,0,0,1,0,0.5555555555555556,0.0,,1,0
task_0163,family_30,P-SPIDER-MEA-BATCHED,0.75,0.6667,10,1010,1010,70.0,14,1590,1,0,1,0.01,0,0,0,1,1,0,0,1,1,0,0.5555555555555556,1.0,44c0339661a28bf9,0,0
task_0163,family_30,P-WEBMCP-TOOL,0.75,0.6667,10,665,665,56.0,13,1345,1,0,0,0.99,0,0,0,0,0,0,1,0,1,1,0.0,0.0,44c0339661a28bf9,1,1
task_0163,family_30,NC1-SHUFFLED,0.75,0.6667,10,970,970,66.0,14,1500,1,0,0,0.9501,1,1,1,0,1,0,0,1,1,0,0.4444444444444444,1.0,0d14f0b2d91a1b52,1,1
task_0163,family_30,NC2-RANDOM,0.75,0.6667,10,2310,2310,200.0,16,4190,1,0,0,0.9544,0,1,0,0,0,0,0,1,0,0,0.0,0.0,c6b05bfbbd290d06,1,1
task_0163,family_30,NC3-LENGTH,0.75,0.6667,10,5050,5050,500.0,21,10120,1,0,0,0.55,0,0,0,0,0,0,0,0,0,0,0.0,0.0,,1,0
task_0163,family_30,NC4-ABLATION,0.75,0.6667,10,880,880,57.0,14,1435,1,0,0,0.984,1,1,1,0,1,0,1,0,1,0,0.5555555555555556,1.0,44c0339661a28bf9,1,1
task_0164,family_30,B-COLD,1.0,1.0,10,5050,5050,505.0,21,10120,1,0,0,0.99,0,0,0,0,0,0,0,0,0,0,0.3333333333333333,0.0,,1,0
task_0164,family_30,B-RAG-EMBED,1.0,1.0,10,5250,5250,505.0,22,10270,1,0,0,0.99,0,0,0,0,0,0,0,0,1,0,0.3333333333333333,0.0,,1,0
task_0164,family_30,B-STAGEHAND-CACHE,1.0,1.0,10,5050,5050,505.0,21,10120,1,0,0,0.99,0,0,0,0,0,0,0,0,1,0,0.3333333333333333,0.0,,1,0
task_0164,family_30,B-TERX-REPLAY,1.0,1.0,10,5050,5050,505.0,21,10120,1,0,0,0.99,0,0,0,0,0,0,0,0,1,0,0.3333333333333333,0.0,,1,0
task_0164,family_30,P-SPIDER-MEA-BATCHED,1.0,1.0,10,920,920,61.0,14,1525,1,0,1,0.01,0,1,0,1,1,0,1,0,1,0,0.3333333333333333,0.3333333333333333,2e1766f0f39d95fd,0,0
task_0164,family_30,P-WEBMCP-TOOL,1.0,1.0,10,625,625,52.0,13,1255,1,0,1,0.0368,1,1,1,1,0,0,1,0,1,1,0.0,0.0,2e1766f0f39d95fd,0,0
task_0164,family_30,NC1-SHUFFLED,1.0,1.0,10,1470,1470,116.0,16,2500,0,1,0,0.928160660958661,1,1,1,0,1,0,0,1,1,0,0.4444444444444444,1.0,7e6cfd285037de0b,0,1
task_0164,family_30,NC2-RANDOM,1.0,1.0,10,2270,2270,196.0,16,4100,1,0,1,0.9027685487532869,1,1,1,1,0,0,0,1,0,0,0.0,0.0,d87ade8511a84fbe,0,0
task_0164,family_30,NC3-LENGTH,1.0,1.0,10,5050,5050,500.0,21,10120,1,0,0,0.55,0,0,0,0,0,0,0,0,0,0,0.0,0.0,,1,0
task_0164,family_30,NC4-ABLATION,1.0,1.0,10,2220,2220,191.0,16,4125,1,0,0,0.99,0,0,0,0,0,0,1,0,1,0,0.3333333333333333,0.3333333333333333,2e1766f0f39d95fd,1,1
task_0165,family_30,B-COLD,0.25,0.3333,10,5050,5050,505.0,21,10120,1,0,0,0.9513,0,0,0,0,0,0,0,0,0,0,0.7777777777777778,0.0,,1,0
task_0165,family_30,B-RAG-EMBED,0.25,0.3333,10,2100,2100,190.0,15,4110,1,0,0,0.9513,0,0,0,0,0,0,0,0,1,0,0.7777777777777778,0.0,,1,1
task_0165,family_30,B-STAGEHAND-CACHE,0.25,0.3333,10,5050,5050,505.0,21,10120,1,0,0,0.9513,0,0,0,0,0,0,0,0,1,0,0.7777777777777778,0.0,,1,0
task_0165,family_30,B-TERX-REPLAY,0.25,0.3333,10,5050,5050,505.0,21,10120,1,0,0,0.9513,0,0,0,0,0,0,0,0,1,0,0.7777777777777778,0.0,,1,0
task_0165,family_30,P-SPIDER-MEA-BATCHED,0.25,0.3333,10,920,920,61.0,14,1525,1,0,0,0.99,0,0,0,0,1,0,1,0,1,0,0.7777777777777778,1.0,f7c9528f62cbd859,1,1
task_0165,family_30,P-WEBMCP-TOOL,0.25,0.3333,10,625,625,52.0,13,1255,1,0,0,0.99,1,1,1,0,0,0,1,0,1,1,0.0,0.0,f7c9528f62cbd859,1,1
task_0165,family_30,NC1-SHUFFLED,0.25,0.3333,10,1470,1470,116.0,16,2500,0,1,0,0.8549714628864591,1,1,1,0,1,0,0,1,0,0,0.2222222222222222,0.3333333333333333,26c090332ad2ab96,0,1
task_0165,family_30,NC2-RANDOM,0.25,0.3333,10,2270,2270,196.0,16,4100,1,0,0,0.99,1,1,1,0,0,0,0,1,0,0,0.0,0.0,2c8ef946c941b79f,1,1
task_0165,family_30,NC3-LENGTH,0.25,0.3333,10,5050,5050,500.0,21,10120,1,0,0,0.55,0,0,0,0,0,0,0,0,0,0,0.0,0.0,,1,0
task_0165,family_30,NC4-ABLATION,0.25,0.3333,10,920,920,61.0,14,1525,1,0,0,0.99,0,0,0,0,1,0,1,0,1,0,0.7777777777777778,1.0,f7c9528f62cbd859,1,1
task_0166,family_30,B-COLD,0.5,0.6667,10,5050,5050,505.0,21,10120,1,0,0,0.99,0,0,0,0,0,0,0,0,0,0,1.0,0.0,,1,0
task_0166,family_30,B-RAG-EMBED,0.5,0.6667,10,3900,3900,370.0,19,7630,1,0,0,0.99,0,0,0,0,0,0,0,0,1,0,1.0,0.0,,1,1
task_0166,family_30,B-STAGEHAND-CACHE,0.5,0.6667,10,5050,5050,505.0,21,10120,1,0,0,0.99,0,0,0,0,0,0,0,0,1,0,1.0,0.0,,1,0
task_0166,family_30,B-TERX-REPLAY,0.5,0.6667,10,5050,5050,505.0,21,10120,1,0,0,0.99,0,0,0,0,0,0,0,0,1,0,1.0,0.0,,1,0
task_0166,family_30,P-SPIDER-MEA-BATCHED,0.5,0.6667,10,880,880,57.0,14,1435,1,0,0,0.99,1,1,1,0,1,0,1,0,1,0,1.0,1.0,d1971c716fb92b8a,1,1
task_0166,family_30,P-WEBMCP-TOOL,0.5,0.6667,10,665,665,56.0,13,1345,1,0,0,0.9864,0,0,0,0,0,0,1,0,1,1,0.0,0.0,d1971c716fb92b8a,1,1
task_0166,family_30,NC1-SHUFFLED,0.5,0.6667,10,920,920,61.0,14,1525,1,0,1,0.9064162307826404,0,0,0,0,1,0,1,0,0,0,0.2222222222222222,0.3333333333333333,cfc08035a0a0a122,0,0
task_0166,family_30,NC2-RANDOM,0.5,0.6667,10,2310,2310,200.0,16,4190,1,0,0,0.99,0,0,0,0,0,0,0,1,0,0,0.0,0.0,794fd71b8b4f9d2f,1,1
task_0166,family_30,NC3-LENGTH,0.5,0.6667,10,5050,5050,500.0,21,10120,1,0,0,0.55,0,0,0,0,0,0,0,0,0,0,0.0,0.0,,1,0
task_0166,family_30,NC4-ABLATION,0.5,0.6667,10,880,880,57.0,14,1435,1,0,0,0.99,1,1,1,0,1,0,1,0,1,0,1.0,1.0,d1971c716fb92b8a,1,1
task_0167,family_31,B-COLD,0.0,0.0,11,5550,5550,504.54545454545456,23,11120,1,0,0,0.99,0,0,0,0,0,0,0,0,0,0,1.0,0.0,,1,0
task_0167,family_31,B-RAG-EMBED,0.0,0.0,11,800,800,54.54545454545455,13,1590,1,0,0,0.99,0,0,0,0,0,0,0,0,1,0,1.0,0.0,,1,1
task_0167,family_31,B-STAGEHAND-CACHE,0.0,0.0,11,600,600,54.54545454545455,12,1440,1,0,0,0.99,0,0,0,0,0,0,0,0,1,0,1.0,0.0,,1,1
task_0167,family_31,B-TERX-REPLAY,0.0,0.0,11,600,600,54.54545454545455,12,1440,1,0,0,0.99,0,0,0,0,0,0,0,0,1,0,1.0,0.0,,1,1
task_0167,family_31,P-SPIDER-MEA-BATCHED,0.0,0.0,11,930,930,56.36363636363637,15,1555,1,0,0,0.99,1,1,1,0,1,0,1,0,1,0,1.0,1.0,b901c6770416538c,1,1
task_0167,family_31,P-WEBMCP-TOOL,0.0,0.0,11,715,715,55.45454545454545,14,1465,1,0,0,0.99,0,0,0,0,0,0,1,0,1,1,0.0,0.0,b901c6770416538c,1,1
task_0167,family_31,NC1-SHUFFLED,0.0,0.0,11,920,920,55.45454545454545,14,1605,1,0,0,0.99,0,0,0,0,0,0,1,0,0,0,0.0,0.0,d90dcbc012db624c,1,1
task_0167,family_31,NC2-RANDOM,0.0,0.0,11,970,970,60.0,14,1580,1,0,1,0.8639631234125181,1,1,1,0,0,0,0,1,0,0,0.0,0.0,a96a9c67a7d650e5,0,0
task_0167,family_31,NC3-LENGTH,0.0,0.0,11,5550,5550,500.0,23,11120,1,0,0,0.55,0,0,0,0,0,0,0,0,0,0,0.0,0.0,,1,0
task_0167,family_31,NC4-ABLATION,0.0,0.0,11,970,970,60.0,15,1645,1,0,0,0.99,0,0,0,0,1,0,1,0,1,0,1.0,1.0,b901c6770416538c,1,1
task_0168,family_31,B-COLD,1.0,1.0,11,5550,5550,504.54545454545456,23,11120,1,0,0,0.99,0,0,0,0,0,0,0,0,0,0,0.0,0.0,,1,0
task_0168,family_31,B-RAG-EMBED,1.0,1.0,11,5750,5750,504.54545454545456,24,11270,1,0,0,0.99,0,0,0,0,0,0,0,0,0,0,0.0,0.0,,1,0
task_0168,family_31,B-STAGEHAND-CACHE,1.0,1.0,11,5550,5550,504.54545454545456,23,11120,1,0,0,0.99,0,0,0,0,0,0,0,0,0,0,0.0,0.0,,1,0
task_0168,family_31,B-TERX-REPLAY,1.0,1.0,11,5550,5550,504.54545454545456,23,11120,1,0,0,0.99,0,0,0,0,0,0,0,0,0,0,0.0,0.0,,1,0
task_0168,family_31,P-SPIDER-MEA-BATCHED,1.0,1.0,11,1420,1420,100.9090909090909,15,2460,1,0,1,0.0318,1,1,1,1,0,0,0,1,0,0,0.0,0.0,fd5678a1eb43e5aa,0,0
task_0168,family_31,P-WEBMCP-TOOL,1.0,1.0,11,1125,1125,92.72727272727273,15,2255,1,0,1,0.01,1,1,1,1,0,0,1,0,1,1,0.0,0.0,fd5678a1eb43e5aa,0,0
task_0168,family_31,NC1-SHUFFLED,1.0,1.0,11,1370,1370,96.36363636363636,15,2485,1,0,1,0.7803879533779464,0,0,0,1,0,0,1,0,0,0,0.0,0.0,9a18b5c8f4186768,0,0
task_0168,family_31,NC2-RANDOM,1.0,1.0,11,1420,1420,100.9090909090909,15,2460,1,0,1,0.7855346365966573,1,1,1,1,0,0,0,1,0,0,0.0,0.0,04fefe3bf9bc4177,0,0
task_0168,family_31,NC3-LENGTH,1.0,1.0,11,5550,5550,500.0,23,11120,1,0,0,0.55,0,0,0,0,0,0,0,0,0,0,0.0,0.0,,1,0
task_0168,family_31,NC4-ABLATION,1.0,1.0,11,1330,1330,92.72727272727273,15,2395,1,0,0,0.99,1,1,1,0,0,0,1,0,0,0,0.0,0.0,fd5678a1eb43e5aa,1,1
task_0169,family_31,B-COLD,0.25,0.0,11,5550,5550,504.54545454545456,23,11120,1,0,0,0.9824,0,0,0,0,0,0,0,0,0,0,1.0,0.0,,1,0
task_0169,family_31,B-RAG-EMBED,0.25,0.0,11,800,800,54.54545454545455,13,1590,1,0,0,0.9824,0,0,0,0,0,0,0,0,1,0,1.0,0.0,,1,1
task_0169,family_31,B-STAGEHAND-CACHE,0.25,0.0,11,5550,5550,504.54545454545456,23,11120,1,0,0,0.9824,0,0,0,0,0,0,0,0,1,0,1.0,0.0,,1,0
task_0169,family_31,B-TERX-REPLAY,0.25,0.0,11,5550,5550,504.54545454545456,23,11120,1,0,0,0.9824,0,0,0,0,0,0,0,0,1,0,1.0,0.0,,1,0
task_0169,family_31,P-SPIDER-MEA-BATCHED,0.25,0.0,11,970,970,60.0,15,1645,1,0,0,0.99,0,1,0,0,1,0,1,0,1,0,1.0,1.0,d7efb422aa55df1a,1,1
task_0169,family_31,P-WEBMCP-TOOL,0.25,0.0,11,675,675,51.81818181818182,14,1375,1,0,0,0.99,1,1,1,0,0,0,1,0,1,1,0.0,0.0,d7efb422aa55df1a,1,1
task_0169,family_31,NC1-SHUFFLED,0.25,0.0,11,920,920,55.45454545454545,14,1605,1,0,1,0.7956357269712732,0,0,0,0,0,0,1,0,0,0,0.0,0.0,20f16a4eb88723e9,0,0
task_0169,family_31,NC2-RANDOM,0.25,0.0,11,1010,1010,63.63636363636363,14,1670,1,0,1,0.7928935829922245,0,0,0,0,0,0,0,1,0,0,0.0,0.0,4adff58609de017d,0,0
task_0169,family_31,NC3-LENGTH,0.25,0.0,11,5550,5550,500.0,23,11120,1,0,0,0.55,0,0,0,0,0,0,0,0,0,0,0.0,0.0,,1,0
task_0169,family_31,NC4-ABLATION,0.25,0.0,11,930,930,56.36363636363637,15,1555,1,0,0,0.9517,1,1,1,0,1,0,1,0,1,0,1.0,1.0,d7efb422aa55df1a,1,1
task_0170,family_31,B-COLD,0.5,1.0,11,5550,5550,504.54545454545456,23,11120,1,0,0,0.9649,0,0,0,0,0,0,0,0,0,0,0.0,0.0,,1,0
task_0170,family_31,B-RAG-EMBED,0.5,1.0,11,5750,5750,504.54545454545456,24,11270,1,0,0,0.9649,0,0,0,0,0,0,0,0,0,0,0.0,0.0,,1,0
task_0170,family_31,B-STAGEHAND-CACHE,0.5,1.0,11,5550,5550,504.54545454545456,23,11120,1,0,0,0.9649,0,0,0,0,0,0,0,0,0,0,0.0,0.0,,1,0
task_0170,family_31,B-TERX-REPLAY,0.5,1.0,11,5550,5550,504.54545454545456,23,11120,1,0,0,0.9649,0,0,0,0,0,0,0,0,0,0,0.0,0.0,,1,0
task_0170,family_31,P-SPIDER-MEA-BATCHED,0.5,1.0,11,1330,1330,92.72727272727273,15,2395,1,0,0,0.99,1,1,1,0,0,0,1,0,0,0,0.0,0.0,4de15c199af9255d,1,1
task_0170,family_31,P-WEBMCP-TOOL,0.5,1.0,11,1165,1165,96.36363636363636,15,2345,1,0,0,0.99,0,0,0,0,0,0,1,0,1,1,0.0,0.0,4de15c199af9255d,1,1
task_0170,family_31,NC1-SHUFFLED,0.5,1.0,11,1370,1370,96.36363636363636,15,2485,1,0,1,0.8464607084935976,0,0,0,0,0,0,1,0,0,0,0.0,0.0,c580525810ad764e,0,0
task_0170,family_31,NC2-RANDOM,0.5,1.0,11,1420,1420,100.9090909090909,15,2460,1,0,1,0.8707866944310326,1,1,1,0,0,0,0,1,0,0,0.0,0.0,b9c2933efe7ba7a4,0,0
task_0170,family_31,NC3-LENGTH,0.5,1.0,11,5550,5550,500.0,23,11120,1,0,0,0.55,0,0,0,0,0,0,0,0,0,0,0.0,0.0,,1,0
task_0170,family_31,NC4-ABLATION,0.5,1.0,11,1370,1370,96.36363636363636,15,2485,1,0,0,0.99,0,0,0,0,0,0,1,0,0,0,0.0,0.0,4de15c199af9255d,1,1
task_0171,family_31,B-COLD,0.75,1.0,11,5550,5550,504.54545454545456,23,11120,1,0,0,0.9654,0,0,0,0,0,0,0,0,0,0,0.0,0.0,,1,0
task_0171,family_31,B-RAG-EMBED,0.75,1.0,11,5750,5750,504.54545454545456,24,11270,1,0,0,0.9654,0,0,0,0,0,0,0,0,0,0,0.0,0.0,,1,0
task_0171,family_31,B-STAGEHAND-CACHE,0.75,1.0,11,5550,5550,504.54545454545456,23,11120,1,0,0,0.9654,0,0,0,0,0,0,0,0,0,0,0.0,0.0,,1,0
task_0171,family_31,B-TERX-REPLAY,0.75,1.0,11,5550,5550,504.54545454545456,23,11120,1,0,0,0.9654,0,0,0,0,0,0,0,0,0,0,0.0,0.0,,1,0
task_0171,family_31,P-SPIDER-MEA-BATCHED,0.75,1.0,11,1330,1330,92.72727272727273,15,2395,1,0,0,0.99,1,1,1,0,0,0,1,0,0,0,0.0,0.0,e5adcf2a2bbbb41d,1,1
task_0171,family_31,P-WEBMCP-TOOL,0.75,1.0,11,1165,1165,96.36363636363636,15,2345,1,0,0,0.9502,0,1,0,0,0,0,1,0,1,1,0.0,0.0,e5adcf2a2bbbb41d,1,1
task_0171,family_31,NC1-SHUFFLED,0.75,1.0,11,1330,1330,92.72727272727273,15,2395,1,0,0,0.99,1,1,1,0,0,0,1,0,0,0,0.0,0.0,3086a9a3a8d6702a,1,1
task_0171,family_31,NC2-RANDOM,0.75,1.0,11,1460,1460,104.54545454545455,15,2550,1,0,1,0.8110802359202615,0,0,0,0,0,0,0,1,0,0,0.0,0.0,776fa2803eedf1b3,0,0
task_0171,family_31,NC3-LENGTH,0.75,1.0,11,5550,5550,500.0,23,11120,1,0,0,0.55,0,0,0,0,0,0,0,0,0,0,0.0,0.0,,1,0
task_0171,family_31,NC4-ABLATION,0.75,1.0,11,1330,1330,92.72727272727273,15,2395,1,0,0,0.99,1,1,1,0,0,0,1,0,0,0,0.0,0.0,e5adcf2a2bbbb41d,1,1
task_0172,family_32,B-COLD,0.0,0.0,12,6050,6050,504.1666666666667,25,12120,1,0,0,0.99,0,0,0,0,0,0,0,0,0,0,1.0,0.0,,1,0
task_0172,family_32,B-RAG-EMBED,0.0,0.0,12,850,850,54.166666666666664,14,1710,1,0,0,0.99,0,0,0,0,0,0,0,0,1,0,1.0,0.0,,1,1
task_0172,family_32,B-STAGEHAND-CACHE,0.0,0.0,12,650,650,54.166666666666664,13,1560,1,0,0,0.99,0,0,0,0,0,0,0,0,1,0,1.0,0.0,,1,1
task_0172,family_32,B-TERX-REPLAY,0.0,0.0,12,650,650,54.166666666666664,13,1560,1,0,0,0.99,0,0,0,0,0,0,0,0,1,0,1.0,0.0,,1,1
task_0172,family_32,P-SPIDER-MEA-BATCHED,0.0,0.0,12,1070,1070,63.333333333333336,16,1740,1,0,0,0.99,1,1,1,0,1,0,0,1,1,0,1.0,1.0,b0a105624539f766,1,1
task_0172,family_32,P-WEBMCP-TOOL,0.0,0.0,12,725,725,51.666666666666664,15,1495,1,0,0,0.99,1,1,1,0,0,0,1,0,1,1,0.0,0.0,b0a105624539f766,1,1
task_0172,family_32,NC1-SHUFFLED,0.0,0.0,12,1070,1070,63.333333333333336,16,1740,1,0,0,0.99,1,1,1,0,1,0,0,1,0,0,0.16666666666666666,0.3333333333333333,45457a73393a9f11,1,1
task_0172,family_32,NC2-RANDOM,0.0,0.0,12,1020,1020,59.166666666666664,15,1700,1,0,0,0.99,1,1,1,0,0,0,0,1,0,0,0.0,0.0,aab1e70ba145f163,1,1
task_0172,family_32,NC3-LENGTH,0.0,0.0,12,6050,6050,500.0,25,12120,1,0,0,0.55,0,0,0,0,0,0,0,0,0,0,0.0,0.0,,1,0
task_0172,family_32,NC4-ABLATION,0.0,0.0,12,980,980,55.833333333333336,16,1675,1,0,0,0.9898,1,1,1,0,1,0,1,0,1,0,1.0,1.0,b0a105624539f766,1,1
task_0173,family_32,B-COLD,0.25,0.5,12,6050,6050,504.1666666666667,25,12120,1,0,0,0.9513,0,0,0,0,0,0,0,0,0,0,0.6666666666666666,0.0,,1,0
task_0173,family_32,B-RAG-EMBED,0.25,0.5,12,3550,3550,279.1666666666667,20,6990,1,0,0,0.9513,0,0,0,0,0,0,0,0,1,0,0.6666666666666666,0.0,,1,1
task_0173,family_32,B-STAGEHAND-CACHE,0.25,0.5,12,6050,6050,504.1666666666667,25,12120,1,0,0,0.9513,0,0,0,0,0,0,0,0,1,0,0.6666666666666666,0.0,,1,0
task_0173,family_32,B-TERX-REPLAY,0.25,0.5,12,6050,6050,504.1666666666667,25,12120,1,0,0,0.9513,0,0,0,0,0,0,0,0,1,0,0.6666666666666666,0.0,,1,0
task_0173,family_32,P-SPIDER-MEA-BATCHED,0.25,0.5,12,980,980,55.833333333333336,16,1675,1,0,0,0.99,1,1,1,0,1,0,1,0,1,0,0.6666666666666666,1.0,0f7e90e9d4be763a,1,1
task_0173,family_32,P-WEBMCP-TOOL,0.25,0.5,12,725,725,51.666666666666664,15,1495,1,0,0,0.9633,1,1,1,0,0,0,1,0,1,1,0.0,0.0,0f7e90e9d4be763a,1,1
task_0173,family_32,NC1-SHUFFLED,0.25,0.5,12,1110,1110,66.66666666666667,16,1830,1,0,1,0.9546567359522298,0,0,0,0,1,0,0,1,0,0,0.16666666666666666,0.3333333333333333,bb0a2d6ebd64c0db,0,0
task_0173,family_32,NC2-RANDOM,0.25,0.5,12,1960,1960,137.5,17,3550,1,0,1,0.8219457789917194,0,0,0,0,0,0,0,1,0,0,0.0,0.0,9f853bfd024eef07,0,0
task_0173,family_32,NC3-LENGTH,0.25,0.5,12,6050,6050,500.0,25,12120,1,0,0,0.55,0,0,0,0,0,0,0,0,0,0,0.0,0.0,,1,0
task_0173,family_32,NC4-ABLATION,0.25,0.5,12,980,980,55.833333333333336,16,1675,1,0,1,0.0248,1,1,1,1,1,0,1,0,1,0,0.6666666666666666,1.0,0f7e90e9d4be763a,0,0
task_0174,family_32,B-COLD,0.5,0.5,12,6050,6050,504.1666666666667,25,12120,1,0,0,0.99,0,0,0,0,0,0,0,0,0,0,0.6666666666666666,0.0,,1,0
task_0174,family_32,B-RAG-EMBED,0.5,0.5,12,3550,3550,279.1666666666667,20,6990,1,0,0,0.99,0,0,0,0,0,0,0,0,1,0,0.6666666666666666,0.0,,1,1
task_0174,family_32,B-STAGEHAND-CACHE,0.5,0.5,12,6050,6050,504.1666666666667,25,12120,1,0,0,0.99,0,0,0,0,0,0,0,0,1,0,0.6666666666666666,0.0,,1,0
task_0174,family_32,B-TERX-REPLAY,0.5,0.5,12,6050,6050,504.1666666666667,25,12120,1,0,0,0.99,0,0,0,0,0,0,0,0,1,0,0.6666666666666666,0.0,,1,0
task_0174,family_32,P-SPIDER-MEA-BATCHED,0.5,0.5,12,1020,1020,59.166666666666664,16,1765,1,0,0,0.9625,0,0,0,0,1,0,1,0,1,0,0.6666666666666666,1.0,db9b52ec22f247c0,1,1
task_0174,family_32,P-WEBMCP-TOOL,0.5,0.5,12,765,765,55.0,15,1585,1,0,0,0.9558,0,0,0,0,0,0,1,0,1,1,0.0,0.0,db9b52ec22f247c0,1,1
task_0174,family_32,NC1-SHUFFLED,0.5,0.5,12,1960,1960,137.5,17,3550,1,0,1,0.8280224911960944,0,0,0,1,0,0,0,1,0,0,0.0,0.0,4c28900d2b3e9e06,0,0
task_0174,family_32,NC2-RANDOM,0.5,0.5,12,1960,1960,137.5,17,3550,1,0,0,0.99,0,0,0,0,0,0,0,1,0,0,0.0,0.0,ea88280919cafcde,1,1
task_0174,family_32,NC3-LENGTH,0.5,0.5,12,6050,6050,500.0,25,12120,1,0,0,0.55,0,0,0,0,0,0,0,0,0,0,0.0,0.0,,1,0
task_0174,family_32,NC4-ABLATION,0.5,0.5,12,980,980,55.833333333333336,16,1675,1,0,0,0.9671,1,1,1,0,1,0,1,0,1,0,0.6666666666666666,1.0,db9b52ec22f247c0,1,1
task_0175,family_32,B-COLD,0.75,1.0,12,6050,6050,504.1666666666667,25,12120,1,0,0,0.9631,0,0,0,0,0,0,0,0,0,0,0.3333333333333333,0.0,,1,0
task_0175,family_32,B-RAG-EMBED,0.75,1.0,12,6250,6250,504.1666666666667,26,12270,1,0,0,0.9631,0,0,0,0,0,0,0,0,1,0,0.3333333333333333,0.0,,1,0
task_0175,family_32,B-STAGEHAND-CACHE,0.75,1.0,12,6050,6050,504.1666666666667,25,12120,1,0,0,0.9631,0,0,0,0,0,0,0,0,1,0,0.3333333333333333,0.0,,1,0
task_0175,family_32,B-TERX-REPLAY,0.75,1.0,12,6050,6050,504.1666666666667,25,12120,1,0,0,0.9631,0,0,0,0,0,0,0,0,1,0,0.3333333333333333,0.0,,1,0
task_0175,family_32,P-SPIDER-MEA-BATCHED,0.75,1.0,12,1020,1020,59.166666666666664,16,1765,1,0,0,0.9847,0,0,0,0,1,0,1,0,1,0,0.3333333333333333,0.3333333333333333,319118214be3f7f6,1,1
task_0175,family_32,P-WEBMCP-TOOL,0.75,1.0,12,765,765,55.0,15,1585,1,0,1,0.0267,0,0,0,1,0,0,1,0,1,1,0.0,0.0,319118214be3f7f6,0,0
task_0175,family_32,NC1-SHUFFLED,0.75,1.0,12,1110,1110,66.66666666666667,16,1830,1,0,1,0.9293922400660973,0,0,0,1,1,0,0,1,0,0,0.16666666666666666,0.3333333333333333,af77a7d80edad298,0,0
task_0175,family_32,NC2-RANDOM,0.75,1.0,12,1960,1960,137.5,17,3550,1,0,1,0.9545316609179334,0,0,0,0,0,0,0,1,0,0,0.0,0.0,4b0ddfaa14e9c421,0,0
task_0175,family_32,NC3-LENGTH,0.75,1.0,12,6050,6050,500.0,25,12120,1,0,0,0.55,0,0,0,0,0,0,0,0,0,0,0.0,0.0,,1,0
task_0175,family_32,NC4-ABLATION,0.75,1.0,12,1870,1870,130.0,17,3485,1,0,0,0.9888,0,1,0,0,0,0,1,0,1,0,0.3333333333333333,0.3333333333333333,319118214be3f7f6,1,1
task_0176,family_32,B-COLD,1.0,1.0,12,6050,6050,504.1666666666667,25,12120,1,0,0,0.9666,0,0,0,0,0,0,0,0,0,0,0.6666666666666666,0.0,,1,0
task_0176,family_32,B-RAG-EMBED,1.0,1.0,12,6250,6250,504.1666666666667,26,12270,1,0,0,0.9666,0,0,0,0,0,0,0,0,1,0,0.6666666666666666,0.0,,1,0
task_0176,family_32,B-STAGEHAND-CACHE,1.0,1.0,12,6050,6050,504.1666666666667,25,12120,1,0,0,0.9666,0,0,0,0,0,0,0,0,1,0,0.6666666666666666,0.0,,1,0
task_0176,family_32,B-TERX-REPLAY,1.0,1.0,12,6050,6050,504.1666666666667,25,12120,1,0,0,0.9666,0,0,0,0,0,0,0,0,1,0,0.6666666666666666,0.0,,1,0
task_0176,family_32,P-SPIDER-MEA-BATCHED,1.0,1.0,12,1020,1020,59.166666666666664,16,1765,1,0,0,0.99,0,0,0,0,1,0,1,0,1,0,0.6666666666666666,1.0,8628c2d3a8773895,1,1
task_0176,family_32,P-WEBMCP-TOOL,1.0,1.0,12,725,725,51.666666666666664,15,1495,1,0,1,0.01,1,1,1,1,0,0,1,0,1,1,0.0,0.0,8628c2d3a8773895,0,0
task_0176,family_32,NC1-SHUFFLED,1.0,1.0,12,1020,1020,59.166666666666664,16,1765,1,0,0,0.99,0,0,0,0,1,0,1,0,1,0,0.5,1.0,6d516f3c5b330b7a,1,1
task_0176,family_32,NC2-RANDOM,1.0,1.0,12,1960,1960,137.5,17,3550,1,0,1,0.8676205776888269,0,0,0,1,0,0,0,1,0,0,0.0,0.0,55a5b788d62a426c,0,0
task_0176,family_32,NC3-LENGTH,1.0,1.0,12,6050,6050,500.0,25,12120,1,0,0,0.55,0,0,0,0,0,0,0,0,0,0,0.0,0.0,,1,0
task_0176,family_32,NC4-ABLATION,1.0,1.0,12,980,980,55.833333333333336,16,1675,1,0,0,0.99,1,1,1,0,1,0,1,0,1,0,0.6666666666666666,1.0,8628c2d3a8773895,1,1
task_0177,family_33,B-COLD,0.0,0.0,13,6550,6550,503.84615384615387,27,13120,1,0,0,0.99,0,0,0,0,0,0,0,0,0,0,1.0,0.0,,1,0
task_0177,family_33,B-RAG-EMBED,0.0,0.0,13,900,900,53.84615384615385,15,1830,1,0,0,0.99,0,0,0,0,0,0,0,0,1,0,1.0,0.0,,1,1
task_0177,family_33,B-STAGEHAND-CACHE,0.0,0.0,13,700,700,53.84615384615385,14,1680,1,0,0,0.99,0,0,0,0,0,0,0,0,1,0,1.0,0.0,,1,1
task_0177,family_33,B-TERX-REPLAY,0.0,0.0,13,700,700,53.84615384615385,14,1680,1,0,0,0.99,0,0,0,0,0,0,0,0,1,0,1.0,0.0,,1,1
task_0177,family_33,P-SPIDER-MEA-BATCHED,0.0,0.0,13,1120,1120,62.30769230769231,17,1860,1,0,0,0.9844,1,1,1,0,1,0,0,1,1,0,1.0,1.0,1ff1a75db862f3e2,1,1
task_0177,family_33,P-WEBMCP-TOOL,0.0,0.0,13,865,865,58.46153846153846,16,1680,1,0,0,0.99,1,1,1,0,0,0,0,1,1,1,0.0,0.0,1ff1a75db862f3e2,1,1
task_0177,family_33,NC1-SHUFFLED,0.0,0.0,13,1480,1480,90.0,18,2755,0,1,0,0.9355675070105884,1,1,1,0,0,0,1,0,0,0,0.0,0.0,b1f9de430d7e7289,0,1
task_0177,family_33,NC2-RANDOM,0.0,0.0,13,1110,1110,61.53846153846154,16,1910,1,0,1,0.8023245122448673,0,0,0,0,0,0,0,1,0,0,0.0,0.0,111acb2cdf28e2d5,0,0
task_0177,family_33,NC3-LENGTH,0.0,0.0,13,6550,6550,500.0,27,13120,1,0,0,0.55,0,0,0,0,0,0,0,0,0,0,0.0,0.0,,1,0
task_0177,family_33,NC4-ABLATION,0.0,0.0,13,1070,1070,58.46153846153846,17,1885,1,0,0,0.99,0,0,0,0,1,0,1,0,1,0,1.0,1.0,1ff1a75db862f3e2,1,1
task_0178,family_33,B-COLD,0.5,0.5,13,6550,6550,503.84615384615387,27,13120,1,0,0,0.99,0,0,0,0,0,0,0,0,0,0,0.5,0.0,,1,0
task_0178,family_33,B-RAG-EMBED,0.5,0.5,13,3600,3600,261.53846153846155,21,7110,1,0,0,0.99,0,0,0,0,0,0,0,0,1,0,0.5,0.0,,1,1
task_0178,family_33,B-STAGEHAND-CACHE,0.5,0.5,13,6550,6550,503.84615384615387,27,13120,1,0,0,0.99,0,0,0,0,0,0,0,0,1,0,0.5,0.0,,1,0
task_0178,family_33,B-TERX-REPLAY,0.5,0.5,13,6550,6550,503.84615384615387,27,13120,1,0,0,0.99,0,0,0,0,0,0,0,0,1,0,0.5,0.0,,1,0
task_0178,family_33,P-SPIDER-MEA-BATCHED,0.5,0.5,13,1030,1030,55.38461538461539,17,1795,1,0,0,0.99,1,1,1,0,1,0,1,0,1,0,0.5,1.0,093c8f94cc804838,1,1
task_0178,family_33,P-WEBMCP-TOOL,0.5,0.5,13,1265,1265,89.23076923076923,17,2585,1,0,0,0.9555,0,0,0,0,0,0,1,0,1,1,0.0,0.0,093c8f94cc804838,1,1
task_0178,family_33,NC1-SHUFFLED,0.5,0.5,13,1920,1920,123.84615384615384,18,3605,1,0,0,0.9773,0,0,0,0,0,0,1,0,0,0,0.0,0.0,dbedee440d558d4e,1,1
task_0178,family_33,NC2-RANDOM,0.5,0.5,13,1970,1970,127.6923076923077,18,3580,1,0,1,0.9243175537315084,1,1,1,0,0,0,0,1,0,0,0.0,0.0,c62fcae66cfa37e2,0,0
task_0178,family_33,NC3-LENGTH,0.5,0.5,13,6550,6550,500.0,27,13120,1,0,0,0.55,0,0,0,0,0,0,0,0,0,0,0.0,0.0,,1,0
task_0178,family_33,NC4-ABLATION,0.5,0.5,13,1070,1070,58.46153846153846,17,1885,1,0,0,0.9538,0,0,0,0,1,0,1,0,1,0,0.5,1.0,093c8f94cc804838,1,1
task_0179,family_33,B-COLD,0.75,1.0,13,6550,6550,503.84615384615387,27,13120,1,0,0,0.99,0,0,0,0,0,0,0,0,0,0,0.0,0.0,,1,0
task_0179,family_33,B-RAG-EMBED,0.75,1.0,13,6750,6750,503.84615384615387,28,13270,1,0,0,0.99,0,0,0,0,0,0,0,0,0,0,0.0,0.0,,1,0
task_0179,family_33,B-STAGEHAND-CACHE,0.75,1.0,13,6550,6550,503.84615384615387,27,13120,1,0,0,0.99,0,0,0,0,0,0,0,0,0,0,0.0,0.0,,1,0
task_0179,family_33,B-TERX-REPLAY,0.75,1.0,13,6550,6550,503.84615384615387,27,13120,1,0,0,0.99,0,0,0,0,0,0,0,0,0,0,0.0,0.0,,1,0
task_0179,family_33,P-SPIDER-MEA-BATCHED,0.75,1.0,13,1880,1880,120.76923076923077,18,3515,1,0,0,0.99,1,1,1,0,0,0,1,0,0,0,0.0,0.0,12dcc9c8c8464689,1,1
task_0179,family_33,P-WEBMCP-TOOL,0.75,1.0,13,1675,1675,120.76923076923077,18,3375,1,0,1,0.026,1,1,1,1,0,0,1,0,1,1,0.0,0.0,12dcc9c8c8464689,0,0
task_0179,family_33,NC1-SHUFFLED,0.75,1.0,13,2380,2380,159.23076923076923,20,4515,0,1,0,0.8255509485279056,1,1,1,0,0,0,1,0,0,0,0.0,0.0,2bcc1491bd8c22e7,0,1
task_0179,family_33,NC2-RANDOM,0.75,1.0,13,2010,2010,130.76923076923077,18,3670,1,0,1,0.7999519058015514,0,1,0,0,0,0,0,1,0,0,0.0,0.0,f4a9ccab2519a838,0,0
task_0179,family_33,NC3-LENGTH,0.75,1.0,13,6550,6550,500.0,27,13120,1,0,0,0.55,0,0,0,0,0,0,0,0,0,0,0.0,0.0,,1,0
task_0179,family_33,NC4-ABLATION,0.75,1.0,13,1920,1920,123.84615384615384,18,3605,1,0,0,0.99,0,1,0,0,0,0,1,0,0,0,0.0,0.0,12dcc9c8c8464689,1,1
task_0180,family_33,B-COLD,1.0,1.0,13,6550,6550,503.84615384615387,27,13120,1,0,0,0.99,0,0,0,0,0,0,0,0,0,0,0.0,0.0,,1,0
task_0180,family_33,B-RAG-EMBED,1.0,1.0,13,6750,6750,503.84615384615387,28,13270,1,0,0,0.99,0,0,0,0,0,0,0,0,0,0,0.0,0.0,,1,0
task_0180,family_33,B-STAGEHAND-CACHE,1.0,1.0,13,6550,6550,503.84615384615387,27,13120,1,0,0,0.99,0,0,0,0,0,0,0,0,0,0,0.0,0.0,,1,0
task_0180,family_33,B-TERX-REPLAY,1.0,1.0,13,6550,6550,503.84615384615387,27,13120,1,0,0,0.99,0,0,0,0,0,0,0,0,0,0,0.0,0.0,,1,0
task_0180,family_33,P-SPIDER-MEA-BATCHED,1.0,1.0,13,1880,1880,120.76923076923077,18,3515,1,0,0,0.9687,1,1,1,0,0,0,1,0,0,0,0.0,0.0,a51e54c60b9c4094,1,1
task_0180,family_33,P-WEBMCP-TOOL,1.0,1.0,13,1675,1675,120.76923076923077,18,3375,1,0,0,0.99,1,1,1,0,0,0,1,0,1,1,0.0,0.0,a51e54c60b9c4094,1,1
task_0180,family_33,NC1-SHUFFLED,1.0,1.0,13,2470,2470,166.15384615384616,20,4580,0,1,0,0.9176887636207881,1,1,1,0,0,0,0,1,0,0,0.0,0.0,5bf5c6ba866b9185,0,1
task_0180,family_33,NC2-RANDOM,1.0,1.0,13,2470,2470,166.15384615384616,20,4580,0,1,0,0.9220906775699655,1,1,1,0,0,0,0,1,0,0,0.0,0.0,13f26b1b7e99dc59,0,1
task_0180,family_33,NC3-LENGTH,1.0,1.0,13,6550,6550,500.0,27,13120,1,0,0,0.55,0,0,0,0,0,0,0,0,0,0,0.0,0.0,,1,0
task_0180,family_33,NC4-ABLATION,1.0,1.0,13,1920,1920,123.84615384615384,18,3605,1,0,0,0.99,0,0,0,0,0,0,1,0,0,0,0.0,0.0,a51e54c60b9c4094,1,1
task_0181,family_33,B-COLD,0.25,0.5,13,6550,6550,503.84615384615387,27,13120,1,0,0,0.9892,0,0,0,0,0,0,0,0,0,0,0.5,0.0,,1,0
task_0181,family_33,B-RAG-EMBED,0.25,0.5,13,3600,3600,261.53846153846155,21,7110,1,0,0,0.9892,0,0,0,0,0,0,0,0,1,0,0.5,0.0,,1,1
task_0181,family_33,B-STAGEHAND-CACHE,0.25,0.5,13,6550,6550,503.84615384615387,27,13120,1,0,0,0.9892,0,0,0,0,0,0,0,0,1,0,0.5,0.0,,1,0
task_0181,family_33,B-TERX-REPLAY,0.25,0.5,13,6550,6550,503.84615384615387,27,13120,1,0,0,0.9892,0,0,0,0,0,0,0,0,1,0,0.5,0.0,,1,0
task_0181,family_33,P-SPIDER-MEA-BATCHED,0.25,0.5,13,1030,1030,55.38461538461539,17,1795,1,0,0,0.99,1,1,1,0,1,0,1,0,1,0,0.5,1.0,b890d9f28448154a,1,1
task_0181,family_33,P-WEBMCP-TOOL,0.25,0.5,13,1225,1225,86.15384615384616,17,2495,1,0,0,0.99,1,1,1,0,0,0,1,0,1,1,0.0,0.0,b890d9f28448154a,1,1
task_0181,family_33,NC1-SHUFFLED,0.25,0.5,13,1920,1920,123.84615384615384,18,3605,1,0,0,0.99,0,0,0,0,0,0,1,0,0,0,0.0,0.0,44a56fd667277c6b,1,1
task_0181,family_33,NC2-RANDOM,0.25,0.5,13,2010,2010,130.76923076923077,18,3670,1,0,0,0.99,0,0,0,0,0,0,0,1,0,0,0.0,0.0,c3911bcc9cd3a8b5,1,1
task_0181,family_33,NC3-LENGTH,0.25,0.5,13,6550,6550,500.0,27,13120,1,0,0,0.55,0,0,0,0,0,0,0,0,0,0,0.0,0.0,,1,0
task_0181,family_33,NC4-ABLATION,0.25,0.5,13,1070,1070,58.46153846153846,17,1885,1,0,0,0.99,0,0,0,0,1,0,1,0,1,0,0.5,1.0,b890d9f28448154a,1,1
task_0182,family_34,B-COLD,0.0,0.0,14,7050,7050,503.57142857142856,29,14120,1,0,0,0.99,0,0,0,0,0,0,0,0,0,0,1.0,0.0,,1,0
task_0182,family_34,B-RAG-EMBED,0.0,0.0,14,950,950,53.57142857142857,16,1950,1,0,0,0.99,0,0,0,0,0,0,0,0,1,0,1.0,0.0,,1,1
task_0182,family_34,B-STAGEHAND-CACHE,0.0,0.0,14,750,750,53.57142857142857,15,1800,1,0,0,0.99,0,0,0,0,0,0,0,0,1,0,1.0,0.0,,1,1
task_0182,family_34,B-TERX-REPLAY,0.0,0.0,14,750,750,53.57142857142857,15,1800,1,0,0,0.99,0,0,0,0,0,0,0,0,1,0,1.0,0.0,,1,1
task_0182,family_34,P-SPIDER-MEA-BATCHED,0.0,0.0,14,1080,1080,55.0,18,1915,1,0,0,0.99,1,1,1,0,1,0,1,0,1,0,1.0,1.0,5bf6969636a03bab,1,1
task_0182,family_34,P-WEBMCP-TOOL,0.0,0.0,14,825,825,51.42857142857143,17,1735,1,0,0,0.99,1,1,1,0,0,0,1,0,1,1,0.0,0.0,5bf6969636a03bab,1,1
task_0182,family_34,NC1-SHUFFLED,0.0,0.0,14,1580,1580,90.71428571428571,20,2915,0,1,0,0.8591007927295333,1,1,1,0,1,0,1,0,0,0,0.1111111111111111,0.3333333333333333,164d217cca95cd47,0,1
task_0182,family_34,NC2-RANDOM,0.0,0.0,14,1120,1120,57.857142857142854,17,1940,1,0,0,0.9528,1,1,1,0,0,0,0,1,0,0,0.0,0.0,ed33f91ee2fbddd4,1,1
task_0182,family_34,NC3-LENGTH,0.0,0.0,14,7050,7050,500.0,29,14120,1,0,0,0.55,0,0,0,0,0,0,0,0,0,0,0.0,0.0,,1,0
task_0182,family_34,NC4-ABLATION,0.0,0.0,14,1120,1120,57.857142857142854,18,2005,1,0,0,0.9592,0,1,0,0,1,0,1,0,1,0,1.0,1.0,5bf6969636a03bab,1,1
task_0183,family_34,B-COLD,0.75,0.6667,14,7050,7050,503.57142857142856,29,14120,1,0,0,0.99,0,0,0,0,0,0,0,0,0,0,0.5555555555555556,0.0,,1,0
task_0183,family_34,B-RAG-EMBED,0.75,0.6667,14,5000,5000,342.85714285714283,25,9870,1,0,0,0.99,0,0,0,0,0,0,0,0,1,0,0.5555555555555556,0.0,,1,1
task_0183,family_34,B-STAGEHAND-CACHE,0.75,0.6667,14,7050,7050,503.57142857142856,29,14120,1,0,0,0.99,0,0,0,0,0,0,0,0,1,0,0.5555555555555556,0.0,,1,0
task_0183,family_34,B-TERX-REPLAY,0.75,0.6667,14,7050,7050,503.57142857142856,29,14120,1,0,0,0.99,0,0,0,0,0,0,0,0,1,0,0.5555555555555556,0.0,,1,0
task_0183,family_34,P-SPIDER-MEA-BATCHED,0.75,0.6667,14,1210,1210,64.28571428571429,18,2070,1,0,0,0.9887,0,0,0,0,1,0,0,1,1,0,0.5555555555555556,1.0,2da1a591a013942d,1,1
task_0183,family_34,P-WEBMCP-TOOL,0.75,0.6667,14,825,825,51.42857142857143,17,1735,1,0,1,0.01,1,1,1,1,0,0,1,0,1,1,0.0,0.0,2da1a591a013942d,0,0
task_0183,family_34,NC1-SHUFFLED,0.75,0.6667,14,1580,1580,90.71428571428571,20,2915,0,1,0,0.8066826127533657,1,1,1,0,1,0,1,0,0,0,0.2222222222222222,0.3333333333333333,7641e2202e206669,0,1
task_0183,family_34,NC2-RANDOM,0.75,0.6667,14,2510,2510,157.14285714285714,20,4670,1,0,0,0.9567,0,0,0,0,0,0,0,1,0,0,0.0,0.0,ada02942303a29ec,1,1
task_0183,family_34,NC3-LENGTH,0.75,0.6667,14,7050,7050,500.0,29,14120,1,0,0,0.55,0,0,0,0,0,0,0,0,0,0,0.0,0.0,,1,0
task_0183,family_34,NC4-ABLATION,0.75,0.6667,14,1120,1120,57.857142857142854,18,2005,1,0,0,0.99,0,0,0,0,1,0,1,0,1,0,0.5555555555555556,1.0,2da1a591a013942d,1,1
task_0184,family_34,B-COLD,1.0,1.0,14,7050,7050,503.57142857142856,29,14120,1,0,0,0.9615,0,0,0,0,0,0,0,0,0,0,0.3333333333333333,0.0,,1,0
task_0184,family_34,B-RAG-EMBED,1.0,1.0,14,7250,7250,503.57142857142856,30,14270,1,0,0,0.9615,0,0,0,0,0,0,0,0,1,0,0.3333333333333333,0.0,,1,0
task_0184,family_34,B-STAGEHAND-CACHE,1.0,1.0,14,7050,7050,503.57142857142856,29,14120,1,0,0,0.9615,0,0,0,0,0,0,0,0,1,0,0.3333333333333333,0.0,,1,0
task_0184,family_34,B-TERX-REPLAY,1.0,1.0,14,7050,7050,503.57142857142856,29,14120,1,0,0,0.9615,0,0,0,0,0,0,0,0,1,0,0.3333333333333333,0.0,,1,0
task_0184,family_34,P-SPIDER-MEA-BATCHED,1.0,1.0,14,1120,1120,57.857142857142854,18,2005,1,0,0,0.9538,0,0,0,0,1,0,1,0,1,0,0.3333333333333333,0.3333333333333333,80391e8f2f9b94fe,1,1
task_0184,family_34,P-WEBMCP-TOOL,1.0,1.0,14,865,865,54.285714285714285,17,1825,1,0,1,0.01,0,0,0,1,0,0,1,0,1,1,0.0,0.0,80391e8f2f9b94fe,0,0
task_0184,family_34,NC1-SHUFFLED,1.0,1.0,14,1080,1080,55.0,18,1915,1,0,0,0.99,1,1,1,0,1,0,1,0,1,0,0.3333333333333333,1.0,5581bd7121f0f69a,1,1
task_0184,family_34,NC2-RANDOM,1.0,1.0,14,2510,2510,157.14285714285714,20,4670,1,0,0,0.99,0,0,0,0,0,0,0,1,0,0,0.0,0.0,f1653e40693cc2c3,1,1
task_0184,family_34,NC3-LENGTH,1.0,1.0,14,7050,7050,500.0,29,14120,1,0,0,0.55,0,0,0,0,0,0,0,0,0,0,0.0,0.0,,1,0
task_0184,family_34,NC4-ABLATION,1.0,1.0,14,2380,2380,147.85714285714286,20,4515,1,0,0,0.99,1,1,1,0,0,0,1,0,1,0,0.3333333333333333,0.3333333333333333,80391e8f2f9b94fe,1,1
task_0185,family_34,B-COLD,0.25,0.3333,14,7050,7050,503.57142857142856,29,14120,1,0,0,0.9679,0,0,0,0,0,0,0,0,0,0,0.7777777777777778,0.0,,1,0
task_0185,family_34,B-RAG-EMBED,0.25,0.3333,14,3200,3200,214.28571428571428,21,6350,1,0,0,0.9679,0,0,0,0,0,0,0,0,1,0,0.7777777777777778,0.0,,1,1
task_0185,family_34,B-STAGEHAND-CACHE,0.25,0.3333,14,7050,7050,503.57142857142856,29,14120,1,0,0,0.9679,0,0,0,0,0,0,0,0,1,0,0.7777777777777778,0.0,,1,0
task_0185,family_34,B-TERX-REPLAY,0.25,0.3333,14,7050,7050,503.57142857142856,29,14120,1,0,0,0.9679,0,0,0,0,0,0,0,0,1,0,0.7777777777777778,0.0,,1,0
task_0185,family_34,P-SPIDER-MEA-BATCHED,0.25,0.3333,14,1080,1080,55.0,18,1915,1,0,0,0.99,1,1,1,0,1,0,1,0,1,0,0.7777777777777778,1.0,d50a25905a6d296a,1,1
task_0185,family_34,P-WEBMCP-TOOL,0.25,0.3333,14,955,955,60.714285714285715,17,1890,1,0,0,0.99,0,0,0,0,0,0,0,1,1,1,0.0,0.0,d50a25905a6d296a,1,1
task_0185,family_34,NC1-SHUFFLED,0.25,0.3333,14,1120,1120,57.857142857142854,18,2005,1,0,1,0.8549664766529455,0,0,0,0,1,0,1,0,0,0,0.1111111111111111,0.3333333333333333,1c6ad257d8b58696,0,0
task_0185,family_34,NC2-RANDOM,0.25,0.3333,14,2510,2510,157.14285714285714,20,4670,1,0,1,0.9492262787136241,0,0,0,0,0,0,0,1,0,0,0.0,0.0,c55892ac46f9d0ad,0,0
task_0185,family_34,NC3-LENGTH,0.25,0.3333,14,7050,7050,500.0,29,14120,1,0,0,0.55,0,0,0,0,0,0,0,0,0,0,0.0,0.0,,1,0
task_0185,family_34,NC4-ABLATION,0.25,0.3333,14,1080,1080,55.0,18,1915,1,0,0,0.99,1,1,1,0,1,0,1,0,1,0,0.7777777777777778,1.0,d50a25905a6d296a,1,1
task_0186,family_34,B-COLD,0.5,0.6667,14,7050,7050,503.57142857142856,29,14120,1,0,0,0.99,0,0,0,0,0,0,0,0,0,0,0.7777777777777778,0.0,,1,0
task_0186,family_34,B-RAG-EMBED,0.5,0.6667,14,5000,5000,342.85714285714283,25,9870,1,0,0,0.99,0,0,0,0,0,0,0,0,1,0,0.7777777777777778,0.0,,1,1
task_0186,family_34,B-STAGEHAND-CACHE,0.5,0.6667,14,7050,7050,503.57142857142856,29,14120,1,0,0,0.99,0,0,0,0,0,0,0,0,1,0,0.7777777777777778,0.0,,1,0
task_0186,family_34,B-TERX-REPLAY,0.5,0.6667,14,7050,7050,503.57142857142856,29,14120,1,0,0,0.99,0,0,0,0,0,0,0,0,1,0,0.7777777777777778,0.0,,1,0
task_0186,family_34,P-SPIDER-MEA-BATCHED,0.5,0.6667,14,1120,1120,57.857142857142854,18,2005,1,0,0,0.9593,0,1,0,0,1,0,1,0,1,0,0.7777777777777778,1.0,de9001c400acc6ce,1,1
task_0186,family_34,P-WEBMCP-TOOL,0.5,0.6667,14,825,825,51.42857142857143,17,1735,1,0,0,0.99,1,1,1,0,0,0,1,0,1,1,0.0,0.0,de9001c400acc6ce,1,1
task_0186,family_34,NC1-SHUFFLED,0.5,0.6667,14,2510,2510,157.14285714285714,20,4670,1,0,1,0.8500530878910298,0,0,0,0,0,0,0,1,0,0,0.0,0.0,ccf20b94ee5048a3,0,0
task_0186,family_34,NC2-RANDOM,0.5,0.6667,14,2510,2510,157.14285714285714,20,4670,1,0,0,0.9526,0,0,0,0,0,0,0,1,0,0,0.0,0.0,caa39e92f5187e4d,1,1
task_0186,family_34,NC3-LENGTH,0.5,0.6667,14,7050,7050,500.0,29,14120,1,0,0,0.55,0,0,0,0,0,0,0,0,0,0,0.0,0.0,,1,0
task_0186,family_34,NC4-ABLATION,0.5,0.6667,14,1120,1120,57.857142857142854,18,2005,1,0,0,0.99,0,0,0,0,1,0,1,0,1,0,0.7777777777777778,1.0,de9001c400acc6ce,1,1
task_0187,family_35,B-COLD,0.0,0.0,8,4050,4050,506.25,17,8120,1,0,0,0.99,0,0,0,0,0,0,0,0,0,0,1.0,0.0,,1,0
task_0187,family_35,B-RAG-EMBED,0.0,0.0,8,650,650,56.25,10,1230,1,0,0,0.99,0,0,0,0,0,0,0,0,1,0,1.0,0.0,,1,1
task_0187,family_35,B-STAGEHAND-CACHE,0.0,0.0,8,450,450,56.25,9,1080,1,0,0,0.99,0,0,0,0,0,0,0,0,1,0,1.0,0.0,,1,1
task_0187,family_35,B-TERX-REPLAY,0.0,0.0,8,450,450,56.25,9,1080,1,0,0,0.99,0,0,0,0,0,0,0,0,1,0,1.0,0.0,,1,1
task_0187,family_35,P-SPIDER-MEA-BATCHED,0.0,0.0,8,910,910,75.0,12,1350,1,0,0,0.99,0,0,0,0,1,0,0,1,1,0,1.0,1.0,22f5c112b09a152f,1,1
task_0187,family_35,P-WEBMCP-TOOL,0.0,0.0,8,525,525,52.5,11,1015,1,0,0,0.9719,1,1,1,0,0,0,1,0,1,1,0.0,0.0,22f5c112b09a152f,1,1
task_0187,family_35,NC1-SHUFFLED,0.0,0.0,8,1280,1280,121.25,14,2195,0,1,0,0.9496428892253795,1,1,1,0,1,0,1,0,1,0,0.3333333333333333,0.3333333333333333,47f2c20f91cfe85e,0,1
task_0187,family_35,NC2-RANDOM,0.0,0.0,8,820,820,63.75,11,1220,1,0,0,0.9659,1,1,1,0,0,0,0,1,0,0,0.0,0.0,a2c2fc48554bd0e0,1,1
task_0187,family_35,NC3-LENGTH,0.0,0.0,8,4050,4050,500.0,17,8120,1,0,0,0.55,0,0,0,0,0,0,0,0,0,0,0.0,0.0,,1,0
task_0187,family_35,NC4-ABLATION,0.0,0.0,8,820,820,63.75,12,1285,1,0,0,0.99,0,1,0,0,1,0,1,0,1,0,1.0,1.0,22f5c112b09a152f,1,1
task_0188,family_35,B-COLD,1.0,1.0,8,4050,4050,506.25,17,8120,1,0,0,0.9639,0,0,0,0,0,0,0,0,0,0,0.0,0.0,,1,0
task_0188,family_35,B-RAG-EMBED,1.0,1.0,8,4250,4250,506.25,18,8270,1,0,0,0.9639,0,0,0,0,0,0,0,0,0,0,0.0,0.0,,1,0
task_0188,family_35,B-STAGEHAND-CACHE,1.0,1.0,8,4050,4050,506.25,17,8120,1,0,0,0.9639,0,0,0,0,0,0,0,0,0,0,0.0,0.0,,1,0
task_0188,family_35,B-TERX-REPLAY,1.0,1.0,8,4050,4050,506.25,17,8120,1,0,0,0.9639,0,0,0,0,0,0,0,0,0,0,0.0,0.0,,1,0
task_0188,family_35,P-SPIDER-MEA-BATCHED,1.0,1.0,8,1220,1220,113.75,12,2125,1,0,1,0.0232,0,0,0,1,0,0,1,0,0,0,0.0,0.0,088ba9358f71f7a8,0,0
task_0188,family_35,P-WEBMCP-TOOL,1.0,1.0,8,975,975,108.75,12,1895,1,0,1,0.0288,1,1,1,1,0,0,1,0,1,1,0.0,0.0,088ba9358f71f7a8,0,0
task_0188,family_35,NC1-SHUFFLED,1.0,1.0,8,1220,1220,113.75,12,2125,1,0,1,0.7908189616275941,0,0,0,1,0,0,1,0,0,0,0.0,0.0,f499f8ec88e437de,0,0
task_0188,family_35,NC2-RANDOM,1.0,1.0,8,1310,1310,125.0,12,2190,1,0,0,0.99,0,0,0,0,0,0,0,1,0,0,0.0,0.0,ebc5c360ea61fc8c,1,1
task_0188,family_35,NC3-LENGTH,1.0,1.0,8,4050,4050,500.0,17,8120,1,0,0,0.55,0,0,0,0,0,0,0,0,0,0,0.0,0.0,,1,0
task_0188,family_35,NC4-ABLATION,1.0,1.0,8,1220,1220,113.75,12,2125,1,0,0,0.99,0,0,0,0,0,0,1,0,0,0,0.0,0.0,088ba9358f71f7a8,1,1
task_0189,family_35,B-COLD,0.25,0.0,8,4050,4050,506.25,17,8120,1,0,0,0.99,0,0,0,0,0,0,0,0,0,0,1.0,0.0,,1,0
task_0189,family_35,B-RAG-EMBED,0.25,0.0,8,650,650,56.25,10,1230,1,0,0,0.99,0,0,0,0,0,0,0,0,1,0,1.0,0.0,,1,1
task_0189,family_35,B-STAGEHAND-CACHE,0.25,0.0,8,4050,4050,506.25,17,8120,1,0,0,0.99,0,0,0,0,0,0,0,0,1,0,1.0,0.0,,1,0
task_0189,family_35,B-TERX-REPLAY,0.25,0.0,8,4050,4050,506.25,17,8120,1,0,0,0.99,0,0,0,0,0,0,0,0,1,0,1.0,0.0,,1,0
task_0189,family_35,P-SPIDER-MEA-BATCHED,0.25,0.0,8,780,780,58.75,12,1195,1,0,0,0.99,1,1,1,0,1,0,1,0,1,0,1.0,1.0,abec9be0b9b998ef,1,1
task_0189,family_35,P-WEBMCP-TOOL,0.25,0.0,8,525,525,52.5,11,1015,1,0,0,0.99,1,1,1,0,0,0,1,0,1,1,0.0,0.0,abec9be0b9b998ef,1,1
task_0189,family_35,NC1-SHUFFLED,0.25,0.0,8,730,730,52.5,11,1155,1,0,0,0.9605,1,1,1,0,0,0,1,0,0,0,0.0,0.0,b6f40df13a8aeb76,1,1
task_0189,family_35,NC2-RANDOM,0.25,0.0,8,860,860,68.75,11,1310,1,0,0,0.99,0,1,0,0,0,0,0,1,0,0,0.0,0.0,7b55d454b57ec884,1,1
task_0189,family_35,NC3-LENGTH,0.25,0.0,8,4050,4050,500.0,17,8120,1,0,0,0.55,0,0,0,0,0,0,0,0,0,0,0.0,0.0,,1,0
task_0189,family_35,NC4-ABLATION,0.25,0.0,8,780,780,58.75,12,1195,1,0,0,0.99,1,1,1,0,1,0,1,0,1,0,1.0,1.0,abec9be0b9b998ef,1,1
task_0190,family_35,B-COLD,0.5,1.0,8,4050,4050,506.25,17,8120,1,0,0,0.9763,0,0,0,0,0,0,0,0,0,0,0.0,0.0,,1,0
task_0190,family_35,B-RAG-EMBED,0.5,1.0,8,4250,4250,506.25,18,8270,1,0,0,0.9763,0,0,0,0,0,0,0,0,0,0,0.0,0.0,,1,0
task_0190,family_35,B-STAGEHAND-CACHE,0.5,1.0,8,4050,4050,506.25,17,8120,1,0,0,0.9763,0,0,0,0,0,0,0,0,0,0,0.0,0.0,,1,0
task_0190,family_35,B-TERX-REPLAY,0.5,1.0,8,4050,4050,506.25,17,8120,1,0,0,0.9763,0,0,0,0,0,0,0,0,0,0,0.0,0.0,,1,0
task_0190,family_35,P-SPIDER-MEA-BATCHED,0.5,1.0,8,1180,1180,108.75,12,2035,1,0,0,0.9602,1,1,1,0,0,0,1,0,0,0,0.0,0.0,5c7a3ee5b34bce6e,1,1
task_0190,family_35,P-WEBMCP-TOOL,0.5,1.0,8,975,975,108.75,12,1895,1,0,0,0.99,1,1,1,0,0,0,1,0,1,1,0.0,0.0,5c7a3ee5b34bce6e,1,1
task_0190,family_35,NC1-SHUFFLED,0.5,1.0,8,1310,1310,125.0,12,2190,1,0,0,0.9748,0,0,0,0,0,0,0,1,0,0,0.0,0.0,37d1e1928b63d7d3,1,1
task_0190,family_35,NC2-RANDOM,0.5,1.0,8,1310,1310,125.0,12,2190,1,0,1,0.8518989531232541,0,0,0,0,0,0,0,1,0,0,0.0,0.0,f12700e8949ad0a2,0,0
task_0190,family_35,NC3-LENGTH,0.5,1.0,8,4050,4050,500.0,17,8120,1,0,0,0.55,0,0,0,0,0,0,0,0,0,0,0.0,0.0,,1,0
task_0190,family_35,NC4-ABLATION,0.5,1.0,8,1220,1220,113.75,12,2125,1,0,1,0.01,0,0,0,1,0,0,1,0,0,0,0.0,0.0,5c7a3ee5b34bce6e,0,0
task_0191,family_35,B-COLD,0.75,1.0,8,4050,4050,506.25,17,8120,1,0,0,0.99,0,0,0,0,0,0,0,0,0,0,0.0,0.0,,1,0
task_0191,family_35,B-RAG-EMBED,0.75,1.0,8,4250,4250,506.25,18,8270,1,0,0,0.99,0,0,0,0,0,0,0,0,0,0,0.0,0.0,,1,0
task_0191,family_35,B-STAGEHAND-CACHE,0.75,1.0,8,4050,4050,506.25,17,8120,1,0,0,0.99,0,0,0,0,0,0,0,0,0,0,0.0,0.0,,1,0
task_0191,family_35,B-TERX-REPLAY,0.75,1.0,8,4050,4050,506.25,17,8120,1,0,0,0.99,0,0,0,0,0,0,0,0,0,0,0.0,0.0,,1,0
task_0191,family_35,P-SPIDER-MEA-BATCHED,0.75,1.0,8,1220,1220,113.75,12,2125,1,0,0,0.986,0,0,0,0,0,0,1,0,0,0,0.0,0.0,e86a5f5ef7ca5680,1,1
task_0191,family_35,P-WEBMCP-TOOL,0.75,1.0,8,975,975,108.75,12,1895,1,0,0,0.99,1,1,1,0,0,0,1,0,1,1,0.0,0.0,e86a5f5ef7ca5680,1,1
task_0191,family_35,NC1-SHUFFLED,0.75,1.0,8,1270,1270,120.0,12,2100,1,0,1,0.8490539781614213,1,1,1,1,0,0,0,1,0,0,0.0,0.0,592d8aaa39827c55,0,0
task_0191,family_35,NC2-RANDOM,0.75,1.0,8,1270,1270,120.0,12,2100,1,0,0,0.99,1,1,1,0,0,0,0,1,0,0,0.0,0.0,b418a08060714d49,1,1
task_0191,family_35,NC3-LENGTH,0.75,1.0,8,4050,4050,500.0,17,8120,1,0,0,0.55,0,0,0,0,0,0,0,0,0,0,0.0,0.0,,1,0
task_0191,family_35,NC4-ABLATION,0.75,1.0,8,1180,1180,108.75,12,2035,1,0,1,0.01,1,1,1,1,0,0,1,0,0,0,0.0,0.0,e86a5f5ef7ca5680,0,0
