task_id,family_id,template_id,novelty_fraction,realized_novelty,length,system,success,false_accept,unknown,precision,tokens,tokens_f10,tokens_f100,per_hit,per_hit_f10,per_hit_f100,browser_calls,latency_ms,retrieval_ms,verification_ms,reused_steps,hit,verify_passed,repair_triggered,confidence,ECE_bin,wrong_bound
task_0000,family_00,template_00,0.0,0.0,8,P-SPIDER-PARAM,1,0,0,1,750,750,660,50.0,50.0,50.0,9,1230,150,120,8,1,1,0,0.9910310989213371,4,0
task_0000,family_00,template_00,0.0,0.0,8,B-COLD,1,0,0,1,4050,4050,4050,500.0,500.0,500.0,17,8120,0,120,0,0,1,0,0.5,2,0
task_0000,family_00,template_00,0.0,0.0,8,B-INSTRUCTION,1,0,0,1,4070,4070,4052,500.0,500.0,500.0,17,8120,0,120,0,0,1,0,0.5,2,0
task_0000,family_00,template_00,0.0,0.0,8,B-RAG-EMBED,1,0,0,1,650,650,650,50.0,50.0,50.0,9,1230,150,120,8,1,1,0,0.5,2,0
task_0000,family_00,template_00,0.0,0.0,8,B-STAGEHAND-CACHE,1,0,0,1,450,450,450,50.0,50.0,50.0,9,1080,0,120,8,1,1,0,0.5,2,0
task_0000,family_00,template_00,0.0,0.0,8,B-TERX-REPLAY,1,0,0,1,450,450,450,50.0,50.0,50.0,9,1080,0,120,8,1,1,0,0.5,2,0
task_0000,family_00,template_00,0.0,0.0,8,NC1-SHUFFLED,1,0,1,1,4050,4050,4050,500.0,500.0,500.0,17,8120,0,120,0,0,1,0,0.4,2,0
task_0000,family_00,template_00,0.0,0.0,8,NC2-RANDOM,1,0,0,1,5850,5850,5760,700.0,700.0,700.0,25,11510,150,120,2,1,1,1,0.8,4,0
task_0000,family_00,template_00,0.0,0.0,8,B-LENGTH-PROPORTIONAL,1,0,0,1,4050,4050,4050,500.0,500.0,500.0,17,8120,0,120,0,0,1,0,0.5,2,0
task_0001,family_00,template_00,0.25,0.5,8,P-SPIDER-PARAM,1,0,1,0,4350,4350,4260,500.0,500.0,500.0,17,8270,150,120,0,0,1,0,0.4510618306111791,2,0
task_0001,family_00,template_00,0.25,0.5,8,B-COLD,1,0,0,1,4050,4050,4050,500.0,500.0,500.0,17,8120,0,120,0,0,1,0,0.5,2,0
task_0001,family_00,template_00,0.25,0.5,8,B-INSTRUCTION,1,0,0,1,4070,4070,4052,500.0,500.0,500.0,17,8120,0,120,0,0,1,0,0.5,2,0
task_0001,family_00,template_00,0.25,0.5,8,B-RAG-EMBED,1,0,0,1,2450,2450,2450,275.0,275.0,275.0,13,4750,150,120,4,1,1,0,0.5,2,0
task_0001,family_00,template_00,0.25,0.5,8,B-STAGEHAND-CACHE,1,0,0,1,4050,4050,4050,500.0,500.0,500.0,17,8120,0,120,0,0,1,0,0.5,2,0
task_0001,family_00,template_00,0.25,0.5,8,B-TERX-REPLAY,1,0,0,1,4050,4050,4050,500.0,500.0,500.0,17,8120,0,120,0,0,1,0,0.5,2,0
task_0001,family_00,template_00,0.25,0.5,8,NC1-SHUFFLED,1,0,1,1,4050,4050,4050,500.0,500.0,500.0,17,8120,0,120,0,0,1,0,0.4,2,0
task_0001,family_00,template_00,0.25,0.5,8,NC2-RANDOM,1,0,0,1,4850,4850,4760,575.0,575.0,575.0,21,9510,150,120,2,1,1,1,0.8,4,0
task_0001,family_00,template_00,0.25,0.5,8,B-LENGTH-PROPORTIONAL,1,0,0,1,4050,4050,4050,500.0,500.0,500.0,17,8120,0,120,0,0,1,0,0.5,2,0
task_0002,family_00,template_00,0.5,0.5,8,P-SPIDER-PARAM,1,0,1,0,4350,4350,4260,500.0,500.0,500.0,17,8270,150,120,0,0,1,0,0.5287707054196908,2,0
task_0002,family_00,template_00,0.5,0.5,8,B-COLD,1,0,0,1,4050,4050,4050,500.0,500.0,500.0,17,8120,0,120,0,0,1,0,0.5,2,0
task_0002,family_00,template_00,0.5,0.5,8,B-INSTRUCTION,1,0,0,1,4070,4070,4052,500.0,500.0,500.0,17,8120,0,120,0,0,1,0,0.5,2,0
task_0002,family_00,template_00,0.5,0.5,8,B-RAG-EMBED,1,0,0,1,2450,2450,2450,275.0,275.0,275.0,13,4750,150,120,4,1,1,0,0.5,2,0
task_0002,family_00,template_00,0.5,0.5,8,B-STAGEHAND-CACHE,1,0,0,1,4050,4050,4050,500.0,500.0,500.0,17,8120,0,120,0,0,1,0,0.5,2,0
task_0002,family_00,template_00,0.5,0.5,8,B-TERX-REPLAY,1,0,0,1,4050,4050,4050,500.0,500.0,500.0,17,8120,0,120,0,0,1,0,0.5,2,0
task_0002,family_00,template_00,0.5,0.5,8,NC1-SHUFFLED,1,0,1,1,4050,4050,4050,500.0,500.0,500.0,17,8120,0,120,0,0,1,0,0.4,2,0
task_0002,family_00,template_00,0.5,0.5,8,NC2-RANDOM,1,0,0,1,5350,5350,5260,637.5,637.5,637.5,23,10510,150,120,2,1,1,1,0.8,4,0
task_0002,family_00,template_00,0.5,0.5,8,B-LENGTH-PROPORTIONAL,1,0,0,1,4050,4050,4050,500.0,500.0,500.0,17,8120,0,120,0,0,1,0,0.5,2,0
task_0003,family_00,template_00,0.75,1.0,8,P-SPIDER-PARAM,1,0,1,0,4350,4350,4260,500.0,500.0,500.0,17,8270,150,120,0,0,1,0,0.0,0,0
task_0003,family_00,template_00,0.75,1.0,8,B-COLD,1,0,0,1,4050,4050,4050,500.0,500.0,500.0,17,8120,0,120,0,0,1,0,0.5,2,0
task_0003,family_00,template_00,0.75,1.0,8,B-INSTRUCTION,1,0,0,1,4070,4070,4052,500.0,500.0,500.0,17,8120,0,120,0,0,1,0,0.5,2,0
task_0003,family_00,template_00,0.75,1.0,8,B-RAG-EMBED,1,0,0,1,4250,4250,4250,500.0,500.0,500.0,17,8270,150,120,0,0,1,0,0.5,2,0
task_0003,family_00,template_00,0.75,1.0,8,B-STAGEHAND-CACHE,1,0,0,1,4050,4050,4050,500.0,500.0,500.0,17,8120,0,120,0,0,1,0,0.5,2,0
task_0003,family_00,template_00,0.75,1.0,8,B-TERX-REPLAY,1,0,0,1,4050,4050,4050,500.0,500.0,500.0,17,8120,0,120,0,0,1,0,0.5,2,0
task_0003,family_00,template_00,0.75,1.0,8,NC1-SHUFFLED,1,0,1,1,4050,4050,4050,500.0,500.0,500.0,17,8120,0,120,0,0,1,0,0.4,2,0
task_0003,family_00,template_00,0.75,1.0,8,NC2-RANDOM,1,0,0,1,2500,2500,2410,281.25,281.25,281.25,14,4870,150,120,5,1,1,1,0.8,4,0
task_0003,family_00,template_00,0.75,1.0,8,B-LENGTH-PROPORTIONAL,1,0,0,1,4050,4050,4050,500.0,500.0,500.0,17,8120,0,120,0,0,1,0,0.5,2,0
task_0004,family_00,template_00,1.0,1.0,8,P-SPIDER-PARAM,1,0,1,0,4350,4350,4260,500.0,500.0,500.0,17,8270,150,120,0,0,1,0,0.0,0,0
task_0004,family_00,template_00,1.0,1.0,8,B-COLD,1,0,0,1,4050,4050,4050,500.0,500.0,500.0,17,8120,0,120,0,0,1,0,0.5,2,0
task_0004,family_00,template_00,1.0,1.0,8,B-INSTRUCTION,1,0,0,1,4070,4070,4052,500.0,500.0,500.0,17,8120,0,120,0,0,1,0,0.5,2,0
task_0004,family_00,template_00,1.0,1.0,8,B-RAG-EMBED,1,0,0,1,4250,4250,4250,500.0,500.0,500.0,17,8270,150,120,0,0,1,0,0.5,2,0
task_0004,family_00,template_00,1.0,1.0,8,B-STAGEHAND-CACHE,1,0,0,1,4050,4050,4050,500.0,500.0,500.0,17,8120,0,120,0,0,1,0,0.5,2,0
task_0004,family_00,template_00,1.0,1.0,8,B-TERX-REPLAY,1,0,0,1,4050,4050,4050,500.0,500.0,500.0,17,8120,0,120,0,0,1,0,0.5,2,0
task_0004,family_00,template_00,1.0,1.0,8,NC1-SHUFFLED,1,0,1,1,4050,4050,4050,500.0,500.0,500.0,17,8120,0,120,0,0,1,0,0.4,2,0
task_0004,family_00,template_00,1.0,1.0,8,NC2-RANDOM,0,1,0,0,3350,3350,3260,387.5,387.5,387.5,15,6510,150,120,2,1,0,1,0.8,4,1
task_0004,family_00,template_00,1.0,1.0,8,B-LENGTH-PROPORTIONAL,1,0,0,1,4050,4050,4050,500.0,500.0,500.0,17,8120,0,120,0,0,1,0,0.5,2,0
task_0005,family_00,template_00,0.25,0.5,8,P-SPIDER-PARAM,1,0,1,0,4350,4350,4260,500.0,500.0,500.0,17,8270,150,120,0,0,1,0,0.5138863929419907,2,0
task_0005,family_00,template_00,0.25,0.5,8,B-COLD,1,0,0,1,4050,4050,4050,500.0,500.0,500.0,17,8120,0,120,0,0,1,0,0.5,2,0
task_0005,family_00,template_00,0.25,0.5,8,B-INSTRUCTION,1,0,0,1,4070,4070,4052,500.0,500.0,500.0,17,8120,0,120,0,0,1,0,0.5,2,0
task_0005,family_00,template_00,0.25,0.5,8,B-RAG-EMBED,1,0,0,1,2450,2450,2450,275.0,275.0,275.0,13,4750,150,120,4,1,1,0,0.5,2,0
task_0005,family_00,template_00,0.25,0.5,8,B-STAGEHAND-CACHE,1,0,0,1,4050,4050,4050,500.0,500.0,500.0,17,8120,0,120,0,0,1,0,0.5,2,0
task_0005,family_00,template_00,0.25,0.5,8,B-TERX-REPLAY,1,0,0,1,4050,4050,4050,500.0,500.0,500.0,17,8120,0,120,0,0,1,0,0.5,2,0
task_0005,family_00,template_00,0.25,0.5,8,NC1-SHUFFLED,1,0,1,1,4050,4050,4050,500.0,500.0,500.0,17,8120,0,120,0,0,1,0,0.4,2,0
task_0005,family_00,template_00,0.25,0.5,8,NC2-RANDOM,1,0,0,1,3350,3350,3260,387.5,387.5,387.5,15,6510,150,120,2,1,1,1,0.8,4,0
task_0005,family_00,template_00,0.25,0.5,8,B-LENGTH-PROPORTIONAL,1,0,0,1,4050,4050,4050,500.0,500.0,500.0,17,8120,0,120,0,0,1,0,0.5,2,0
task_0006,family_01,template_01,0.0,0.0,9,P-SPIDER-PARAM,1,0,0,1,800,800,710,50.0,50.0,50.0,10,1350,150,120,9,1,1,0,0.9794401169493708,4,0
task_0006,family_01,template_01,0.0,0.0,9,B-COLD,1,0,0,1,4550,4550,4550,500.0,500.0,500.0,19,9120,0,120,0,0,1,0,0.5,2,0
task_0006,family_01,template_01,0.0,0.0,9,B-INSTRUCTION,1,0,0,1,4570,4570,4552,500.0,500.0,500.0,19,9120,0,120,0,0,1,0,0.5,2,0
task_0006,family_01,template_01,0.0,0.0,9,B-RAG-EMBED,1,0,0,1,700,700,700,50.0,50.0,50.0,10,1350,150,120,9,1,1,0,0.5,2,0
task_0006,family_01,template_01,0.0,0.0,9,B-STAGEHAND-CACHE,1,0,0,1,500,500,500,50.0,50.0,50.0,10,1200,0,120,9,1,1,0,0.5,2,0
task_0006,family_01,template_01,0.0,0.0,9,B-TERX-REPLAY,1,0,0,1,500,500,500,50.0,50.0,50.0,10,1200,0,120,9,1,1,0,0.5,2,0
task_0006,family_01,template_01,0.0,0.0,9,NC1-SHUFFLED,1,0,1,1,4550,4550,4550,500.0,500.0,500.0,19,9120,0,120,0,0,1,0,0.4,2,0
task_0006,family_01,template_01,0.0,0.0,9,NC2-RANDOM,0,1,0,0,3350,3350,3260,344.44444444444446,344.44444444444446,344.44444444444446,15,6510,150,120,2,1,0,1,0.8,4,1
task_0006,family_01,template_01,0.0,0.0,9,B-LENGTH-PROPORTIONAL,1,0,0,1,4550,4550,4550,500.0,500.0,500.0,19,9120,0,120,0,0,1,0,0.5,2,0
task_0007,family_01,template_01,0.5,0.5,9,P-SPIDER-PARAM,1,0,1,0,4850,4850,4760,500.0,500.0,500.0,19,9270,150,120,0,0,1,0,0.524244181247493,2,0
task_0007,family_01,template_01,0.5,0.5,9,B-COLD,1,0,0,1,4550,4550,4550,500.0,500.0,500.0,19,9120,0,120,0,0,1,0,0.5,2,0
task_0007,family_01,template_01,0.5,0.5,9,B-INSTRUCTION,1,0,0,1,4570,4570,4552,500.0,500.0,500.0,19,9120,0,120,0,0,1,0,0.5,2,0
task_0007,family_01,template_01,0.5,0.5,9,B-RAG-EMBED,1,0,0,1,2500,2500,2500,250.0,250.0,250.0,14,4870,150,120,5,1,1,0,0.5,2,0
task_0007,family_01,template_01,0.5,0.5,9,B-STAGEHAND-CACHE,1,0,0,1,4550,4550,4550,500.0,500.0,500.0,19,9120,0,120,0,0,1,0,0.5,2,0
task_0007,family_01,template_01,0.5,0.5,9,B-TERX-REPLAY,1,0,0,1,4550,4550,4550,500.0,500.0,500.0,19,9120,0,120,0,0,1,0,0.5,2,0
task_0007,family_01,template_01,0.5,0.5,9,NC1-SHUFFLED,1,0,1,1,4550,4550,4550,500.0,500.0,500.0,19,9120,0,120,0,0,1,0,0.4,2,0
task_0007,family_01,template_01,0.5,0.5,9,NC2-RANDOM,0,1,0,0,5350,5350,5260,566.6666666666666,566.6666666666666,566.6666666666666,23,10510,150,120,2,1,0,1,0.8,4,1
task_0007,family_01,template_01,0.5,0.5,9,B-LENGTH-PROPORTIONAL,1,0,0,1,4550,4550,4550,500.0,500.0,500.0,19,9120,0,120,0,0,1,0,0.5,2,0
task_0008,family_01,template_01,0.75,1.0,9,P-SPIDER-PARAM,1,0,1,0,4850,4850,4760,500.0,500.0,500.0,19,9270,150,120,0,0,1,0,0.042233059574853675,0,0
task_0008,family_01,template_01,0.75,1.0,9,B-COLD,1,0,0,1,4550,4550,4550,500.0,500.0,500.0,19,9120,0,120,0,0,1,0,0.5,2,0
task_0008,family_01,template_01,0.75,1.0,9,B-INSTRUCTION,1,0,0,1,4570,4570,4552,500.0,500.0,500.0,19,9120,0,120,0,0,1,0,0.5,2,0
task_0008,family_01,template_01,0.75,1.0,9,B-RAG-EMBED,1,0,0,1,4750,4750,4750,500.0,500.0,500.0,19,9270,150,120,0,0,1,0,0.5,2,0
task_0008,family_01,template_01,0.75,1.0,9,B-STAGEHAND-CACHE,1,0,0,1,4550,4550,4550,500.0,500.0,500.0,19,9120,0,120,0,0,1,0,0.5,2,0
task_0008,family_01,template_01,0.75,1.0,9,B-TERX-REPLAY,1,0,0,1,4550,4550,4550,500.0,500.0,500.0,19,9120,0,120,0,0,1,0,0.5,2,0
task_0008,family_01,template_01,0.75,1.0,9,NC1-SHUFFLED,0,1,1,0,4550,4550,4550,500.0,500.0,500.0,19,9120,0,120,0,0,0,0,0.4,2,1
task_0008,family_01,template_01,0.75,1.0,9,NC2-RANDOM,1,0,0,1,5350,5350,5260,566.6666666666666,566.6666666666666,566.6666666666666,23,10510,150,120,2,1,1,1,0.8,4,0
task_0008,family_01,template_01,0.75,1.0,9,B-LENGTH-PROPORTIONAL,1,0,0,1,4550,4550,4550,500.0,500.0,500.0,19,9120,0,120,0,0,1,0,0.5,2,0
task_0009,family_01,template_01,1.0,1.0,9,P-SPIDER-PARAM,1,0,1,0,4850,4850,4760,500.0,500.0,500.0,19,9270,150,120,0,0,1,0,0.0,0,0
task_0009,family_01,template_01,1.0,1.0,9,B-COLD,1,0,0,1,4550,4550,4550,500.0,500.0,500.0,19,9120,0,120,0,0,1,0,0.5,2,0
task_0009,family_01,template_01,1.0,1.0,9,B-INSTRUCTION,1,0,0,1,4570,4570,4552,500.0,500.0,500.0,19,9120,0,120,0,0,1,0,0.5,2,0
task_0009,family_01,template_01,1.0,1.0,9,B-RAG-EMBED,1,0,0,1,4750,4750,4750,500.0,500.0,500.0,19,9270,150,120,0,0,1,0,0.5,2,0
task_0009,family_01,template_01,1.0,1.0,9,B-STAGEHAND-CACHE,1,0,0,1,4550,4550,4550,500.0,500.0,500.0,19,9120,0,120,0,0,1,0,0.5,2,0
task_0009,family_01,template_01,1.0,1.0,9,B-TERX-REPLAY,1,0,0,1,4550,4550,4550,500.0,500.0,500.0,19,9120,0,120,0,0,1,0,0.5,2,0
task_0009,family_01,template_01,1.0,1.0,9,NC1-SHUFFLED,1,0,1,1,4550,4550,4550,500.0,500.0,500.0,19,9120,0,120,0,0,1,0,0.4,2,0
task_0009,family_01,template_01,1.0,1.0,9,NC2-RANDOM,1,0,0,1,4350,4350,4260,455.55555555555554,455.55555555555554,455.55555555555554,19,8510,150,120,2,1,1,1,0.8,4,0
task_0009,family_01,template_01,1.0,1.0,9,B-LENGTH-PROPORTIONAL,1,0,0,1,4550,4550,4550,500.0,500.0,500.0,19,9120,0,120,0,0,1,0,0.5,2,0
task_0010,family_01,template_01,0.25,0.5,9,P-SPIDER-PARAM,1,0,1,0,4850,4850,4760,500.0,500.0,500.0,19,9270,150,120,0,0,1,0,0.536793715232047,2,0
task_0010,family_01,template_01,0.25,0.5,9,B-COLD,1,0,0,1,4550,4550,4550,500.0,500.0,500.0,19,9120,0,120,0,0,1,0,0.5,2,0
task_0010,family_01,template_01,0.25,0.5,9,B-INSTRUCTION,1,0,0,1,4570,4570,4552,500.0,500.0,500.0,19,9120,0,120,0,0,1,0,0.5,2,0
task_0010,family_01,template_01,0.25,0.5,9,B-RAG-EMBED,1,0,0,1,2500,2500,2500,250.0,250.0,250.0,14,4870,150,120,5,1,1,0,0.5,2,0
task_0010,family_01,template_01,0.25,0.5,9,B-STAGEHAND-CACHE,1,0,0,1,4550,4550,4550,500.0,500.0,500.0,19,9120,0,120,0,0,1,0,0.5,2,0
task_0010,family_01,template_01,0.25,0.5,9,B-TERX-REPLAY,1,0,0,1,4550,4550,4550,500.0,500.0,500.0,19,9120,0,120,0,0,1,0,0.5,2,0
task_0010,family_01,template_01,0.25,0.5,9,NC1-SHUFFLED,1,0,1,1,4550,4550,4550,500.0,500.0,500.0,19,9120,0,120,0,0,1,0,0.4,2,0
task_0010,family_01,template_01,0.25,0.5,9,NC2-RANDOM,1,0,0,1,5350,5350,5260,566.6666666666666,566.6666666666666,566.6666666666666,23,10510,150,120,2,1,1,1,0.8,4,0
task_0010,family_01,template_01,0.25,0.5,9,B-LENGTH-PROPORTIONAL,1,0,0,1,4550,4550,4550,500.0,500.0,500.0,19,9120,0,120,0,0,1,0,0.5,2,0
task_0011,family_01,template_01,0.5,0.5,9,P-SPIDER-PARAM,1,0,1,0,4850,4850,4760,500.0,500.0,500.0,19,9270,150,120,0,0,1,0,0.46933026132734895,2,0
task_0011,family_01,template_01,0.5,0.5,9,B-COLD,1,0,0,1,4550,4550,4550,500.0,500.0,500.0,19,9120,0,120,0,0,1,0,0.5,2,0
task_0011,family_01,template_01,0.5,0.5,9,B-INSTRUCTION,1,0,0,1,4570,4570,4552,500.0,500.0,500.0,19,9120,0,120,0,0,1,0,0.5,2,0
task_0011,family_01,template_01,0.5,0.5,9,B-RAG-EMBED,1,0,0,1,2500,2500,2500,250.0,250.0,250.0,14,4870,150,120,5,1,1,0,0.5,2,0
task_0011,family_01,template_01,0.5,0.5,9,B-STAGEHAND-CACHE,1,0,0,1,4550,4550,4550,500.0,500.0,500.0,19,9120,0,120,0,0,1,0,0.5,2,0
task_0011,family_01,template_01,0.5,0.5,9,B-TERX-REPLAY,1,0,0,1,4550,4550,4550,500.0,500.0,500.0,19,9120,0,120,0,0,1,0,0.5,2,0
task_0011,family_01,template_01,0.5,0.5,9,NC1-SHUFFLED,1,0,1,1,4550,4550,4550,500.0,500.0,500.0,19,9120,0,120,0,0,1,0,0.4,2,0
task_0011,family_01,template_01,0.5,0.5,9,NC2-RANDOM,1,0,0,1,2050,2050,1960,200.0,200.0,200.0,13,3990,150,120,6,1,1,1,0.8,4,0
task_0011,family_01,template_01,0.5,0.5,9,B-LENGTH-PROPORTIONAL,1,0,0,1,4550,4550,4550,500.0,500.0,500.0,19,9120,0,120,0,0,1,0,0.5,2,0
task_0012,family_02,template_02,0.0,0.0,10,P-SPIDER-PARAM,1,0,0,1,850,850,760,50.0,50.0,50.0,11,1470,150,120,10,1,1,0,0.9828835751209741,4,0
task_0012,family_02,template_02,0.0,0.0,10,B-COLD,1,0,0,1,5050,5050,5050,500.0,500.0,500.0,21,10120,0,120,0,0,1,0,0.5,2,0
task_0012,family_02,template_02,0.0,0.0,10,B-INSTRUCTION,1,0,0,1,5070,5070,5052,500.0,500.0,500.0,21,10120,0,120,0,0,1,0,0.5,2,0
task_0012,family_02,template_02,0.0,0.0,10,B-RAG-EMBED,1,0,0,1,750,750,750,50.0,50.0,50.0,11,1470,150,120,10,1,1,0,0.5,2,0
task_0012,family_02,template_02,0.0,0.0,10,B-STAGEHAND-CACHE,1,0,0,1,550,550,550,50.0,50.0,50.0,11,1320,0,120,10,1,1,0,0.5,2,0
task_0012,family_02,template_02,0.0,0.0,10,B-TERX-REPLAY,1,0,0,1,550,550,550,50.0,50.0,50.0,11,1320,0,120,10,1,1,0,0.5,2,0
task_0012,family_02,template_02,0.0,0.0,10,NC1-SHUFFLED,1,0,1,1,5050,5050,5050,500.0,500.0,500.0,21,10120,0,120,0,0,1,0,0.4,2,0
task_0012,family_02,template_02,0.0,0.0,10,NC2-RANDOM,0,1,0,0,5350,5350,5260,510.0,510.0,510.0,23,10510,150,120,2,1,0,1,0.8,4,1
task_0012,family_02,template_02,0.0,0.0,10,B-LENGTH-PROPORTIONAL,1,0,0,1,5050,5050,5050,500.0,500.0,500.0,21,10120,0,120,0,0,1,0,0.5,2,0
task_0013,family_02,template_02,0.75,0.6667,10,P-SPIDER-PARAM,1,0,1,0,5350,5350,5260,500.0,500.0,500.0,21,10270,150,120,0,0,1,0,0.08604003057680769,0,0
task_0013,family_02,template_02,0.75,0.6667,10,B-COLD,1,0,0,1,5050,5050,5050,500.0,500.0,500.0,21,10120,0,120,0,0,1,0,0.5,2,0
task_0013,family_02,template_02,0.75,0.6667,10,B-INSTRUCTION,1,0,0,1,5070,5070,5052,500.0,500.0,500.0,21,10120,0,120,0,0,1,0,0.5,2,0
task_0013,family_02,template_02,0.75,0.6667,10,B-RAG-EMBED,1,0,0,1,3900,3900,3900,365.0,365.0,365.0,18,7630,150,120,3,1,1,0,0.5,2,0
task_0013,family_02,template_02,0.75,0.6667,10,B-STAGEHAND-CACHE,1,0,0,1,5050,5050,5050,500.0,500.0,500.0,21,10120,0,120,0,0,1,0,0.5,2,0
task_0013,family_02,template_02,0.75,0.6667,10,B-TERX-REPLAY,1,0,0,1,5050,5050,5050,500.0,500.0,500.0,21,10120,0,120,0,0,1,0,0.5,2,0
task_0013,family_02,template_02,0.75,0.6667,10,NC1-SHUFFLED,0,1,1,0,5050,5050,5050,500.0,500.0,500.0,21,10120,0,120,0,0,0,0,0.4,2,1
task_0013,family_02,template_02,0.75,0.6667,10,NC2-RANDOM,1,0,0,1,4850,4850,4760,460.0,460.0,460.0,21,9510,150,120,2,1,1,1,0.8,4,0
task_0013,family_02,template_02,0.75,0.6667,10,B-LENGTH-PROPORTIONAL,1,0,0,1,5050,5050,5050,500.0,500.0,500.0,21,10120,0,120,0,0,1,0,0.5,2,0
task_0014,family_02,template_02,1.0,1.0,10,P-SPIDER-PARAM,1,0,1,0,5350,5350,5260,500.0,500.0,500.0,21,10270,150,120,0,0,1,0,0.028831495368124762,0,0
task_0014,family_02,template_02,1.0,1.0,10,B-COLD,1,0,0,1,5050,5050,5050,500.0,500.0,500.0,21,10120,0,120,0,0,1,0,0.5,2,0
task_0014,family_02,template_02,1.0,1.0,10,B-INSTRUCTION,1,0,0,1,5070,5070,5052,500.0,500.0,500.0,21,10120,0,120,0,0,1,0,0.5,2,0
task_0014,family_02,template_02,1.0,1.0,10,B-RAG-EMBED,1,0,0,1,5250,5250,5250,500.0,500.0,500.0,21,10270,150,120,0,0,1,0,0.5,2,0
task_0014,family_02,template_02,1.0,1.0,10,B-STAGEHAND-CACHE,1,0,0,1,5050,5050,5050,500.0,500.0,500.0,21,10120,0,120,0,0,1,0,0.5,2,0
task_0014,family_02,template_02,1.0,1.0,10,B-TERX-REPLAY,1,0,0,1,5050,5050,5050,500.0,500.0,500.0,21,10120,0,120,0,0,1,0,0.5,2,0
task_0014,family_02,template_02,1.0,1.0,10,NC1-SHUFFLED,1,0,1,1,5050,5050,5050,500.0,500.0,500.0,21,10120,0,120,0,0,1,0,0.4,2,0
task_0014,family_02,template_02,1.0,1.0,10,NC2-RANDOM,0,1,0,0,4850,4850,4760,460.0,460.0,460.0,21,9510,150,120,2,1,0,1,0.8,4,1
task_0014,family_02,template_02,1.0,1.0,10,B-LENGTH-PROPORTIONAL,1,0,0,1,5050,5050,5050,500.0,500.0,500.0,21,10120,0,120,0,0,1,0,0.5,2,0
task_0015,family_02,template_02,0.25,0.3333,10,P-SPIDER-PARAM,1,0,0,1,1750,1750,1660,140.0,140.0,140.0,13,3230,150,120,8,1,1,1,0.9093115305788592,4,0
task_0015,family_02,template_02,0.25,0.3333,10,B-COLD,1,0,0,1,5050,5050,5050,500.0,500.0,500.0,21,10120,0,120,0,0,1,0,0.5,2,0
task_0015,family_02,template_02,0.25,0.3333,10,B-INSTRUCTION,1,0,0,1,5070,5070,5052,500.0,500.0,500.0,21,10120,0,120,0,0,1,0,0.5,2,0
task_0015,family_02,template_02,0.25,0.3333,10,B-RAG-EMBED,1,0,0,1,2100,2100,2100,185.0,185.0,185.0,14,4110,150,120,7,1,1,0,0.5,2,0
task_0015,family_02,template_02,0.25,0.3333,10,B-STAGEHAND-CACHE,1,0,0,1,5050,5050,5050,500.0,500.0,500.0,21,10120,0,120,0,0,1,0,0.5,2,0
task_0015,family_02,template_02,0.25,0.3333,10,B-TERX-REPLAY,1,0,0,1,5050,5050,5050,500.0,500.0,500.0,21,10120,0,120,0,0,1,0,0.5,2,0
task_0015,family_02,template_02,0.25,0.3333,10,NC1-SHUFFLED,0,1,1,0,5050,5050,5050,500.0,500.0,500.0,21,10120,0,120,0,0,0,0,0.4,2,1
task_0015,family_02,template_02,0.25,0.3333,10,NC2-RANDOM,1,0,0,1,3850,3850,3760,360.0,360.0,360.0,17,7510,150,120,2,1,1,1,0.8,4,0
task_0015,family_02,template_02,0.25,0.3333,10,B-LENGTH-PROPORTIONAL,1,0,0,1,5050,5050,5050,500.0,500.0,500.0,21,10120,0,120,0,0,1,0,0.5,2,0
task_0016,family_02,template_02,0.5,0.6667,10,P-SPIDER-PARAM,1,0,1,0,5350,5350,5260,500.0,500.0,500.0,21,10270,150,120,0,0,1,0,0.08316544937394527,0,0
task_0016,family_02,template_02,0.5,0.6667,10,B-COLD,1,0,0,1,5050,5050,5050,500.0,500.0,500.0,21,10120,0,120,0,0,1,0,0.5,2,0
task_0016,family_02,template_02,0.5,0.6667,10,B-INSTRUCTION,1,0,0,1,5070,5070,5052,500.0,500.0,500.0,21,10120,0,120,0,0,1,0,0.5,2,0
task_0016,family_02,template_02,0.5,0.6667,10,B-RAG-EMBED,1,0,0,1,3900,3900,3900,365.0,365.0,365.0,18,7630,150,120,3,1,1,0,0.5,2,0
task_0016,family_02,template_02,0.5,0.6667,10,B-STAGEHAND-CACHE,1,0,0,1,5050,5050,5050,500.0,500.0,500.0,21,10120,0,120,0,0,1,0,0.5,2,0
task_0016,family_02,template_02,0.5,0.6667,10,B-TERX-REPLAY,1,0,0,1,5050,5050,5050,500.0,500.0,500.0,21,10120,0,120,0,0,1,0,0.5,2,0
task_0016,family_02,template_02,0.5,0.6667,10,NC1-SHUFFLED,0,1,1,0,5050,5050,5050,500.0,500.0,500.0,21,10120,0,120,0,0,0,0,0.4,2,1
task_0016,family_02,template_02,0.5,0.6667,10,NC2-RANDOM,1,0,0,1,5850,5850,5760,560.0,560.0,560.0,25,11510,150,120,2,1,1,1,0.8,4,0
task_0016,family_02,template_02,0.5,0.6667,10,B-LENGTH-PROPORTIONAL,1,0,0,1,5050,5050,5050,500.0,500.0,500.0,21,10120,0,120,0,0,1,0,0.5,2,0
task_0017,family_02,template_02,0.75,0.6667,10,P-SPIDER-PARAM,1,0,1,0,5350,5350,5260,500.0,500.0,500.0,21,10270,150,120,0,0,1,0,0.0749676234954397,0,0
task_0017,family_02,template_02,0.75,0.6667,10,B-COLD,1,0,0,1,5050,5050,5050,500.0,500.0,500.0,21,10120,0,120,0,0,1,0,0.5,2,0
task_0017,family_02,template_02,0.75,0.6667,10,B-INSTRUCTION,1,0,0,1,5070,5070,5052,500.0,500.0,500.0,21,10120,0,120,0,0,1,0,0.5,2,0
task_0017,family_02,template_02,0.75,0.6667,10,B-RAG-EMBED,1,0,0,1,3900,3900,3900,365.0,365.0,365.0,18,7630,150,120,3,1,1,0,0.5,2,0
task_0017,family_02,template_02,0.75,0.6667,10,B-STAGEHAND-CACHE,1,0,0,1,5050,5050,5050,500.0,500.0,500.0,21,10120,0,120,0,0,1,0,0.5,2,0
task_0017,family_02,template_02,0.75,0.6667,10,B-TERX-REPLAY,1,0,0,1,5050,5050,5050,500.0,500.0,500.0,21,10120,0,120,0,0,1,0,0.5,2,0
task_0017,family_02,template_02,0.75,0.6667,10,NC1-SHUFFLED,1,0,1,1,5050,5050,5050,500.0,500.0,500.0,21,10120,0,120,0,0,1,0,0.4,2,0
task_0017,family_02,template_02,0.75,0.6667,10,NC2-RANDOM,0,1,0,0,4850,4850,4760,460.0,460.0,460.0,21,9510,150,120,2,1,0,1,0.8,4,1
task_0017,family_02,template_02,0.75,0.6667,10,B-LENGTH-PROPORTIONAL,1,0,0,1,5050,5050,5050,500.0,500.0,500.0,21,10120,0,120,0,0,1,0,0.5,2,0
task_0018,family_03,template_03,0.0,0.0,11,P-SPIDER-PARAM,1,0,0,1,900,900,810,50.0,50.0,50.0,12,1590,150,120,11,1,1,0,1.0,4,0
task_0018,family_03,template_03,0.0,0.0,11,B-COLD,1,0,0,1,5550,5550,5550,500.0,500.0,500.0,23,11120,0,120,0,0,1,0,0.5,2,0
task_0018,family_03,template_03,0.0,0.0,11,B-INSTRUCTION,1,0,0,1,5570,5570,5552,500.0,500.0,500.0,23,11120,0,120,0,0,1,0,0.5,2,0
task_0018,family_03,template_03,0.0,0.0,11,B-RAG-EMBED,1,0,0,1,800,800,800,50.0,50.0,50.0,12,1590,150,120,11,1,1,0,0.5,2,0
task_0018,family_03,template_03,0.0,0.0,11,B-STAGEHAND-CACHE,1,0,0,1,600,600,600,50.0,50.0,50.0,12,1440,0,120,11,1,1,0,0.5,2,0
task_0018,family_03,template_03,0.0,0.0,11,B-TERX-REPLAY,1,0,0,1,600,600,600,50.0,50.0,50.0,12,1440,0,120,11,1,1,0,0.5,2,0
task_0018,family_03,template_03,0.0,0.0,11,NC1-SHUFFLED,1,0,1,1,5550,5550,5550,500.0,500.0,500.0,23,11120,0,120,0,0,1,0,0.4,2,0
task_0018,family_03,template_03,0.0,0.0,11,NC2-RANDOM,1,0,0,1,6350,6350,6260,554.5454545454545,554.5454545454545,554.5454545454545,27,12510,150,120,2,1,1,1,0.8,4,0
task_0018,family_03,template_03,0.0,0.0,11,B-LENGTH-PROPORTIONAL,1,0,0,1,5550,5550,5550,500.0,500.0,500.0,23,11120,0,120,0,0,1,0,0.5,2,0
task_0019,family_03,template_03,1.0,1.0,11,P-SPIDER-PARAM,1,0,1,0,5850,5850,5760,500.0,500.0,500.0,23,11270,150,120,0,0,1,0,0.0,0,0
task_0019,family_03,template_03,1.0,1.0,11,B-COLD,1,0,0,1,5550,5550,5550,500.0,500.0,500.0,23,11120,0,120,0,0,1,0,0.5,2,0
task_0019,family_03,template_03,1.0,1.0,11,B-INSTRUCTION,1,0,0,1,5570,5570,5552,500.0,500.0,500.0,23,11120,0,120,0,0,1,0,0.5,2,0
task_0019,family_03,template_03,1.0,1.0,11,B-RAG-EMBED,1,0,0,1,5750,5750,5750,500.0,500.0,500.0,23,11270,150,120,0,0,1,0,0.5,2,0
task_0019,family_03,template_03,1.0,1.0,11,B-STAGEHAND-CACHE,1,0,0,1,5550,5550,5550,500.0,500.0,500.0,23,11120,0,120,0,0,1,0,0.5,2,0
task_0019,family_03,template_03,1.0,1.0,11,B-TERX-REPLAY,1,0,0,1,5550,5550,5550,500.0,500.0,500.0,23,11120,0,120,0,0,1,0,0.5,2,0
task_0019,family_03,template_03,1.0,1.0,11,NC1-SHUFFLED,1,0,1,1,5550,5550,5550,500.0,500.0,500.0,23,11120,0,120,0,0,1,0,0.4,2,0
task_0019,family_03,template_03,1.0,1.0,11,NC2-RANDOM,1,0,0,1,2150,2150,2060,172.72727272727272,172.72727272727272,172.72727272727272,15,4230,150,120,8,1,1,1,0.8,4,0
task_0019,family_03,template_03,1.0,1.0,11,B-LENGTH-PROPORTIONAL,1,0,0,1,5550,5550,5550,500.0,500.0,500.0,23,11120,0,120,0,0,1,0,0.5,2,0
task_0020,family_03,template_03,0.25,0.0,11,P-SPIDER-PARAM,1,0,0,1,900,900,810,50.0,50.0,50.0,12,1590,150,120,11,1,1,0,1.0,4,0
task_0020,family_03,template_03,0.25,0.0,11,B-COLD,1,0,0,1,5550,5550,5550,500.0,500.0,500.0,23,11120,0,120,0,0,1,0,0.5,2,0
task_0020,family_03,template_03,0.25,0.0,11,B-INSTRUCTION,1,0,0,1,5570,5570,5552,500.0,500.0,500.0,23,11120,0,120,0,0,1,0,0.5,2,0
task_0020,family_03,template_03,0.25,0.0,11,B-RAG-EMBED,1,0,0,1,800,800,800,50.0,50.0,50.0,12,1590,150,120,11,1,1,0,0.5,2,0
task_0020,family_03,template_03,0.25,0.0,11,B-STAGEHAND-CACHE,1,0,0,1,5550,5550,5550,500.0,500.0,500.0,23,11120,0,120,0,0,1,0,0.5,2,0
task_0020,family_03,template_03,0.25,0.0,11,B-TERX-REPLAY,1,0,0,1,5550,5550,5550,500.0,500.0,500.0,23,11120,0,120,0,0,1,0,0.5,2,0
task_0020,family_03,template_03,0.25,0.0,11,NC1-SHUFFLED,1,0,1,1,5550,5550,5550,500.0,500.0,500.0,23,11120,0,120,0,0,1,0,0.4,2,0
task_0020,family_03,template_03,0.25,0.0,11,NC2-RANDOM,1,0,0,1,3100,3100,3010,259.09090909090907,259.09090909090907,259.09090909090907,18,6110,150,120,7,1,1,1,0.8,4,0
task_0020,family_03,template_03,0.25,0.0,11,B-LENGTH-PROPORTIONAL,1,0,0,1,5550,5550,5550,500.0,500.0,500.0,23,11120,0,120,0,0,1,0,0.5,2,0
task_0021,family_03,template_03,0.5,1.0,11,P-SPIDER-PARAM,1,0,1,0,5850,5850,5760,500.0,500.0,500.0,23,11270,150,120,0,0,1,0,0.0,0,0
task_0021,family_03,template_03,0.5,1.0,11,B-COLD,1,0,0,1,5550,5550,5550,500.0,500.0,500.0,23,11120,0,120,0,0,1,0,0.5,2,0
task_0021,family_03,template_03,0.5,1.0,11,B-INSTRUCTION,1,0,0,1,5570,5570,5552,500.0,500.0,500.0,23,11120,0,120,0,0,1,0,0.5,2,0
task_0021,family_03,template_03,0.5,1.0,11,B-RAG-EMBED,1,0,0,1,5750,5750,5750,500.0,500.0,500.0,23,11270,150,120,0,0,1,0,0.5,2,0
task_0021,family_03,template_03,0.5,1.0,11,B-STAGEHAND-CACHE,1,0,0,1,5550,5550,5550,500.0,500.0,500.0,23,11120,0,120,0,0,1,0,0.5,2,0
task_0021,family_03,template_03,0.5,1.0,11,B-TERX-REPLAY,1,0,0,1,5550,5550,5550,500.0,500.0,500.0,23,11120,0,120,0,0,1,0,0.5,2,0
task_0021,family_03,template_03,0.5,1.0,11,NC1-SHUFFLED,1,0,1,1,5550,5550,5550,500.0,500.0,500.0,23,11120,0,120,0,0,1,0,0.4,2,0
task_0021,family_03,template_03,0.5,1.0,11,NC2-RANDOM,0,1,0,0,3600,3600,3510,304.54545454545456,304.54545454545456,304.54545454545456,20,7110,150,120,7,1,0,1,0.8,4,1
task_0021,family_03,template_03,0.5,1.0,11,B-LENGTH-PROPORTIONAL,1,0,0,1,5550,5550,5550,500.0,500.0,500.0,23,11120,0,120,0,0,1,0,0.5,2,0
task_0022,family_03,template_03,0.75,1.0,11,P-SPIDER-PARAM,1,0,1,0,5850,5850,5760,500.0,500.0,500.0,23,11270,150,120,0,0,1,0,0.0,0,0
task_0022,family_03,template_03,0.75,1.0,11,B-COLD,1,0,0,1,5550,5550,5550,500.0,500.0,500.0,23,11120,0,120,0,0,1,0,0.5,2,0
task_0022,family_03,template_03,0.75,1.0,11,B-INSTRUCTION,1,0,0,1,5570,5570,5552,500.0,500.0,500.0,23,11120,0,120,0,0,1,0,0.5,2,0
task_0022,family_03,template_03,0.75,1.0,11,B-RAG-EMBED,1,0,0,1,5750,5750,5750,500.0,500.0,500.0,23,11270,150,120,0,0,1,0,0.5,2,0
task_0022,family_03,template_03,0.75,1.0,11,B-STAGEHAND-CACHE,1,0,0,1,5550,5550,5550,500.0,500.0,500.0,23,11120,0,120,0,0,1,0,0.5,2,0
task_0022,family_03,template_03,0.75,1.0,11,B-TERX-REPLAY,1,0,0,1,5550,5550,5550,500.0,500.0,500.0,23,11120,0,120,0,0,1,0,0.5,2,0
task_0022,family_03,template_03,0.75,1.0,11,NC1-SHUFFLED,1,0,1,1,5550,5550,5550,500.0,500.0,500.0,23,11120,0,120,0,0,1,0,0.4,2,0
task_0022,family_03,template_03,0.75,1.0,11,NC2-RANDOM,1,0,0,1,3350,3350,3260,281.8181818181818,281.8181818181818,281.8181818181818,15,6510,150,120,2,1,1,1,0.8,4,0
task_0022,family_03,template_03,0.75,1.0,11,B-LENGTH-PROPORTIONAL,1,0,0,1,5550,5550,5550,500.0,500.0,500.0,23,11120,0,120,0,0,1,0,0.5,2,0
task_0023,family_03,template_03,1.0,1.0,11,P-SPIDER-PARAM,1,0,1,0,5850,5850,5760,500.0,500.0,500.0,23,11270,150,120,0,0,1,0,0.0,0,0
task_0023,family_03,template_03,1.0,1.0,11,B-COLD,1,0,0,1,5550,5550,5550,500.0,500.0,500.0,23,11120,0,120,0,0,1,0,0.5,2,0
task_0023,family_03,template_03,1.0,1.0,11,B-INSTRUCTION,1,0,0,1,5570,5570,5552,500.0,500.0,500.0,23,11120,0,120,0,0,1,0,0.5,2,0
task_0023,family_03,template_03,1.0,1.0,11,B-RAG-EMBED,1,0,0,1,5750,5750,5750,500.0,500.0,500.0,23,11270,150,120,0,0,1,0,0.5,2,0
task_0023,family_03,template_03,1.0,1.0,11,B-STAGEHAND-CACHE,1,0,0,1,5550,5550,5550,500.0,500.0,500.0,23,11120,0,120,0,0,1,0,0.5,2,0
task_0023,family_03,template_03,1.0,1.0,11,B-TERX-REPLAY,1,0,0,1,5550,5550,5550,500.0,500.0,500.0,23,11120,0,120,0,0,1,0,0.5,2,0
task_0023,family_03,template_03,1.0,1.0,11,NC1-SHUFFLED,1,0,1,1,5550,5550,5550,500.0,500.0,500.0,23,11120,0,120,0,0,1,0,0.4,2,0
task_0023,family_03,template_03,1.0,1.0,11,NC2-RANDOM,1,0,0,1,2000,2000,1910,159.0909090909091,159.0909090909091,159.0909090909091,12,3870,150,120,5,1,1,1,0.8,4,0
task_0023,family_03,template_03,1.0,1.0,11,B-LENGTH-PROPORTIONAL,1,0,0,1,5550,5550,5550,500.0,500.0,500.0,23,11120,0,120,0,0,1,0,0.5,2,0
task_0024,family_04,template_04,0.0,0.0,12,P-SPIDER-PARAM,1,0,0,1,950,950,860,50.0,50.0,50.0,13,1710,150,120,12,1,1,0,0.9836433993772682,4,0
task_0024,family_04,template_04,0.0,0.0,12,B-COLD,1,0,0,1,6050,6050,6050,500.0,500.0,500.0,25,12120,0,120,0,0,1,0,0.5,2,0
task_0024,family_04,template_04,0.0,0.0,12,B-INSTRUCTION,1,0,0,1,6070,6070,6052,500.0,500.0,500.0,25,12120,0,120,0,0,1,0,0.5,2,0
task_0024,family_04,template_04,0.0,0.0,12,B-RAG-EMBED,1,0,0,1,850,850,850,50.0,50.0,50.0,13,1710,150,120,12,1,1,0,0.5,2,0
task_0024,family_04,template_04,0.0,0.0,12,B-STAGEHAND-CACHE,1,0,0,1,650,650,650,50.0,50.0,50.0,13,1560,0,120,12,1,1,0,0.5,2,0
task_0024,family_04,template_04,0.0,0.0,12,B-TERX-REPLAY,1,0,0,1,650,650,650,50.0,50.0,50.0,13,1560,0,120,12,1,1,0,0.5,2,0
task_0024,family_04,template_04,0.0,0.0,12,NC1-SHUFFLED,1,0,1,1,6050,6050,6050,500.0,500.0,500.0,25,12120,0,120,0,0,1,0,0.4,2,0
task_0024,family_04,template_04,0.0,0.0,12,NC2-RANDOM,1,0,0,1,5850,5850,5760,466.6666666666667,466.6666666666667,466.6666666666667,25,11510,150,120,2,1,1,1,0.8,4,0
task_0024,family_04,template_04,0.0,0.0,12,B-LENGTH-PROPORTIONAL,1,0,0,1,6050,6050,6050,500.0,500.0,500.0,25,12120,0,120,0,0,1,0,0.5,2,0
task_0025,family_04,template_04,0.25,0.5,12,P-SPIDER-PARAM,1,0,1,0,6350,6350,6260,500.0,500.0,500.0,25,12270,150,120,0,0,1,0,0.4705270334363985,2,0
task_0025,family_04,template_04,0.25,0.5,12,B-COLD,1,0,0,1,6050,6050,6050,500.0,500.0,500.0,25,12120,0,120,0,0,1,0,0.5,2,0
task_0025,family_04,template_04,0.25,0.5,12,B-INSTRUCTION,1,0,0,1,6070,6070,6052,500.0,500.0,500.0,25,12120,0,120,0,0,1,0,0.5,2,0
task_0025,family_04,template_04,0.25,0.5,12,B-RAG-EMBED,1,0,0,1,3550,3550,3550,275.0,275.0,275.0,19,6990,150,120,6,1,1,0,0.5,2,0
task_0025,family_04,template_04,0.25,0.5,12,B-STAGEHAND-CACHE,1,0,0,1,6050,6050,6050,500.0,500.0,500.0,25,12120,0,120,0,0,1,0,0.5,2,0
task_0025,family_04,template_04,0.25,0.5,12,B-TERX-REPLAY,1,0,0,1,6050,6050,6050,500.0,500.0,500.0,25,12120,0,120,0,0,1,0,0.5,2,0
task_0025,family_04,template_04,0.25,0.5,12,NC1-SHUFFLED,1,0,1,1,6050,6050,6050,500.0,500.0,500.0,25,12120,0,120,0,0,1,0,0.4,2,0
task_0025,family_04,template_04,0.25,0.5,12,NC2-RANDOM,1,0,0,1,3350,3350,3260,258.3333333333333,258.3333333333333,258.3333333333333,15,6510,150,120,2,1,1,1,0.8,4,0
task_0025,family_04,template_04,0.25,0.5,12,B-LENGTH-PROPORTIONAL,1,0,0,1,6050,6050,6050,500.0,500.0,500.0,25,12120,0,120,0,0,1,0,0.5,2,0
task_0026,family_04,template_04,0.5,0.5,12,P-SPIDER-PARAM,1,0,1,0,6350,6350,6260,500.0,500.0,500.0,25,12270,150,120,0,0,1,0,0.5196387905479918,2,0
task_0026,family_04,template_04,0.5,0.5,12,B-COLD,1,0,0,1,6050,6050,6050,500.0,500.0,500.0,25,12120,0,120,0,0,1,0,0.5,2,0
task_0026,family_04,template_04,0.5,0.5,12,B-INSTRUCTION,1,0,0,1,6070,6070,6052,500.0,500.0,500.0,25,12120,0,120,0,0,1,0,0.5,2,0
task_0026,family_04,template_04,0.5,0.5,12,B-RAG-EMBED,1,0,0,1,3550,3550,3550,275.0,275.0,275.0,19,6990,150,120,6,1,1,0,0.5,2,0
task_0026,family_04,template_04,0.5,0.5,12,B-STAGEHAND-CACHE,1,0,0,1,6050,6050,6050,500.0,500.0,500.0,25,12120,0,120,0,0,1,0,0.5,2,0
task_0026,family_04,template_04,0.5,0.5,12,B-TERX-REPLAY,1,0,0,1,6050,6050,6050,500.0,500.0,500.0,25,12120,0,120,0,0,1,0,0.5,2,0
task_0026,family_04,template_04,0.5,0.5,12,NC1-SHUFFLED,1,0,1,1,6050,6050,6050,500.0,500.0,500.0,25,12120,0,120,0,0,1,0,0.4,2,0
task_0026,family_04,template_04,0.5,0.5,12,NC2-RANDOM,0,1,0,0,5850,5850,5760,466.6666666666667,466.6666666666667,466.6666666666667,25,11510,150,120,2,1,0,1,0.8,4,1
task_0026,family_04,template_04,0.5,0.5,12,B-LENGTH-PROPORTIONAL,1,0,0,1,6050,6050,6050,500.0,500.0,500.0,25,12120,0,120,0,0,1,0,0.5,2,0
task_0027,family_04,template_04,0.75,1.0,12,P-SPIDER-PARAM,1,0,1,0,6350,6350,6260,500.0,500.0,500.0,25,12270,150,120,0,0,1,0,0.01627065244416277,0,0
task_0027,family_04,template_04,0.75,1.0,12,B-COLD,1,0,0,1,6050,6050,6050,500.0,500.0,500.0,25,12120,0,120,0,0,1,0,0.5,2,0
task_0027,family_04,template_04,0.75,1.0,12,B-INSTRUCTION,1,0,0,1,6070,6070,6052,500.0,500.0,500.0,25,12120,0,120,0,0,1,0,0.5,2,0
task_0027,family_04,template_04,0.75,1.0,12,B-RAG-EMBED,1,0,0,1,6250,6250,6250,500.0,500.0,500.0,25,12270,150,120,0,0,1,0,0.5,2,0
task_0027,family_04,template_04,0.75,1.0,12,B-STAGEHAND-CACHE,1,0,0,1,6050,6050,6050,500.0,500.0,500.0,25,12120,0,120,0,0,1,0,0.5,2,0
task_0027,family_04,template_04,0.75,1.0,12,B-TERX-REPLAY,1,0,0,1,6050,6050,6050,500.0,500.0,500.0,25,12120,0,120,0,0,1,0,0.5,2,0
task_0027,family_04,template_04,0.75,1.0,12,NC1-SHUFFLED,0,1,1,0,6050,6050,6050,500.0,500.0,500.0,25,12120,0,120,0,0,0,0,0.4,2,1
task_0027,family_04,template_04,0.75,1.0,12,NC2-RANDOM,0,1,0,0,5850,5850,5760,466.6666666666667,466.6666666666667,466.6666666666667,25,11510,150,120,2,1,0,1,0.8,4,1
task_0027,family_04,template_04,0.75,1.0,12,B-LENGTH-PROPORTIONAL,1,0,0,1,6050,6050,6050,500.0,500.0,500.0,25,12120,0,120,0,0,1,0,0.5,2,0
task_0028,family_04,template_04,1.0,1.0,12,P-SPIDER-PARAM,1,0,1,0,6350,6350,6260,500.0,500.0,500.0,25,12270,150,120,0,0,1,0,0.0,0,0
task_0028,family_04,template_04,1.0,1.0,12,B-COLD,1,0,0,1,6050,6050,6050,500.0,500.0,500.0,25,12120,0,120,0,0,1,0,0.5,2,0
task_0028,family_04,template_04,1.0,1.0,12,B-INSTRUCTION,1,0,0,1,6070,6070,6052,500.0,500.0,500.0,25,12120,0,120,0,0,1,0,0.5,2,0
task_0028,family_04,template_04,1.0,1.0,12,B-RAG-EMBED,1,0,0,1,6250,6250,6250,500.0,500.0,500.0,25,12270,150,120,0,0,1,0,0.5,2,0
task_0028,family_04,template_04,1.0,1.0,12,B-STAGEHAND-CACHE,1,0,0,1,6050,6050,6050,500.0,500.0,500.0,25,12120,0,120,0,0,1,0,0.5,2,0
task_0028,family_04,template_04,1.0,1.0,12,B-TERX-REPLAY,1,0,0,1,6050,6050,6050,500.0,500.0,500.0,25,12120,0,120,0,0,1,0,0.5,2,0
task_0028,family_04,template_04,1.0,1.0,12,NC1-SHUFFLED,1,0,1,1,6050,6050,6050,500.0,500.0,500.0,25,12120,0,120,0,0,1,0,0.4,2,0
task_0028,family_04,template_04,1.0,1.0,12,NC2-RANDOM,1,0,0,1,6350,6350,6260,508.3333333333333,508.3333333333333,508.3333333333333,27,12510,150,120,2,1,1,1,0.8,4,0
task_0028,family_04,template_04,1.0,1.0,12,B-LENGTH-PROPORTIONAL,1,0,0,1,6050,6050,6050,500.0,500.0,500.0,25,12120,0,120,0,0,1,0,0.5,2,0
task_0029,family_04,template_04,0.25,0.5,12,P-SPIDER-PARAM,1,0,1,0,6350,6350,6260,500.0,500.0,500.0,25,12270,150,120,0,0,1,0,0.5081447207185599,2,0
task_0029,family_04,template_04,0.25,0.5,12,B-COLD,1,0,0,1,6050,6050,6050,500.0,500.0,500.0,25,12120,0,120,0,0,1,0,0.5,2,0
task_0029,family_04,template_04,0.25,0.5,12,B-INSTRUCTION,1,0,0,1,6070,6070,6052,500.0,500.0,500.0,25,12120,0,120,0,0,1,0,0.5,2,0
task_0029,family_04,template_04,0.25,0.5,12,B-RAG-EMBED,1,0,0,1,3550,3550,3550,275.0,275.0,275.0,19,6990,150,120,6,1,1,0,0.5,2,0
task_0029,family_04,template_04,0.25,0.5,12,B-STAGEHAND-CACHE,1,0,0,1,6050,6050,6050,500.0,500.0,500.0,25,12120,0,120,0,0,1,0,0.5,2,0
task_0029,family_04,template_04,0.25,0.5,12,B-TERX-REPLAY,1,0,0,1,6050,6050,6050,500.0,500.0,500.0,25,12120,0,120,0,0,1,0,0.5,2,0
task_0029,family_04,template_04,0.25,0.5,12,NC1-SHUFFLED,1,0,1,1,6050,6050,6050,500.0,500.0,500.0,25,12120,0,120,0,0,1,0,0.4,2,0
task_0029,family_04,template_04,0.25,0.5,12,NC2-RANDOM,1,0,0,1,5850,5850,5760,466.6666666666667,466.6666666666667,466.6666666666667,25,11510,150,120,2,1,1,1,0.8,4,0
task_0029,family_04,template_04,0.25,0.5,12,B-LENGTH-PROPORTIONAL,1,0,0,1,6050,6050,6050,500.0,500.0,500.0,25,12120,0,120,0,0,1,0,0.5,2,0
task_0030,family_05,template_05,0.0,0.0,13,P-SPIDER-PARAM,1,0,0,1,1000,1000,910,50.0,50.0,50.0,14,1830,150,120,13,1,1,0,0.9901447381079524,4,0
task_0030,family_05,template_05,0.0,0.0,13,B-COLD,1,0,0,1,6550,6550,6550,500.0,500.0,500.0,27,13120,0,120,0,0,1,0,0.5,2,0
task_0030,family_05,template_05,0.0,0.0,13,B-INSTRUCTION,1,0,0,1,6570,6570,6552,500.0,500.0,500.0,27,13120,0,120,0,0,1,0,0.5,2,0
task_0030,family_05,template_05,0.0,0.0,13,B-RAG-EMBED,1,0,0,1,900,900,900,50.0,50.0,50.0,14,1830,150,120,13,1,1,0,0.5,2,0
task_0030,family_05,template_05,0.0,0.0,13,B-STAGEHAND-CACHE,1,0,0,1,700,700,700,50.0,50.0,50.0,14,1680,0,120,13,1,1,0,0.5,2,0
task_0030,family_05,template_05,0.0,0.0,13,B-TERX-REPLAY,1,0,0,1,700,700,700,50.0,50.0,50.0,14,1680,0,120,13,1,1,0,0.5,2,0
task_0030,family_05,template_05,0.0,0.0,13,NC1-SHUFFLED,1,0,1,1,6550,6550,6550,500.0,500.0,500.0,27,13120,0,120,0,0,1,0,0.4,2,0
task_0030,family_05,template_05,0.0,0.0,13,NC2-RANDOM,0,1,0,0,5850,5850,5760,430.7692307692308,430.7692307692308,430.7692307692308,25,11510,150,120,2,1,0,1,0.8,4,1
task_0030,family_05,template_05,0.0,0.0,13,B-LENGTH-PROPORTIONAL,1,0,0,1,6550,6550,6550,500.0,500.0,500.0,27,13120,0,120,0,0,1,0,0.5,2,0
task_0031,family_05,template_05,0.5,0.5,13,P-SPIDER-PARAM,1,0,1,0,6850,6850,6760,500.0,500.0,500.0,27,13270,150,120,0,0,1,0,0.4693702465216534,2,0
task_0031,family_05,template_05,0.5,0.5,13,B-COLD,1,0,0,1,6550,6550,6550,500.0,500.0,500.0,27,13120,0,120,0,0,1,0,0.5,2,0
task_0031,family_05,template_05,0.5,0.5,13,B-INSTRUCTION,1,0,0,1,6570,6570,6552,500.0,500.0,500.0,27,13120,0,120,0,0,1,0,0.5,2,0
task_0031,family_05,template_05,0.5,0.5,13,B-RAG-EMBED,1,0,0,1,3600,3600,3600,257.6923076923077,257.6923076923077,257.6923076923077,20,7110,150,120,7,1,1,0,0.5,2,0
task_0031,family_05,template_05,0.5,0.5,13,B-STAGEHAND-CACHE,1,0,0,1,6550,6550,6550,500.0,500.0,500.0,27,13120,0,120,0,0,1,0,0.5,2,0
task_0031,family_05,template_05,0.5,0.5,13,B-TERX-REPLAY,1,0,0,1,6550,6550,6550,500.0,500.0,500.0,27,13120,0,120,0,0,1,0,0.5,2,0
task_0031,family_05,template_05,0.5,0.5,13,NC1-SHUFFLED,1,0,1,1,6550,6550,6550,500.0,500.0,500.0,27,13120,0,120,0,0,1,0,0.4,2,0
task_0031,family_05,template_05,0.5,0.5,13,NC2-RANDOM,0,1,0,0,4550,4550,4460,330.7692307692308,330.7692307692308,330.7692307692308,23,8990,150,120,6,1,0,1,0.8,4,1
task_0031,family_05,template_05,0.5,0.5,13,B-LENGTH-PROPORTIONAL,1,0,0,1,6550,6550,6550,500.0,500.0,500.0,27,13120,0,120,0,0,1,0,0.5,2,0
task_0032,family_05,template_05,0.75,1.0,13,P-SPIDER-PARAM,1,0,1,0,6850,6850,6760,500.0,500.0,500.0,27,13270,150,120,0,0,1,0,0.01496188167353783,0,0
task_0032,family_05,template_05,0.75,1.0,13,B-COLD,1,0,0,1,6550,6550,6550,500.0,500.0,500.0,27,13120,0,120,0,0,1,0,0.5,2,0
task_0032,family_05,template_05,0.75,1.0,13,B-INSTRUCTION,1,0,0,1,6570,6570,6552,500.0,500.0,500.0,27,13120,0,120,0,0,1,0,0.5,2,0
task_0032,family_05,template_05,0.75,1.0,13,B-RAG-EMBED,1,0,0,1,6750,6750,6750,500.0,500.0,500.0,27,13270,150,120,0,0,1,0,0.5,2,0
task_0032,family_05,template_05,0.75,1.0,13,B-STAGEHAND-CACHE,1,0,0,1,6550,6550,6550,500.0,500.0,500.0,27,13120,0,120,0,0,1,0,0.5,2,0
task_0032,family_05,template_05,0.75,1.0,13,B-TERX-REPLAY,1,0,0,1,6550,6550,6550,500.0,500.0,500.0,27,13120,0,120,0,0,1,0,0.5,2,0
task_0032,family_05,template_05,0.75,1.0,13,NC1-SHUFFLED,1,0,1,1,6550,6550,6550,500.0,500.0,500.0,27,13120,0,120,0,0,1,0,0.4,2,0
task_0032,family_05,template_05,0.75,1.0,13,NC2-RANDOM,1,0,0,1,3100,3100,3010,219.23076923076923,219.23076923076923,219.23076923076923,18,6110,150,120,7,1,1,1,0.8,4,0
task_0032,family_05,template_05,0.75,1.0,13,B-LENGTH-PROPORTIONAL,1,0,0,1,6550,6550,6550,500.0,500.0,500.0,27,13120,0,120,0,0,1,0,0.5,2,0
task_0033,family_05,template_05,1.0,1.0,13,P-SPIDER-PARAM,1,0,1,0,6850,6850,6760,500.0,500.0,500.0,27,13270,150,120,0,0,1,0,0.0,0,0
task_0033,family_05,template_05,1.0,1.0,13,B-COLD,1,0,0,1,6550,6550,6550,500.0,500.0,500.0,27,13120,0,120,0,0,1,0,0.5,2,0
task_0033,family_05,template_05,1.0,1.0,13,B-INSTRUCTION,1,0,0,1,6570,6570,6552,500.0,500.0,500.0,27,13120,0,120,0,0,1,0,0.5,2,0
task_0033,family_05,template_05,1.0,1.0,13,B-RAG-EMBED,1,0,0,1,6750,6750,6750,500.0,500.0,500.0,27,13270,150,120,0,0,1,0,0.5,2,0
task_0033,family_05,template_05,1.0,1.0,13,B-STAGEHAND-CACHE,1,0,0,1,6550,6550,6550,500.0,500.0,500.0,27,13120,0,120,0,0,1,0,0.5,2,0
task_0033,family_05,template_05,1.0,1.0,13,B-TERX-REPLAY,1,0,0,1,6550,6550,6550,500.0,500.0,500.0,27,13120,0,120,0,0,1,0,0.5,2,0
task_0033,family_05,template_05,1.0,1.0,13,NC1-SHUFFLED,1,0,1,1,6550,6550,6550,500.0,500.0,500.0,27,13120,0,120,0,0,1,0,0.4,2,0
task_0033,family_05,template_05,1.0,1.0,13,NC2-RANDOM,1,0,0,1,6350,6350,6260,469.2307692307692,469.2307692307692,469.2307692307692,27,12510,150,120,2,1,1,1,0.8,4,0
task_0033,family_05,template_05,1.0,1.0,13,B-LENGTH-PROPORTIONAL,1,0,0,1,6550,6550,6550,500.0,500.0,500.0,27,13120,0,120,0,0,1,0,0.5,2,0
task_0034,family_05,template_05,0.25,0.5,13,P-SPIDER-PARAM,1,0,1,0,6850,6850,6760,500.0,500.0,500.0,27,13270,150,120,0,0,1,0,0.5252024240277745,2,0
task_0034,family_05,template_05,0.25,0.5,13,B-COLD,1,0,0,1,6550,6550,6550,500.0,500.0,500.0,27,13120,0,120,0,0,1,0,0.5,2,0
task_0034,family_05,template_05,0.25,0.5,13,B-INSTRUCTION,1,0,0,1,6570,6570,6552,500.0,500.0,500.0,27,13120,0,120,0,0,1,0,0.5,2,0
task_0034,family_05,template_05,0.25,0.5,13,B-RAG-EMBED,1,0,0,1,3600,3600,3600,257.6923076923077,257.6923076923077,257.6923076923077,20,7110,150,120,7,1,1,0,0.5,2,0
task_0034,family_05,template_05,0.25,0.5,13,B-STAGEHAND-CACHE,1,0,0,1,6550,6550,6550,500.0,500.0,500.0,27,13120,0,120,0,0,1,0,0.5,2,0
task_0034,family_05,template_05,0.25,0.5,13,B-TERX-REPLAY,1,0,0,1,6550,6550,6550,500.0,500.0,500.0,27,13120,0,120,0,0,1,0,0.5,2,0
task_0034,family_05,template_05,0.25,0.5,13,NC1-SHUFFLED,1,0,1,1,6550,6550,6550,500.0,500.0,500.0,27,13120,0,120,0,0,1,0,0.4,2,0
task_0034,family_05,template_05,0.25,0.5,13,NC2-RANDOM,1,0,0,1,3350,3350,3260,238.46153846153845,238.46153846153845,238.46153846153845,15,6510,150,120,2,1,1,1,0.8,4,0
task_0034,family_05,template_05,0.25,0.5,13,B-LENGTH-PROPORTIONAL,1,0,0,1,6550,6550,6550,500.0,500.0,500.0,27,13120,0,120,0,0,1,0,0.5,2,0
task_0035,family_05,template_05,0.5,0.5,13,P-SPIDER-PARAM,1,0,1,0,6850,6850,6760,500.0,500.0,500.0,27,13270,150,120,0,0,1,0,0.4560289243221076,2,0
task_0035,family_05,template_05,0.5,0.5,13,B-COLD,1,0,0,1,6550,6550,6550,500.0,500.0,500.0,27,13120,0,120,0,0,1,0,0.5,2,0
task_0035,family_05,template_05,0.5,0.5,13,B-INSTRUCTION,1,0,0,1,6570,6570,6552,500.0,500.0,500.0,27,13120,0,120,0,0,1,0,0.5,2,0
task_0035,family_05,template_05,0.5,0.5,13,B-RAG-EMBED,1,0,0,1,3600,3600,3600,257.6923076923077,257.6923076923077,257.6923076923077,20,7110,150,120,7,1,1,0,0.5,2,0
task_0035,family_05,template_05,0.5,0.5,13,B-STAGEHAND-CACHE,1,0,0,1,6550,6550,6550,500.0,500.0,500.0,27,13120,0,120,0,0,1,0,0.5,2,0
task_0035,family_05,template_05,0.5,0.5,13,B-TERX-REPLAY,1,0,0,1,6550,6550,6550,500.0,500.0,500.0,27,13120,0,120,0,0,1,0,0.5,2,0
task_0035,family_05,template_05,0.5,0.5,13,NC1-SHUFFLED,1,0,1,1,6550,6550,6550,500.0,500.0,500.0,27,13120,0,120,0,0,1,0,0.4,2,0
task_0035,family_05,template_05,0.5,0.5,13,NC2-RANDOM,1,0,0,1,4000,4000,3910,288.46153846153845,288.46153846153845,288.46153846153845,20,7870,150,120,5,1,1,1,0.8,4,0
task_0035,family_05,template_05,0.5,0.5,13,B-LENGTH-PROPORTIONAL,1,0,0,1,6550,6550,6550,500.0,500.0,500.0,27,13120,0,120,0,0,1,0,0.5,2,0
task_0036,family_06,template_06,0.0,0.0,14,P-SPIDER-PARAM,1,0,0,1,1050,1050,960,50.0,50.0,50.0,15,1950,150,120,14,1,1,0,0.9864017031493529,4,0
task_0036,family_06,template_06,0.0,0.0,14,B-COLD,1,0,0,1,7050,7050,7050,500.0,500.0,500.0,29,14120,0,120,0,0,1,0,0.5,2,0
task_0036,family_06,template_06,0.0,0.0,14,B-INSTRUCTION,1,0,0,1,7070,7070,7052,500.0,500.0,500.0,29,14120,0,120,0,0,1,0,0.5,2,0
task_0036,family_06,template_06,0.0,0.0,14,B-RAG-EMBED,1,0,0,1,950,950,950,50.0,50.0,50.0,15,1950,150,120,14,1,1,0,0.5,2,0
task_0036,family_06,template_06,0.0,0.0,14,B-STAGEHAND-CACHE,1,0,0,1,750,750,750,50.0,50.0,50.0,15,1800,0,120,14,1,1,0,0.5,2,0
task_0036,family_06,template_06,0.0,0.0,14,B-TERX-REPLAY,1,0,0,1,750,750,750,50.0,50.0,50.0,15,1800,0,120,14,1,1,0,0.5,2,0
task_0036,family_06,template_06,0.0,0.0,14,NC1-SHUFFLED,1,0,1,1,7050,7050,7050,500.0,500.0,500.0,29,14120,0,120,0,0,1,0,0.4,2,0
task_0036,family_06,template_06,0.0,0.0,14,NC2-RANDOM,1,0,0,1,2500,2500,2410,160.71428571428572,160.71428571428572,160.71428571428572,14,4870,150,120,5,1,1,1,0.8,4,0
task_0036,family_06,template_06,0.0,0.0,14,B-LENGTH-PROPORTIONAL,1,0,0,1,7050,7050,7050,500.0,500.0,500.0,29,14120,0,120,0,0,1,0,0.5,2,0
task_0037,family_06,template_06,0.75,0.6667,14,P-SPIDER-PARAM,1,0,1,0,7350,7350,7260,500.0,500.0,500.0,29,14270,150,120,0,0,1,0,0.10730525031641616,0,0
task_0037,family_06,template_06,0.75,0.6667,14,B-COLD,1,0,0,1,7050,7050,7050,500.0,500.0,500.0,29,14120,0,120,0,0,1,0,0.5,2,0
task_0037,family_06,template_06,0.75,0.6667,14,B-INSTRUCTION,1,0,0,1,7070,7070,7052,500.0,500.0,500.0,29,14120,0,120,0,0,1,0,0.5,2,0
task_0037,family_06,template_06,0.75,0.6667,14,B-RAG-EMBED,1,0,0,1,5000,5000,5000,339.2857142857143,339.2857142857143,339.2857142857143,24,9870,150,120,5,1,1,0,0.5,2,0
task_0037,family_06,template_06,0.75,0.6667,14,B-STAGEHAND-CACHE,1,0,0,1,7050,7050,7050,500.0,500.0,500.0,29,14120,0,120,0,0,1,0,0.5,2,0
task_0037,family_06,template_06,0.75,0.6667,14,B-TERX-REPLAY,1,0,0,1,7050,7050,7050,500.0,500.0,500.0,29,14120,0,120,0,0,1,0,0.5,2,0
task_0037,family_06,template_06,0.75,0.6667,14,NC1-SHUFFLED,1,0,1,1,7050,7050,7050,500.0,500.0,500.0,29,14120,0,120,0,0,1,0,0.4,2,0
task_0037,family_06,template_06,0.75,0.6667,14,NC2-RANDOM,1,0,0,1,3350,3350,3260,221.42857142857142,221.42857142857142,221.42857142857142,15,6510,150,120,2,1,1,1,0.8,4,0
task_0037,family_06,template_06,0.75,0.6667,14,B-LENGTH-PROPORTIONAL,1,0,0,1,7050,7050,7050,500.0,500.0,500.0,29,14120,0,120,0,0,1,0,0.5,2,0
task_0038,family_06,template_06,1.0,1.0,14,P-SPIDER-PARAM,1,0,1,0,7350,7350,7260,500.0,500.0,500.0,29,14270,150,120,0,0,1,0,0.04504116505303426,0,0
task_0038,family_06,template_06,1.0,1.0,14,B-COLD,1,0,0,1,7050,7050,7050,500.0,500.0,500.0,29,14120,0,120,0,0,1,0,0.5,2,0
task_0038,family_06,template_06,1.0,1.0,14,B-INSTRUCTION,1,0,0,1,7070,7070,7052,500.0,500.0,500.0,29,14120,0,120,0,0,1,0,0.5,2,0
task_0038,family_06,template_06,1.0,1.0,14,B-RAG-EMBED,1,0,0,1,7250,7250,7250,500.0,500.0,500.0,29,14270,150,120,0,0,1,0,0.5,2,0
task_0038,family_06,template_06,1.0,1.0,14,B-STAGEHAND-CACHE,1,0,0,1,7050,7050,7050,500.0,500.0,500.0,29,14120,0,120,0,0,1,0,0.5,2,0
task_0038,family_06,template_06,1.0,1.0,14,B-TERX-REPLAY,1,0,0,1,7050,7050,7050,500.0,500.0,500.0,29,14120,0,120,0,0,1,0,0.5,2,0
task_0038,family_06,template_06,1.0,1.0,14,NC1-SHUFFLED,1,0,1,1,7050,7050,7050,500.0,500.0,500.0,29,14120,0,120,0,0,1,0,0.4,2,0
task_0038,family_06,template_06,1.0,1.0,14,NC2-RANDOM,0,1,0,0,6350,6350,6260,435.7142857142857,435.7142857142857,435.7142857142857,27,12510,150,120,2,1,0,1,0.8,4,1
task_0038,family_06,template_06,1.0,1.0,14,B-LENGTH-PROPORTIONAL,1,0,0,1,7050,7050,7050,500.0,500.0,500.0,29,14120,0,120,0,0,1,0,0.5,2,0
task_0039,family_06,template_06,0.25,0.3333,14,P-SPIDER-PARAM,1,0,0,1,2850,2850,2760,178.57142857142858,178.57142857142858,178.57142857142858,19,5470,150,120,10,1,1,1,0.8681113630213828,4,0
task_0039,family_06,template_06,0.25,0.3333,14,B-COLD,1,0,0,1,7050,7050,7050,500.0,500.0,500.0,29,14120,0,120,0,0,1,0,0.5,2,0
task_0039,family_06,template_06,0.25,0.3333,14,B-INSTRUCTION,1,0,0,1,7070,7070,7052,500.0,500.0,500.0,29,14120,0,120,0,0,1,0,0.5,2,0
task_0039,family_06,template_06,0.25,0.3333,14,B-RAG-EMBED,1,0,0,1,3200,3200,3200,210.71428571428572,210.71428571428572,210.71428571428572,20,6350,150,120,9,1,1,0,0.5,2,0
task_0039,family_06,template_06,0.25,0.3333,14,B-STAGEHAND-CACHE,1,0,0,1,7050,7050,7050,500.0,500.0,500.0,29,14120,0,120,0,0,1,0,0.5,2,0
task_0039,family_06,template_06,0.25,0.3333,14,B-TERX-REPLAY,1,0,0,1,7050,7050,7050,500.0,500.0,500.0,29,14120,0,120,0,0,1,0,0.5,2,0
task_0039,family_06,template_06,0.25,0.3333,14,NC1-SHUFFLED,0,1,1,0,7050,7050,7050,500.0,500.0,500.0,29,14120,0,120,0,0,0,0,0.4,2,1
task_0039,family_06,template_06,0.25,0.3333,14,NC2-RANDOM,0,1,0,0,4350,4350,4260,292.85714285714283,292.85714285714283,292.85714285714283,19,8510,150,120,2,1,0,1,0.8,4,1
task_0039,family_06,template_06,0.25,0.3333,14,B-LENGTH-PROPORTIONAL,1,0,0,1,7050,7050,7050,500.0,500.0,500.0,29,14120,0,120,0,0,1,0,0.5,2,0
task_0040,family_06,template_06,0.5,0.6667,14,P-SPIDER-PARAM,1,0,1,0,7350,7350,7260,500.0,500.0,500.0,29,14270,150,120,0,0,1,0,0.0863710399142184,0,0
task_0040,family_06,template_06,0.5,0.6667,14,B-COLD,1,0,0,1,7050,7050,7050,500.0,500.0,500.0,29,14120,0,120,0,0,1,0,0.5,2,0
task_0040,family_06,template_06,0.5,0.6667,14,B-INSTRUCTION,1,0,0,1,7070,7070,7052,500.0,500.0,500.0,29,14120,0,120,0,0,1,0,0.5,2,0
task_0040,family_06,template_06,0.5,0.6667,14,B-RAG-EMBED,1,0,0,1,5000,5000,5000,339.2857142857143,339.2857142857143,339.2857142857143,24,9870,150,120,5,1,1,0,0.5,2,0
task_0040,family_06,template_06,0.5,0.6667,14,B-STAGEHAND-CACHE,1,0,0,1,7050,7050,7050,500.0,500.0,500.0,29,14120,0,120,0,0,1,0,0.5,2,0
task_0040,family_06,template_06,0.5,0.6667,14,B-TERX-REPLAY,1,0,0,1,7050,7050,7050,500.0,500.0,500.0,29,14120,0,120,0,0,1,0,0.5,2,0
task_0040,family_06,template_06,0.5,0.6667,14,NC1-SHUFFLED,1,0,1,1,7050,7050,7050,500.0,500.0,500.0,29,14120,0,120,0,0,1,0,0.4,2,0
task_0040,family_06,template_06,0.5,0.6667,14,NC2-RANDOM,1,0,0,1,4850,4850,4760,328.57142857142856,328.57142857142856,328.57142857142856,21,9510,150,120,2,1,1,1,0.8,4,0
task_0040,family_06,template_06,0.5,0.6667,14,B-LENGTH-PROPORTIONAL,1,0,0,1,7050,7050,7050,500.0,500.0,500.0,29,14120,0,120,0,0,1,0,0.5,2,0
task_0041,family_06,template_06,0.75,0.6667,14,P-SPIDER-PARAM,1,0,1,0,7350,7350,7260,500.0,500.0,500.0,29,14270,150,120,0,0,1,0,0.06800810643310566,0,0
task_0041,family_06,template_06,0.75,0.6667,14,B-COLD,1,0,0,1,7050,7050,7050,500.0,500.0,500.0,29,14120,0,120,0,0,1,0,0.5,2,0
task_0041,family_06,template_06,0.75,0.6667,14,B-INSTRUCTION,1,0,0,1,7070,7070,7052,500.0,500.0,500.0,29,14120,0,120,0,0,1,0,0.5,2,0
task_0041,family_06,template_06,0.75,0.6667,14,B-RAG-EMBED,1,0,0,1,5000,5000,5000,339.2857142857143,339.2857142857143,339.2857142857143,24,9870,150,120,5,1,1,0,0.5,2,0
task_0041,family_06,template_06,0.75,0.6667,14,B-STAGEHAND-CACHE,1,0,0,1,7050,7050,7050,500.0,500.0,500.0,29,14120,0,120,0,0,1,0,0.5,2,0
task_0041,family_06,template_06,0.75,0.6667,14,B-TERX-REPLAY,1,0,0,1,7050,7050,7050,500.0,500.0,500.0,29,14120,0,120,0,0,1,0,0.5,2,0
task_0041,family_06,template_06,0.75,0.6667,14,NC1-SHUFFLED,1,0,1,1,7050,7050,7050,500.0,500.0,500.0,29,14120,0,120,0,0,1,0,0.4,2,0
task_0041,family_06,template_06,0.75,0.6667,14,NC2-RANDOM,1,0,0,1,3350,3350,3260,221.42857142857142,221.42857142857142,221.42857142857142,15,6510,150,120,2,1,1,1,0.8,4,0
task_0041,family_06,template_06,0.75,0.6667,14,B-LENGTH-PROPORTIONAL,1,0,0,1,7050,7050,7050,500.0,500.0,500.0,29,14120,0,120,0,0,1,0,0.5,2,0
task_0042,family_07,template_07,0.0,0.0,8,P-SPIDER-PARAM,1,0,0,1,750,750,660,50.0,50.0,50.0,9,1230,150,120,8,1,1,0,0.9808204777029943,4,0
task_0042,family_07,template_07,0.0,0.0,8,B-COLD,1,0,0,1,4050,4050,4050,500.0,500.0,500.0,17,8120,0,120,0,0,1,0,0.5,2,0
task_0042,family_07,template_07,0.0,0.0,8,B-INSTRUCTION,1,0,0,1,4070,4070,4052,500.0,500.0,500.0,17,8120,0,120,0,0,1,0,0.5,2,0
task_0042,family_07,template_07,0.0,0.0,8,B-RAG-EMBED,1,0,0,1,650,650,650,50.0,50.0,50.0,9,1230,150,120,8,1,1,0,0.5,2,0
task_0042,family_07,template_07,0.0,0.0,8,B-STAGEHAND-CACHE,1,0,0,1,450,450,450,50.0,50.0,50.0,9,1080,0,120,8,1,1,0,0.5,2,0
task_0042,family_07,template_07,0.0,0.0,8,B-TERX-REPLAY,1,0,0,1,450,450,450,50.0,50.0,50.0,9,1080,0,120,8,1,1,0,0.5,2,0
task_0042,family_07,template_07,0.0,0.0,8,NC1-SHUFFLED,1,0,1,1,4050,4050,4050,500.0,500.0,500.0,17,8120,0,120,0,0,1,0,0.4,2,0
task_0042,family_07,template_07,0.0,0.0,8,NC2-RANDOM,0,1,0,0,6350,6350,6260,762.5,762.5,762.5,27,12510,150,120,2,1,0,1,0.8,4,1
task_0042,family_07,template_07,0.0,0.0,8,B-LENGTH-PROPORTIONAL,1,0,0,1,4050,4050,4050,500.0,500.0,500.0,17,8120,0,120,0,0,1,0,0.5,2,0
task_0043,family_07,template_07,1.0,1.0,8,P-SPIDER-PARAM,1,0,1,0,4350,4350,4260,500.0,500.0,500.0,17,8270,150,120,0,0,1,0,0.0,0,0
task_0043,family_07,template_07,1.0,1.0,8,B-COLD,1,0,0,1,4050,4050,4050,500.0,500.0,500.0,17,8120,0,120,0,0,1,0,0.5,2,0
task_0043,family_07,template_07,1.0,1.0,8,B-INSTRUCTION,1,0,0,1,4070,4070,4052,500.0,500.0,500.0,17,8120,0,120,0,0,1,0,0.5,2,0
task_0043,family_07,template_07,1.0,1.0,8,B-RAG-EMBED,1,0,0,1,4250,4250,4250,500.0,500.0,500.0,17,8270,150,120,0,0,1,0,0.5,2,0
task_0043,family_07,template_07,1.0,1.0,8,B-STAGEHAND-CACHE,1,0,0,1,4050,4050,4050,500.0,500.0,500.0,17,8120,0,120,0,0,1,0,0.5,2,0
task_0043,family_07,template_07,1.0,1.0,8,B-TERX-REPLAY,1,0,0,1,4050,4050,4050,500.0,500.0,500.0,17,8120,0,120,0,0,1,0,0.5,2,0
task_0043,family_07,template_07,1.0,1.0,8,NC1-SHUFFLED,1,0,1,1,4050,4050,4050,500.0,500.0,500.0,17,8120,0,120,0,0,1,0,0.4,2,0
task_0043,family_07,template_07,1.0,1.0,8,NC2-RANDOM,1,0,0,1,5350,5350,5260,637.5,637.5,637.5,23,10510,150,120,2,1,1,1,0.8,4,0
task_0043,family_07,template_07,1.0,1.0,8,B-LENGTH-PROPORTIONAL,1,0,0,1,4050,4050,4050,500.0,500.0,500.0,17,8120,0,120,0,0,1,0,0.5,2,0
task_0044,family_07,template_07,0.25,0.0,8,P-SPIDER-PARAM,1,0,0,1,750,750,660,50.0,50.0,50.0,9,1230,150,120,8,1,1,0,0.9645583218221059,4,0
task_0044,family_07,template_07,0.25,0.0,8,B-COLD,1,0,0,1,4050,4050,4050,500.0,500.0,500.0,17,8120,0,120,0,0,1,0,0.5,2,0
task_0044,family_07,template_07,0.25,0.0,8,B-INSTRUCTION,1,0,0,1,4070,4070,4052,500.0,500.0,500.0,17,8120,0,120,0,0,1,0,0.5,2,0
task_0044,family_07,template_07,0.25,0.0,8,B-RAG-EMBED,1,0,0,1,650,650,650,50.0,50.0,50.0,9,1230,150,120,8,1,1,0,0.5,2,0
task_0044,family_07,template_07,0.25,0.0,8,B-STAGEHAND-CACHE,1,0,0,1,4050,4050,4050,500.0,500.0,500.0,17,8120,0,120,0,0,1,0,0.5,2,0
task_0044,family_07,template_07,0.25,0.0,8,B-TERX-REPLAY,1,0,0,1,4050,4050,4050,500.0,500.0,500.0,17,8120,0,120,0,0,1,0,0.5,2,0
task_0044,family_07,template_07,0.25,0.0,8,NC1-SHUFFLED,1,0,1,1,4050,4050,4050,500.0,500.0,500.0,17,8120,0,120,0,0,1,0,0.4,2,0
task_0044,family_07,template_07,0.25,0.0,8,NC2-RANDOM,1,0,0,1,5850,5850,5760,700.0,700.0,700.0,25,11510,150,120,2,1,1,1,0.8,4,0
task_0044,family_07,template_07,0.25,0.0,8,B-LENGTH-PROPORTIONAL,1,0,0,1,4050,4050,4050,500.0,500.0,500.0,17,8120,0,120,0,0,1,0,0.5,2,0
task_0045,family_07,template_07,0.5,1.0,8,P-SPIDER-PARAM,1,0,1,0,4350,4350,4260,500.0,500.0,500.0,17,8270,150,120,0,0,1,0,0.03187617310407986,0,0
task_0045,family_07,template_07,0.5,1.0,8,B-COLD,1,0,0,1,4050,4050,4050,500.0,500.0,500.0,17,8120,0,120,0,0,1,0,0.5,2,0
task_0045,family_07,template_07,0.5,1.0,8,B-INSTRUCTION,1,0,0,1,4070,4070,4052,500.0,500.0,500.0,17,8120,0,120,0,0,1,0,0.5,2,0
task_0045,family_07,template_07,0.5,1.0,8,B-RAG-EMBED,1,0,0,1,4250,4250,4250,500.0,500.0,500.0,17,8270,150,120,0,0,1,0,0.5,2,0
task_0045,family_07,template_07,0.5,1.0,8,B-STAGEHAND-CACHE,1,0,0,1,4050,4050,4050,500.0,500.0,500.0,17,8120,0,120,0,0,1,0,0.5,2,0
task_0045,family_07,template_07,0.5,1.0,8,B-TERX-REPLAY,1,0,0,1,4050,4050,4050,500.0,500.0,500.0,17,8120,0,120,0,0,1,0,0.5,2,0
task_0045,family_07,template_07,0.5,1.0,8,NC1-SHUFFLED,1,0,1,1,4050,4050,4050,500.0,500.0,500.0,17,8120,0,120,0,0,1,0,0.4,2,0
task_0045,family_07,template_07,0.5,1.0,8,NC2-RANDOM,1,0,0,1,5350,5350,5260,637.5,637.5,637.5,23,10510,150,120,2,1,1,1,0.8,4,0
task_0045,family_07,template_07,0.5,1.0,8,B-LENGTH-PROPORTIONAL,1,0,0,1,4050,4050,4050,500.0,500.0,500.0,17,8120,0,120,0,0,1,0,0.5,2,0
task_0046,family_07,template_07,0.75,1.0,8,P-SPIDER-PARAM,1,0,1,0,4350,4350,4260,500.0,500.0,500.0,17,8270,150,120,0,0,1,0,0.0,0,0
task_0046,family_07,template_07,0.75,1.0,8,B-COLD,1,0,0,1,4050,4050,4050,500.0,500.0,500.0,17,8120,0,120,0,0,1,0,0.5,2,0
task_0046,family_07,template_07,0.75,1.0,8,B-INSTRUCTION,1,0,0,1,4070,4070,4052,500.0,500.0,500.0,17,8120,0,120,0,0,1,0,0.5,2,0
task_0046,family_07,template_07,0.75,1.0,8,B-RAG-EMBED,1,0,0,1,4250,4250,4250,500.0,500.0,500.0,17,8270,150,120,0,0,1,0,0.5,2,0
task_0046,family_07,template_07,0.75,1.0,8,B-STAGEHAND-CACHE,1,0,0,1,4050,4050,4050,500.0,500.0,500.0,17,8120,0,120,0,0,1,0,0.5,2,0
task_0046,family_07,template_07,0.75,1.0,8,B-TERX-REPLAY,1,0,0,1,4050,4050,4050,500.0,500.0,500.0,17,8120,0,120,0,0,1,0,0.5,2,0
task_0046,family_07,template_07,0.75,1.0,8,NC1-SHUFFLED,1,0,1,1,4050,4050,4050,500.0,500.0,500.0,17,8120,0,120,0,0,1,0,0.4,2,0
task_0046,family_07,template_07,0.75,1.0,8,NC2-RANDOM,1,0,0,1,3350,3350,3260,387.5,387.5,387.5,15,6510,150,120,2,1,1,1,0.8,4,0
task_0046,family_07,template_07,0.75,1.0,8,B-LENGTH-PROPORTIONAL,1,0,0,1,4050,4050,4050,500.0,500.0,500.0,17,8120,0,120,0,0,1,0,0.5,2,0
task_0047,family_07,template_07,1.0,1.0,8,P-SPIDER-PARAM,1,0,1,0,4350,4350,4260,500.0,500.0,500.0,17,8270,150,120,0,0,1,0,0.007620811131496939,0,0
task_0047,family_07,template_07,1.0,1.0,8,B-COLD,1,0,0,1,4050,4050,4050,500.0,500.0,500.0,17,8120,0,120,0,0,1,0,0.5,2,0
task_0047,family_07,template_07,1.0,1.0,8,B-INSTRUCTION,1,0,0,1,4070,4070,4052,500.0,500.0,500.0,17,8120,0,120,0,0,1,0,0.5,2,0
task_0047,family_07,template_07,1.0,1.0,8,B-RAG-EMBED,1,0,0,1,4250,4250,4250,500.0,500.0,500.0,17,8270,150,120,0,0,1,0,0.5,2,0
task_0047,family_07,template_07,1.0,1.0,8,B-STAGEHAND-CACHE,1,0,0,1,4050,4050,4050,500.0,500.0,500.0,17,8120,0,120,0,0,1,0,0.5,2,0
task_0047,family_07,template_07,1.0,1.0,8,B-TERX-REPLAY,1,0,0,1,4050,4050,4050,500.0,500.0,500.0,17,8120,0,120,0,0,1,0,0.5,2,0
task_0047,family_07,template_07,1.0,1.0,8,NC1-SHUFFLED,1,0,1,1,4050,4050,4050,500.0,500.0,500.0,17,8120,0,120,0,0,1,0,0.4,2,0
task_0047,family_07,template_07,1.0,1.0,8,NC2-RANDOM,1,0,0,1,5850,5850,5760,700.0,700.0,700.0,25,11510,150,120,2,1,1,1,0.8,4,0
task_0047,family_07,template_07,1.0,1.0,8,B-LENGTH-PROPORTIONAL,1,0,0,1,4050,4050,4050,500.0,500.0,500.0,17,8120,0,120,0,0,1,0,0.5,2,0
task_0048,family_08,template_08,0.0,0.0,9,P-SPIDER-PARAM,1,0,0,1,800,800,710,50.0,50.0,50.0,10,1350,150,120,9,1,1,0,1.0,4,0
task_0048,family_08,template_08,0.0,0.0,9,B-COLD,1,0,0,1,4550,4550,4550,500.0,500.0,500.0,19,9120,0,120,0,0,1,0,0.5,2,0
task_0048,family_08,template_08,0.0,0.0,9,B-INSTRUCTION,1,0,0,1,4570,4570,4552,500.0,500.0,500.0,19,9120,0,120,0,0,1,0,0.5,2,0
task_0048,family_08,template_08,0.0,0.0,9,B-RAG-EMBED,1,0,0,1,700,700,700,50.0,50.0,50.0,10,1350,150,120,9,1,1,0,0.5,2,0
task_0048,family_08,template_08,0.0,0.0,9,B-STAGEHAND-CACHE,1,0,0,1,500,500,500,50.0,50.0,50.0,10,1200,0,120,9,1,1,0,0.5,2,0
task_0048,family_08,template_08,0.0,0.0,9,B-TERX-REPLAY,1,0,0,1,500,500,500,50.0,50.0,50.0,10,1200,0,120,9,1,1,0,0.5,2,0
task_0048,family_08,template_08,0.0,0.0,9,NC1-SHUFFLED,0,1,1,0,4550,4550,4550,500.0,500.0,500.0,19,9120,0,120,0,0,0,0,0.4,2,1
task_0048,family_08,template_08,0.0,0.0,9,NC2-RANDOM,0,1,0,0,5850,5850,5760,622.2222222222222,622.2222222222222,622.2222222222222,25,11510,150,120,2,1,0,1,0.8,4,1
task_0048,family_08,template_08,0.0,0.0,9,B-LENGTH-PROPORTIONAL,1,0,0,1,4550,4550,4550,500.0,500.0,500.0,19,9120,0,120,0,0,1,0,0.5,2,0
task_0049,family_08,template_08,0.25,0.5,9,P-SPIDER-PARAM,1,0,1,0,4850,4850,4760,500.0,500.0,500.0,19,9270,150,120,0,0,1,0,0.49605907101986496,2,0
task_0049,family_08,template_08,0.25,0.5,9,B-COLD,1,0,0,1,4550,4550,4550,500.0,500.0,500.0,19,9120,0,120,0,0,1,0,0.5,2,0
task_0049,family_08,template_08,0.25,0.5,9,B-INSTRUCTION,1,0,0,1,4570,4570,4552,500.0,500.0,500.0,19,9120,0,120,0,0,1,0,0.5,2,0
task_0049,family_08,template_08,0.25,0.5,9,B-RAG-EMBED,1,0,0,1,2500,2500,2500,250.0,250.0,250.0,14,4870,150,120,5,1,1,0,0.5,2,0
task_0049,family_08,template_08,0.25,0.5,9,B-STAGEHAND-CACHE,1,0,0,1,4550,4550,4550,500.0,500.0,500.0,19,9120,0,120,0,0,1,0,0.5,2,0
task_0049,family_08,template_08,0.25,0.5,9,B-TERX-REPLAY,1,0,0,1,4550,4550,4550,500.0,500.0,500.0,19,9120,0,120,0,0,1,0,0.5,2,0
task_0049,family_08,template_08,0.25,0.5,9,NC1-SHUFFLED,1,0,1,1,4550,4550,4550,500.0,500.0,500.0,19,9120,0,120,0,0,1,0,0.4,2,0
task_0049,family_08,template_08,0.25,0.5,9,NC2-RANDOM,1,0,0,1,5350,5350,5260,566.6666666666666,566.6666666666666,566.6666666666666,23,10510,150,120,2,1,1,1,0.8,4,0
task_0049,family_08,template_08,0.25,0.5,9,B-LENGTH-PROPORTIONAL,1,0,0,1,4550,4550,4550,500.0,500.0,500.0,19,9120,0,120,0,0,1,0,0.5,2,0
task_0050,family_08,template_08,0.5,0.5,9,P-SPIDER-PARAM,1,0,1,0,4850,4850,4760,500.0,500.0,500.0,19,9270,150,120,0,0,1,0,0.5181833971573744,2,0
task_0050,family_08,template_08,0.5,0.5,9,B-COLD,1,0,0,1,4550,4550,4550,500.0,500.0,500.0,19,9120,0,120,0,0,1,0,0.5,2,0
task_0050,family_08,template_08,0.5,0.5,9,B-INSTRUCTION,1,0,0,1,4570,4570,4552,500.0,500.0,500.0,19,9120,0,120,0,0,1,0,0.5,2,0
task_0050,family_08,template_08,0.5,0.5,9,B-RAG-EMBED,1,0,0,1,2500,2500,2500,250.0,250.0,250.0,14,4870,150,120,5,1,1,0,0.5,2,0
task_0050,family_08,template_08,0.5,0.5,9,B-STAGEHAND-CACHE,1,0,0,1,4550,4550,4550,500.0,500.0,500.0,19,9120,0,120,0,0,1,0,0.5,2,0
task_0050,family_08,template_08,0.5,0.5,9,B-TERX-REPLAY,1,0,0,1,4550,4550,4550,500.0,500.0,500.0,19,9120,0,120,0,0,1,0,0.5,2,0
task_0050,family_08,template_08,0.5,0.5,9,NC1-SHUFFLED,1,0,1,1,4550,4550,4550,500.0,500.0,500.0,19,9120,0,120,0,0,1,0,0.4,2,0
task_0050,family_08,template_08,0.5,0.5,9,NC2-RANDOM,1,0,0,1,6350,6350,6260,677.7777777777778,677.7777777777778,677.7777777777778,27,12510,150,120,2,1,1,1,0.8,4,0
task_0050,family_08,template_08,0.5,0.5,9,B-LENGTH-PROPORTIONAL,1,0,0,1,4550,4550,4550,500.0,500.0,500.0,19,9120,0,120,0,0,1,0,0.5,2,0
task_0051,family_08,template_08,0.75,1.0,9,P-SPIDER-PARAM,1,0,1,0,4850,4850,4760,500.0,500.0,500.0,19,9270,150,120,0,0,1,0,0.0,0,0
task_0051,family_08,template_08,0.75,1.0,9,B-COLD,1,0,0,1,4550,4550,4550,500.0,500.0,500.0,19,9120,0,120,0,0,1,0,0.5,2,0
task_0051,family_08,template_08,0.75,1.0,9,B-INSTRUCTION,1,0,0,1,4570,4570,4552,500.0,500.0,500.0,19,9120,0,120,0,0,1,0,0.5,2,0
task_0051,family_08,template_08,0.75,1.0,9,B-RAG-EMBED,1,0,0,1,4750,4750,4750,500.0,500.0,500.0,19,9270,150,120,0,0,1,0,0.5,2,0
task_0051,family_08,template_08,0.75,1.0,9,B-STAGEHAND-CACHE,1,0,0,1,4550,4550,4550,500.0,500.0,500.0,19,9120,0,120,0,0,1,0,0.5,2,0
task_0051,family_08,template_08,0.75,1.0,9,B-TERX-REPLAY,1,0,0,1,4550,4550,4550,500.0,500.0,500.0,19,9120,0,120,0,0,1,0,0.5,2,0
task_0051,family_08,template_08,0.75,1.0,9,NC1-SHUFFLED,1,0,1,1,4550,4550,4550,500.0,500.0,500.0,19,9120,0,120,0,0,1,0,0.4,2,0
task_0051,family_08,template_08,0.75,1.0,9,NC2-RANDOM,1,0,0,1,5350,5350,5260,566.6666666666666,566.6666666666666,566.6666666666666,23,10510,150,120,2,1,1,1,0.8,4,0
task_0051,family_08,template_08,0.75,1.0,9,B-LENGTH-PROPORTIONAL,1,0,0,1,4550,4550,4550,500.0,500.0,500.0,19,9120,0,120,0,0,1,0,0.5,2,0
task_0052,family_08,template_08,1.0,1.0,9,P-SPIDER-PARAM,1,0,1,0,4850,4850,4760,500.0,500.0,500.0,19,9270,150,120,0,0,1,0,0.005267813444725984,0,0
task_0052,family_08,template_08,1.0,1.0,9,B-COLD,1,0,0,1,4550,4550,4550,500.0,500.0,500.0,19,9120,0,120,0,0,1,0,0.5,2,0
task_0052,family_08,template_08,1.0,1.0,9,B-INSTRUCTION,1,0,0,1,4570,4570,4552,500.0,500.0,500.0,19,9120,0,120,0,0,1,0,0.5,2,0
task_0052,family_08,template_08,1.0,1.0,9,B-RAG-EMBED,1,0,0,1,4750,4750,4750,500.0,500.0,500.0,19,9270,150,120,0,0,1,0,0.5,2,0
task_0052,family_08,template_08,1.0,1.0,9,B-STAGEHAND-CACHE,1,0,0,1,4550,4550,4550,500.0,500.0,500.0,19,9120,0,120,0,0,1,0,0.5,2,0
task_0052,family_08,template_08,1.0,1.0,9,B-TERX-REPLAY,1,0,0,1,4550,4550,4550,500.0,500.0,500.0,19,9120,0,120,0,0,1,0,0.5,2,0
task_0052,family_08,template_08,1.0,1.0,9,NC1-SHUFFLED,0,1,1,0,4550,4550,4550,500.0,500.0,500.0,19,9120,0,120,0,0,0,0,0.4,2,1
task_0052,family_08,template_08,1.0,1.0,9,NC2-RANDOM,0,1,0,0,4350,4350,4260,455.55555555555554,455.55555555555554,455.55555555555554,19,8510,150,120,2,1,0,1,0.8,4,1
task_0052,family_08,template_08,1.0,1.0,9,B-LENGTH-PROPORTIONAL,1,0,0,1,4550,4550,4550,500.0,500.0,500.0,19,9120,0,120,0,0,1,0,0.5,2,0
task_0053,family_08,template_08,0.25,0.5,9,P-SPIDER-PARAM,1,0,1,0,4850,4850,4760,500.0,500.0,500.0,19,9270,150,120,0,0,1,0,0.5378083573902854,2,0
task_0053,family_08,template_08,0.25,0.5,9,B-COLD,1,0,0,1,4550,4550,4550,500.0,500.0,500.0,19,9120,0,120,0,0,1,0,0.5,2,0
task_0053,family_08,template_08,0.25,0.5,9,B-INSTRUCTION,1,0,0,1,4570,4570,4552,500.0,500.0,500.0,19,9120,0,120,0,0,1,0,0.5,2,0
task_0053,family_08,template_08,0.25,0.5,9,B-RAG-EMBED,1,0,0,1,2500,2500,2500,250.0,250.0,250.0,14,4870,150,120,5,1,1,0,0.5,2,0
task_0053,family_08,template_08,0.25,0.5,9,B-STAGEHAND-CACHE,1,0,0,1,4550,4550,4550,500.0,500.0,500.0,19,9120,0,120,0,0,1,0,0.5,2,0
task_0053,family_08,template_08,0.25,0.5,9,B-TERX-REPLAY,1,0,0,1,4550,4550,4550,500.0,500.0,500.0,19,9120,0,120,0,0,1,0,0.5,2,0
task_0053,family_08,template_08,0.25,0.5,9,NC1-SHUFFLED,1,0,1,1,4550,4550,4550,500.0,500.0,500.0,19,9120,0,120,0,0,1,0,0.4,2,0
task_0053,family_08,template_08,0.25,0.5,9,NC2-RANDOM,1,0,0,1,3650,3650,3560,377.77777777777777,377.77777777777777,377.77777777777777,21,7230,150,120,8,1,1,1,0.8,4,0
task_0053,family_08,template_08,0.25,0.5,9,B-LENGTH-PROPORTIONAL,1,0,0,1,4550,4550,4550,500.0,500.0,500.0,19,9120,0,120,0,0,1,0,0.5,2,0
task_0054,family_09,template_09,0.0,0.0,10,P-SPIDER-PARAM,1,0,0,1,850,850,760,50.0,50.0,50.0,11,1470,150,120,10,1,1,0,0.9558374535045303,4,0
task_0054,family_09,template_09,0.0,0.0,10,B-COLD,1,0,0,1,5050,5050,5050,500.0,500.0,500.0,21,10120,0,120,0,0,1,0,0.5,2,0
task_0054,family_09,template_09,0.0,0.0,10,B-INSTRUCTION,1,0,0,1,5070,5070,5052,500.0,500.0,500.0,21,10120,0,120,0,0,1,0,0.5,2,0
task_0054,family_09,template_09,0.0,0.0,10,B-RAG-EMBED,1,0,0,1,750,750,750,50.0,50.0,50.0,11,1470,150,120,10,1,1,0,0.5,2,0
task_0054,family_09,template_09,0.0,0.0,10,B-STAGEHAND-CACHE,1,0,0,1,550,550,550,50.0,50.0,50.0,11,1320,0,120,10,1,1,0,0.5,2,0
task_0054,family_09,template_09,0.0,0.0,10,B-TERX-REPLAY,1,0,0,1,550,550,550,50.0,50.0,50.0,11,1320,0,120,10,1,1,0,0.5,2,0
task_0054,family_09,template_09,0.0,0.0,10,NC1-SHUFFLED,1,0,1,1,5050,5050,5050,500.0,500.0,500.0,21,10120,0,120,0,0,1,0,0.4,2,0
task_0054,family_09,template_09,0.0,0.0,10,NC2-RANDOM,0,1,0,0,3850,3850,3760,360.0,360.0,360.0,17,7510,150,120,2,1,0,1,0.8,4,1
task_0054,family_09,template_09,0.0,0.0,10,B-LENGTH-PROPORTIONAL,1,0,0,1,5050,5050,5050,500.0,500.0,500.0,21,10120,0,120,0,0,1,0,0.5,2,0
task_0055,family_09,template_09,0.5,0.5,10,P-SPIDER-PARAM,1,0,1,0,5350,5350,5260,500.0,500.0,500.0,21,10270,150,120,0,0,1,0,0.5072979583076186,2,0
task_0055,family_09,template_09,0.5,0.5,10,B-COLD,1,0,0,1,5050,5050,5050,500.0,500.0,500.0,21,10120,0,120,0,0,1,0,0.5,2,0
task_0055,family_09,template_09,0.5,0.5,10,B-INSTRUCTION,1,0,0,1,5070,5070,5052,500.0,500.0,500.0,21,10120,0,120,0,0,1,0,0.5,2,0
task_0055,family_09,template_09,0.5,0.5,10,B-RAG-EMBED,1,0,0,1,3000,3000,3000,275.0,275.0,275.0,16,5870,150,120,5,1,1,0,0.5,2,0
task_0055,family_09,template_09,0.5,0.5,10,B-STAGEHAND-CACHE,1,0,0,1,5050,5050,5050,500.0,500.0,500.0,21,10120,0,120,0,0,1,0,0.5,2,0
task_0055,family_09,template_09,0.5,0.5,10,B-TERX-REPLAY,1,0,0,1,5050,5050,5050,500.0,500.0,500.0,21,10120,0,120,0,0,1,0,0.5,2,0
task_0055,family_09,template_09,0.5,0.5,10,NC1-SHUFFLED,1,0,1,1,5050,5050,5050,500.0,500.0,500.0,21,10120,0,120,0,0,1,0,0.4,2,0
task_0055,family_09,template_09,0.5,0.5,10,NC2-RANDOM,1,0,0,1,4850,4850,4760,460.0,460.0,460.0,21,9510,150,120,2,1,1,1,0.8,4,0
task_0055,family_09,template_09,0.5,0.5,10,B-LENGTH-PROPORTIONAL,1,0,0,1,5050,5050,5050,500.0,500.0,500.0,21,10120,0,120,0,0,1,0,0.5,2,0
task_0056,family_09,template_09,0.75,1.0,10,P-SPIDER-PARAM,1,0,1,0,5350,5350,5260,500.0,500.0,500.0,21,10270,150,120,0,0,1,0,0.006213154969278374,0,0
task_0056,family_09,template_09,0.75,1.0,10,B-COLD,1,0,0,1,5050,5050,5050,500.0,500.0,500.0,21,10120,0,120,0,0,1,0,0.5,2,0
task_0056,family_09,template_09,0.75,1.0,10,B-INSTRUCTION,1,0,0,1,5070,5070,5052,500.0,500.0,500.0,21,10120,0,120,0,0,1,0,0.5,2,0
task_0056,family_09,template_09,0.75,1.0,10,B-RAG-EMBED,1,0,0,1,5250,5250,5250,500.0,500.0,500.0,21,10270,150,120,0,0,1,0,0.5,2,0
task_0056,family_09,template_09,0.75,1.0,10,B-STAGEHAND-CACHE,1,0,0,1,5050,5050,5050,500.0,500.0,500.0,21,10120,0,120,0,0,1,0,0.5,2,0
task_0056,family_09,template_09,0.75,1.0,10,B-TERX-REPLAY,1,0,0,1,5050,5050,5050,500.0,500.0,500.0,21,10120,0,120,0,0,1,0,0.5,2,0
task_0056,family_09,template_09,0.75,1.0,10,NC1-SHUFFLED,1,0,1,1,5050,5050,5050,500.0,500.0,500.0,21,10120,0,120,0,0,1,0,0.4,2,0
task_0056,family_09,template_09,0.75,1.0,10,NC2-RANDOM,1,0,0,1,4000,4000,3910,375.0,375.0,375.0,20,7870,150,120,5,1,1,1,0.8,4,0
task_0056,family_09,template_09,0.75,1.0,10,B-LENGTH-PROPORTIONAL,1,0,0,1,5050,5050,5050,500.0,500.0,500.0,21,10120,0,120,0,0,1,0,0.5,2,0
task_0057,family_09,template_09,1.0,1.0,10,P-SPIDER-PARAM,1,0,1,0,5350,5350,5260,500.0,500.0,500.0,21,10270,150,120,0,0,1,0,0.0,0,0
task_0057,family_09,template_09,1.0,1.0,10,B-COLD,1,0,0,1,5050,5050,5050,500.0,500.0,500.0,21,10120,0,120,0,0,1,0,0.5,2,0
task_0057,family_09,template_09,1.0,1.0,10,B-INSTRUCTION,1,0,0,1,5070,5070,5052,500.0,500.0,500.0,21,10120,0,120,0,0,1,0,0.5,2,0
task_0057,family_09,template_09,1.0,1.0,10,B-RAG-EMBED,1,0,0,1,5250,5250,5250,500.0,500.0,500.0,21,10270,150,120,0,0,1,0,0.5,2,0
task_0057,family_09,template_09,1.0,1.0,10,B-STAGEHAND-CACHE,1,0,0,1,5050,5050,5050,500.0,500.0,500.0,21,10120,0,120,0,0,1,0,0.5,2,0
task_0057,family_09,template_09,1.0,1.0,10,B-TERX-REPLAY,1,0,0,1,5050,5050,5050,500.0,500.0,500.0,21,10120,0,120,0,0,1,0,0.5,2,0
task_0057,family_09,template_09,1.0,1.0,10,NC1-SHUFFLED,0,1,1,0,5050,5050,5050,500.0,500.0,500.0,21,10120,0,120,0,0,0,0,0.4,2,1
task_0057,family_09,template_09,1.0,1.0,10,NC2-RANDOM,1,0,0,1,4850,4850,4760,460.0,460.0,460.0,21,9510,150,120,2,1,1,1,0.8,4,0
task_0057,family_09,template_09,1.0,1.0,10,B-LENGTH-PROPORTIONAL,1,0,0,1,5050,5050,5050,500.0,500.0,500.0,21,10120,0,120,0,0,1,0,0.5,2,0
task_0058,family_09,template_09,0.25,0.5,10,P-SPIDER-PARAM,1,0,1,0,5350,5350,5260,500.0,500.0,500.0,21,10270,150,120,0,0,1,0,0.5032547255925445,2,0
task_0058,family_09,template_09,0.25,0.5,10,B-COLD,1,0,0,1,5050,5050,5050,500.0,500.0,500.0,21,10120,0,120,0,0,1,0,0.5,2,0
task_0058,family_09,template_09,0.25,0.5,10,B-INSTRUCTION,1,0,0,1,5070,5070,5052,500.0,500.0,500.0,21,10120,0,120,0,0,1,0,0.5,2,0
task_0058,family_09,template_09,0.25,0.5,10,B-RAG-EMBED,1,0,0,1,3000,3000,3000,275.0,275.0,275.0,16,5870,150,120,5,1,1,0,0.5,2,0
task_0058,family_09,template_09,0.25,0.5,10,B-STAGEHAND-CACHE,1,0,0,1,5050,5050,5050,500.0,500.0,500.0,21,10120,0,120,0,0,1,0,0.5,2,0
task_0058,family_09,template_09,0.25,0.5,10,B-TERX-REPLAY,1,0,0,1,5050,5050,5050,500.0,500.0,500.0,21,10120,0,120,0,0,1,0,0.5,2,0
task_0058,family_09,template_09,0.25,0.5,10,NC1-SHUFFLED,1,0,1,1,5050,5050,5050,500.0,500.0,500.0,21,10120,0,120,0,0,1,0,0.4,2,0
task_0058,family_09,template_09,0.25,0.5,10,NC2-RANDOM,1,0,0,1,6350,6350,6260,610.0,610.0,610.0,27,12510,150,120,2,1,1,1,0.8,4,0
task_0058,family_09,template_09,0.25,0.5,10,B-LENGTH-PROPORTIONAL,1,0,0,1,5050,5050,5050,500.0,500.0,500.0,21,10120,0,120,0,0,1,0,0.5,2,0
task_0059,family_09,template_09,0.5,0.5,10,P-SPIDER-PARAM,1,0,1,0,5350,5350,5260,500.0,500.0,500.0,21,10270,150,120,0,0,1,0,0.49529758187303646,2,0
task_0059,family_09,template_09,0.5,0.5,10,B-COLD,1,0,0,1,5050,5050,5050,500.0,500.0,500.0,21,10120,0,120,0,0,1,0,0.5,2,0
task_0059,family_09,template_09,0.5,0.5,10,B-INSTRUCTION,1,0,0,1,5070,5070,5052,500.0,500.0,500.0,21,10120,0,120,0,0,1,0,0.5,2,0
task_0059,family_09,template_09,0.5,0.5,10,B-RAG-EMBED,1,0,0,1,3000,3000,3000,275.0,275.0,275.0,16,5870,150,120,5,1,1,0,0.5,2,0
task_0059,family_09,template_09,0.5,0.5,10,B-STAGEHAND-CACHE,1,0,0,1,5050,5050,5050,500.0,500.0,500.0,21,10120,0,120,0,0,1,0,0.5,2,0
task_0059,family_09,template_09,0.5,0.5,10,B-TERX-REPLAY,1,0,0,1,5050,5050,5050,500.0,500.0,500.0,21,10120,0,120,0,0,1,0,0.5,2,0
task_0059,family_09,template_09,0.5,0.5,10,NC1-SHUFFLED,1,0,1,1,5050,5050,5050,500.0,500.0,500.0,21,10120,0,120,0,0,1,0,0.4,2,0
task_0059,family_09,template_09,0.5,0.5,10,NC2-RANDOM,1,0,0,1,5350,5350,5260,510.0,510.0,510.0,23,10510,150,120,2,1,1,1,0.8,4,0
task_0059,family_09,template_09,0.5,0.5,10,B-LENGTH-PROPORTIONAL,1,0,0,1,5050,5050,5050,500.0,500.0,500.0,21,10120,0,120,0,0,1,0,0.5,2,0
task_0060,family_10,template_10,0.0,0.0,11,P-SPIDER-PARAM,1,0,0,1,900,900,810,50.0,50.0,50.0,12,1590,150,120,11,1,1,0,1.0,4,0
task_0060,family_10,template_10,0.0,0.0,11,B-COLD,1,0,0,1,5550,5550,5550,500.0,500.0,500.0,23,11120,0,120,0,0,1,0,0.5,2,0
task_0060,family_10,template_10,0.0,0.0,11,B-INSTRUCTION,1,0,0,1,5570,5570,5552,500.0,500.0,500.0,23,11120,0,120,0,0,1,0,0.5,2,0
task_0060,family_10,template_10,0.0,0.0,11,B-RAG-EMBED,1,0,0,1,800,800,800,50.0,50.0,50.0,12,1590,150,120,11,1,1,0,0.5,2,0
task_0060,family_10,template_10,0.0,0.0,11,B-STAGEHAND-CACHE,1,0,0,1,600,600,600,50.0,50.0,50.0,12,1440,0,120,11,1,1,0,0.5,2,0
task_0060,family_10,template_10,0.0,0.0,11,B-TERX-REPLAY,1,0,0,1,600,600,600,50.0,50.0,50.0,12,1440,0,120,11,1,1,0,0.5,2,0
task_0060,family_10,template_10,0.0,0.0,11,NC1-SHUFFLED,1,0,1,1,5550,5550,5550,500.0,500.0,500.0,23,11120,0,120,0,0,1,0,0.4,2,0
task_0060,family_10,template_10,0.0,0.0,11,NC2-RANDOM,0,1,0,0,5850,5850,5760,509.09090909090907,509.09090909090907,509.09090909090907,25,11510,150,120,2,1,0,1,0.8,4,1
task_0060,family_10,template_10,0.0,0.0,11,B-LENGTH-PROPORTIONAL,1,0,0,1,5550,5550,5550,500.0,500.0,500.0,23,11120,0,120,0,0,1,0,0.5,2,0
task_0061,family_10,template_10,0.75,0.6667,11,P-SPIDER-PARAM,1,0,1,0,5850,5850,5760,500.0,500.0,500.0,23,11270,150,120,0,0,1,0,0.12955244180328995,0,0
task_0061,family_10,template_10,0.75,0.6667,11,B-COLD,1,0,0,1,5550,5550,5550,500.0,500.0,500.0,23,11120,0,120,0,0,1,0,0.5,2,0
task_0061,family_10,template_10,0.75,0.6667,11,B-INSTRUCTION,1,0,0,1,5570,5570,5552,500.0,500.0,500.0,23,11120,0,120,0,0,1,0,0.5,2,0
task_0061,family_10,template_10,0.75,0.6667,11,B-RAG-EMBED,1,0,0,1,3950,3950,3950,336.3636363636364,336.3636363636364,336.3636363636364,19,7750,150,120,4,1,1,0,0.5,2,0
task_0061,family_10,template_10,0.75,0.6667,11,B-STAGEHAND-CACHE,1,0,0,1,5550,5550,5550,500.0,500.0,500.0,23,11120,0,120,0,0,1,0,0.5,2,0
task_0061,family_10,template_10,0.75,0.6667,11,B-TERX-REPLAY,1,0,0,1,5550,5550,5550,500.0,500.0,500.0,23,11120,0,120,0,0,1,0,0.5,2,0
task_0061,family_10,template_10,0.75,0.6667,11,NC1-SHUFFLED,1,0,1,1,5550,5550,5550,500.0,500.0,500.0,23,11120,0,120,0,0,1,0,0.4,2,0
task_0061,family_10,template_10,0.75,0.6667,11,NC2-RANDOM,1,0,0,1,5350,5350,5260,463.6363636363636,463.6363636363636,463.6363636363636,23,10510,150,120,2,1,1,1,0.8,4,0
task_0061,family_10,template_10,0.75,0.6667,11,B-LENGTH-PROPORTIONAL,1,0,0,1,5550,5550,5550,500.0,500.0,500.0,23,11120,0,120,0,0,1,0,0.5,2,0
task_0062,family_10,template_10,1.0,1.0,11,P-SPIDER-PARAM,1,0,1,0,5850,5850,5760,500.0,500.0,500.0,23,11270,150,120,0,0,1,0,0.013937391779514845,0,0
task_0062,family_10,template_10,1.0,1.0,11,B-COLD,1,0,0,1,5550,5550,5550,500.0,500.0,500.0,23,11120,0,120,0,0,1,0,0.5,2,0
task_0062,family_10,template_10,1.0,1.0,11,B-INSTRUCTION,1,0,0,1,5570,5570,5552,500.0,500.0,500.0,23,11120,0,120,0,0,1,0,0.5,2,0
task_0062,family_10,template_10,1.0,1.0,11,B-RAG-EMBED,1,0,0,1,5750,5750,5750,500.0,500.0,500.0,23,11270,150,120,0,0,1,0,0.5,2,0
task_0062,family_10,template_10,1.0,1.0,11,B-STAGEHAND-CACHE,1,0,0,1,5550,5550,5550,500.0,500.0,500.0,23,11120,0,120,0,0,1,0,0.5,2,0
task_0062,family_10,template_10,1.0,1.0,11,B-TERX-REPLAY,1,0,0,1,5550,5550,5550,500.0,500.0,500.0,23,11120,0,120,0,0,1,0,0.5,2,0
task_0062,family_10,template_10,1.0,1.0,11,NC1-SHUFFLED,1,0,1,1,5550,5550,5550,500.0,500.0,500.0,23,11120,0,120,0,0,1,0,0.4,2,0
task_0062,family_10,template_10,1.0,1.0,11,NC2-RANDOM,0,1,0,0,5350,5350,5260,463.6363636363636,463.6363636363636,463.6363636363636,23,10510,150,120,2,1,0,1,0.8,4,1
task_0062,family_10,template_10,1.0,1.0,11,B-LENGTH-PROPORTIONAL,1,0,0,1,5550,5550,5550,500.0,500.0,500.0,23,11120,0,120,0,0,1,0,0.5,2,0
task_0063,family_10,template_10,0.25,0.3333,11,P-SPIDER-PARAM,1,0,0,1,2250,2250,2160,172.72727272727272,172.72727272727272,172.72727272727272,15,4230,150,120,8,1,1,1,0.9108643532649829,4,0
task_0063,family_10,template_10,0.25,0.3333,11,B-COLD,1,0,0,1,5550,5550,5550,500.0,500.0,500.0,23,11120,0,120,0,0,1,0,0.5,2,0
task_0063,family_10,template_10,0.25,0.3333,11,B-INSTRUCTION,1,0,0,1,5570,5570,5552,500.0,500.0,500.0,23,11120,0,120,0,0,1,0,0.5,2,0
task_0063,family_10,template_10,0.25,0.3333,11,B-RAG-EMBED,1,0,0,1,2600,2600,2600,213.63636363636363,213.63636363636363,213.63636363636363,16,5110,150,120,7,1,1,0,0.5,2,0
task_0063,family_10,template_10,0.25,0.3333,11,B-STAGEHAND-CACHE,1,0,0,1,5550,5550,5550,500.0,500.0,500.0,23,11120,0,120,0,0,1,0,0.5,2,0
task_0063,family_10,template_10,0.25,0.3333,11,B-TERX-REPLAY,1,0,0,1,5550,5550,5550,500.0,500.0,500.0,23,11120,0,120,0,0,1,0,0.5,2,0
task_0063,family_10,template_10,0.25,0.3333,11,NC1-SHUFFLED,1,0,1,1,5550,5550,5550,500.0,500.0,500.0,23,11120,0,120,0,0,1,0,0.4,2,0
task_0063,family_10,template_10,0.25,0.3333,11,NC2-RANDOM,0,1,0,0,5350,5350,5260,463.6363636363636,463.6363636363636,463.6363636363636,23,10510,150,120,2,1,0,1,0.8,4,1
task_0063,family_10,template_10,0.25,0.3333,11,B-LENGTH-PROPORTIONAL,1,0,0,1,5550,5550,5550,500.0,500.0,500.0,23,11120,0,120,0,0,1,0,0.5,2,0
task_0064,family_10,template_10,0.5,0.6667,11,P-SPIDER-PARAM,1,0,1,0,5850,5850,5760,500.0,500.0,500.0,23,11270,150,120,0,0,1,0,0.1342765957026705,0,0
task_0064,family_10,template_10,0.5,0.6667,11,B-COLD,1,0,0,1,5550,5550,5550,500.0,500.0,500.0,23,11120,0,120,0,0,1,0,0.5,2,0
task_0064,family_10,template_10,0.5,0.6667,11,B-INSTRUCTION,1,0,0,1,5570,5570,5552,500.0,500.0,500.0,23,11120,0,120,0,0,1,0,0.5,2,0
task_0064,family_10,template_10,0.5,0.6667,11,B-RAG-EMBED,1,0,0,1,3950,3950,3950,336.3636363636364,336.3636363636364,336.3636363636364,19,7750,150,120,4,1,1,0,0.5,2,0
task_0064,family_10,template_10,0.5,0.6667,11,B-STAGEHAND-CACHE,1,0,0,1,5550,5550,5550,500.0,500.0,500.0,23,11120,0,120,0,0,1,0,0.5,2,0
task_0064,family_10,template_10,0.5,0.6667,11,B-TERX-REPLAY,1,0,0,1,5550,5550,5550,500.0,500.0,500.0,23,11120,0,120,0,0,1,0,0.5,2,0
task_0064,family_10,template_10,0.5,0.6667,11,NC1-SHUFFLED,1,0,1,1,5550,5550,5550,500.0,500.0,500.0,23,11120,0,120,0,0,1,0,0.4,2,0
task_0064,family_10,template_10,0.5,0.6667,11,NC2-RANDOM,1,0,0,1,3850,3850,3760,327.27272727272725,327.27272727272725,327.27272727272725,17,7510,150,120,2,1,1,1,0.8,4,0
task_0064,family_10,template_10,0.5,0.6667,11,B-LENGTH-PROPORTIONAL,1,0,0,1,5550,5550,5550,500.0,500.0,500.0,23,11120,0,120,0,0,1,0,0.5,2,0
task_0065,family_10,template_10,0.75,0.6667,11,P-SPIDER-PARAM,1,0,1,0,5850,5850,5760,500.0,500.0,500.0,23,11270,150,120,0,0,1,0,0.07152071523966383,0,0
task_0065,family_10,template_10,0.75,0.6667,11,B-COLD,1,0,0,1,5550,5550,5550,500.0,500.0,500.0,23,11120,0,120,0,0,1,0,0.5,2,0
task_0065,family_10,template_10,0.75,0.6667,11,B-INSTRUCTION,1,0,0,1,5570,5570,5552,500.0,500.0,500.0,23,11120,0,120,0,0,1,0,0.5,2,0
task_0065,family_10,template_10,0.75,0.6667,11,B-RAG-EMBED,1,0,0,1,3950,3950,3950,336.3636363636364,336.3636363636364,336.3636363636364,19,7750,150,120,4,1,1,0,0.5,2,0
task_0065,family_10,template_10,0.75,0.6667,11,B-STAGEHAND-CACHE,1,0,0,1,5550,5550,5550,500.0,500.0,500.0,23,11120,0,120,0,0,1,0,0.5,2,0
task_0065,family_10,template_10,0.75,0.6667,11,B-TERX-REPLAY,1,0,0,1,5550,5550,5550,500.0,500.0,500.0,23,11120,0,120,0,0,1,0,0.5,2,0
task_0065,family_10,template_10,0.75,0.6667,11,NC1-SHUFFLED,1,0,1,1,5550,5550,5550,500.0,500.0,500.0,23,11120,0,120,0,0,1,0,0.4,2,0
task_0065,family_10,template_10,0.75,0.6667,11,NC2-RANDOM,1,0,0,1,4350,4350,4260,372.72727272727275,372.72727272727275,372.72727272727275,19,8510,150,120,2,1,1,1,0.8,4,0
task_0065,family_10,template_10,0.75,0.6667,11,B-LENGTH-PROPORTIONAL,1,0,0,1,5550,5550,5550,500.0,500.0,500.0,23,11120,0,120,0,0,1,0,0.5,2,0
task_0066,family_11,template_11,0.0,0.0,12,P-SPIDER-PARAM,1,0,0,1,950,950,860,50.0,50.0,50.0,13,1710,150,120,12,1,1,0,0.9863649953528495,4,0
task_0066,family_11,template_11,0.0,0.0,12,B-COLD,1,0,0,1,6050,6050,6050,500.0,500.0,500.0,25,12120,0,120,0,0,1,0,0.5,2,0
task_0066,family_11,template_11,0.0,0.0,12,B-INSTRUCTION,1,0,0,1,6070,6070,6052,500.0,500.0,500.0,25,12120,0,120,0,0,1,0,0.5,2,0
task_0066,family_11,template_11,0.0,0.0,12,B-RAG-EMBED,1,0,0,1,850,850,850,50.0,50.0,50.0,13,1710,150,120,12,1,1,0,0.5,2,0
task_0066,family_11,template_11,0.0,0.0,12,B-STAGEHAND-CACHE,1,0,0,1,650,650,650,50.0,50.0,50.0,13,1560,0,120,12,1,1,0,0.5,2,0
task_0066,family_11,template_11,0.0,0.0,12,B-TERX-REPLAY,1,0,0,1,650,650,650,50.0,50.0,50.0,13,1560,0,120,12,1,1,0,0.5,2,0
task_0066,family_11,template_11,0.0,0.0,12,NC1-SHUFFLED,1,0,1,1,6050,6050,6050,500.0,500.0,500.0,25,12120,0,120,0,0,1,0,0.4,2,0
task_0066,family_11,template_11,0.0,0.0,12,NC2-RANDOM,0,1,0,0,3050,3050,2960,233.33333333333334,233.33333333333334,233.33333333333334,17,5990,150,120,6,1,0,1,0.8,4,1
task_0066,family_11,template_11,0.0,0.0,12,B-LENGTH-PROPORTIONAL,1,0,0,1,6050,6050,6050,500.0,500.0,500.0,25,12120,0,120,0,0,1,0,0.5,2,0
task_0067,family_11,template_11,1.0,1.0,12,P-SPIDER-PARAM,1,0,1,0,6350,6350,6260,500.0,500.0,500.0,25,12270,150,120,0,0,1,0,0.0,0,0
task_0067,family_11,template_11,1.0,1.0,12,B-COLD,1,0,0,1,6050,6050,6050,500.0,500.0,500.0,25,12120,0,120,0,0,1,0,0.5,2,0
task_0067,family_11,template_11,1.0,1.0,12,B-INSTRUCTION,1,0,0,1,6070,6070,6052,500.0,500.0,500.0,25,12120,0,120,0,0,1,0,0.5,2,0
task_0067,family_11,template_11,1.0,1.0,12,B-RAG-EMBED,1,0,0,1,6250,6250,6250,500.0,500.0,500.0,25,12270,150,120,0,0,1,0,0.5,2,0
task_0067,family_11,template_11,1.0,1.0,12,B-STAGEHAND-CACHE,1,0,0,1,6050,6050,6050,500.0,500.0,500.0,25,12120,0,120,0,0,1,0,0.5,2,0
task_0067,family_11,template_11,1.0,1.0,12,B-TERX-REPLAY,1,0,0,1,6050,6050,6050,500.0,500.0,500.0,25,12120,0,120,0,0,1,0,0.5,2,0
task_0067,family_11,template_11,1.0,1.0,12,NC1-SHUFFLED,1,0,1,1,6050,6050,6050,500.0,500.0,500.0,25,12120,0,120,0,0,1,0,0.4,2,0
task_0067,family_11,template_11,1.0,1.0,12,NC2-RANDOM,1,0,0,1,3350,3350,3260,258.3333333333333,258.3333333333333,258.3333333333333,15,6510,150,120,2,1,1,1,0.8,4,0
task_0067,family_11,template_11,1.0,1.0,12,B-LENGTH-PROPORTIONAL,1,0,0,1,6050,6050,6050,500.0,500.0,500.0,25,12120,0,120,0,0,1,0,0.5,2,0
task_0068,family_11,template_11,0.25,0.0,12,P-SPIDER-PARAM,1,0,0,1,950,950,860,50.0,50.0,50.0,13,1710,150,120,12,1,1,0,1.0,4,0
task_0068,family_11,template_11,0.25,0.0,12,B-COLD,1,0,0,1,6050,6050,6050,500.0,500.0,500.0,25,12120,0,120,0,0,1,0,0.5,2,0
task_0068,family_11,template_11,0.25,0.0,12,B-INSTRUCTION,1,0,0,1,6070,6070,6052,500.0,500.0,500.0,25,12120,0,120,0,0,1,0,0.5,2,0
task_0068,family_11,template_11,0.25,0.0,12,B-RAG-EMBED,1,0,0,1,850,850,850,50.0,50.0,50.0,13,1710,150,120,12,1,1,0,0.5,2,0
task_0068,family_11,template_11,0.25,0.0,12,B-STAGEHAND-CACHE,1,0,0,1,6050,6050,6050,500.0,500.0,500.0,25,12120,0,120,0,0,1,0,0.5,2,0
task_0068,family_11,template_11,0.25,0.0,12,B-TERX-REPLAY,1,0,0,1,6050,6050,6050,500.0,500.0,500.0,25,12120,0,120,0,0,1,0,0.5,2,0
task_0068,family_11,template_11,0.25,0.0,12,NC1-SHUFFLED,1,0,1,1,6050,6050,6050,500.0,500.0,500.0,25,12120,0,120,0,0,1,0,0.4,2,0
task_0068,family_11,template_11,0.25,0.0,12,NC2-RANDOM,1,0,0,1,3050,3050,2960,233.33333333333334,233.33333333333334,233.33333333333334,17,5990,150,120,6,1,1,1,0.8,4,0
task_0068,family_11,template_11,0.25,0.0,12,B-LENGTH-PROPORTIONAL,1,0,0,1,6050,6050,6050,500.0,500.0,500.0,25,12120,0,120,0,0,1,0,0.5,2,0
task_0069,family_11,template_11,0.5,1.0,12,P-SPIDER-PARAM,1,0,1,0,6350,6350,6260,500.0,500.0,500.0,25,12270,150,120,0,0,1,0,0.0,0,0
task_0069,family_11,template_11,0.5,1.0,12,B-COLD,1,0,0,1,6050,6050,6050,500.0,500.0,500.0,25,12120,0,120,0,0,1,0,0.5,2,0
task_0069,family_11,template_11,0.5,1.0,12,B-INSTRUCTION,1,0,0,1,6070,6070,6052,500.0,500.0,500.0,25,12120,0,120,0,0,1,0,0.5,2,0
task_0069,family_11,template_11,0.5,1.0,12,B-RAG-EMBED,1,0,0,1,6250,6250,6250,500.0,500.0,500.0,25,12270,150,120,0,0,1,0,0.5,2,0
task_0069,family_11,template_11,0.5,1.0,12,B-STAGEHAND-CACHE,1,0,0,1,6050,6050,6050,500.0,500.0,500.0,25,12120,0,120,0,0,1,0,0.5,2,0
task_0069,family_11,template_11,0.5,1.0,12,B-TERX-REPLAY,1,0,0,1,6050,6050,6050,500.0,500.0,500.0,25,12120,0,120,0,0,1,0,0.5,2,0
task_0069,family_11,template_11,0.5,1.0,12,NC1-SHUFFLED,1,0,1,1,6050,6050,6050,500.0,500.0,500.0,25,12120,0,120,0,0,1,0,0.4,2,0
task_0069,family_11,template_11,0.5,1.0,12,NC2-RANDOM,0,1,0,0,4000,4000,3910,312.5,312.5,312.5,20,7870,150,120,5,1,0,1,0.8,4,1
task_0069,family_11,template_11,0.5,1.0,12,B-LENGTH-PROPORTIONAL,1,0,0,1,6050,6050,6050,500.0,500.0,500.0,25,12120,0,120,0,0,1,0,0.5,2,0
task_0070,family_11,template_11,0.75,1.0,12,P-SPIDER-PARAM,1,0,1,0,6350,6350,6260,500.0,500.0,500.0,25,12270,150,120,0,0,1,0,0.0,0,0
task_0070,family_11,template_11,0.75,1.0,12,B-COLD,1,0,0,1,6050,6050,6050,500.0,500.0,500.0,25,12120,0,120,0,0,1,0,0.5,2,0
task_0070,family_11,template_11,0.75,1.0,12,B-INSTRUCTION,1,0,0,1,6070,6070,6052,500.0,500.0,500.0,25,12120,0,120,0,0,1,0,0.5,2,0
task_0070,family_11,template_11,0.75,1.0,12,B-RAG-EMBED,1,0,0,1,6250,6250,6250,500.0,500.0,500.0,25,12270,150,120,0,0,1,0,0.5,2,0
task_0070,family_11,template_11,0.75,1.0,12,B-STAGEHAND-CACHE,1,0,0,1,6050,6050,6050,500.0,500.0,500.0,25,12120,0,120,0,0,1,0,0.5,2,0
task_0070,family_11,template_11,0.75,1.0,12,B-TERX-REPLAY,1,0,0,1,6050,6050,6050,500.0,500.0,500.0,25,12120,0,120,0,0,1,0,0.5,2,0
task_0070,family_11,template_11,0.75,1.0,12,NC1-SHUFFLED,1,0,1,1,6050,6050,6050,500.0,500.0,500.0,25,12120,0,120,0,0,1,0,0.4,2,0
task_0070,family_11,template_11,0.75,1.0,12,NC2-RANDOM,1,0,0,1,5850,5850,5760,466.6666666666667,466.6666666666667,466.6666666666667,25,11510,150,120,2,1,1,1,0.8,4,0
task_0070,family_11,template_11,0.75,1.0,12,B-LENGTH-PROPORTIONAL,1,0,0,1,6050,6050,6050,500.0,500.0,500.0,25,12120,0,120,0,0,1,0,0.5,2,0
task_0071,family_11,template_11,1.0,1.0,12,P-SPIDER-PARAM,1,0,1,0,6350,6350,6260,500.0,500.0,500.0,25,12270,150,120,0,0,1,0,0.02001114873618567,0,0
task_0071,family_11,template_11,1.0,1.0,12,B-COLD,1,0,0,1,6050,6050,6050,500.0,500.0,500.0,25,12120,0,120,0,0,1,0,0.5,2,0
task_0071,family_11,template_11,1.0,1.0,12,B-INSTRUCTION,1,0,0,1,6070,6070,6052,500.0,500.0,500.0,25,12120,0,120,0,0,1,0,0.5,2,0
task_0071,family_11,template_11,1.0,1.0,12,B-RAG-EMBED,1,0,0,1,6250,6250,6250,500.0,500.0,500.0,25,12270,150,120,0,0,1,0,0.5,2,0
task_0071,family_11,template_11,1.0,1.0,12,B-STAGEHAND-CACHE,1,0,0,1,6050,6050,6050,500.0,500.0,500.0,25,12120,0,120,0,0,1,0,0.5,2,0
task_0071,family_11,template_11,1.0,1.0,12,B-TERX-REPLAY,1,0,0,1,6050,6050,6050,500.0,500.0,500.0,25,12120,0,120,0,0,1,0,0.5,2,0
task_0071,family_11,template_11,1.0,1.0,12,NC1-SHUFFLED,1,0,1,1,6050,6050,6050,500.0,500.0,500.0,25,12120,0,120,0,0,1,0,0.4,2,0
task_0071,family_11,template_11,1.0,1.0,12,NC2-RANDOM,1,0,0,1,3600,3600,3510,279.1666666666667,279.1666666666667,279.1666666666667,20,7110,150,120,7,1,1,1,0.8,4,0
task_0071,family_11,template_11,1.0,1.0,12,B-LENGTH-PROPORTIONAL,1,0,0,1,6050,6050,6050,500.0,500.0,500.0,25,12120,0,120,0,0,1,0,0.5,2,0
task_0072,family_12,template_12,0.0,0.0,13,P-SPIDER-PARAM,1,0,0,1,1000,1000,910,50.0,50.0,50.0,14,1830,150,120,13,1,1,0,1.0,4,0
task_0072,family_12,template_12,0.0,0.0,13,B-COLD,1,0,0,1,6550,6550,6550,500.0,500.0,500.0,27,13120,0,120,0,0,1,0,0.5,2,0
task_0072,family_12,template_12,0.0,0.0,13,B-INSTRUCTION,1,0,0,1,6570,6570,6552,500.0,500.0,500.0,27,13120,0,120,0,0,1,0,0.5,2,0
task_0072,family_12,template_12,0.0,0.0,13,B-RAG-EMBED,1,0,0,1,900,900,900,50.0,50.0,50.0,14,1830,150,120,13,1,1,0,0.5,2,0
task_0072,family_12,template_12,0.0,0.0,13,B-STAGEHAND-CACHE,1,0,0,1,700,700,700,50.0,50.0,50.0,14,1680,0,120,13,1,1,0,0.5,2,0
task_0072,family_12,template_12,0.0,0.0,13,B-TERX-REPLAY,1,0,0,1,700,700,700,50.0,50.0,50.0,14,1680,0,120,13,1,1,0,0.5,2,0
task_0072,family_12,template_12,0.0,0.0,13,NC1-SHUFFLED,1,0,1,1,6550,6550,6550,500.0,500.0,500.0,27,13120,0,120,0,0,1,0,0.4,2,0
task_0072,family_12,template_12,0.0,0.0,13,NC2-RANDOM,1,0,0,1,900,900,810,50.0,50.0,50.0,14,1830,150,120,13,1,1,0,0.8,4,0
task_0072,family_12,template_12,0.0,0.0,13,B-LENGTH-PROPORTIONAL,1,0,0,1,6550,6550,6550,500.0,500.0,500.0,27,13120,0,120,0,0,1,0,0.5,2,0
task_0073,family_12,template_12,0.25,0.5,13,P-SPIDER-PARAM,1,0,1,0,6850,6850,6760,500.0,500.0,500.0,27,13270,150,120,0,0,1,0,0.5048653684968334,2,0
task_0073,family_12,template_12,0.25,0.5,13,B-COLD,1,0,0,1,6550,6550,6550,500.0,500.0,500.0,27,13120,0,120,0,0,1,0,0.5,2,0
task_0073,family_12,template_12,0.25,0.5,13,B-INSTRUCTION,1,0,0,1,6570,6570,6552,500.0,500.0,500.0,27,13120,0,120,0,0,1,0,0.5,2,0
task_0073,family_12,template_12,0.25,0.5,13,B-RAG-EMBED,1,0,0,1,3600,3600,3600,257.6923076923077,257.6923076923077,257.6923076923077,20,7110,150,120,7,1,1,0,0.5,2,0
task_0073,family_12,template_12,0.25,0.5,13,B-STAGEHAND-CACHE,1,0,0,1,6550,6550,6550,500.0,500.0,500.0,27,13120,0,120,0,0,1,0,0.5,2,0
task_0073,family_12,template_12,0.25,0.5,13,B-TERX-REPLAY,1,0,0,1,6550,6550,6550,500.0,500.0,500.0,27,13120,0,120,0,0,1,0,0.5,2,0
task_0073,family_12,template_12,0.25,0.5,13,NC1-SHUFFLED,1,0,1,1,6550,6550,6550,500.0,500.0,500.0,27,13120,0,120,0,0,1,0,0.4,2,0
task_0073,family_12,template_12,0.25,0.5,13,NC2-RANDOM,1,0,0,1,6350,6350,6260,469.2307692307692,469.2307692307692,469.2307692307692,27,12510,150,120,2,1,1,1,0.8,4,0
task_0073,family_12,template_12,0.25,0.5,13,B-LENGTH-PROPORTIONAL,1,0,0,1,6550,6550,6550,500.0,500.0,500.0,27,13120,0,120,0,0,1,0,0.5,2,0
task_0074,family_12,template_12,0.5,0.5,13,P-SPIDER-PARAM,1,0,1,0,6850,6850,6760,500.0,500.0,500.0,27,13270,150,120,0,0,1,0,0.46063306319742764,2,0
task_0074,family_12,template_12,0.5,0.5,13,B-COLD,1,0,0,1,6550,6550,6550,500.0,500.0,500.0,27,13120,0,120,0,0,1,0,0.5,2,0
task_0074,family_12,template_12,0.5,0.5,13,B-INSTRUCTION,1,0,0,1,6570,6570,6552,500.0,500.0,500.0,27,13120,0,120,0,0,1,0,0.5,2,0
task_0074,family_12,template_12,0.5,0.5,13,B-RAG-EMBED,1,0,0,1,3600,3600,3600,257.6923076923077,257.6923076923077,257.6923076923077,20,7110,150,120,7,1,1,0,0.5,2,0
task_0074,family_12,template_12,0.5,0.5,13,B-STAGEHAND-CACHE,1,0,0,1,6550,6550,6550,500.0,500.0,500.0,27,13120,0,120,0,0,1,0,0.5,2,0
task_0074,family_12,template_12,0.5,0.5,13,B-TERX-REPLAY,1,0,0,1,6550,6550,6550,500.0,500.0,500.0,27,13120,0,120,0,0,1,0,0.5,2,0
task_0074,family_12,template_12,0.5,0.5,13,NC1-SHUFFLED,1,0,1,1,6550,6550,6550,500.0,500.0,500.0,27,13120,0,120,0,0,1,0,0.4,2,0
task_0074,family_12,template_12,0.5,0.5,13,NC2-RANDOM,0,1,0,0,3850,3850,3760,276.9230769230769,276.9230769230769,276.9230769230769,17,7510,150,120,2,1,0,1,0.8,4,1
task_0074,family_12,template_12,0.5,0.5,13,B-LENGTH-PROPORTIONAL,1,0,0,1,6550,6550,6550,500.0,500.0,500.0,27,13120,0,120,0,0,1,0,0.5,2,0
task_0075,family_12,template_12,0.75,1.0,13,P-SPIDER-PARAM,1,0,1,0,6850,6850,6760,500.0,500.0,500.0,27,13270,150,120,0,0,1,0,0.0,0,0
task_0075,family_12,template_12,0.75,1.0,13,B-COLD,1,0,0,1,6550,6550,6550,500.0,500.0,500.0,27,13120,0,120,0,0,1,0,0.5,2,0
task_0075,family_12,template_12,0.75,1.0,13,B-INSTRUCTION,1,0,0,1,6570,6570,6552,500.0,500.0,500.0,27,13120,0,120,0,0,1,0,0.5,2,0
task_0075,family_12,template_12,0.75,1.0,13,B-RAG-EMBED,1,0,0,1,6750,6750,6750,500.0,500.0,500.0,27,13270,150,120,0,0,1,0,0.5,2,0
task_0075,family_12,template_12,0.75,1.0,13,B-STAGEHAND-CACHE,1,0,0,1,6550,6550,6550,500.0,500.0,500.0,27,13120,0,120,0,0,1,0,0.5,2,0
task_0075,family_12,template_12,0.75,1.0,13,B-TERX-REPLAY,1,0,0,1,6550,6550,6550,500.0,500.0,500.0,27,13120,0,120,0,0,1,0,0.5,2,0
task_0075,family_12,template_12,0.75,1.0,13,NC1-SHUFFLED,1,0,1,1,6550,6550,6550,500.0,500.0,500.0,27,13120,0,120,0,0,1,0,0.4,2,0
task_0075,family_12,template_12,0.75,1.0,13,NC2-RANDOM,0,1,0,0,3600,3600,3510,257.6923076923077,257.6923076923077,257.6923076923077,20,7110,150,120,7,1,0,1,0.8,4,1
task_0075,family_12,template_12,0.75,1.0,13,B-LENGTH-PROPORTIONAL,1,0,0,1,6550,6550,6550,500.0,500.0,500.0,27,13120,0,120,0,0,1,0,0.5,2,0
task_0076,family_12,template_12,1.0,1.0,13,P-SPIDER-PARAM,1,0,1,0,6850,6850,6760,500.0,500.0,500.0,27,13270,150,120,0,0,1,0,0.03513192938726153,0,0
task_0076,family_12,template_12,1.0,1.0,13,B-COLD,1,0,0,1,6550,6550,6550,500.0,500.0,500.0,27,13120,0,120,0,0,1,0,0.5,2,0
task_0076,family_12,template_12,1.0,1.0,13,B-INSTRUCTION,1,0,0,1,6570,6570,6552,500.0,500.0,500.0,27,13120,0,120,0,0,1,0,0.5,2,0
task_0076,family_12,template_12,1.0,1.0,13,B-RAG-EMBED,1,0,0,1,6750,6750,6750,500.0,500.0,500.0,27,13270,150,120,0,0,1,0,0.5,2,0
task_0076,family_12,template_12,1.0,1.0,13,B-STAGEHAND-CACHE,1,0,0,1,6550,6550,6550,500.0,500.0,500.0,27,13120,0,120,0,0,1,0,0.5,2,0
task_0076,family_12,template_12,1.0,1.0,13,B-TERX-REPLAY,1,0,0,1,6550,6550,6550,500.0,500.0,500.0,27,13120,0,120,0,0,1,0,0.5,2,0
task_0076,family_12,template_12,1.0,1.0,13,NC1-SHUFFLED,1,0,1,1,6550,6550,6550,500.0,500.0,500.0,27,13120,0,120,0,0,1,0,0.4,2,0
task_0076,family_12,template_12,1.0,1.0,13,NC2-RANDOM,1,0,0,1,5850,5850,5760,430.7692307692308,430.7692307692308,430.7692307692308,25,11510,150,120,2,1,1,1,0.8,4,0
task_0076,family_12,template_12,1.0,1.0,13,B-LENGTH-PROPORTIONAL,1,0,0,1,6550,6550,6550,500.0,500.0,500.0,27,13120,0,120,0,0,1,0,0.5,2,0
task_0077,family_13,template_13,0.0,0.0,14,P-SPIDER-PARAM,1,0,0,1,1050,1050,960,50.0,50.0,50.0,15,1950,150,120,14,1,1,0,1.0,4,0
task_0077,family_13,template_13,0.0,0.0,14,B-COLD,1,0,0,1,7050,7050,7050,500.0,500.0,500.0,29,14120,0,120,0,0,1,0,0.5,2,0
task_0077,family_13,template_13,0.0,0.0,14,B-INSTRUCTION,1,0,0,1,7070,7070,7052,500.0,500.0,500.0,29,14120,0,120,0,0,1,0,0.5,2,0
task_0077,family_13,template_13,0.0,0.0,14,B-RAG-EMBED,1,0,0,1,950,950,950,50.0,50.0,50.0,15,1950,150,120,14,1,1,0,0.5,2,0
task_0077,family_13,template_13,0.0,0.0,14,B-STAGEHAND-CACHE,1,0,0,1,750,750,750,50.0,50.0,50.0,15,1800,0,120,14,1,1,0,0.5,2,0
task_0077,family_13,template_13,0.0,0.0,14,B-TERX-REPLAY,1,0,0,1,750,750,750,50.0,50.0,50.0,15,1800,0,120,14,1,1,0,0.5,2,0
task_0077,family_13,template_13,0.0,0.0,14,NC1-SHUFFLED,1,0,1,1,7050,7050,7050,500.0,500.0,500.0,29,14120,0,120,0,0,1,0,0.4,2,0
task_0077,family_13,template_13,0.0,0.0,14,NC2-RANDOM,1,0,0,1,3850,3850,3760,257.14285714285717,257.14285714285717,257.14285714285717,17,7510,150,120,2,1,1,1,0.8,4,0
task_0077,family_13,template_13,0.0,0.0,14,B-LENGTH-PROPORTIONAL,1,0,0,1,7050,7050,7050,500.0,500.0,500.0,29,14120,0,120,0,0,1,0,0.5,2,0
task_0078,family_13,template_13,0.5,0.5,14,P-SPIDER-PARAM,1,0,1,0,7350,7350,7260,500.0,500.0,500.0,29,14270,150,120,0,0,1,0,0.5437222991128854,2,0
task_0078,family_13,template_13,0.5,0.5,14,B-COLD,1,0,0,1,7050,7050,7050,500.0,500.0,500.0,29,14120,0,120,0,0,1,0,0.5,2,0
task_0078,family_13,template_13,0.5,0.5,14,B-INSTRUCTION,1,0,0,1,7070,7070,7052,500.0,500.0,500.0,29,14120,0,120,0,0,1,0,0.5,2,0
task_0078,family_13,template_13,0.5,0.5,14,B-RAG-EMBED,1,0,0,1,4100,4100,4100,275.0,275.0,275.0,22,8110,150,120,7,1,1,0,0.5,2,0
task_0078,family_13,template_13,0.5,0.5,14,B-STAGEHAND-CACHE,1,0,0,1,7050,7050,7050,500.0,500.0,500.0,29,14120,0,120,0,0,1,0,0.5,2,0
task_0078,family_13,template_13,0.5,0.5,14,B-TERX-REPLAY,1,0,0,1,7050,7050,7050,500.0,500.0,500.0,29,14120,0,120,0,0,1,0,0.5,2,0
task_0078,family_13,template_13,0.5,0.5,14,NC1-SHUFFLED,1,0,1,1,7050,7050,7050,500.0,500.0,500.0,29,14120,0,120,0,0,1,0,0.4,2,0
task_0078,family_13,template_13,0.5,0.5,14,NC2-RANDOM,1,0,0,1,3050,3050,2960,200.0,200.0,200.0,17,5990,150,120,6,1,1,1,0.8,4,0
task_0078,family_13,template_13,0.5,0.5,14,B-LENGTH-PROPORTIONAL,1,0,0,1,7050,7050,7050,500.0,500.0,500.0,29,14120,0,120,0,0,1,0,0.5,2,0
task_0079,family_13,template_13,0.75,1.0,14,P-SPIDER-PARAM,1,0,1,0,7350,7350,7260,500.0,500.0,500.0,29,14270,150,120,0,0,1,0,0.04671567436678308,0,0
task_0079,family_13,template_13,0.75,1.0,14,B-COLD,1,0,0,1,7050,7050,7050,500.0,500.0,500.0,29,14120,0,120,0,0,1,0,0.5,2,0
task_0079,family_13,template_13,0.75,1.0,14,B-INSTRUCTION,1,0,0,1,7070,7070,7052,500.0,500.0,500.0,29,14120,0,120,0,0,1,0,0.5,2,0
task_0079,family_13,template_13,0.75,1.0,14,B-RAG-EMBED,1,0,0,1,7250,7250,7250,500.0,500.0,500.0,29,14270,150,120,0,0,1,0,0.5,2,0
task_0079,family_13,template_13,0.75,1.0,14,B-STAGEHAND-CACHE,1,0,0,1,7050,7050,7050,500.0,500.0,500.0,29,14120,0,120,0,0,1,0,0.5,2,0
task_0079,family_13,template_13,0.75,1.0,14,B-TERX-REPLAY,1,0,0,1,7050,7050,7050,500.0,500.0,500.0,29,14120,0,120,0,0,1,0,0.5,2,0
task_0079,family_13,template_13,0.75,1.0,14,NC1-SHUFFLED,1,0,1,1,7050,7050,7050,500.0,500.0,500.0,29,14120,0,120,0,0,1,0,0.4,2,0
task_0079,family_13,template_13,0.75,1.0,14,NC2-RANDOM,1,0,0,1,6350,6350,6260,435.7142857142857,435.7142857142857,435.7142857142857,27,12510,150,120,2,1,1,1,0.8,4,0
task_0079,family_13,template_13,0.75,1.0,14,B-LENGTH-PROPORTIONAL,1,0,0,1,7050,7050,7050,500.0,500.0,500.0,29,14120,0,120,0,0,1,0,0.5,2,0
task_0080,family_13,template_13,1.0,1.0,14,P-SPIDER-PARAM,1,0,1,0,7350,7350,7260,500.0,500.0,500.0,29,14270,150,120,0,0,1,0,0.0,0,0
task_0080,family_13,template_13,1.0,1.0,14,B-COLD,1,0,0,1,7050,7050,7050,500.0,500.0,500.0,29,14120,0,120,0,0,1,0,0.5,2,0
task_0080,family_13,template_13,1.0,1.0,14,B-INSTRUCTION,1,0,0,1,7070,7070,7052,500.0,500.0,500.0,29,14120,0,120,0,0,1,0,0.5,2,0
task_0080,family_13,template_13,1.0,1.0,14,B-RAG-EMBED,1,0,0,1,7250,7250,7250,500.0,500.0,500.0,29,14270,150,120,0,0,1,0,0.5,2,0
task_0080,family_13,template_13,1.0,1.0,14,B-STAGEHAND-CACHE,1,0,0,1,7050,7050,7050,500.0,500.0,500.0,29,14120,0,120,0,0,1,0,0.5,2,0
task_0080,family_13,template_13,1.0,1.0,14,B-TERX-REPLAY,1,0,0,1,7050,7050,7050,500.0,500.0,500.0,29,14120,0,120,0,0,1,0,0.5,2,0
task_0080,family_13,template_13,1.0,1.0,14,NC1-SHUFFLED,1,0,1,1,7050,7050,7050,500.0,500.0,500.0,29,14120,0,120,0,0,1,0,0.4,2,0
task_0080,family_13,template_13,1.0,1.0,14,NC2-RANDOM,0,1,0,0,4000,4000,3910,267.85714285714283,267.85714285714283,267.85714285714283,20,7870,150,120,5,1,0,1,0.8,4,1
task_0080,family_13,template_13,1.0,1.0,14,B-LENGTH-PROPORTIONAL,1,0,0,1,7050,7050,7050,500.0,500.0,500.0,29,14120,0,120,0,0,1,0,0.5,2,0
task_0081,family_13,template_13,0.25,0.5,14,P-SPIDER-PARAM,1,0,1,0,7350,7350,7260,500.0,500.0,500.0,29,14270,150,120,0,0,1,0,0.4591458241195697,2,0
task_0081,family_13,template_13,0.25,0.5,14,B-COLD,1,0,0,1,7050,7050,7050,500.0,500.0,500.0,29,14120,0,120,0,0,1,0,0.5,2,0
task_0081,family_13,template_13,0.25,0.5,14,B-INSTRUCTION,1,0,0,1,7070,7070,7052,500.0,500.0,500.0,29,14120,0,120,0,0,1,0,0.5,2,0
task_0081,family_13,template_13,0.25,0.5,14,B-RAG-EMBED,1,0,0,1,4100,4100,4100,275.0,275.0,275.0,22,8110,150,120,7,1,1,0,0.5,2,0
task_0081,family_13,template_13,0.25,0.5,14,B-STAGEHAND-CACHE,1,0,0,1,7050,7050,7050,500.0,500.0,500.0,29,14120,0,120,0,0,1,0,0.5,2,0
task_0081,family_13,template_13,0.25,0.5,14,B-TERX-REPLAY,1,0,0,1,7050,7050,7050,500.0,500.0,500.0,29,14120,0,120,0,0,1,0,0.5,2,0
task_0081,family_13,template_13,0.25,0.5,14,NC1-SHUFFLED,1,0,1,1,7050,7050,7050,500.0,500.0,500.0,29,14120,0,120,0,0,1,0,0.4,2,0
task_0081,family_13,template_13,0.25,0.5,14,NC2-RANDOM,1,0,0,1,6350,6350,6260,435.7142857142857,435.7142857142857,435.7142857142857,27,12510,150,120,2,1,1,1,0.8,4,0
task_0081,family_13,template_13,0.25,0.5,14,B-LENGTH-PROPORTIONAL,1,0,0,1,7050,7050,7050,500.0,500.0,500.0,29,14120,0,120,0,0,1,0,0.5,2,0
task_0082,family_14,template_14,0.0,0.0,8,P-SPIDER-PARAM,1,0,0,1,750,750,660,50.0,50.0,50.0,9,1230,150,120,8,1,1,0,0.9653600186426513,4,0
task_0082,family_14,template_14,0.0,0.0,8,B-COLD,1,0,0,1,4050,4050,4050,500.0,500.0,500.0,17,8120,0,120,0,0,1,0,0.5,2,0
task_0082,family_14,template_14,0.0,0.0,8,B-INSTRUCTION,1,0,0,1,4070,4070,4052,500.0,500.0,500.0,17,8120,0,120,0,0,1,0,0.5,2,0
task_0082,family_14,template_14,0.0,0.0,8,B-RAG-EMBED,1,0,0,1,650,650,650,50.0,50.0,50.0,9,1230,150,120,8,1,1,0,0.5,2,0
task_0082,family_14,template_14,0.0,0.0,8,B-STAGEHAND-CACHE,1,0,0,1,450,450,450,50.0,50.0,50.0,9,1080,0,120,8,1,1,0,0.5,2,0
task_0082,family_14,template_14,0.0,0.0,8,B-TERX-REPLAY,1,0,0,1,450,450,450,50.0,50.0,50.0,9,1080,0,120,8,1,1,0,0.5,2,0
task_0082,family_14,template_14,0.0,0.0,8,NC1-SHUFFLED,1,0,1,1,4050,4050,4050,500.0,500.0,500.0,17,8120,0,120,0,0,1,0,0.4,2,0
task_0082,family_14,template_14,0.0,0.0,8,NC2-RANDOM,1,0,0,1,5350,5350,5260,637.5,637.5,637.5,23,10510,150,120,2,1,1,1,0.8,4,0
task_0082,family_14,template_14,0.0,0.0,8,B-LENGTH-PROPORTIONAL,1,0,0,1,4050,4050,4050,500.0,500.0,500.0,17,8120,0,120,0,0,1,0,0.5,2,0
task_0083,family_14,template_14,0.75,0.6667,8,P-SPIDER-PARAM,1,0,1,0,4350,4350,4260,500.0,500.0,500.0,17,8270,150,120,0,0,1,0,0.14063332458546918,0,0
task_0083,family_14,template_14,0.75,0.6667,8,B-COLD,1,0,0,1,4050,4050,4050,500.0,500.0,500.0,17,8120,0,120,0,0,1,0,0.5,2,0
task_0083,family_14,template_14,0.75,0.6667,8,B-INSTRUCTION,1,0,0,1,4070,4070,4052,500.0,500.0,500.0,17,8120,0,120,0,0,1,0,0.5,2,0
task_0083,family_14,template_14,0.75,0.6667,8,B-RAG-EMBED,1,0,0,1,2900,2900,2900,331.25,331.25,331.25,14,5630,150,120,3,1,1,0,0.5,2,0
task_0083,family_14,template_14,0.75,0.6667,8,B-STAGEHAND-CACHE,1,0,0,1,4050,4050,4050,500.0,500.0,500.0,17,8120,0,120,0,0,1,0,0.5,2,0
task_0083,family_14,template_14,0.75,0.6667,8,B-TERX-REPLAY,1,0,0,1,4050,4050,4050,500.0,500.0,500.0,17,8120,0,120,0,0,1,0,0.5,2,0
task_0083,family_14,template_14,0.75,0.6667,8,NC1-SHUFFLED,1,0,1,1,4050,4050,4050,500.0,500.0,500.0,17,8120,0,120,0,0,1,0,0.4,2,0
task_0083,family_14,template_14,0.75,0.6667,8,NC2-RANDOM,1,0,0,1,3350,3350,3260,387.5,387.5,387.5,15,6510,150,120,2,1,1,1,0.8,4,0
task_0083,family_14,template_14,0.75,0.6667,8,B-LENGTH-PROPORTIONAL,1,0,0,1,4050,4050,4050,500.0,500.0,500.0,17,8120,0,120,0,0,1,0,0.5,2,0
task_0084,family_14,template_14,1.0,1.0,8,P-SPIDER-PARAM,1,0,1,0,4350,4350,4260,500.0,500.0,500.0,17,8270,150,120,0,0,1,0,0.04313177351220741,0,0
task_0084,family_14,template_14,1.0,1.0,8,B-COLD,1,0,0,1,4050,4050,4050,500.0,500.0,500.0,17,8120,0,120,0,0,1,0,0.5,2,0
task_0084,family_14,template_14,1.0,1.0,8,B-INSTRUCTION,1,0,0,1,4070,4070,4052,500.0,500.0,500.0,17,8120,0,120,0,0,1,0,0.5,2,0
task_0084,family_14,template_14,1.0,1.0,8,B-RAG-EMBED,1,0,0,1,4250,4250,4250,500.0,500.0,500.0,17,8270,150,120,0,0,1,0,0.5,2,0
task_0084,family_14,template_14,1.0,1.0,8,B-STAGEHAND-CACHE,1,0,0,1,4050,4050,4050,500.0,500.0,500.0,17,8120,0,120,0,0,1,0,0.5,2,0
task_0084,family_14,template_14,1.0,1.0,8,B-TERX-REPLAY,1,0,0,1,4050,4050,4050,500.0,500.0,500.0,17,8120,0,120,0,0,1,0,0.5,2,0
task_0084,family_14,template_14,1.0,1.0,8,NC1-SHUFFLED,1,0,1,1,4050,4050,4050,500.0,500.0,500.0,17,8120,0,120,0,0,1,0,0.4,2,0
task_0084,family_14,template_14,1.0,1.0,8,NC2-RANDOM,1,0,0,1,3850,3850,3760,450.0,450.0,450.0,17,7510,150,120,2,1,1,1,0.8,4,0
task_0084,family_14,template_14,1.0,1.0,8,B-LENGTH-PROPORTIONAL,1,0,0,1,4050,4050,4050,500.0,500.0,500.0,17,8120,0,120,0,0,1,0,0.5,2,0
task_0085,family_14,template_14,0.25,0.3333,8,P-SPIDER-PARAM,1,0,0,1,1650,1650,1560,162.5,162.5,162.5,11,2990,150,120,6,1,1,1,0.8607654712813523,4,0
task_0085,family_14,template_14,0.25,0.3333,8,B-COLD,1,0,0,1,4050,4050,4050,500.0,500.0,500.0,17,8120,0,120,0,0,1,0,0.5,2,0
task_0085,family_14,template_14,0.25,0.3333,8,B-INSTRUCTION,1,0,0,1,4070,4070,4052,500.0,500.0,500.0,17,8120,0,120,0,0,1,0,0.5,2,0
task_0085,family_14,template_14,0.25,0.3333,8,B-RAG-EMBED,1,0,0,1,2000,2000,2000,218.75,218.75,218.75,12,3870,150,120,5,1,1,0,0.5,2,0
task_0085,family_14,template_14,0.25,0.3333,8,B-STAGEHAND-CACHE,1,0,0,1,4050,4050,4050,500.0,500.0,500.0,17,8120,0,120,0,0,1,0,0.5,2,0
task_0085,family_14,template_14,0.25,0.3333,8,B-TERX-REPLAY,1,0,0,1,4050,4050,4050,500.0,500.0,500.0,17,8120,0,120,0,0,1,0,0.5,2,0
task_0085,family_14,template_14,0.25,0.3333,8,NC1-SHUFFLED,1,0,1,1,4050,4050,4050,500.0,500.0,500.0,17,8120,0,120,0,0,1,0,0.4,2,0
task_0085,family_14,template_14,0.25,0.3333,8,NC2-RANDOM,1,0,0,1,4350,4350,4260,512.5,512.5,512.5,19,8510,150,120,2,1,1,1,0.8,4,0
task_0085,family_14,template_14,0.25,0.3333,8,B-LENGTH-PROPORTIONAL,1,0,0,1,4050,4050,4050,500.0,500.0,500.0,17,8120,0,120,0,0,1,0,0.5,2,0
task_0086,family_14,template_14,0.5,0.6667,8,P-SPIDER-PARAM,1,0,1,0,4350,4350,4260,500.0,500.0,500.0,17,8270,150,120,0,0,1,0,0.1435820256370514,0,0
task_0086,family_14,template_14,0.5,0.6667,8,B-COLD,1,0,0,1,4050,4050,4050,500.0,500.0,500.0,17,8120,0,120,0,0,1,0,0.5,2,0
task_0086,family_14,template_14,0.5,0.6667,8,B-INSTRUCTION,1,0,0,1,4070,4070,4052,500.0,500.0,500.0,17,8120,0,120,0,0,1,0,0.5,2,0
task_0086,family_14,template_14,0.5,0.6667,8,B-RAG-EMBED,1,0,0,1,2900,2900,2900,331.25,331.25,331.25,14,5630,150,120,3,1,1,0,0.5,2,0
task_0086,family_14,template_14,0.5,0.6667,8,B-STAGEHAND-CACHE,1,0,0,1,4050,4050,4050,500.0,500.0,500.0,17,8120,0,120,0,0,1,0,0.5,2,0
task_0086,family_14,template_14,0.5,0.6667,8,B-TERX-REPLAY,1,0,0,1,4050,4050,4050,500.0,500.0,500.0,17,8120,0,120,0,0,1,0,0.5,2,0
task_0086,family_14,template_14,0.5,0.6667,8,NC1-SHUFFLED,1,0,1,1,4050,4050,4050,500.0,500.0,500.0,17,8120,0,120,0,0,1,0,0.4,2,0
task_0086,family_14,template_14,0.5,0.6667,8,NC2-RANDOM,1,0,0,1,4350,4350,4260,512.5,512.5,512.5,19,8510,150,120,2,1,1,1,0.8,4,0
task_0086,family_14,template_14,0.5,0.6667,8,B-LENGTH-PROPORTIONAL,1,0,0,1,4050,4050,4050,500.0,500.0,500.0,17,8120,0,120,0,0,1,0,0.5,2,0
task_0087,family_15,template_15,0.0,0.0,9,P-SPIDER-PARAM,1,0,0,1,800,800,710,50.0,50.0,50.0,10,1350,150,120,9,1,1,0,0.9513508586409478,4,0
task_0087,family_15,template_15,0.0,0.0,9,B-COLD,1,0,0,1,4550,4550,4550,500.0,500.0,500.0,19,9120,0,120,0,0,1,0,0.5,2,0
task_0087,family_15,template_15,0.0,0.0,9,B-INSTRUCTION,1,0,0,1,4570,4570,4552,500.0,500.0,500.0,19,9120,0,120,0,0,1,0,0.5,2,0
task_0087,family_15,template_15,0.0,0.0,9,B-RAG-EMBED,1,0,0,1,700,700,700,50.0,50.0,50.0,10,1350,150,120,9,1,1,0,0.5,2,0
task_0087,family_15,template_15,0.0,0.0,9,B-STAGEHAND-CACHE,1,0,0,1,500,500,500,50.0,50.0,50.0,10,1200,0,120,9,1,1,0,0.5,2,0
task_0087,family_15,template_15,0.0,0.0,9,B-TERX-REPLAY,1,0,0,1,500,500,500,50.0,50.0,50.0,10,1200,0,120,9,1,1,0,0.5,2,0
task_0087,family_15,template_15,0.0,0.0,9,NC1-SHUFFLED,0,1,1,0,4550,4550,4550,500.0,500.0,500.0,19,9120,0,120,0,0,0,0,0.4,2,1
task_0087,family_15,template_15,0.0,0.0,9,NC2-RANDOM,1,0,0,1,4550,4550,4460,477.77777777777777,477.77777777777777,477.77777777777777,23,8990,150,120,6,1,1,1,0.8,4,0
task_0087,family_15,template_15,0.0,0.0,9,B-LENGTH-PROPORTIONAL,1,0,0,1,4550,4550,4550,500.0,500.0,500.0,19,9120,0,120,0,0,1,0,0.5,2,0
task_0088,family_15,template_15,1.0,1.0,9,P-SPIDER-PARAM,1,0,1,0,4850,4850,4760,500.0,500.0,500.0,19,9270,150,120,0,0,1,0,0.010657730994567082,0,0
task_0088,family_15,template_15,1.0,1.0,9,B-COLD,1,0,0,1,4550,4550,4550,500.0,500.0,500.0,19,9120,0,120,0,0,1,0,0.5,2,0
task_0088,family_15,template_15,1.0,1.0,9,B-INSTRUCTION,1,0,0,1,4570,4570,4552,500.0,500.0,500.0,19,9120,0,120,0,0,1,0,0.5,2,0
task_0088,family_15,template_15,1.0,1.0,9,B-RAG-EMBED,1,0,0,1,4750,4750,4750,500.0,500.0,500.0,19,9270,150,120,0,0,1,0,0.5,2,0
task_0088,family_15,template_15,1.0,1.0,9,B-STAGEHAND-CACHE,1,0,0,1,4550,4550,4550,500.0,500.0,500.0,19,9120,0,120,0,0,1,0,0.5,2,0
task_0088,family_15,template_15,1.0,1.0,9,B-TERX-REPLAY,1,0,0,1,4550,4550,4550,500.0,500.0,500.0,19,9120,0,120,0,0,1,0,0.5,2,0
task_0088,family_15,template_15,1.0,1.0,9,NC1-SHUFFLED,0,1,1,0,4550,4550,4550,500.0,500.0,500.0,19,9120,0,120,0,0,0,0,0.4,2,1
task_0088,family_15,template_15,1.0,1.0,9,NC2-RANDOM,0,1,0,0,3100,3100,3010,316.6666666666667,316.6666666666667,316.6666666666667,18,6110,150,120,7,1,0,1,0.8,4,1
task_0088,family_15,template_15,1.0,1.0,9,B-LENGTH-PROPORTIONAL,1,0,0,1,4550,4550,4550,500.0,500.0,500.0,19,9120,0,120,0,0,1,0,0.5,2,0
task_0089,family_15,template_15,0.25,0.0,9,P-SPIDER-PARAM,1,0,0,1,800,800,710,50.0,50.0,50.0,10,1350,150,120,9,1,1,0,1.0,4,0
task_0089,family_15,template_15,0.25,0.0,9,B-COLD,1,0,0,1,4550,4550,4550,500.0,500.0,500.0,19,9120,0,120,0,0,1,0,0.5,2,0
task_0089,family_15,template_15,0.25,0.0,9,B-INSTRUCTION,1,0,0,1,4570,4570,4552,500.0,500.0,500.0,19,9120,0,120,0,0,1,0,0.5,2,0
task_0089,family_15,template_15,0.25,0.0,9,B-RAG-EMBED,1,0,0,1,700,700,700,50.0,50.0,50.0,10,1350,150,120,9,1,1,0,0.5,2,0
task_0089,family_15,template_15,0.25,0.0,9,B-STAGEHAND-CACHE,1,0,0,1,4550,4550,4550,500.0,500.0,500.0,19,9120,0,120,0,0,1,0,0.5,2,0
task_0089,family_15,template_15,0.25,0.0,9,B-TERX-REPLAY,1,0,0,1,4550,4550,4550,500.0,500.0,500.0,19,9120,0,120,0,0,1,0,0.5,2,0
task_0089,family_15,template_15,0.25,0.0,9,NC1-SHUFFLED,0,1,1,0,4550,4550,4550,500.0,500.0,500.0,19,9120,0,120,0,0,0,0,0.4,2,1
task_0089,family_15,template_15,0.25,0.0,9,NC2-RANDOM,1,0,0,1,3650,3650,3560,377.77777777777777,377.77777777777777,377.77777777777777,21,7230,150,120,8,1,1,1,0.8,4,0
task_0089,family_15,template_15,0.25,0.0,9,B-LENGTH-PROPORTIONAL,1,0,0,1,4550,4550,4550,500.0,500.0,500.0,19,9120,0,120,0,0,1,0,0.5,2,0
task_0090,family_15,template_15,0.5,1.0,9,P-SPIDER-PARAM,1,0,1,0,4850,4850,4760,500.0,500.0,500.0,19,9270,150,120,0,0,1,0,0.0,0,0
task_0090,family_15,template_15,0.5,1.0,9,B-COLD,1,0,0,1,4550,4550,4550,500.0,500.0,500.0,19,9120,0,120,0,0,1,0,0.5,2,0
task_0090,family_15,template_15,0.5,1.0,9,B-INSTRUCTION,1,0,0,1,4570,4570,4552,500.0,500.0,500.0,19,9120,0,120,0,0,1,0,0.5,2,0
task_0090,family_15,template_15,0.5,1.0,9,B-RAG-EMBED,1,0,0,1,4750,4750,4750,500.0,500.0,500.0,19,9270,150,120,0,0,1,0,0.5,2,0
task_0090,family_15,template_15,0.5,1.0,9,B-STAGEHAND-CACHE,1,0,0,1,4550,4550,4550,500.0,500.0,500.0,19,9120,0,120,0,0,1,0,0.5,2,0
task_0090,family_15,template_15,0.5,1.0,9,B-TERX-REPLAY,1,0,0,1,4550,4550,4550,500.0,500.0,500.0,19,9120,0,120,0,0,1,0,0.5,2,0
task_0090,family_15,template_15,0.5,1.0,9,NC1-SHUFFLED,0,1,1,0,4550,4550,4550,500.0,500.0,500.0,19,9120,0,120,0,0,0,0,0.4,2,1
task_0090,family_15,template_15,0.5,1.0,9,NC2-RANDOM,1,0,0,1,4850,4850,4760,511.1111111111111,511.1111111111111,511.1111111111111,21,9510,150,120,2,1,1,1,0.8,4,0
task_0090,family_15,template_15,0.5,1.0,9,B-LENGTH-PROPORTIONAL,1,0,0,1,4550,4550,4550,500.0,500.0,500.0,19,9120,0,120,0,0,1,0,0.5,2,0
task_0091,family_15,template_15,0.75,1.0,9,P-SPIDER-PARAM,1,0,1,0,4850,4850,4760,500.0,500.0,500.0,19,9270,150,120,0,0,1,0,0.0,0,0
task_0091,family_15,template_15,0.75,1.0,9,B-COLD,1,0,0,1,4550,4550,4550,500.0,500.0,500.0,19,9120,0,120,0,0,1,0,0.5,2,0
task_0091,family_15,template_15,0.75,1.0,9,B-INSTRUCTION,1,0,0,1,4570,4570,4552,500.0,500.0,500.0,19,9120,0,120,0,0,1,0,0.5,2,0
task_0091,family_15,template_15,0.75,1.0,9,B-RAG-EMBED,1,0,0,1,4750,4750,4750,500.0,500.0,500.0,19,9270,150,120,0,0,1,0,0.5,2,0
task_0091,family_15,template_15,0.75,1.0,9,B-STAGEHAND-CACHE,1,0,0,1,4550,4550,4550,500.0,500.0,500.0,19,9120,0,120,0,0,1,0,0.5,2,0
task_0091,family_15,template_15,0.75,1.0,9,B-TERX-REPLAY,1,0,0,1,4550,4550,4550,500.0,500.0,500.0,19,9120,0,120,0,0,1,0,0.5,2,0
task_0091,family_15,template_15,0.75,1.0,9,NC1-SHUFFLED,1,0,1,1,4550,4550,4550,500.0,500.0,500.0,19,9120,0,120,0,0,1,0,0.4,2,0
task_0091,family_15,template_15,0.75,1.0,9,NC2-RANDOM,1,0,0,1,2000,2000,1910,194.44444444444446,194.44444444444446,194.44444444444446,12,3870,150,120,5,1,1,1,0.8,4,0
task_0091,family_15,template_15,0.75,1.0,9,B-LENGTH-PROPORTIONAL,1,0,0,1,4550,4550,4550,500.0,500.0,500.0,19,9120,0,120,0,0,1,0,0.5,2,0
task_0092,family_16,template_16,0.0,0.0,10,P-SPIDER-PARAM,1,0,0,1,850,850,760,50.0,50.0,50.0,11,1470,150,120,10,1,1,0,1.0,4,0
task_0092,family_16,template_16,0.0,0.0,10,B-COLD,1,0,0,1,5050,5050,5050,500.0,500.0,500.0,21,10120,0,120,0,0,1,0,0.5,2,0
task_0092,family_16,template_16,0.0,0.0,10,B-INSTRUCTION,1,0,0,1,5070,5070,5052,500.0,500.0,500.0,21,10120,0,120,0,0,1,0,0.5,2,0
task_0092,family_16,template_16,0.0,0.0,10,B-RAG-EMBED,1,0,0,1,750,750,750,50.0,50.0,50.0,11,1470,150,120,10,1,1,0,0.5,2,0
task_0092,family_16,template_16,0.0,0.0,10,B-STAGEHAND-CACHE,1,0,0,1,550,550,550,50.0,50.0,50.0,11,1320,0,120,10,1,1,0,0.5,2,0
task_0092,family_16,template_16,0.0,0.0,10,B-TERX-REPLAY,1,0,0,1,550,550,550,50.0,50.0,50.0,11,1320,0,120,10,1,1,0,0.5,2,0
task_0092,family_16,template_16,0.0,0.0,10,NC1-SHUFFLED,0,1,1,0,5050,5050,5050,500.0,500.0,500.0,21,10120,0,120,0,0,0,0,0.4,2,1
task_0092,family_16,template_16,0.0,0.0,10,NC2-RANDOM,1,0,0,1,6350,6350,6260,610.0,610.0,610.0,27,12510,150,120,2,1,1,1,0.8,4,0
task_0092,family_16,template_16,0.0,0.0,10,B-LENGTH-PROPORTIONAL,1,0,0,1,5050,5050,5050,500.0,500.0,500.0,21,10120,0,120,0,0,1,0,0.5,2,0
task_0093,family_16,template_16,0.25,0.5,10,P-SPIDER-PARAM,1,0,1,0,5350,5350,5260,500.0,500.0,500.0,21,10270,150,120,0,0,1,0,0.5255781614947347,2,0
task_0093,family_16,template_16,0.25,0.5,10,B-COLD,1,0,0,1,5050,5050,5050,500.0,500.0,500.0,21,10120,0,120,0,0,1,0,0.5,2,0
task_0093,family_16,template_16,0.25,0.5,10,B-INSTRUCTION,1,0,0,1,5070,5070,5052,500.0,500.0,500.0,21,10120,0,120,0,0,1,0,0.5,2,0
task_0093,family_16,template_16,0.25,0.5,10,B-RAG-EMBED,1,0,0,1,3000,3000,3000,275.0,275.0,275.0,16,5870,150,120,5,1,1,0,0.5,2,0
task_0093,family_16,template_16,0.25,0.5,10,B-STAGEHAND-CACHE,1,0,0,1,5050,5050,5050,500.0,500.0,500.0,21,10120,0,120,0,0,1,0,0.5,2,0
task_0093,family_16,template_16,0.25,0.5,10,B-TERX-REPLAY,1,0,0,1,5050,5050,5050,500.0,500.0,500.0,21,10120,0,120,0,0,1,0,0.5,2,0
task_0093,family_16,template_16,0.25,0.5,10,NC1-SHUFFLED,1,0,1,1,5050,5050,5050,500.0,500.0,500.0,21,10120,0,120,0,0,1,0,0.4,2,0
task_0093,family_16,template_16,0.25,0.5,10,NC2-RANDOM,0,1,0,0,4350,4350,4260,410.0,410.0,410.0,19,8510,150,120,2,1,0,1,0.8,4,1
task_0093,family_16,template_16,0.25,0.5,10,B-LENGTH-PROPORTIONAL,1,0,0,1,5050,5050,5050,500.0,500.0,500.0,21,10120,0,120,0,0,1,0,0.5,2,0
task_0094,family_16,template_16,0.5,0.5,10,P-SPIDER-PARAM,1,0,1,0,5350,5350,5260,500.0,500.0,500.0,21,10270,150,120,0,0,1,0,0.4635713032962848,2,0
task_0094,family_16,template_16,0.5,0.5,10,B-COLD,1,0,0,1,5050,5050,5050,500.0,500.0,500.0,21,10120,0,120,0,0,1,0,0.5,2,0
task_0094,family_16,template_16,0.5,0.5,10,B-INSTRUCTION,1,0,0,1,5070,5070,5052,500.0,500.0,500.0,21,10120,0,120,0,0,1,0,0.5,2,0
task_0094,family_16,template_16,0.5,0.5,10,B-RAG-EMBED,1,0,0,1,3000,3000,3000,275.0,275.0,275.0,16,5870,150,120,5,1,1,0,0.5,2,0
task_0094,family_16,template_16,0.5,0.5,10,B-STAGEHAND-CACHE,1,0,0,1,5050,5050,5050,500.0,500.0,500.0,21,10120,0,120,0,0,1,0,0.5,2,0
task_0094,family_16,template_16,0.5,0.5,10,B-TERX-REPLAY,1,0,0,1,5050,5050,5050,500.0,500.0,500.0,21,10120,0,120,0,0,1,0,0.5,2,0
task_0094,family_16,template_16,0.5,0.5,10,NC1-SHUFFLED,1,0,1,1,5050,5050,5050,500.0,500.0,500.0,21,10120,0,120,0,0,1,0,0.4,2,0
task_0094,family_16,template_16,0.5,0.5,10,NC2-RANDOM,1,0,0,1,3850,3850,3760,360.0,360.0,360.0,17,7510,150,120,2,1,1,1,0.8,4,0
task_0094,family_16,template_16,0.5,0.5,10,B-LENGTH-PROPORTIONAL,1,0,0,1,5050,5050,5050,500.0,500.0,500.0,21,10120,0,120,0,0,1,0,0.5,2,0
task_0095,family_16,template_16,0.75,1.0,10,P-SPIDER-PARAM,1,0,1,0,5350,5350,5260,500.0,500.0,500.0,21,10270,150,120,0,0,1,0,0.0,0,0
task_0095,family_16,template_16,0.75,1.0,10,B-COLD,1,0,0,1,5050,5050,5050,500.0,500.0,500.0,21,10120,0,120,0,0,1,0,0.5,2,0
task_0095,family_16,template_16,0.75,1.0,10,B-INSTRUCTION,1,0,0,1,5070,5070,5052,500.0,500.0,500.0,21,10120,0,120,0,0,1,0,0.5,2,0
task_0095,family_16,template_16,0.75,1.0,10,B-RAG-EMBED,1,0,0,1,5250,5250,5250,500.0,500.0,500.0,21,10270,150,120,0,0,1,0,0.5,2,0
task_0095,family_16,template_16,0.75,1.0,10,B-STAGEHAND-CACHE,1,0,0,1,5050,5050,5050,500.0,500.0,500.0,21,10120,0,120,0,0,1,0,0.5,2,0
task_0095,family_16,template_16,0.75,1.0,10,B-TERX-REPLAY,1,0,0,1,5050,5050,5050,500.0,500.0,500.0,21,10120,0,120,0,0,1,0,0.5,2,0
task_0095,family_16,template_16,0.75,1.0,10,NC1-SHUFFLED,1,0,1,1,5050,5050,5050,500.0,500.0,500.0,21,10120,0,120,0,0,1,0,0.4,2,0
task_0095,family_16,template_16,0.75,1.0,10,NC2-RANDOM,1,0,0,1,5350,5350,5260,510.0,510.0,510.0,23,10510,150,120,2,1,1,1,0.8,4,0
task_0095,family_16,template_16,0.75,1.0,10,B-LENGTH-PROPORTIONAL,1,0,0,1,5050,5050,5050,500.0,500.0,500.0,21,10120,0,120,0,0,1,0,0.5,2,0
task_0096,family_16,template_16,1.0,1.0,10,P-SPIDER-PARAM,1,0,1,0,5350,5350,5260,500.0,500.0,500.0,21,10270,150,120,0,0,1,0,0.015327927557878106,0,0
task_0096,family_16,template_16,1.0,1.0,10,B-COLD,1,0,0,1,5050,5050,5050,500.0,500.0,500.0,21,10120,0,120,0,0,1,0,0.5,2,0
task_0096,family_16,template_16,1.0,1.0,10,B-INSTRUCTION,1,0,0,1,5070,5070,5052,500.0,500.0,500.0,21,10120,0,120,0,0,1,0,0.5,2,0
task_0096,family_16,template_16,1.0,1.0,10,B-RAG-EMBED,1,0,0,1,5250,5250,5250,500.0,500.0,500.0,21,10270,150,120,0,0,1,0,0.5,2,0
task_0096,family_16,template_16,1.0,1.0,10,B-STAGEHAND-CACHE,1,0,0,1,5050,5050,5050,500.0,500.0,500.0,21,10120,0,120,0,0,1,0,0.5,2,0
task_0096,family_16,template_16,1.0,1.0,10,B-TERX-REPLAY,1,0,0,1,5050,5050,5050,500.0,500.0,500.0,21,10120,0,120,0,0,1,0,0.5,2,0
task_0096,family_16,template_16,1.0,1.0,10,NC1-SHUFFLED,1,0,1,1,5050,5050,5050,500.0,500.0,500.0,21,10120,0,120,0,0,1,0,0.4,2,0
task_0096,family_16,template_16,1.0,1.0,10,NC2-RANDOM,1,0,0,1,5350,5350,5260,510.0,510.0,510.0,23,10510,150,120,2,1,1,1,0.8,4,0
task_0096,family_16,template_16,1.0,1.0,10,B-LENGTH-PROPORTIONAL,1,0,0,1,5050,5050,5050,500.0,500.0,500.0,21,10120,0,120,0,0,1,0,0.5,2,0
task_0097,family_17,template_17,0.0,0.0,11,P-SPIDER-PARAM,1,0,0,1,900,900,810,50.0,50.0,50.0,12,1590,150,120,11,1,1,0,1.0,4,0
task_0097,family_17,template_17,0.0,0.0,11,B-COLD,1,0,0,1,5550,5550,5550,500.0,500.0,500.0,23,11120,0,120,0,0,1,0,0.5,2,0
task_0097,family_17,template_17,0.0,0.0,11,B-INSTRUCTION,1,0,0,1,5570,5570,5552,500.0,500.0,500.0,23,11120,0,120,0,0,1,0,0.5,2,0
task_0097,family_17,template_17,0.0,0.0,11,B-RAG-EMBED,1,0,0,1,800,800,800,50.0,50.0,50.0,12,1590,150,120,11,1,1,0,0.5,2,0
task_0097,family_17,template_17,0.0,0.0,11,B-STAGEHAND-CACHE,1,0,0,1,600,600,600,50.0,50.0,50.0,12,1440,0,120,11,1,1,0,0.5,2,0
task_0097,family_17,template_17,0.0,0.0,11,B-TERX-REPLAY,1,0,0,1,600,600,600,50.0,50.0,50.0,12,1440,0,120,11,1,1,0,0.5,2,0
task_0097,family_17,template_17,0.0,0.0,11,NC1-SHUFFLED,0,1,1,0,5550,5550,5550,500.0,500.0,500.0,23,11120,0,120,0,0,0,0,0.4,2,1
task_0097,family_17,template_17,0.0,0.0,11,NC2-RANDOM,1,0,0,1,2450,2450,2360,200.0,200.0,200.0,13,4750,150,120,4,1,1,1,0.8,4,0
task_0097,family_17,template_17,0.0,0.0,11,B-LENGTH-PROPORTIONAL,1,0,0,1,5550,5550,5550,500.0,500.0,500.0,23,11120,0,120,0,0,1,0,0.5,2,0
task_0098,family_17,template_17,0.5,0.5,11,P-SPIDER-PARAM,1,0,1,0,5850,5850,5760,500.0,500.0,500.0,23,11270,150,120,0,0,1,0,0.5295460926423111,2,0
task_0098,family_17,template_17,0.5,0.5,11,B-COLD,1,0,0,1,5550,5550,5550,500.0,500.0,500.0,23,11120,0,120,0,0,1,0,0.5,2,0
task_0098,family_17,template_17,0.5,0.5,11,B-INSTRUCTION,1,0,0,1,5570,5570,5552,500.0,500.0,500.0,23,11120,0,120,0,0,1,0,0.5,2,0
task_0098,family_17,template_17,0.5,0.5,11,B-RAG-EMBED,1,0,0,1,3500,3500,3500,295.45454545454544,295.45454545454544,295.45454545454544,18,6870,150,120,5,1,1,0,0.5,2,0
task_0098,family_17,template_17,0.5,0.5,11,B-STAGEHAND-CACHE,1,0,0,1,5550,5550,5550,500.0,500.0,500.0,23,11120,0,120,0,0,1,0,0.5,2,0
task_0098,family_17,template_17,0.5,0.5,11,B-TERX-REPLAY,1,0,0,1,5550,5550,5550,500.0,500.0,500.0,23,11120,0,120,0,0,1,0,0.5,2,0
task_0098,family_17,template_17,0.5,0.5,11,NC1-SHUFFLED,0,1,1,0,5550,5550,5550,500.0,500.0,500.0,23,11120,0,120,0,0,0,0,0.4,2,1
task_0098,family_17,template_17,0.5,0.5,11,NC2-RANDOM,0,1,0,0,3100,3100,3010,259.09090909090907,259.09090909090907,259.09090909090907,18,6110,150,120,7,1,0,1,0.8,4,1
task_0098,family_17,template_17,0.5,0.5,11,B-LENGTH-PROPORTIONAL,1,0,0,1,5550,5550,5550,500.0,500.0,500.0,23,11120,0,120,0,0,1,0,0.5,2,0
task_0099,family_17,template_17,0.75,1.0,11,P-SPIDER-PARAM,1,0,1,0,5850,5850,5760,500.0,500.0,500.0,23,11270,150,120,0,0,1,0,0.010810973590386793,0,0
task_0099,family_17,template_17,0.75,1.0,11,B-COLD,1,0,0,1,5550,5550,5550,500.0,500.0,500.0,23,11120,0,120,0,0,1,0,0.5,2,0
task_0099,family_17,template_17,0.75,1.0,11,B-INSTRUCTION,1,0,0,1,5570,5570,5552,500.0,500.0,500.0,23,11120,0,120,0,0,1,0,0.5,2,0
task_0099,family_17,template_17,0.75,1.0,11,B-RAG-EMBED,1,0,0,1,5750,5750,5750,500.0,500.0,500.0,23,11270,150,120,0,0,1,0,0.5,2,0
task_0099,family_17,template_17,0.75,1.0,11,B-STAGEHAND-CACHE,1,0,0,1,5550,5550,5550,500.0,500.0,500.0,23,11120,0,120,0,0,1,0,0.5,2,0
task_0099,family_17,template_17,0.75,1.0,11,B-TERX-REPLAY,1,0,0,1,5550,5550,5550,500.0,500.0,500.0,23,11120,0,120,0,0,1,0,0.5,2,0
task_0099,family_17,template_17,0.75,1.0,11,NC1-SHUFFLED,1,0,1,1,5550,5550,5550,500.0,500.0,500.0,23,11120,0,120,0,0,1,0,0.4,2,0
task_0099,family_17,template_17,0.75,1.0,11,NC2-RANDOM,1,0,0,1,4850,4850,4760,418.1818181818182,418.1818181818182,418.1818181818182,21,9510,150,120,2,1,1,1,0.8,4,0
task_0099,family_17,template_17,0.75,1.0,11,B-LENGTH-PROPORTIONAL,1,0,0,1,5550,5550,5550,500.0,500.0,500.0,23,11120,0,120,0,0,1,0,0.5,2,0
task_0100,family_17,template_17,1.0,1.0,11,P-SPIDER-PARAM,1,0,1,0,5850,5850,5760,500.0,500.0,500.0,23,11270,150,120,0,0,1,0,0.0,0,0
task_0100,family_17,template_17,1.0,1.0,11,B-COLD,1,0,0,1,5550,5550,5550,500.0,500.0,500.0,23,11120,0,120,0,0,1,0,0.5,2,0
task_0100,family_17,template_17,1.0,1.0,11,B-INSTRUCTION,1,0,0,1,5570,5570,5552,500.0,500.0,500.0,23,11120,0,120,0,0,1,0,0.5,2,0
task_0100,family_17,template_17,1.0,1.0,11,B-RAG-EMBED,1,0,0,1,5750,5750,5750,500.0,500.0,500.0,23,11270,150,120,0,0,1,0,0.5,2,0
task_0100,family_17,template_17,1.0,1.0,11,B-STAGEHAND-CACHE,1,0,0,1,5550,5550,5550,500.0,500.0,500.0,23,11120,0,120,0,0,1,0,0.5,2,0
task_0100,family_17,template_17,1.0,1.0,11,B-TERX-REPLAY,1,0,0,1,5550,5550,5550,500.0,500.0,500.0,23,11120,0,120,0,0,1,0,0.5,2,0
task_0100,family_17,template_17,1.0,1.0,11,NC1-SHUFFLED,1,0,1,1,5550,5550,5550,500.0,500.0,500.0,23,11120,0,120,0,0,1,0,0.4,2,0
task_0100,family_17,template_17,1.0,1.0,11,NC2-RANDOM,1,0,0,1,3350,3350,3260,281.8181818181818,281.8181818181818,281.8181818181818,15,6510,150,120,2,1,1,1,0.8,4,0
task_0100,family_17,template_17,1.0,1.0,11,B-LENGTH-PROPORTIONAL,1,0,0,1,5550,5550,5550,500.0,500.0,500.0,23,11120,0,120,0,0,1,0,0.5,2,0
task_0101,family_17,template_17,0.25,0.5,11,P-SPIDER-PARAM,1,0,1,0,5850,5850,5760,500.0,500.0,500.0,23,11270,150,120,0,0,1,0,0.5100624401698178,2,0
task_0101,family_17,template_17,0.25,0.5,11,B-COLD,1,0,0,1,5550,5550,5550,500.0,500.0,500.0,23,11120,0,120,0,0,1,0,0.5,2,0
task_0101,family_17,template_17,0.25,0.5,11,B-INSTRUCTION,1,0,0,1,5570,5570,5552,500.0,500.0,500.0,23,11120,0,120,0,0,1,0,0.5,2,0
task_0101,family_17,template_17,0.25,0.5,11,B-RAG-EMBED,1,0,0,1,3500,3500,3500,295.45454545454544,295.45454545454544,295.45454545454544,18,6870,150,120,5,1,1,0,0.5,2,0
task_0101,family_17,template_17,0.25,0.5,11,B-STAGEHAND-CACHE,1,0,0,1,5550,5550,5550,500.0,500.0,500.0,23,11120,0,120,0,0,1,0,0.5,2,0
task_0101,family_17,template_17,0.25,0.5,11,B-TERX-REPLAY,1,0,0,1,5550,5550,5550,500.0,500.0,500.0,23,11120,0,120,0,0,1,0,0.5,2,0
task_0101,family_17,template_17,0.25,0.5,11,NC1-SHUFFLED,1,0,1,1,5550,5550,5550,500.0,500.0,500.0,23,11120,0,120,0,0,1,0,0.4,2,0
task_0101,family_17,template_17,0.25,0.5,11,NC2-RANDOM,1,0,0,1,3600,3600,3510,304.54545454545456,304.54545454545456,304.54545454545456,20,7110,150,120,7,1,1,1,0.8,4,0
task_0101,family_17,template_17,0.25,0.5,11,B-LENGTH-PROPORTIONAL,1,0,0,1,5550,5550,5550,500.0,500.0,500.0,23,11120,0,120,0,0,1,0,0.5,2,0
task_0102,family_18,template_18,0.0,0.0,12,P-SPIDER-PARAM,1,0,0,1,950,950,860,50.0,50.0,50.0,13,1710,150,120,12,1,1,0,0.9846266523763862,4,0
task_0102,family_18,template_18,0.0,0.0,12,B-COLD,1,0,0,1,6050,6050,6050,500.0,500.0,500.0,25,12120,0,120,0,0,1,0,0.5,2,0
task_0102,family_18,template_18,0.0,0.0,12,B-INSTRUCTION,1,0,0,1,6070,6070,6052,500.0,500.0,500.0,25,12120,0,120,0,0,1,0,0.5,2,0
task_0102,family_18,template_18,0.0,0.0,12,B-RAG-EMBED,1,0,0,1,850,850,850,50.0,50.0,50.0,13,1710,150,120,12,1,1,0,0.5,2,0
task_0102,family_18,template_18,0.0,0.0,12,B-STAGEHAND-CACHE,1,0,0,1,650,650,650,50.0,50.0,50.0,13,1560,0,120,12,1,1,0,0.5,2,0
task_0102,family_18,template_18,0.0,0.0,12,B-TERX-REPLAY,1,0,0,1,650,650,650,50.0,50.0,50.0,13,1560,0,120,12,1,1,0,0.5,2,0
task_0102,family_18,template_18,0.0,0.0,12,NC1-SHUFFLED,1,0,1,1,6050,6050,6050,500.0,500.0,500.0,25,12120,0,120,0,0,1,0,0.4,2,0
task_0102,family_18,template_18,0.0,0.0,12,NC2-RANDOM,1,0,0,1,3600,3600,3510,279.1666666666667,279.1666666666667,279.1666666666667,20,7110,150,120,7,1,1,1,0.8,4,0
task_0102,family_18,template_18,0.0,0.0,12,B-LENGTH-PROPORTIONAL,1,0,0,1,6050,6050,6050,500.0,500.0,500.0,25,12120,0,120,0,0,1,0,0.5,2,0
task_0103,family_18,template_18,0.75,0.6667,12,P-SPIDER-PARAM,1,0,1,0,6350,6350,6260,500.0,500.0,500.0,25,12270,150,120,0,0,1,0,0.12488845520100636,0,0
task_0103,family_18,template_18,0.75,0.6667,12,B-COLD,1,0,0,1,6050,6050,6050,500.0,500.0,500.0,25,12120,0,120,0,0,1,0,0.5,2,0
task_0103,family_18,template_18,0.75,0.6667,12,B-INSTRUCTION,1,0,0,1,6070,6070,6052,500.0,500.0,500.0,25,12120,0,120,0,0,1,0,0.5,2,0
task_0103,family_18,template_18,0.75,0.6667,12,B-RAG-EMBED,1,0,0,1,4450,4450,4450,350.0,350.0,350.0,21,8750,150,120,4,1,1,0,0.5,2,0
task_0103,family_18,template_18,0.75,0.6667,12,B-STAGEHAND-CACHE,1,0,0,1,6050,6050,6050,500.0,500.0,500.0,25,12120,0,120,0,0,1,0,0.5,2,0
task_0103,family_18,template_18,0.75,0.6667,12,B-TERX-REPLAY,1,0,0,1,6050,6050,6050,500.0,500.0,500.0,25,12120,0,120,0,0,1,0,0.5,2,0
task_0103,family_18,template_18,0.75,0.6667,12,NC1-SHUFFLED,1,0,1,1,6050,6050,6050,500.0,500.0,500.0,25,12120,0,120,0,0,1,0,0.4,2,0
task_0103,family_18,template_18,0.75,0.6667,12,NC2-RANDOM,1,0,0,1,5850,5850,5760,466.6666666666667,466.6666666666667,466.6666666666667,25,11510,150,120,2,1,1,1,0.8,4,0
task_0103,family_18,template_18,0.75,0.6667,12,B-LENGTH-PROPORTIONAL,1,0,0,1,6050,6050,6050,500.0,500.0,500.0,25,12120,0,120,0,0,1,0,0.5,2,0
task_0104,family_18,template_18,1.0,1.0,12,P-SPIDER-PARAM,1,0,1,0,6350,6350,6260,500.0,500.0,500.0,25,12270,150,120,0,0,1,0,0.008963020247159528,0,0
task_0104,family_18,template_18,1.0,1.0,12,B-COLD,1,0,0,1,6050,6050,6050,500.0,500.0,500.0,25,12120,0,120,0,0,1,0,0.5,2,0
task_0104,family_18,template_18,1.0,1.0,12,B-INSTRUCTION,1,0,0,1,6070,6070,6052,500.0,500.0,500.0,25,12120,0,120,0,0,1,0,0.5,2,0
task_0104,family_18,template_18,1.0,1.0,12,B-RAG-EMBED,1,0,0,1,6250,6250,6250,500.0,500.0,500.0,25,12270,150,120,0,0,1,0,0.5,2,0
task_0104,family_18,template_18,1.0,1.0,12,B-STAGEHAND-CACHE,1,0,0,1,6050,6050,6050,500.0,500.0,500.0,25,12120,0,120,0,0,1,0,0.5,2,0
task_0104,family_18,template_18,1.0,1.0,12,B-TERX-REPLAY,1,0,0,1,6050,6050,6050,500.0,500.0,500.0,25,12120,0,120,0,0,1,0,0.5,2,0
task_0104,family_18,template_18,1.0,1.0,12,NC1-SHUFFLED,1,0,1,1,6050,6050,6050,500.0,500.0,500.0,25,12120,0,120,0,0,1,0,0.4,2,0
task_0104,family_18,template_18,1.0,1.0,12,NC2-RANDOM,1,0,0,1,3350,3350,3260,258.3333333333333,258.3333333333333,258.3333333333333,15,6510,150,120,2,1,1,1,0.8,4,0
task_0104,family_18,template_18,1.0,1.0,12,B-LENGTH-PROPORTIONAL,1,0,0,1,6050,6050,6050,500.0,500.0,500.0,25,12120,0,120,0,0,1,0,0.5,2,0
task_0105,family_18,template_18,0.25,0.3333,12,P-SPIDER-PARAM,1,0,0,1,2750,2750,2660,200.0,200.0,200.0,17,5230,150,120,8,1,1,1,0.8543378182577921,4,0
task_0105,family_18,template_18,0.25,0.3333,12,B-COLD,1,0,0,1,6050,6050,6050,500.0,500.0,500.0,25,12120,0,120,0,0,1,0,0.5,2,0
task_0105,family_18,template_18,0.25,0.3333,12,B-INSTRUCTION,1,0,0,1,6070,6070,6052,500.0,500.0,500.0,25,12120,0,120,0,0,1,0,0.5,2,0
task_0105,family_18,template_18,0.25,0.3333,12,B-RAG-EMBED,1,0,0,1,2650,2650,2650,200.0,200.0,200.0,17,5230,150,120,8,1,1,0,0.5,2,0
task_0105,family_18,template_18,0.25,0.3333,12,B-STAGEHAND-CACHE,1,0,0,1,6050,6050,6050,500.0,500.0,500.0,25,12120,0,120,0,0,1,0,0.5,2,0
task_0105,family_18,template_18,0.25,0.3333,12,B-TERX-REPLAY,1,0,0,1,6050,6050,6050,500.0,500.0,500.0,25,12120,0,120,0,0,1,0,0.5,2,0
task_0105,family_18,template_18,0.25,0.3333,12,NC1-SHUFFLED,1,0,1,1,6050,6050,6050,500.0,500.0,500.0,25,12120,0,120,0,0,1,0,0.4,2,0
task_0105,family_18,template_18,0.25,0.3333,12,NC2-RANDOM,0,1,0,0,4850,4850,4760,383.3333333333333,383.3333333333333,383.3333333333333,21,9510,150,120,2,1,0,1,0.8,4,1
task_0105,family_18,template_18,0.25,0.3333,12,B-LENGTH-PROPORTIONAL,1,0,0,1,6050,6050,6050,500.0,500.0,500.0,25,12120,0,120,0,0,1,0,0.5,2,0
task_0106,family_18,template_18,0.5,0.6667,12,P-SPIDER-PARAM,1,0,1,0,6350,6350,6260,500.0,500.0,500.0,25,12270,150,120,0,0,1,0,0.1415185754481968,0,0
task_0106,family_18,template_18,0.5,0.6667,12,B-COLD,1,0,0,1,6050,6050,6050,500.0,500.0,500.0,25,12120,0,120,0,0,1,0,0.5,2,0
task_0106,family_18,template_18,0.5,0.6667,12,B-INSTRUCTION,1,0,0,1,6070,6070,6052,500.0,500.0,500.0,25,12120,0,120,0,0,1,0,0.5,2,0
task_0106,family_18,template_18,0.5,0.6667,12,B-RAG-EMBED,1,0,0,1,4450,4450,4450,350.0,350.0,350.0,21,8750,150,120,4,1,1,0,0.5,2,0
task_0106,family_18,template_18,0.5,0.6667,12,B-STAGEHAND-CACHE,1,0,0,1,6050,6050,6050,500.0,500.0,500.0,25,12120,0,120,0,0,1,0,0.5,2,0
task_0106,family_18,template_18,0.5,0.6667,12,B-TERX-REPLAY,1,0,0,1,6050,6050,6050,500.0,500.0,500.0,25,12120,0,120,0,0,1,0,0.5,2,0
task_0106,family_18,template_18,0.5,0.6667,12,NC1-SHUFFLED,0,1,1,0,6050,6050,6050,500.0,500.0,500.0,25,12120,0,120,0,0,0,0,0.4,2,1
task_0106,family_18,template_18,0.5,0.6667,12,NC2-RANDOM,0,1,0,0,4850,4850,4760,383.3333333333333,383.3333333333333,383.3333333333333,21,9510,150,120,2,1,0,1,0.8,4,1
task_0106,family_18,template_18,0.5,0.6667,12,B-LENGTH-PROPORTIONAL,1,0,0,1,6050,6050,6050,500.0,500.0,500.0,25,12120,0,120,0,0,1,0,0.5,2,0
task_0107,family_19,template_19,0.0,0.0,13,P-SPIDER-PARAM,1,0,0,1,1000,1000,910,50.0,50.0,50.0,14,1830,150,120,13,1,1,0,0.9957796129924004,4,0
task_0107,family_19,template_19,0.0,0.0,13,B-COLD,1,0,0,1,6550,6550,6550,500.0,500.0,500.0,27,13120,0,120,0,0,1,0,0.5,2,0
task_0107,family_19,template_19,0.0,0.0,13,B-INSTRUCTION,1,0,0,1,6570,6570,6552,500.0,500.0,500.0,27,13120,0,120,0,0,1,0,0.5,2,0
task_0107,family_19,template_19,0.0,0.0,13,B-RAG-EMBED,1,0,0,1,900,900,900,50.0,50.0,50.0,14,1830,150,120,13,1,1,0,0.5,2,0
task_0107,family_19,template_19,0.0,0.0,13,B-STAGEHAND-CACHE,1,0,0,1,700,700,700,50.0,50.0,50.0,14,1680,0,120,13,1,1,0,0.5,2,0
task_0107,family_19,template_19,0.0,0.0,13,B-TERX-REPLAY,1,0,0,1,700,700,700,50.0,50.0,50.0,14,1680,0,120,13,1,1,0,0.5,2,0
task_0107,family_19,template_19,0.0,0.0,13,NC1-SHUFFLED,0,1,1,0,6550,6550,6550,500.0,500.0,500.0,27,13120,0,120,0,0,0,0,0.4,2,1
task_0107,family_19,template_19,0.0,0.0,13,NC2-RANDOM,1,0,0,1,2750,2750,2660,192.30769230769232,192.30769230769232,192.30769230769232,19,5470,150,120,10,1,1,1,0.8,4,0
task_0107,family_19,template_19,0.0,0.0,13,B-LENGTH-PROPORTIONAL,1,0,0,1,6550,6550,6550,500.0,500.0,500.0,27,13120,0,120,0,0,1,0,0.5,2,0
task_0108,family_19,template_19,1.0,1.0,13,P-SPIDER-PARAM,1,0,1,0,6850,6850,6760,500.0,500.0,500.0,27,13270,150,120,0,0,1,0,0.050647939592783055,0,0
task_0108,family_19,template_19,1.0,1.0,13,B-COLD,1,0,0,1,6550,6550,6550,500.0,500.0,500.0,27,13120,0,120,0,0,1,0,0.5,2,0
task_0108,family_19,template_19,1.0,1.0,13,B-INSTRUCTION,1,0,0,1,6570,6570,6552,500.0,500.0,500.0,27,13120,0,120,0,0,1,0,0.5,2,0
task_0108,family_19,template_19,1.0,1.0,13,B-RAG-EMBED,1,0,0,1,6750,6750,6750,500.0,500.0,500.0,27,13270,150,120,0,0,1,0,0.5,2,0
task_0108,family_19,template_19,1.0,1.0,13,B-STAGEHAND-CACHE,1,0,0,1,6550,6550,6550,500.0,500.0,500.0,27,13120,0,120,0,0,1,0,0.5,2,0
task_0108,family_19,template_19,1.0,1.0,13,B-TERX-REPLAY,1,0,0,1,6550,6550,6550,500.0,500.0,500.0,27,13120,0,120,0,0,1,0,0.5,2,0
task_0108,family_19,template_19,1.0,1.0,13,NC1-SHUFFLED,1,0,1,1,6550,6550,6550,500.0,500.0,500.0,27,13120,0,120,0,0,1,0,0.4,2,0
task_0108,family_19,template_19,1.0,1.0,13,NC2-RANDOM,1,0,0,1,6350,6350,6260,469.2307692307692,469.2307692307692,469.2307692307692,27,12510,150,120,2,1,1,1,0.8,4,0
task_0108,family_19,template_19,1.0,1.0,13,B-LENGTH-PROPORTIONAL,1,0,0,1,6550,6550,6550,500.0,500.0,500.0,27,13120,0,120,0,0,1,0,0.5,2,0
task_0109,family_19,template_19,0.25,0.0,13,P-SPIDER-PARAM,1,0,0,1,1000,1000,910,50.0,50.0,50.0,14,1830,150,120,13,1,1,0,0.9787277209672192,4,0
task_0109,family_19,template_19,0.25,0.0,13,B-COLD,1,0,0,1,6550,6550,6550,500.0,500.0,500.0,27,13120,0,120,0,0,1,0,0.5,2,0
task_0109,family_19,template_19,0.25,0.0,13,B-INSTRUCTION,1,0,0,1,6570,6570,6552,500.0,500.0,500.0,27,13120,0,120,0,0,1,0,0.5,2,0
task_0109,family_19,template_19,0.25,0.0,13,B-RAG-EMBED,1,0,0,1,900,900,900,50.0,50.0,50.0,14,1830,150,120,13,1,1,0,0.5,2,0
task_0109,family_19,template_19,0.25,0.0,13,B-STAGEHAND-CACHE,1,0,0,1,6550,6550,6550,500.0,500.0,500.0,27,13120,0,120,0,0,1,0,0.5,2,0
task_0109,family_19,template_19,0.25,0.0,13,B-TERX-REPLAY,1,0,0,1,6550,6550,6550,500.0,500.0,500.0,27,13120,0,120,0,0,1,0,0.5,2,0
task_0109,family_19,template_19,0.25,0.0,13,NC1-SHUFFLED,1,0,1,1,6550,6550,6550,500.0,500.0,500.0,27,13120,0,120,0,0,1,0,0.4,2,0
task_0109,family_19,template_19,0.25,0.0,13,NC2-RANDOM,1,0,0,1,5850,5850,5760,430.7692307692308,430.7692307692308,430.7692307692308,25,11510,150,120,2,1,1,1,0.8,4,0
task_0109,family_19,template_19,0.25,0.0,13,B-LENGTH-PROPORTIONAL,1,0,0,1,6550,6550,6550,500.0,500.0,500.0,27,13120,0,120,0,0,1,0,0.5,2,0
task_0110,family_19,template_19,0.5,1.0,13,P-SPIDER-PARAM,1,0,1,0,6850,6850,6760,500.0,500.0,500.0,27,13270,150,120,0,0,1,0,0.0,0,0
task_0110,family_19,template_19,0.5,1.0,13,B-COLD,1,0,0,1,6550,6550,6550,500.0,500.0,500.0,27,13120,0,120,0,0,1,0,0.5,2,0
task_0110,family_19,template_19,0.5,1.0,13,B-INSTRUCTION,1,0,0,1,6570,6570,6552,500.0,500.0,500.0,27,13120,0,120,0,0,1,0,0.5,2,0
task_0110,family_19,template_19,0.5,1.0,13,B-RAG-EMBED,1,0,0,1,6750,6750,6750,500.0,500.0,500.0,27,13270,150,120,0,0,1,0,0.5,2,0
task_0110,family_19,template_19,0.5,1.0,13,B-STAGEHAND-CACHE,1,0,0,1,6550,6550,6550,500.0,500.0,500.0,27,13120,0,120,0,0,1,0,0.5,2,0
task_0110,family_19,template_19,0.5,1.0,13,B-TERX-REPLAY,1,0,0,1,6550,6550,6550,500.0,500.0,500.0,27,13120,0,120,0,0,1,0,0.5,2,0
task_0110,family_19,template_19,0.5,1.0,13,NC1-SHUFFLED,1,0,1,1,6550,6550,6550,500.0,500.0,500.0,27,13120,0,120,0,0,1,0,0.4,2,0
task_0110,family_19,template_19,0.5,1.0,13,NC2-RANDOM,0,1,0,0,4550,4550,4460,330.7692307692308,330.7692307692308,330.7692307692308,23,8990,150,120,6,1,0,1,0.8,4,1
task_0110,family_19,template_19,0.5,1.0,13,B-LENGTH-PROPORTIONAL,1,0,0,1,6550,6550,6550,500.0,500.0,500.0,27,13120,0,120,0,0,1,0,0.5,2,0
task_0111,family_19,template_19,0.75,1.0,13,P-SPIDER-PARAM,1,0,1,0,6850,6850,6760,500.0,500.0,500.0,27,13270,150,120,0,0,1,0,0.0,0,0
task_0111,family_19,template_19,0.75,1.0,13,B-COLD,1,0,0,1,6550,6550,6550,500.0,500.0,500.0,27,13120,0,120,0,0,1,0,0.5,2,0
task_0111,family_19,template_19,0.75,1.0,13,B-INSTRUCTION,1,0,0,1,6570,6570,6552,500.0,500.0,500.0,27,13120,0,120,0,0,1,0,0.5,2,0
task_0111,family_19,template_19,0.75,1.0,13,B-RAG-EMBED,1,0,0,1,6750,6750,6750,500.0,500.0,500.0,27,13270,150,120,0,0,1,0,0.5,2,0
task_0111,family_19,template_19,0.75,1.0,13,B-STAGEHAND-CACHE,1,0,0,1,6550,6550,6550,500.0,500.0,500.0,27,13120,0,120,0,0,1,0,0.5,2,0
task_0111,family_19,template_19,0.75,1.0,13,B-TERX-REPLAY,1,0,0,1,6550,6550,6550,500.0,500.0,500.0,27,13120,0,120,0,0,1,0,0.5,2,0
task_0111,family_19,template_19,0.75,1.0,13,NC1-SHUFFLED,1,0,1,1,6550,6550,6550,500.0,500.0,500.0,27,13120,0,120,0,0,1,0,0.4,2,0
task_0111,family_19,template_19,0.75,1.0,13,NC2-RANDOM,0,1,0,0,4850,4850,4760,353.84615384615387,353.84615384615387,353.84615384615387,21,9510,150,120,2,1,0,1,0.8,4,1
task_0111,family_19,template_19,0.75,1.0,13,B-LENGTH-PROPORTIONAL,1,0,0,1,6550,6550,6550,500.0,500.0,500.0,27,13120,0,120,0,0,1,0,0.5,2,0
task_0112,family_20,template_20,0.0,0.0,14,P-SPIDER-PARAM,1,0,0,1,1050,1050,960,50.0,50.0,50.0,15,1950,150,120,14,1,1,0,1.0,4,0
task_0112,family_20,template_20,0.0,0.0,14,B-COLD,1,0,0,1,7050,7050,7050,500.0,500.0,500.0,29,14120,0,120,0,0,1,0,0.5,2,0
task_0112,family_20,template_20,0.0,0.0,14,B-INSTRUCTION,1,0,0,1,7070,7070,7052,500.0,500.0,500.0,29,14120,0,120,0,0,1,0,0.5,2,0
task_0112,family_20,template_20,0.0,0.0,14,B-RAG-EMBED,1,0,0,1,950,950,950,50.0,50.0,50.0,15,1950,150,120,14,1,1,0,0.5,2,0
task_0112,family_20,template_20,0.0,0.0,14,B-STAGEHAND-CACHE,1,0,0,1,750,750,750,50.0,50.0,50.0,15,1800,0,120,14,1,1,0,0.5,2,0
task_0112,family_20,template_20,0.0,0.0,14,B-TERX-REPLAY,1,0,0,1,750,750,750,50.0,50.0,50.0,15,1800,0,120,14,1,1,0,0.5,2,0
task_0112,family_20,template_20,0.0,0.0,14,NC1-SHUFFLED,1,0,1,1,7050,7050,7050,500.0,500.0,500.0,29,14120,0,120,0,0,1,0,0.4,2,0
task_0112,family_20,template_20,0.0,0.0,14,NC2-RANDOM,0,1,0,0,5350,5350,5260,364.2857142857143,364.2857142857143,364.2857142857143,23,10510,150,120,2,1,0,1,0.8,4,1
task_0112,family_20,template_20,0.0,0.0,14,B-LENGTH-PROPORTIONAL,1,0,0,1,7050,7050,7050,500.0,500.0,500.0,29,14120,0,120,0,0,1,0,0.5,2,0
task_0113,family_20,template_20,0.25,0.5,14,P-SPIDER-PARAM,1,0,1,0,7350,7350,7260,500.0,500.0,500.0,29,14270,150,120,0,0,1,0,0.5499755320388597,2,0
task_0113,family_20,template_20,0.25,0.5,14,B-COLD,1,0,0,1,7050,7050,7050,500.0,500.0,500.0,29,14120,0,120,0,0,1,0,0.5,2,0
task_0113,family_20,template_20,0.25,0.5,14,B-INSTRUCTION,1,0,0,1,7070,7070,7052,500.0,500.0,500.0,29,14120,0,120,0,0,1,0,0.5,2,0
task_0113,family_20,template_20,0.25,0.5,14,B-RAG-EMBED,1,0,0,1,4100,4100,4100,275.0,275.0,275.0,22,8110,150,120,7,1,1,0,0.5,2,0
task_0113,family_20,template_20,0.25,0.5,14,B-STAGEHAND-CACHE,1,0,0,1,7050,7050,7050,500.0,500.0,500.0,29,14120,0,120,0,0,1,0,0.5,2,0
task_0113,family_20,template_20,0.25,0.5,14,B-TERX-REPLAY,1,0,0,1,7050,7050,7050,500.0,500.0,500.0,29,14120,0,120,0,0,1,0,0.5,2,0
task_0113,family_20,template_20,0.25,0.5,14,NC1-SHUFFLED,1,0,1,1,7050,7050,7050,500.0,500.0,500.0,29,14120,0,120,0,0,1,0,0.4,2,0
task_0113,family_20,template_20,0.25,0.5,14,NC2-RANDOM,1,0,0,1,3350,3350,3260,221.42857142857142,221.42857142857142,221.42857142857142,15,6510,150,120,2,1,1,1,0.8,4,0
task_0113,family_20,template_20,0.25,0.5,14,B-LENGTH-PROPORTIONAL,1,0,0,1,7050,7050,7050,500.0,500.0,500.0,29,14120,0,120,0,0,1,0,0.5,2,0
task_0114,family_20,template_20,0.5,0.5,14,P-SPIDER-PARAM,1,0,1,0,7350,7350,7260,500.0,500.0,500.0,29,14270,150,120,0,0,1,0,0.4812739704661903,2,0
task_0114,family_20,template_20,0.5,0.5,14,B-COLD,1,0,0,1,7050,7050,7050,500.0,500.0,500.0,29,14120,0,120,0,0,1,0,0.5,2,0
task_0114,family_20,template_20,0.5,0.5,14,B-INSTRUCTION,1,0,0,1,7070,7070,7052,500.0,500.0,500.0,29,14120,0,120,0,0,1,0,0.5,2,0
task_0114,family_20,template_20,0.5,0.5,14,B-RAG-EMBED,1,0,0,1,4100,4100,4100,275.0,275.0,275.0,22,8110,150,120,7,1,1,0,0.5,2,0
task_0114,family_20,template_20,0.5,0.5,14,B-STAGEHAND-CACHE,1,0,0,1,7050,7050,7050,500.0,500.0,500.0,29,14120,0,120,0,0,1,0,0.5,2,0
task_0114,family_20,template_20,0.5,0.5,14,B-TERX-REPLAY,1,0,0,1,7050,7050,7050,500.0,500.0,500.0,29,14120,0,120,0,0,1,0,0.5,2,0
task_0114,family_20,template_20,0.5,0.5,14,NC1-SHUFFLED,1,0,1,1,7050,7050,7050,500.0,500.0,500.0,29,14120,0,120,0,0,1,0,0.4,2,0
task_0114,family_20,template_20,0.5,0.5,14,NC2-RANDOM,1,0,0,1,5350,5350,5260,364.2857142857143,364.2857142857143,364.2857142857143,23,10510,150,120,2,1,1,1,0.8,4,0
task_0114,family_20,template_20,0.5,0.5,14,B-LENGTH-PROPORTIONAL,1,0,0,1,7050,7050,7050,500.0,500.0,500.0,29,14120,0,120,0,0,1,0,0.5,2,0
task_0115,family_20,template_20,0.75,1.0,14,P-SPIDER-PARAM,1,0,1,0,7350,7350,7260,500.0,500.0,500.0,29,14270,150,120,0,0,1,0,0.0,0,0
task_0115,family_20,template_20,0.75,1.0,14,B-COLD,1,0,0,1,7050,7050,7050,500.0,500.0,500.0,29,14120,0,120,0,0,1,0,0.5,2,0
task_0115,family_20,template_20,0.75,1.0,14,B-INSTRUCTION,1,0,0,1,7070,7070,7052,500.0,500.0,500.0,29,14120,0,120,0,0,1,0,0.5,2,0
task_0115,family_20,template_20,0.75,1.0,14,B-RAG-EMBED,1,0,0,1,7250,7250,7250,500.0,500.0,500.0,29,14270,150,120,0,0,1,0,0.5,2,0
task_0115,family_20,template_20,0.75,1.0,14,B-STAGEHAND-CACHE,1,0,0,1,7050,7050,7050,500.0,500.0,500.0,29,14120,0,120,0,0,1,0,0.5,2,0
task_0115,family_20,template_20,0.75,1.0,14,B-TERX-REPLAY,1,0,0,1,7050,7050,7050,500.0,500.0,500.0,29,14120,0,120,0,0,1,0,0.5,2,0
task_0115,family_20,template_20,0.75,1.0,14,NC1-SHUFFLED,1,0,1,1,7050,7050,7050,500.0,500.0,500.0,29,14120,0,120,0,0,1,0,0.4,2,0
task_0115,family_20,template_20,0.75,1.0,14,NC2-RANDOM,0,1,0,0,3450,3450,3360,228.57142857142858,228.57142857142858,228.57142857142858,17,6750,150,120,4,1,0,1,0.8,4,1
task_0115,family_20,template_20,0.75,1.0,14,B-LENGTH-PROPORTIONAL,1,0,0,1,7050,7050,7050,500.0,500.0,500.0,29,14120,0,120,0,0,1,0,0.5,2,0
task_0116,family_20,template_20,1.0,1.0,14,P-SPIDER-PARAM,1,0,1,0,7350,7350,7260,500.0,500.0,500.0,29,14270,150,120,0,0,1,0,0.02002923076794152,0,0
task_0116,family_20,template_20,1.0,1.0,14,B-COLD,1,0,0,1,7050,7050,7050,500.0,500.0,500.0,29,14120,0,120,0,0,1,0,0.5,2,0
task_0116,family_20,template_20,1.0,1.0,14,B-INSTRUCTION,1,0,0,1,7070,7070,7052,500.0,500.0,500.0,29,14120,0,120,0,0,1,0,0.5,2,0
task_0116,family_20,template_20,1.0,1.0,14,B-RAG-EMBED,1,0,0,1,7250,7250,7250,500.0,500.0,500.0,29,14270,150,120,0,0,1,0,0.5,2,0
task_0116,family_20,template_20,1.0,1.0,14,B-STAGEHAND-CACHE,1,0,0,1,7050,7050,7050,500.0,500.0,500.0,29,14120,0,120,0,0,1,0,0.5,2,0
task_0116,family_20,template_20,1.0,1.0,14,B-TERX-REPLAY,1,0,0,1,7050,7050,7050,500.0,500.0,500.0,29,14120,0,120,0,0,1,0,0.5,2,0
task_0116,family_20,template_20,1.0,1.0,14,NC1-SHUFFLED,1,0,1,1,7050,7050,7050,500.0,500.0,500.0,29,14120,0,120,0,0,1,0,0.4,2,0
task_0116,family_20,template_20,1.0,1.0,14,NC2-RANDOM,1,0,0,1,6350,6350,6260,435.7142857142857,435.7142857142857,435.7142857142857,27,12510,150,120,2,1,1,1,0.8,4,0
task_0116,family_20,template_20,1.0,1.0,14,B-LENGTH-PROPORTIONAL,1,0,0,1,7050,7050,7050,500.0,500.0,500.0,29,14120,0,120,0,0,1,0,0.5,2,0
task_0117,family_21,template_21,0.0,0.0,8,P-SPIDER-PARAM,1,0,0,1,750,750,660,50.0,50.0,50.0,9,1230,150,120,8,1,1,0,1.0,4,0
task_0117,family_21,template_21,0.0,0.0,8,B-COLD,1,0,0,1,4050,4050,4050,500.0,500.0,500.0,17,8120,0,120,0,0,1,0,0.5,2,0
task_0117,family_21,template_21,0.0,0.0,8,B-INSTRUCTION,1,0,0,1,4070,4070,4052,500.0,500.0,500.0,17,8120,0,120,0,0,1,0,0.5,2,0
task_0117,family_21,template_21,0.0,0.0,8,B-RAG-EMBED,1,0,0,1,650,650,650,50.0,50.0,50.0,9,1230,150,120,8,1,1,0,0.5,2,0
task_0117,family_21,template_21,0.0,0.0,8,B-STAGEHAND-CACHE,1,0,0,1,450,450,450,50.0,50.0,50.0,9,1080,0,120,8,1,1,0,0.5,2,0
task_0117,family_21,template_21,0.0,0.0,8,B-TERX-REPLAY,1,0,0,1,450,450,450,50.0,50.0,50.0,9,1080,0,120,8,1,1,0,0.5,2,0
task_0117,family_21,template_21,0.0,0.0,8,NC1-SHUFFLED,1,0,1,1,4050,4050,4050,500.0,500.0,500.0,17,8120,0,120,0,0,1,0,0.4,2,0
task_0117,family_21,template_21,0.0,0.0,8,NC2-RANDOM,0,1,0,0,5850,5850,5760,700.0,700.0,700.0,25,11510,150,120,2,1,0,1,0.8,4,1
task_0117,family_21,template_21,0.0,0.0,8,B-LENGTH-PROPORTIONAL,1,0,0,1,4050,4050,4050,500.0,500.0,500.0,17,8120,0,120,0,0,1,0,0.5,2,0
task_0118,family_21,template_21,0.5,0.5,8,P-SPIDER-PARAM,1,0,1,0,4350,4350,4260,500.0,500.0,500.0,17,8270,150,120,0,0,1,0,0.4824359791274706,2,0
task_0118,family_21,template_21,0.5,0.5,8,B-COLD,1,0,0,1,4050,4050,4050,500.0,500.0,500.0,17,8120,0,120,0,0,1,0,0.5,2,0
task_0118,family_21,template_21,0.5,0.5,8,B-INSTRUCTION,1,0,0,1,4070,4070,4052,500.0,500.0,500.0,17,8120,0,120,0,0,1,0,0.5,2,0
task_0118,family_21,template_21,0.5,0.5,8,B-RAG-EMBED,1,0,0,1,2450,2450,2450,275.0,275.0,275.0,13,4750,150,120,4,1,1,0,0.5,2,0
task_0118,family_21,template_21,0.5,0.5,8,B-STAGEHAND-CACHE,1,0,0,1,4050,4050,4050,500.0,500.0,500.0,17,8120,0,120,0,0,1,0,0.5,2,0
task_0118,family_21,template_21,0.5,0.5,8,B-TERX-REPLAY,1,0,0,1,4050,4050,4050,500.0,500.0,500.0,17,8120,0,120,0,0,1,0,0.5,2,0
task_0118,family_21,template_21,0.5,0.5,8,NC1-SHUFFLED,1,0,1,1,4050,4050,4050,500.0,500.0,500.0,17,8120,0,120,0,0,1,0,0.4,2,0
task_0118,family_21,template_21,0.5,0.5,8,NC2-RANDOM,0,1,0,0,3050,3050,2960,350.0,350.0,350.0,17,5990,150,120,6,1,0,1,0.8,4,1
task_0118,family_21,template_21,0.5,0.5,8,B-LENGTH-PROPORTIONAL,1,0,0,1,4050,4050,4050,500.0,500.0,500.0,17,8120,0,120,0,0,1,0,0.5,2,0
task_0119,family_21,template_21,0.75,1.0,8,P-SPIDER-PARAM,1,0,1,0,4350,4350,4260,500.0,500.0,500.0,17,8270,150,120,0,0,1,0,0.0,0,0
task_0119,family_21,template_21,0.75,1.0,8,B-COLD,1,0,0,1,4050,4050,4050,500.0,500.0,500.0,17,8120,0,120,0,0,1,0,0.5,2,0
task_0119,family_21,template_21,0.75,1.0,8,B-INSTRUCTION,1,0,0,1,4070,4070,4052,500.0,500.0,500.0,17,8120,0,120,0,0,1,0,0.5,2,0
task_0119,family_21,template_21,0.75,1.0,8,B-RAG-EMBED,1,0,0,1,4250,4250,4250,500.0,500.0,500.0,17,8270,150,120,0,0,1,0,0.5,2,0
task_0119,family_21,template_21,0.75,1.0,8,B-STAGEHAND-CACHE,1,0,0,1,4050,4050,4050,500.0,500.0,500.0,17,8120,0,120,0,0,1,0,0.5,2,0
task_0119,family_21,template_21,0.75,1.0,8,B-TERX-REPLAY,1,0,0,1,4050,4050,4050,500.0,500.0,500.0,17,8120,0,120,0,0,1,0,0.5,2,0
task_0119,family_21,template_21,0.75,1.0,8,NC1-SHUFFLED,1,0,1,1,4050,4050,4050,500.0,500.0,500.0,17,8120,0,120,0,0,1,0,0.4,2,0
task_0119,family_21,template_21,0.75,1.0,8,NC2-RANDOM,1,0,0,1,5350,5350,5260,637.5,637.5,637.5,23,10510,150,120,2,1,1,1,0.8,4,0
task_0119,family_21,template_21,0.75,1.0,8,B-LENGTH-PROPORTIONAL,1,0,0,1,4050,4050,4050,500.0,500.0,500.0,17,8120,0,120,0,0,1,0,0.5,2,0
task_0120,family_21,template_21,1.0,1.0,8,P-SPIDER-PARAM,1,0,1,0,4350,4350,4260,500.0,500.0,500.0,17,8270,150,120,0,0,1,0,0.030586337836836116,0,0
task_0120,family_21,template_21,1.0,1.0,8,B-COLD,1,0,0,1,4050,4050,4050,500.0,500.0,500.0,17,8120,0,120,0,0,1,0,0.5,2,0
task_0120,family_21,template_21,1.0,1.0,8,B-INSTRUCTION,1,0,0,1,4070,4070,4052,500.0,500.0,500.0,17,8120,0,120,0,0,1,0,0.5,2,0
task_0120,family_21,template_21,1.0,1.0,8,B-RAG-EMBED,1,0,0,1,4250,4250,4250,500.0,500.0,500.0,17,8270,150,120,0,0,1,0,0.5,2,0
task_0120,family_21,template_21,1.0,1.0,8,B-STAGEHAND-CACHE,1,0,0,1,4050,4050,4050,500.0,500.0,500.0,17,8120,0,120,0,0,1,0,0.5,2,0
task_0120,family_21,template_21,1.0,1.0,8,B-TERX-REPLAY,1,0,0,1,4050,4050,4050,500.0,500.0,500.0,17,8120,0,120,0,0,1,0,0.5,2,0
task_0120,family_21,template_21,1.0,1.0,8,NC1-SHUFFLED,0,1,1,0,4050,4050,4050,500.0,500.0,500.0,17,8120,0,120,0,0,0,0,0.4,2,1
task_0120,family_21,template_21,1.0,1.0,8,NC2-RANDOM,1,0,0,1,6350,6350,6260,762.5,762.5,762.5,27,12510,150,120,2,1,1,1,0.8,4,0
task_0120,family_21,template_21,1.0,1.0,8,B-LENGTH-PROPORTIONAL,1,0,0,1,4050,4050,4050,500.0,500.0,500.0,17,8120,0,120,0,0,1,0,0.5,2,0
task_0121,family_21,template_21,0.25,0.5,8,P-SPIDER-PARAM,1,0,1,0,4350,4350,4260,500.0,500.0,500.0,17,8270,150,120,0,0,1,0,0.5470732799070867,2,0
task_0121,family_21,template_21,0.25,0.5,8,B-COLD,1,0,0,1,4050,4050,4050,500.0,500.0,500.0,17,8120,0,120,0,0,1,0,0.5,2,0
task_0121,family_21,template_21,0.25,0.5,8,B-INSTRUCTION,1,0,0,1,4070,4070,4052,500.0,500.0,500.0,17,8120,0,120,0,0,1,0,0.5,2,0
task_0121,family_21,template_21,0.25,0.5,8,B-RAG-EMBED,1,0,0,1,2450,2450,2450,275.0,275.0,275.0,13,4750,150,120,4,1,1,0,0.5,2,0
task_0121,family_21,template_21,0.25,0.5,8,B-STAGEHAND-CACHE,1,0,0,1,4050,4050,4050,500.0,500.0,500.0,17,8120,0,120,0,0,1,0,0.5,2,0
task_0121,family_21,template_21,0.25,0.5,8,B-TERX-REPLAY,1,0,0,1,4050,4050,4050,500.0,500.0,500.0,17,8120,0,120,0,0,1,0,0.5,2,0
task_0121,family_21,template_21,0.25,0.5,8,NC1-SHUFFLED,1,0,1,1,4050,4050,4050,500.0,500.0,500.0,17,8120,0,120,0,0,1,0,0.4,2,0
task_0121,family_21,template_21,0.25,0.5,8,NC2-RANDOM,0,1,0,0,4350,4350,4260,512.5,512.5,512.5,19,8510,150,120,2,1,0,1,0.8,4,1
task_0121,family_21,template_21,0.25,0.5,8,B-LENGTH-PROPORTIONAL,1,0,0,1,4050,4050,4050,500.0,500.0,500.0,17,8120,0,120,0,0,1,0,0.5,2,0
task_0122,family_22,template_22,0.0,0.0,9,P-SPIDER-PARAM,1,0,0,1,800,800,710,50.0,50.0,50.0,10,1350,150,120,9,1,1,0,1.0,4,0
task_0122,family_22,template_22,0.0,0.0,9,B-COLD,1,0,0,1,4550,4550,4550,500.0,500.0,500.0,19,9120,0,120,0,0,1,0,0.5,2,0
task_0122,family_22,template_22,0.0,0.0,9,B-INSTRUCTION,1,0,0,1,4570,4570,4552,500.0,500.0,500.0,19,9120,0,120,0,0,1,0,0.5,2,0
task_0122,family_22,template_22,0.0,0.0,9,B-RAG-EMBED,1,0,0,1,700,700,700,50.0,50.0,50.0,10,1350,150,120,9,1,1,0,0.5,2,0
task_0122,family_22,template_22,0.0,0.0,9,B-STAGEHAND-CACHE,1,0,0,1,500,500,500,50.0,50.0,50.0,10,1200,0,120,9,1,1,0,0.5,2,0
task_0122,family_22,template_22,0.0,0.0,9,B-TERX-REPLAY,1,0,0,1,500,500,500,50.0,50.0,50.0,10,1200,0,120,9,1,1,0,0.5,2,0
task_0122,family_22,template_22,0.0,0.0,9,NC1-SHUFFLED,1,0,1,1,4550,4550,4550,500.0,500.0,500.0,19,9120,0,120,0,0,1,0,0.4,2,0
task_0122,family_22,template_22,0.0,0.0,9,NC2-RANDOM,0,1,0,0,3850,3850,3760,400.0,400.0,400.0,17,7510,150,120,2,1,0,1,0.8,4,1
task_0122,family_22,template_22,0.0,0.0,9,B-LENGTH-PROPORTIONAL,1,0,0,1,4550,4550,4550,500.0,500.0,500.0,19,9120,0,120,0,0,1,0,0.5,2,0
task_0123,family_22,template_22,0.75,0.6667,9,P-SPIDER-PARAM,1,0,1,0,4850,4850,4760,500.0,500.0,500.0,19,9270,150,120,0,0,1,0,0.07308240440450793,0,0
task_0123,family_22,template_22,0.75,0.6667,9,B-COLD,1,0,0,1,4550,4550,4550,500.0,500.0,500.0,19,9120,0,120,0,0,1,0,0.5,2,0
task_0123,family_22,template_22,0.75,0.6667,9,B-INSTRUCTION,1,0,0,1,4570,4570,4552,500.0,500.0,500.0,19,9120,0,120,0,0,1,0,0.5,2,0
task_0123,family_22,template_22,0.75,0.6667,9,B-RAG-EMBED,1,0,0,1,3400,3400,3400,350.0,350.0,350.0,16,6630,150,120,3,1,1,0,0.5,2,0
task_0123,family_22,template_22,0.75,0.6667,9,B-STAGEHAND-CACHE,1,0,0,1,4550,4550,4550,500.0,500.0,500.0,19,9120,0,120,0,0,1,0,0.5,2,0
task_0123,family_22,template_22,0.75,0.6667,9,B-TERX-REPLAY,1,0,0,1,4550,4550,4550,500.0,500.0,500.0,19,9120,0,120,0,0,1,0,0.5,2,0
task_0123,family_22,template_22,0.75,0.6667,9,NC1-SHUFFLED,1,0,1,1,4550,4550,4550,500.0,500.0,500.0,19,9120,0,120,0,0,1,0,0.4,2,0
task_0123,family_22,template_22,0.75,0.6667,9,NC2-RANDOM,1,0,0,1,5350,5350,5260,566.6666666666666,566.6666666666666,566.6666666666666,23,10510,150,120,2,1,1,1,0.8,4,0
task_0123,family_22,template_22,0.75,0.6667,9,B-LENGTH-PROPORTIONAL,1,0,0,1,4550,4550,4550,500.0,500.0,500.0,19,9120,0,120,0,0,1,0,0.5,2,0
task_0124,family_22,template_22,1.0,1.0,9,P-SPIDER-PARAM,1,0,1,0,4850,4850,4760,500.0,500.0,500.0,19,9270,150,120,0,0,1,0,0.0,0,0
task_0124,family_22,template_22,1.0,1.0,9,B-COLD,1,0,0,1,4550,4550,4550,500.0,500.0,500.0,19,9120,0,120,0,0,1,0,0.5,2,0
task_0124,family_22,template_22,1.0,1.0,9,B-INSTRUCTION,1,0,0,1,4570,4570,4552,500.0,500.0,500.0,19,9120,0,120,0,0,1,0,0.5,2,0
task_0124,family_22,template_22,1.0,1.0,9,B-RAG-EMBED,1,0,0,1,4750,4750,4750,500.0,500.0,500.0,19,9270,150,120,0,0,1,0,0.5,2,0
task_0124,family_22,template_22,1.0,1.0,9,B-STAGEHAND-CACHE,1,0,0,1,4550,4550,4550,500.0,500.0,500.0,19,9120,0,120,0,0,1,0,0.5,2,0
task_0124,family_22,template_22,1.0,1.0,9,B-TERX-REPLAY,1,0,0,1,4550,4550,4550,500.0,500.0,500.0,19,9120,0,120,0,0,1,0,0.5,2,0
task_0124,family_22,template_22,1.0,1.0,9,NC1-SHUFFLED,1,0,1,1,4550,4550,4550,500.0,500.0,500.0,19,9120,0,120,0,0,1,0,0.4,2,0
task_0124,family_22,template_22,1.0,1.0,9,NC2-RANDOM,0,1,0,0,3350,3350,3260,344.44444444444446,344.44444444444446,344.44444444444446,15,6510,150,120,2,1,0,1,0.8,4,1
task_0124,family_22,template_22,1.0,1.0,9,B-LENGTH-PROPORTIONAL,1,0,0,1,4550,4550,4550,500.0,500.0,500.0,19,9120,0,120,0,0,1,0,0.5,2,0
task_0125,family_22,template_22,0.25,0.3333,9,P-SPIDER-PARAM,1,0,0,1,1700,1700,1610,150.0,150.0,150.0,12,3110,150,120,7,1,1,1,0.8765204698707033,4,0
task_0125,family_22,template_22,0.25,0.3333,9,B-COLD,1,0,0,1,4550,4550,4550,500.0,500.0,500.0,19,9120,0,120,0,0,1,0,0.5,2,0
task_0125,family_22,template_22,0.25,0.3333,9,B-INSTRUCTION,1,0,0,1,4570,4570,4552,500.0,500.0,500.0,19,9120,0,120,0,0,1,0,0.5,2,0
task_0125,family_22,template_22,0.25,0.3333,9,B-RAG-EMBED,1,0,0,1,2050,2050,2050,200.0,200.0,200.0,13,3990,150,120,6,1,1,0,0.5,2,0
task_0125,family_22,template_22,0.25,0.3333,9,B-STAGEHAND-CACHE,1,0,0,1,4550,4550,4550,500.0,500.0,500.0,19,9120,0,120,0,0,1,0,0.5,2,0
task_0125,family_22,template_22,0.25,0.3333,9,B-TERX-REPLAY,1,0,0,1,4550,4550,4550,500.0,500.0,500.0,19,9120,0,120,0,0,1,0,0.5,2,0
task_0125,family_22,template_22,0.25,0.3333,9,NC1-SHUFFLED,1,0,1,1,4550,4550,4550,500.0,500.0,500.0,19,9120,0,120,0,0,1,0,0.4,2,0
task_0125,family_22,template_22,0.25,0.3333,9,NC2-RANDOM,1,0,0,1,5850,5850,5760,622.2222222222222,622.2222222222222,622.2222222222222,25,11510,150,120,2,1,1,1,0.8,4,0
task_0125,family_22,template_22,0.25,0.3333,9,B-LENGTH-PROPORTIONAL,1,0,0,1,4550,4550,4550,500.0,500.0,500.0,19,9120,0,120,0,0,1,0,0.5,2,0
task_0126,family_22,template_22,0.5,0.6667,9,P-SPIDER-PARAM,1,0,1,0,4850,4850,4760,500.0,500.0,500.0,19,9270,150,120,0,0,1,0,0.1155453088737209,0,0
task_0126,family_22,template_22,0.5,0.6667,9,B-COLD,1,0,0,1,4550,4550,4550,500.0,500.0,500.0,19,9120,0,120,0,0,1,0,0.5,2,0
task_0126,family_22,template_22,0.5,0.6667,9,B-INSTRUCTION,1,0,0,1,4570,4570,4552,500.0,500.0,500.0,19,9120,0,120,0,0,1,0,0.5,2,0
task_0126,family_22,template_22,0.5,0.6667,9,B-RAG-EMBED,1,0,0,1,3400,3400,3400,350.0,350.0,350.0,16,6630,150,120,3,1,1,0,0.5,2,0
task_0126,family_22,template_22,0.5,0.6667,9,B-STAGEHAND-CACHE,1,0,0,1,4550,4550,4550,500.0,500.0,500.0,19,9120,0,120,0,0,1,0,0.5,2,0
task_0126,family_22,template_22,0.5,0.6667,9,B-TERX-REPLAY,1,0,0,1,4550,4550,4550,500.0,500.0,500.0,19,9120,0,120,0,0,1,0,0.5,2,0
task_0126,family_22,template_22,0.5,0.6667,9,NC1-SHUFFLED,1,0,1,1,4550,4550,4550,500.0,500.0,500.0,19,9120,0,120,0,0,1,0,0.4,2,0
task_0126,family_22,template_22,0.5,0.6667,9,NC2-RANDOM,1,0,0,1,5350,5350,5260,566.6666666666666,566.6666666666666,566.6666666666666,23,10510,150,120,2,1,1,1,0.8,4,0
task_0126,family_22,template_22,0.5,0.6667,9,B-LENGTH-PROPORTIONAL,1,0,0,1,4550,4550,4550,500.0,500.0,500.0,19,9120,0,120,0,0,1,0,0.5,2,0
task_0127,family_23,template_23,0.0,0.0,10,P-SPIDER-PARAM,1,0,0,1,850,850,760,50.0,50.0,50.0,11,1470,150,120,10,1,1,0,1.0,4,0
task_0127,family_23,template_23,0.0,0.0,10,B-COLD,1,0,0,1,5050,5050,5050,500.0,500.0,500.0,21,10120,0,120,0,0,1,0,0.5,2,0
task_0127,family_23,template_23,0.0,0.0,10,B-INSTRUCTION,1,0,0,1,5070,5070,5052,500.0,500.0,500.0,21,10120,0,120,0,0,1,0,0.5,2,0
task_0127,family_23,template_23,0.0,0.0,10,B-RAG-EMBED,1,0,0,1,750,750,750,50.0,50.0,50.0,11,1470,150,120,10,1,1,0,0.5,2,0
task_0127,family_23,template_23,0.0,0.0,10,B-STAGEHAND-CACHE,1,0,0,1,550,550,550,50.0,50.0,50.0,11,1320,0,120,10,1,1,0,0.5,2,0
task_0127,family_23,template_23,0.0,0.0,10,B-TERX-REPLAY,1,0,0,1,550,550,550,50.0,50.0,50.0,11,1320,0,120,10,1,1,0,0.5,2,0
task_0127,family_23,template_23,0.0,0.0,10,NC1-SHUFFLED,1,0,1,1,5050,5050,5050,500.0,500.0,500.0,21,10120,0,120,0,0,1,0,0.4,2,0
task_0127,family_23,template_23,0.0,0.0,10,NC2-RANDOM,1,0,0,1,5850,5850,5760,560.0,560.0,560.0,25,11510,150,120,2,1,1,1,0.8,4,0
task_0127,family_23,template_23,0.0,0.0,10,B-LENGTH-PROPORTIONAL,1,0,0,1,5050,5050,5050,500.0,500.0,500.0,21,10120,0,120,0,0,1,0,0.5,2,0
task_0128,family_23,template_23,1.0,1.0,10,P-SPIDER-PARAM,1,0,1,0,5350,5350,5260,500.0,500.0,500.0,21,10270,150,120,0,0,1,0,0.011597197346624778,0,0
task_0128,family_23,template_23,1.0,1.0,10,B-COLD,1,0,0,1,5050,5050,5050,500.0,500.0,500.0,21,10120,0,120,0,0,1,0,0.5,2,0
task_0128,family_23,template_23,1.0,1.0,10,B-INSTRUCTION,1,0,0,1,5070,5070,5052,500.0,500.0,500.0,21,10120,0,120,0,0,1,0,0.5,2,0
task_0128,family_23,template_23,1.0,1.0,10,B-RAG-EMBED,1,0,0,1,5250,5250,5250,500.0,500.0,500.0,21,10270,150,120,0,0,1,0,0.5,2,0
task_0128,family_23,template_23,1.0,1.0,10,B-STAGEHAND-CACHE,1,0,0,1,5050,5050,5050,500.0,500.0,500.0,21,10120,0,120,0,0,1,0,0.5,2,0
task_0128,family_23,template_23,1.0,1.0,10,B-TERX-REPLAY,1,0,0,1,5050,5050,5050,500.0,500.0,500.0,21,10120,0,120,0,0,1,0,0.5,2,0
task_0128,family_23,template_23,1.0,1.0,10,NC1-SHUFFLED,0,1,1,0,5050,5050,5050,500.0,500.0,500.0,21,10120,0,120,0,0,0,0,0.4,2,1
task_0128,family_23,template_23,1.0,1.0,10,NC2-RANDOM,1,0,0,1,3050,3050,2960,280.0,280.0,280.0,17,5990,150,120,6,1,1,1,0.8,4,0
task_0128,family_23,template_23,1.0,1.0,10,B-LENGTH-PROPORTIONAL,1,0,0,1,5050,5050,5050,500.0,500.0,500.0,21,10120,0,120,0,0,1,0,0.5,2,0
task_0129,family_23,template_23,0.25,0.0,10,P-SPIDER-PARAM,1,0,0,1,850,850,760,50.0,50.0,50.0,11,1470,150,120,10,1,1,0,0.9694501949124209,4,0
task_0129,family_23,template_23,0.25,0.0,10,B-COLD,1,0,0,1,5050,5050,5050,500.0,500.0,500.0,21,10120,0,120,0,0,1,0,0.5,2,0
task_0129,family_23,template_23,0.25,0.0,10,B-INSTRUCTION,1,0,0,1,5070,5070,5052,500.0,500.0,500.0,21,10120,0,120,0,0,1,0,0.5,2,0
task_0129,family_23,template_23,0.25,0.0,10,B-RAG-EMBED,1,0,0,1,750,750,750,50.0,50.0,50.0,11,1470,150,120,10,1,1,0,0.5,2,0
task_0129,family_23,template_23,0.25,0.0,10,B-STAGEHAND-CACHE,1,0,0,1,5050,5050,5050,500.0,500.0,500.0,21,10120,0,120,0,0,1,0,0.5,2,0
task_0129,family_23,template_23,0.25,0.0,10,B-TERX-REPLAY,1,0,0,1,5050,5050,5050,500.0,500.0,500.0,21,10120,0,120,0,0,1,0,0.5,2,0
task_0129,family_23,template_23,0.25,0.0,10,NC1-SHUFFLED,1,0,1,1,5050,5050,5050,500.0,500.0,500.0,21,10120,0,120,0,0,1,0,0.4,2,0
task_0129,family_23,template_23,0.25,0.0,10,NC2-RANDOM,1,0,0,1,750,750,660,50.0,50.0,50.0,11,1470,150,120,10,1,1,0,0.8,4,0
task_0129,family_23,template_23,0.25,0.0,10,B-LENGTH-PROPORTIONAL,1,0,0,1,5050,5050,5050,500.0,500.0,500.0,21,10120,0,120,0,0,1,0,0.5,2,0
task_0130,family_23,template_23,0.5,1.0,10,P-SPIDER-PARAM,1,0,1,0,5350,5350,5260,500.0,500.0,500.0,21,10270,150,120,0,0,1,0,0.007710566846573795,0,0
task_0130,family_23,template_23,0.5,1.0,10,B-COLD,1,0,0,1,5050,5050,5050,500.0,500.0,500.0,21,10120,0,120,0,0,1,0,0.5,2,0
task_0130,family_23,template_23,0.5,1.0,10,B-INSTRUCTION,1,0,0,1,5070,5070,5052,500.0,500.0,500.0,21,10120,0,120,0,0,1,0,0.5,2,0
task_0130,family_23,template_23,0.5,1.0,10,B-RAG-EMBED,1,0,0,1,5250,5250,5250,500.0,500.0,500.0,21,10270,150,120,0,0,1,0,0.5,2,0
task_0130,family_23,template_23,0.5,1.0,10,B-STAGEHAND-CACHE,1,0,0,1,5050,5050,5050,500.0,500.0,500.0,21,10120,0,120,0,0,1,0,0.5,2,0
task_0130,family_23,template_23,0.5,1.0,10,B-TERX-REPLAY,1,0,0,1,5050,5050,5050,500.0,500.0,500.0,21,10120,0,120,0,0,1,0,0.5,2,0
task_0130,family_23,template_23,0.5,1.0,10,NC1-SHUFFLED,0,1,1,0,5050,5050,5050,500.0,500.0,500.0,21,10120,0,120,0,0,0,0,0.4,2,1
task_0130,family_23,template_23,0.5,1.0,10,NC2-RANDOM,0,1,0,0,5850,5850,5760,560.0,560.0,560.0,25,11510,150,120,2,1,0,1,0.8,4,1
task_0130,family_23,template_23,0.5,1.0,10,B-LENGTH-PROPORTIONAL,1,0,0,1,5050,5050,5050,500.0,500.0,500.0,21,10120,0,120,0,0,1,0,0.5,2,0
task_0131,family_23,template_23,0.75,1.0,10,P-SPIDER-PARAM,1,0,1,0,5350,5350,5260,500.0,500.0,500.0,21,10270,150,120,0,0,1,0,0.03292164973529787,0,0
task_0131,family_23,template_23,0.75,1.0,10,B-COLD,1,0,0,1,5050,5050,5050,500.0,500.0,500.0,21,10120,0,120,0,0,1,0,0.5,2,0
task_0131,family_23,template_23,0.75,1.0,10,B-INSTRUCTION,1,0,0,1,5070,5070,5052,500.0,500.0,500.0,21,10120,0,120,0,0,1,0,0.5,2,0
task_0131,family_23,template_23,0.75,1.0,10,B-RAG-EMBED,1,0,0,1,5250,5250,5250,500.0,500.0,500.0,21,10270,150,120,0,0,1,0,0.5,2,0
task_0131,family_23,template_23,0.75,1.0,10,B-STAGEHAND-CACHE,1,0,0,1,5050,5050,5050,500.0,500.0,500.0,21,10120,0,120,0,0,1,0,0.5,2,0
task_0131,family_23,template_23,0.75,1.0,10,B-TERX-REPLAY,1,0,0,1,5050,5050,5050,500.0,500.0,500.0,21,10120,0,120,0,0,1,0,0.5,2,0
task_0131,family_23,template_23,0.75,1.0,10,NC1-SHUFFLED,1,0,1,1,5050,5050,5050,500.0,500.0,500.0,21,10120,0,120,0,0,1,0,0.4,2,0
task_0131,family_23,template_23,0.75,1.0,10,NC2-RANDOM,0,1,0,0,4850,4850,4760,460.0,460.0,460.0,21,9510,150,120,2,1,0,1,0.8,4,1
task_0131,family_23,template_23,0.75,1.0,10,B-LENGTH-PROPORTIONAL,1,0,0,1,5050,5050,5050,500.0,500.0,500.0,21,10120,0,120,0,0,1,0,0.5,2,0
task_0132,family_24,template_24,0.0,0.0,11,P-SPIDER-PARAM,1,0,0,1,900,900,810,50.0,50.0,50.0,12,1590,150,120,11,1,1,0,1.0,4,0
task_0132,family_24,template_24,0.0,0.0,11,B-COLD,1,0,0,1,5550,5550,5550,500.0,500.0,500.0,23,11120,0,120,0,0,1,0,0.5,2,0
task_0132,family_24,template_24,0.0,0.0,11,B-INSTRUCTION,1,0,0,1,5570,5570,5552,500.0,500.0,500.0,23,11120,0,120,0,0,1,0,0.5,2,0
task_0132,family_24,template_24,0.0,0.0,11,B-RAG-EMBED,1,0,0,1,800,800,800,50.0,50.0,50.0,12,1590,150,120,11,1,1,0,0.5,2,0
task_0132,family_24,template_24,0.0,0.0,11,B-STAGEHAND-CACHE,1,0,0,1,600,600,600,50.0,50.0,50.0,12,1440,0,120,11,1,1,0,0.5,2,0
task_0132,family_24,template_24,0.0,0.0,11,B-TERX-REPLAY,1,0,0,1,600,600,600,50.0,50.0,50.0,12,1440,0,120,11,1,1,0,0.5,2,0
task_0132,family_24,template_24,0.0,0.0,11,NC1-SHUFFLED,1,0,1,1,5550,5550,5550,500.0,500.0,500.0,23,11120,0,120,0,0,1,0,0.4,2,0
task_0132,family_24,template_24,0.0,0.0,11,NC2-RANDOM,1,0,0,1,6350,6350,6260,554.5454545454545,554.5454545454545,554.5454545454545,27,12510,150,120,2,1,1,1,0.8,4,0
task_0132,family_24,template_24,0.0,0.0,11,B-LENGTH-PROPORTIONAL,1,0,0,1,5550,5550,5550,500.0,500.0,500.0,23,11120,0,120,0,0,1,0,0.5,2,0
task_0133,family_24,template_24,0.25,0.5,11,P-SPIDER-PARAM,1,0,1,0,5850,5850,5760,500.0,500.0,500.0,23,11270,150,120,0,0,1,0,0.5010101853868316,2,0
task_0133,family_24,template_24,0.25,0.5,11,B-COLD,1,0,0,1,5550,5550,5550,500.0,500.0,500.0,23,11120,0,120,0,0,1,0,0.5,2,0
task_0133,family_24,template_24,0.25,0.5,11,B-INSTRUCTION,1,0,0,1,5570,5570,5552,500.0,500.0,500.0,23,11120,0,120,0,0,1,0,0.5,2,0
task_0133,family_24,template_24,0.25,0.5,11,B-RAG-EMBED,1,0,0,1,3500,3500,3500,295.45454545454544,295.45454545454544,295.45454545454544,18,6870,150,120,5,1,1,0,0.5,2,0
task_0133,family_24,template_24,0.25,0.5,11,B-STAGEHAND-CACHE,1,0,0,1,5550,5550,5550,500.0,500.0,500.0,23,11120,0,120,0,0,1,0,0.5,2,0
task_0133,family_24,template_24,0.25,0.5,11,B-TERX-REPLAY,1,0,0,1,5550,5550,5550,500.0,500.0,500.0,23,11120,0,120,0,0,1,0,0.5,2,0
task_0133,family_24,template_24,0.25,0.5,11,NC1-SHUFFLED,1,0,1,1,5550,5550,5550,500.0,500.0,500.0,23,11120,0,120,0,0,1,0,0.4,2,0
task_0133,family_24,template_24,0.25,0.5,11,NC2-RANDOM,0,1,0,0,4850,4850,4760,418.1818181818182,418.1818181818182,418.1818181818182,21,9510,150,120,2,1,0,1,0.8,4,1
task_0133,family_24,template_24,0.25,0.5,11,B-LENGTH-PROPORTIONAL,1,0,0,1,5550,5550,5550,500.0,500.0,500.0,23,11120,0,120,0,0,1,0,0.5,2,0
task_0134,family_24,template_24,0.5,0.5,11,P-SPIDER-PARAM,1,0,1,0,5850,5850,5760,500.0,500.0,500.0,23,11270,150,120,0,0,1,0,0.4823137644764382,2,0
task_0134,family_24,template_24,0.5,0.5,11,B-COLD,1,0,0,1,5550,5550,5550,500.0,500.0,500.0,23,11120,0,120,0,0,1,0,0.5,2,0
task_0134,family_24,template_24,0.5,0.5,11,B-INSTRUCTION,1,0,0,1,5570,5570,5552,500.0,500.0,500.0,23,11120,0,120,0,0,1,0,0.5,2,0
task_0134,family_24,template_24,0.5,0.5,11,B-RAG-EMBED,1,0,0,1,3500,3500,3500,295.45454545454544,295.45454545454544,295.45454545454544,18,6870,150,120,5,1,1,0,0.5,2,0
task_0134,family_24,template_24,0.5,0.5,11,B-STAGEHAND-CACHE,1,0,0,1,5550,5550,5550,500.0,500.0,500.0,23,11120,0,120,0,0,1,0,0.5,2,0
task_0134,family_24,template_24,0.5,0.5,11,B-TERX-REPLAY,1,0,0,1,5550,5550,5550,500.0,500.0,500.0,23,11120,0,120,0,0,1,0,0.5,2,0
task_0134,family_24,template_24,0.5,0.5,11,NC1-SHUFFLED,1,0,1,1,5550,5550,5550,500.0,500.0,500.0,23,11120,0,120,0,0,1,0,0.4,2,0
task_0134,family_24,template_24,0.5,0.5,11,NC2-RANDOM,1,0,0,1,4500,4500,4410,386.3636363636364,386.3636363636364,386.3636363636364,22,8870,150,120,5,1,1,1,0.8,4,0
task_0134,family_24,template_24,0.5,0.5,11,B-LENGTH-PROPORTIONAL,1,0,0,1,5550,5550,5550,500.0,500.0,500.0,23,11120,0,120,0,0,1,0,0.5,2,0
task_0135,family_24,template_24,0.75,1.0,11,P-SPIDER-PARAM,1,0,1,0,5850,5850,5760,500.0,500.0,500.0,23,11270,150,120,0,0,1,0,0.0,0,0
task_0135,family_24,template_24,0.75,1.0,11,B-COLD,1,0,0,1,5550,5550,5550,500.0,500.0,500.0,23,11120,0,120,0,0,1,0,0.5,2,0
task_0135,family_24,template_24,0.75,1.0,11,B-INSTRUCTION,1,0,0,1,5570,5570,5552,500.0,500.0,500.0,23,11120,0,120,0,0,1,0,0.5,2,0
task_0135,family_24,template_24,0.75,1.0,11,B-RAG-EMBED,1,0,0,1,5750,5750,5750,500.0,500.0,500.0,23,11270,150,120,0,0,1,0,0.5,2,0
task_0135,family_24,template_24,0.75,1.0,11,B-STAGEHAND-CACHE,1,0,0,1,5550,5550,5550,500.0,500.0,500.0,23,11120,0,120,0,0,1,0,0.5,2,0
task_0135,family_24,template_24,0.75,1.0,11,B-TERX-REPLAY,1,0,0,1,5550,5550,5550,500.0,500.0,500.0,23,11120,0,120,0,0,1,0,0.5,2,0
task_0135,family_24,template_24,0.75,1.0,11,NC1-SHUFFLED,1,0,1,1,5550,5550,5550,500.0,500.0,500.0,23,11120,0,120,0,0,1,0,0.4,2,0
task_0135,family_24,template_24,0.75,1.0,11,NC2-RANDOM,1,0,0,1,3850,3850,3760,327.27272727272725,327.27272727272725,327.27272727272725,17,7510,150,120,2,1,1,1,0.8,4,0
task_0135,family_24,template_24,0.75,1.0,11,B-LENGTH-PROPORTIONAL,1,0,0,1,5550,5550,5550,500.0,500.0,500.0,23,11120,0,120,0,0,1,0,0.5,2,0
task_0136,family_24,template_24,1.0,1.0,11,P-SPIDER-PARAM,1,0,1,0,5850,5850,5760,500.0,500.0,500.0,23,11270,150,120,0,0,1,0,0.0,0,0
task_0136,family_24,template_24,1.0,1.0,11,B-COLD,1,0,0,1,5550,5550,5550,500.0,500.0,500.0,23,11120,0,120,0,0,1,0,0.5,2,0
task_0136,family_24,template_24,1.0,1.0,11,B-INSTRUCTION,1,0,0,1,5570,5570,5552,500.0,500.0,500.0,23,11120,0,120,0,0,1,0,0.5,2,0
task_0136,family_24,template_24,1.0,1.0,11,B-RAG-EMBED,1,0,0,1,5750,5750,5750,500.0,500.0,500.0,23,11270,150,120,0,0,1,0,0.5,2,0
task_0136,family_24,template_24,1.0,1.0,11,B-STAGEHAND-CACHE,1,0,0,1,5550,5550,5550,500.0,500.0,500.0,23,11120,0,120,0,0,1,0,0.5,2,0
task_0136,family_24,template_24,1.0,1.0,11,B-TERX-REPLAY,1,0,0,1,5550,5550,5550,500.0,500.0,500.0,23,11120,0,120,0,0,1,0,0.5,2,0
task_0136,family_24,template_24,1.0,1.0,11,NC1-SHUFFLED,1,0,1,1,5550,5550,5550,500.0,500.0,500.0,23,11120,0,120,0,0,1,0,0.4,2,0
task_0136,family_24,template_24,1.0,1.0,11,NC2-RANDOM,1,0,0,1,2950,2950,2860,245.45454545454547,245.45454545454547,245.45454545454547,15,5750,150,120,4,1,1,1,0.8,4,0
task_0136,family_24,template_24,1.0,1.0,11,B-LENGTH-PROPORTIONAL,1,0,0,1,5550,5550,5550,500.0,500.0,500.0,23,11120,0,120,0,0,1,0,0.5,2,0
task_0137,family_25,template_25,0.0,0.0,12,P-SPIDER-PARAM,1,0,0,1,950,950,860,50.0,50.0,50.0,13,1710,150,120,12,1,1,0,1.0,4,0
task_0137,family_25,template_25,0.0,0.0,12,B-COLD,1,0,0,1,6050,6050,6050,500.0,500.0,500.0,25,12120,0,120,0,0,1,0,0.5,2,0
task_0137,family_25,template_25,0.0,0.0,12,B-INSTRUCTION,1,0,0,1,6070,6070,6052,500.0,500.0,500.0,25,12120,0,120,0,0,1,0,0.5,2,0
task_0137,family_25,template_25,0.0,0.0,12,B-RAG-EMBED,1,0,0,1,850,850,850,50.0,50.0,50.0,13,1710,150,120,12,1,1,0,0.5,2,0
task_0137,family_25,template_25,0.0,0.0,12,B-STAGEHAND-CACHE,1,0,0,1,650,650,650,50.0,50.0,50.0,13,1560,0,120,12,1,1,0,0.5,2,0
task_0137,family_25,template_25,0.0,0.0,12,B-TERX-REPLAY,1,0,0,1,650,650,650,50.0,50.0,50.0,13,1560,0,120,12,1,1,0,0.5,2,0
task_0137,family_25,template_25,0.0,0.0,12,NC1-SHUFFLED,1,0,1,1,6050,6050,6050,500.0,500.0,500.0,25,12120,0,120,0,0,1,0,0.4,2,0
task_0137,family_25,template_25,0.0,0.0,12,NC2-RANDOM,0,1,0,0,4850,4850,4760,383.3333333333333,383.3333333333333,383.3333333333333,21,9510,150,120,2,1,0,1,0.8,4,1
task_0137,family_25,template_25,0.0,0.0,12,B-LENGTH-PROPORTIONAL,1,0,0,1,6050,6050,6050,500.0,500.0,500.0,25,12120,0,120,0,0,1,0,0.5,2,0
task_0138,family_25,template_25,0.5,0.5,12,P-SPIDER-PARAM,1,0,1,0,6350,6350,6260,500.0,500.0,500.0,25,12270,150,120,0,0,1,0,0.5043742773479074,2,0
task_0138,family_25,template_25,0.5,0.5,12,B-COLD,1,0,0,1,6050,6050,6050,500.0,500.0,500.0,25,12120,0,120,0,0,1,0,0.5,2,0
task_0138,family_25,template_25,0.5,0.5,12,B-INSTRUCTION,1,0,0,1,6070,6070,6052,500.0,500.0,500.0,25,12120,0,120,0,0,1,0,0.5,2,0
task_0138,family_25,template_25,0.5,0.5,12,B-RAG-EMBED,1,0,0,1,3550,3550,3550,275.0,275.0,275.0,19,6990,150,120,6,1,1,0,0.5,2,0
task_0138,family_25,template_25,0.5,0.5,12,B-STAGEHAND-CACHE,1,0,0,1,6050,6050,6050,500.0,500.0,500.0,25,12120,0,120,0,0,1,0,0.5,2,0
task_0138,family_25,template_25,0.5,0.5,12,B-TERX-REPLAY,1,0,0,1,6050,6050,6050,500.0,500.0,500.0,25,12120,0,120,0,0,1,0,0.5,2,0
task_0138,family_25,template_25,0.5,0.5,12,NC1-SHUFFLED,1,0,1,1,6050,6050,6050,500.0,500.0,500.0,25,12120,0,120,0,0,1,0,0.4,2,0
task_0138,family_25,template_25,0.5,0.5,12,NC2-RANDOM,1,0,0,1,3100,3100,3010,237.5,237.5,237.5,18,6110,150,120,7,1,1,1,0.8,4,0
task_0138,family_25,template_25,0.5,0.5,12,B-LENGTH-PROPORTIONAL,1,0,0,1,6050,6050,6050,500.0,500.0,500.0,25,12120,0,120,0,0,1,0,0.5,2,0
task_0139,family_25,template_25,0.75,1.0,12,P-SPIDER-PARAM,1,0,1,0,6350,6350,6260,500.0,500.0,500.0,25,12270,150,120,0,0,1,0,0.015988154863668596,0,0
task_0139,family_25,template_25,0.75,1.0,12,B-COLD,1,0,0,1,6050,6050,6050,500.0,500.0,500.0,25,12120,0,120,0,0,1,0,0.5,2,0
task_0139,family_25,template_25,0.75,1.0,12,B-INSTRUCTION,1,0,0,1,6070,6070,6052,500.0,500.0,500.0,25,12120,0,120,0,0,1,0,0.5,2,0
task_0139,family_25,template_25,0.75,1.0,12,B-RAG-EMBED,1,0,0,1,6250,6250,6250,500.0,500.0,500.0,25,12270,150,120,0,0,1,0,0.5,2,0
task_0139,family_25,template_25,0.75,1.0,12,B-STAGEHAND-CACHE,1,0,0,1,6050,6050,6050,500.0,500.0,500.0,25,12120,0,120,0,0,1,0,0.5,2,0
task_0139,family_25,template_25,0.75,1.0,12,B-TERX-REPLAY,1,0,0,1,6050,6050,6050,500.0,500.0,500.0,25,12120,0,120,0,0,1,0,0.5,2,0
task_0139,family_25,template_25,0.75,1.0,12,NC1-SHUFFLED,1,0,1,1,6050,6050,6050,500.0,500.0,500.0,25,12120,0,120,0,0,1,0,0.4,2,0
task_0139,family_25,template_25,0.75,1.0,12,NC2-RANDOM,0,1,0,0,3850,3850,3760,300.0,300.0,300.0,17,7510,150,120,2,1,0,1,0.8,4,1
task_0139,family_25,template_25,0.75,1.0,12,B-LENGTH-PROPORTIONAL,1,0,0,1,6050,6050,6050,500.0,500.0,500.0,25,12120,0,120,0,0,1,0,0.5,2,0
task_0140,family_25,template_25,1.0,1.0,12,P-SPIDER-PARAM,1,0,1,0,6350,6350,6260,500.0,500.0,500.0,25,12270,150,120,0,0,1,0,0.019511312902242697,0,0
task_0140,family_25,template_25,1.0,1.0,12,B-COLD,1,0,0,1,6050,6050,6050,500.0,500.0,500.0,25,12120,0,120,0,0,1,0,0.5,2,0
task_0140,family_25,template_25,1.0,1.0,12,B-INSTRUCTION,1,0,0,1,6070,6070,6052,500.0,500.0,500.0,25,12120,0,120,0,0,1,0,0.5,2,0
task_0140,family_25,template_25,1.0,1.0,12,B-RAG-EMBED,1,0,0,1,6250,6250,6250,500.0,500.0,500.0,25,12270,150,120,0,0,1,0,0.5,2,0
task_0140,family_25,template_25,1.0,1.0,12,B-STAGEHAND-CACHE,1,0,0,1,6050,6050,6050,500.0,500.0,500.0,25,12120,0,120,0,0,1,0,0.5,2,0
task_0140,family_25,template_25,1.0,1.0,12,B-TERX-REPLAY,1,0,0,1,6050,6050,6050,500.0,500.0,500.0,25,12120,0,120,0,0,1,0,0.5,2,0
task_0140,family_25,template_25,1.0,1.0,12,NC1-SHUFFLED,1,0,1,1,6050,6050,6050,500.0,500.0,500.0,25,12120,0,120,0,0,1,0,0.4,2,0
task_0140,family_25,template_25,1.0,1.0,12,NC2-RANDOM,0,1,0,0,4350,4350,4260,341.6666666666667,341.6666666666667,341.6666666666667,19,8510,150,120,2,1,0,1,0.8,4,1
task_0140,family_25,template_25,1.0,1.0,12,B-LENGTH-PROPORTIONAL,1,0,0,1,6050,6050,6050,500.0,500.0,500.0,25,12120,0,120,0,0,1,0,0.5,2,0
task_0141,family_25,template_25,0.25,0.5,12,P-SPIDER-PARAM,1,0,1,0,6350,6350,6260,500.0,500.0,500.0,25,12270,150,120,0,0,1,0,0.5114445583935535,2,0
task_0141,family_25,template_25,0.25,0.5,12,B-COLD,1,0,0,1,6050,6050,6050,500.0,500.0,500.0,25,12120,0,120,0,0,1,0,0.5,2,0
task_0141,family_25,template_25,0.25,0.5,12,B-INSTRUCTION,1,0,0,1,6070,6070,6052,500.0,500.0,500.0,25,12120,0,120,0,0,1,0,0.5,2,0
task_0141,family_25,template_25,0.25,0.5,12,B-RAG-EMBED,1,0,0,1,3550,3550,3550,275.0,275.0,275.0,19,6990,150,120,6,1,1,0,0.5,2,0
task_0141,family_25,template_25,0.25,0.5,12,B-STAGEHAND-CACHE,1,0,0,1,6050,6050,6050,500.0,500.0,500.0,25,12120,0,120,0,0,1,0,0.5,2,0
task_0141,family_25,template_25,0.25,0.5,12,B-TERX-REPLAY,1,0,0,1,6050,6050,6050,500.0,500.0,500.0,25,12120,0,120,0,0,1,0,0.5,2,0
task_0141,family_25,template_25,0.25,0.5,12,NC1-SHUFFLED,0,1,1,0,6050,6050,6050,500.0,500.0,500.0,25,12120,0,120,0,0,0,0,0.4,2,1
task_0141,family_25,template_25,0.25,0.5,12,NC2-RANDOM,1,0,0,1,5850,5850,5760,466.6666666666667,466.6666666666667,466.6666666666667,25,11510,150,120,2,1,1,1,0.8,4,0
task_0141,family_25,template_25,0.25,0.5,12,B-LENGTH-PROPORTIONAL,1,0,0,1,6050,6050,6050,500.0,500.0,500.0,25,12120,0,120,0,0,1,0,0.5,2,0
task_0142,family_26,template_26,0.0,0.0,13,P-SPIDER-PARAM,1,0,0,1,1000,1000,910,50.0,50.0,50.0,14,1830,150,120,13,1,1,0,1.0,4,0
task_0142,family_26,template_26,0.0,0.0,13,B-COLD,1,0,0,1,6550,6550,6550,500.0,500.0,500.0,27,13120,0,120,0,0,1,0,0.5,2,0
task_0142,family_26,template_26,0.0,0.0,13,B-INSTRUCTION,1,0,0,1,6570,6570,6552,500.0,500.0,500.0,27,13120,0,120,0,0,1,0,0.5,2,0
task_0142,family_26,template_26,0.0,0.0,13,B-RAG-EMBED,1,0,0,1,900,900,900,50.0,50.0,50.0,14,1830,150,120,13,1,1,0,0.5,2,0
task_0142,family_26,template_26,0.0,0.0,13,B-STAGEHAND-CACHE,1,0,0,1,700,700,700,50.0,50.0,50.0,14,1680,0,120,13,1,1,0,0.5,2,0
task_0142,family_26,template_26,0.0,0.0,13,B-TERX-REPLAY,1,0,0,1,700,700,700,50.0,50.0,50.0,14,1680,0,120,13,1,1,0,0.5,2,0
task_0142,family_26,template_26,0.0,0.0,13,NC1-SHUFFLED,1,0,1,1,6550,6550,6550,500.0,500.0,500.0,27,13120,0,120,0,0,1,0,0.4,2,0
task_0142,family_26,template_26,0.0,0.0,13,NC2-RANDOM,1,0,0,1,900,900,810,50.0,50.0,50.0,14,1830,150,120,13,1,1,0,0.8,4,0
task_0142,family_26,template_26,0.0,0.0,13,B-LENGTH-PROPORTIONAL,1,0,0,1,6550,6550,6550,500.0,500.0,500.0,27,13120,0,120,0,0,1,0,0.5,2,0
task_0143,family_26,template_26,0.75,0.6667,13,P-SPIDER-PARAM,1,0,1,0,6850,6850,6760,500.0,500.0,500.0,27,13270,150,120,0,0,1,0,0.08846986090826481,0,0
task_0143,family_26,template_26,0.75,0.6667,13,B-COLD,1,0,0,1,6550,6550,6550,500.0,500.0,500.0,27,13120,0,120,0,0,1,0,0.5,2,0
task_0143,family_26,template_26,0.75,0.6667,13,B-INSTRUCTION,1,0,0,1,6570,6570,6552,500.0,500.0,500.0,27,13120,0,120,0,0,1,0,0.5,2,0
task_0143,family_26,template_26,0.75,0.6667,13,B-RAG-EMBED,1,0,0,1,4950,4950,4950,361.53846153846155,361.53846153846155,361.53846153846155,23,9750,150,120,4,1,1,0,0.5,2,0
task_0143,family_26,template_26,0.75,0.6667,13,B-STAGEHAND-CACHE,1,0,0,1,6550,6550,6550,500.0,500.0,500.0,27,13120,0,120,0,0,1,0,0.5,2,0
task_0143,family_26,template_26,0.75,0.6667,13,B-TERX-REPLAY,1,0,0,1,6550,6550,6550,500.0,500.0,500.0,27,13120,0,120,0,0,1,0,0.5,2,0
task_0143,family_26,template_26,0.75,0.6667,13,NC1-SHUFFLED,1,0,1,1,6550,6550,6550,500.0,500.0,500.0,27,13120,0,120,0,0,1,0,0.4,2,0
task_0143,family_26,template_26,0.75,0.6667,13,NC2-RANDOM,0,1,0,0,4850,4850,4760,353.84615384615387,353.84615384615387,353.84615384615387,21,9510,150,120,2,1,0,1,0.8,4,1
task_0143,family_26,template_26,0.75,0.6667,13,B-LENGTH-PROPORTIONAL,1,0,0,1,6550,6550,6550,500.0,500.0,500.0,27,13120,0,120,0,0,1,0,0.5,2,0
task_0144,family_26,template_26,1.0,1.0,13,P-SPIDER-PARAM,1,0,1,0,6850,6850,6760,500.0,500.0,500.0,27,13270,150,120,0,0,1,0,0.03490208878149704,0,0
task_0144,family_26,template_26,1.0,1.0,13,B-COLD,1,0,0,1,6550,6550,6550,500.0,500.0,500.0,27,13120,0,120,0,0,1,0,0.5,2,0
task_0144,family_26,template_26,1.0,1.0,13,B-INSTRUCTION,1,0,0,1,6570,6570,6552,500.0,500.0,500.0,27,13120,0,120,0,0,1,0,0.5,2,0
task_0144,family_26,template_26,1.0,1.0,13,B-RAG-EMBED,1,0,0,1,6750,6750,6750,500.0,500.0,500.0,27,13270,150,120,0,0,1,0,0.5,2,0
task_0144,family_26,template_26,1.0,1.0,13,B-STAGEHAND-CACHE,1,0,0,1,6550,6550,6550,500.0,500.0,500.0,27,13120,0,120,0,0,1,0,0.5,2,0
task_0144,family_26,template_26,1.0,1.0,13,B-TERX-REPLAY,1,0,0,1,6550,6550,6550,500.0,500.0,500.0,27,13120,0,120,0,0,1,0,0.5,2,0
task_0144,family_26,template_26,1.0,1.0,13,NC1-SHUFFLED,1,0,1,1,6550,6550,6550,500.0,500.0,500.0,27,13120,0,120,0,0,1,0,0.4,2,0
task_0144,family_26,template_26,1.0,1.0,13,NC2-RANDOM,1,0,0,1,5850,5850,5760,430.7692307692308,430.7692307692308,430.7692307692308,25,11510,150,120,2,1,1,1,0.8,4,0
task_0144,family_26,template_26,1.0,1.0,13,B-LENGTH-PROPORTIONAL,1,0,0,1,6550,6550,6550,500.0,500.0,500.0,27,13120,0,120,0,0,1,0,0.5,2,0
task_0145,family_26,template_26,0.25,0.3333,13,P-SPIDER-PARAM,1,0,0,1,2350,2350,2260,153.84615384615384,153.84615384615384,153.84615384615384,17,4470,150,120,10,1,1,1,0.873436391340474,4,0
task_0145,family_26,template_26,0.25,0.3333,13,B-COLD,1,0,0,1,6550,6550,6550,500.0,500.0,500.0,27,13120,0,120,0,0,1,0,0.5,2,0
task_0145,family_26,template_26,0.25,0.3333,13,B-INSTRUCTION,1,0,0,1,6570,6570,6552,500.0,500.0,500.0,27,13120,0,120,0,0,1,0,0.5,2,0
task_0145,family_26,template_26,0.25,0.3333,13,B-RAG-EMBED,1,0,0,1,2700,2700,2700,188.46153846153845,188.46153846153845,188.46153846153845,18,5350,150,120,9,1,1,0,0.5,2,0
task_0145,family_26,template_26,0.25,0.3333,13,B-STAGEHAND-CACHE,1,0,0,1,6550,6550,6550,500.0,500.0,500.0,27,13120,0,120,0,0,1,0,0.5,2,0
task_0145,family_26,template_26,0.25,0.3333,13,B-TERX-REPLAY,1,0,0,1,6550,6550,6550,500.0,500.0,500.0,27,13120,0,120,0,0,1,0,0.5,2,0
task_0145,family_26,template_26,0.25,0.3333,13,NC1-SHUFFLED,1,0,1,1,6550,6550,6550,500.0,500.0,500.0,27,13120,0,120,0,0,1,0,0.4,2,0
task_0145,family_26,template_26,0.25,0.3333,13,NC2-RANDOM,0,1,0,0,3850,3850,3760,276.9230769230769,276.9230769230769,276.9230769230769,17,7510,150,120,2,1,0,1,0.8,4,1
task_0145,family_26,template_26,0.25,0.3333,13,B-LENGTH-PROPORTIONAL,1,0,0,1,6550,6550,6550,500.0,500.0,500.0,27,13120,0,120,0,0,1,0,0.5,2,0
task_0146,family_26,template_26,0.5,0.6667,13,P-SPIDER-PARAM,1,0,1,0,6850,6850,6760,500.0,500.0,500.0,27,13270,150,120,0,0,1,0,0.08137191788888701,0,0
task_0146,family_26,template_26,0.5,0.6667,13,B-COLD,1,0,0,1,6550,6550,6550,500.0,500.0,500.0,27,13120,0,120,0,0,1,0,0.5,2,0
task_0146,family_26,template_26,0.5,0.6667,13,B-INSTRUCTION,1,0,0,1,6570,6570,6552,500.0,500.0,500.0,27,13120,0,120,0,0,1,0,0.5,2,0
task_0146,family_26,template_26,0.5,0.6667,13,B-RAG-EMBED,1,0,0,1,4950,4950,4950,361.53846153846155,361.53846153846155,361.53846153846155,23,9750,150,120,4,1,1,0,0.5,2,0
task_0146,family_26,template_26,0.5,0.6667,13,B-STAGEHAND-CACHE,1,0,0,1,6550,6550,6550,500.0,500.0,500.0,27,13120,0,120,0,0,1,0,0.5,2,0
task_0146,family_26,template_26,0.5,0.6667,13,B-TERX-REPLAY,1,0,0,1,6550,6550,6550,500.0,500.0,500.0,27,13120,0,120,0,0,1,0,0.5,2,0
task_0146,family_26,template_26,0.5,0.6667,13,NC1-SHUFFLED,1,0,1,1,6550,6550,6550,500.0,500.0,500.0,27,13120,0,120,0,0,1,0,0.4,2,0
task_0146,family_26,template_26,0.5,0.6667,13,NC2-RANDOM,0,1,0,0,4850,4850,4760,353.84615384615387,353.84615384615387,353.84615384615387,21,9510,150,120,2,1,0,1,0.8,4,1
task_0146,family_26,template_26,0.5,0.6667,13,B-LENGTH-PROPORTIONAL,1,0,0,1,6550,6550,6550,500.0,500.0,500.0,27,13120,0,120,0,0,1,0,0.5,2,0
task_0147,family_27,template_27,0.0,0.0,14,P-SPIDER-PARAM,1,0,0,1,1050,1050,960,50.0,50.0,50.0,15,1950,150,120,14,1,1,0,0.9766373894345237,4,0
task_0147,family_27,template_27,0.0,0.0,14,B-COLD,1,0,0,1,7050,7050,7050,500.0,500.0,500.0,29,14120,0,120,0,0,1,0,0.5,2,0
task_0147,family_27,template_27,0.0,0.0,14,B-INSTRUCTION,1,0,0,1,7070,7070,7052,500.0,500.0,500.0,29,14120,0,120,0,0,1,0,0.5,2,0
task_0147,family_27,template_27,0.0,0.0,14,B-RAG-EMBED,1,0,0,1,950,950,950,50.0,50.0,50.0,15,1950,150,120,14,1,1,0,0.5,2,0
task_0147,family_27,template_27,0.0,0.0,14,B-STAGEHAND-CACHE,1,0,0,1,750,750,750,50.0,50.0,50.0,15,1800,0,120,14,1,1,0,0.5,2,0
task_0147,family_27,template_27,0.0,0.0,14,B-TERX-REPLAY,1,0,0,1,750,750,750,50.0,50.0,50.0,15,1800,0,120,14,1,1,0,0.5,2,0
task_0147,family_27,template_27,0.0,0.0,14,NC1-SHUFFLED,1,0,1,1,7050,7050,7050,500.0,500.0,500.0,29,14120,0,120,0,0,1,0,0.4,2,0
task_0147,family_27,template_27,0.0,0.0,14,NC2-RANDOM,1,0,0,1,4350,4350,4260,292.85714285714283,292.85714285714283,292.85714285714283,19,8510,150,120,2,1,1,1,0.8,4,0
task_0147,family_27,template_27,0.0,0.0,14,B-LENGTH-PROPORTIONAL,1,0,0,1,7050,7050,7050,500.0,500.0,500.0,29,14120,0,120,0,0,1,0,0.5,2,0
task_0148,family_27,template_27,1.0,1.0,14,P-SPIDER-PARAM,1,0,1,0,7350,7350,7260,500.0,500.0,500.0,29,14270,150,120,0,0,1,0,0.0064250639234903996,0,0
task_0148,family_27,template_27,1.0,1.0,14,B-COLD,1,0,0,1,7050,7050,7050,500.0,500.0,500.0,29,14120,0,120,0,0,1,0,0.5,2,0
task_0148,family_27,template_27,1.0,1.0,14,B-INSTRUCTION,1,0,0,1,7070,7070,7052,500.0,500.0,500.0,29,14120,0,120,0,0,1,0,0.5,2,0
task_0148,family_27,template_27,1.0,1.0,14,B-RAG-EMBED,1,0,0,1,7250,7250,7250,500.0,500.0,500.0,29,14270,150,120,0,0,1,0,0.5,2,0
task_0148,family_27,template_27,1.0,1.0,14,B-STAGEHAND-CACHE,1,0,0,1,7050,7050,7050,500.0,500.0,500.0,29,14120,0,120,0,0,1,0,0.5,2,0
task_0148,family_27,template_27,1.0,1.0,14,B-TERX-REPLAY,1,0,0,1,7050,7050,7050,500.0,500.0,500.0,29,14120,0,120,0,0,1,0,0.5,2,0
task_0148,family_27,template_27,1.0,1.0,14,NC1-SHUFFLED,1,0,1,1,7050,7050,7050,500.0,500.0,500.0,29,14120,0,120,0,0,1,0,0.4,2,0
task_0148,family_27,template_27,1.0,1.0,14,NC2-RANDOM,0,1,0,0,3850,3850,3760,257.14285714285717,257.14285714285717,257.14285714285717,17,7510,150,120,2,1,0,1,0.8,4,1
task_0148,family_27,template_27,1.0,1.0,14,B-LENGTH-PROPORTIONAL,1,0,0,1,7050,7050,7050,500.0,500.0,500.0,29,14120,0,120,0,0,1,0,0.5,2,0
task_0149,family_27,template_27,0.25,0.0,14,P-SPIDER-PARAM,1,0,0,1,1050,1050,960,50.0,50.0,50.0,15,1950,150,120,14,1,1,0,1.0,4,0
task_0149,family_27,template_27,0.25,0.0,14,B-COLD,1,0,0,1,7050,7050,7050,500.0,500.0,500.0,29,14120,0,120,0,0,1,0,0.5,2,0
task_0149,family_27,template_27,0.25,0.0,14,B-INSTRUCTION,1,0,0,1,7070,7070,7052,500.0,500.0,500.0,29,14120,0,120,0,0,1,0,0.5,2,0
task_0149,family_27,template_27,0.25,0.0,14,B-RAG-EMBED,1,0,0,1,950,950,950,50.0,50.0,50.0,15,1950,150,120,14,1,1,0,0.5,2,0
task_0149,family_27,template_27,0.25,0.0,14,B-STAGEHAND-CACHE,1,0,0,1,7050,7050,7050,500.0,500.0,500.0,29,14120,0,120,0,0,1,0,0.5,2,0
task_0149,family_27,template_27,0.25,0.0,14,B-TERX-REPLAY,1,0,0,1,7050,7050,7050,500.0,500.0,500.0,29,14120,0,120,0,0,1,0,0.5,2,0
task_0149,family_27,template_27,0.25,0.0,14,NC1-SHUFFLED,1,0,1,1,7050,7050,7050,500.0,500.0,500.0,29,14120,0,120,0,0,1,0,0.4,2,0
task_0149,family_27,template_27,0.25,0.0,14,NC2-RANDOM,1,0,0,1,3050,3050,2960,200.0,200.0,200.0,17,5990,150,120,6,1,1,1,0.8,4,0
task_0149,family_27,template_27,0.25,0.0,14,B-LENGTH-PROPORTIONAL,1,0,0,1,7050,7050,7050,500.0,500.0,500.0,29,14120,0,120,0,0,1,0,0.5,2,0
task_0150,family_27,template_27,0.5,1.0,14,P-SPIDER-PARAM,1,0,1,0,7350,7350,7260,500.0,500.0,500.0,29,14270,150,120,0,0,1,0,0.03687840190132154,0,0
task_0150,family_27,template_27,0.5,1.0,14,B-COLD,1,0,0,1,7050,7050,7050,500.0,500.0,500.0,29,14120,0,120,0,0,1,0,0.5,2,0
task_0150,family_27,template_27,0.5,1.0,14,B-INSTRUCTION,1,0,0,1,7070,7070,7052,500.0,500.0,500.0,29,14120,0,120,0,0,1,0,0.5,2,0
task_0150,family_27,template_27,0.5,1.0,14,B-RAG-EMBED,1,0,0,1,7250,7250,7250,500.0,500.0,500.0,29,14270,150,120,0,0,1,0,0.5,2,0
task_0150,family_27,template_27,0.5,1.0,14,B-STAGEHAND-CACHE,1,0,0,1,7050,7050,7050,500.0,500.0,500.0,29,14120,0,120,0,0,1,0,0.5,2,0
task_0150,family_27,template_27,0.5,1.0,14,B-TERX-REPLAY,1,0,0,1,7050,7050,7050,500.0,500.0,500.0,29,14120,0,120,0,0,1,0,0.5,2,0
task_0150,family_27,template_27,0.5,1.0,14,NC1-SHUFFLED,1,0,1,1,7050,7050,7050,500.0,500.0,500.0,29,14120,0,120,0,0,1,0,0.4,2,0
task_0150,family_27,template_27,0.5,1.0,14,NC2-RANDOM,1,0,0,1,4000,4000,3910,267.85714285714283,267.85714285714283,267.85714285714283,20,7870,150,120,5,1,1,1,0.8,4,0
task_0150,family_27,template_27,0.5,1.0,14,B-LENGTH-PROPORTIONAL,1,0,0,1,7050,7050,7050,500.0,500.0,500.0,29,14120,0,120,0,0,1,0,0.5,2,0
task_0151,family_27,template_27,0.75,1.0,14,P-SPIDER-PARAM,1,0,1,0,7350,7350,7260,500.0,500.0,500.0,29,14270,150,120,0,0,1,0,0.0,0,0
task_0151,family_27,template_27,0.75,1.0,14,B-COLD,1,0,0,1,7050,7050,7050,500.0,500.0,500.0,29,14120,0,120,0,0,1,0,0.5,2,0
task_0151,family_27,template_27,0.75,1.0,14,B-INSTRUCTION,1,0,0,1,7070,7070,7052,500.0,500.0,500.0,29,14120,0,120,0,0,1,0,0.5,2,0
task_0151,family_27,template_27,0.75,1.0,14,B-RAG-EMBED,1,0,0,1,7250,7250,7250,500.0,500.0,500.0,29,14270,150,120,0,0,1,0,0.5,2,0
task_0151,family_27,template_27,0.75,1.0,14,B-STAGEHAND-CACHE,1,0,0,1,7050,7050,7050,500.0,500.0,500.0,29,14120,0,120,0,0,1,0,0.5,2,0
task_0151,family_27,template_27,0.75,1.0,14,B-TERX-REPLAY,1,0,0,1,7050,7050,7050,500.0,500.0,500.0,29,14120,0,120,0,0,1,0,0.5,2,0
task_0151,family_27,template_27,0.75,1.0,14,NC1-SHUFFLED,0,1,1,0,7050,7050,7050,500.0,500.0,500.0,29,14120,0,120,0,0,0,0,0.4,2,1
task_0151,family_27,template_27,0.75,1.0,14,NC2-RANDOM,1,0,0,1,4850,4850,4760,328.57142857142856,328.57142857142856,328.57142857142856,21,9510,150,120,2,1,1,1,0.8,4,0
task_0151,family_27,template_27,0.75,1.0,14,B-LENGTH-PROPORTIONAL,1,0,0,1,7050,7050,7050,500.0,500.0,500.0,29,14120,0,120,0,0,1,0,0.5,2,0
task_0152,family_28,template_28,0.0,0.0,8,P-SPIDER-PARAM,1,0,0,1,750,750,660,50.0,50.0,50.0,9,1230,150,120,8,1,1,0,0.9929987667384949,4,0
task_0152,family_28,template_28,0.0,0.0,8,B-COLD,1,0,0,1,4050,4050,4050,500.0,500.0,500.0,17,8120,0,120,0,0,1,0,0.5,2,0
task_0152,family_28,template_28,0.0,0.0,8,B-INSTRUCTION,1,0,0,1,4070,4070,4052,500.0,500.0,500.0,17,8120,0,120,0,0,1,0,0.5,2,0
task_0152,family_28,template_28,0.0,0.0,8,B-RAG-EMBED,1,0,0,1,650,650,650,50.0,50.0,50.0,9,1230,150,120,8,1,1,0,0.5,2,0
task_0152,family_28,template_28,0.0,0.0,8,B-STAGEHAND-CACHE,1,0,0,1,450,450,450,50.0,50.0,50.0,9,1080,0,120,8,1,1,0,0.5,2,0
task_0152,family_28,template_28,0.0,0.0,8,B-TERX-REPLAY,1,0,0,1,450,450,450,50.0,50.0,50.0,9,1080,0,120,8,1,1,0,0.5,2,0
task_0152,family_28,template_28,0.0,0.0,8,NC1-SHUFFLED,1,0,1,1,4050,4050,4050,500.0,500.0,500.0,17,8120,0,120,0,0,1,0,0.4,2,0
task_0152,family_28,template_28,0.0,0.0,8,NC2-RANDOM,1,0,0,1,5350,5350,5260,637.5,637.5,637.5,23,10510,150,120,2,1,1,1,0.8,4,0
task_0152,family_28,template_28,0.0,0.0,8,B-LENGTH-PROPORTIONAL,1,0,0,1,4050,4050,4050,500.0,500.0,500.0,17,8120,0,120,0,0,1,0,0.5,2,0
task_0153,family_28,template_28,0.25,0.5,8,P-SPIDER-PARAM,1,0,1,0,4350,4350,4260,500.0,500.0,500.0,17,8270,150,120,0,0,1,0,0.4644010495183701,2,0
task_0153,family_28,template_28,0.25,0.5,8,B-COLD,1,0,0,1,4050,4050,4050,500.0,500.0,500.0,17,8120,0,120,0,0,1,0,0.5,2,0
task_0153,family_28,template_28,0.25,0.5,8,B-INSTRUCTION,1,0,0,1,4070,4070,4052,500.0,500.0,500.0,17,8120,0,120,0,0,1,0,0.5,2,0
task_0153,family_28,template_28,0.25,0.5,8,B-RAG-EMBED,1,0,0,1,2450,2450,2450,275.0,275.0,275.0,13,4750,150,120,4,1,1,0,0.5,2,0
task_0153,family_28,template_28,0.25,0.5,8,B-STAGEHAND-CACHE,1,0,0,1,4050,4050,4050,500.0,500.0,500.0,17,8120,0,120,0,0,1,0,0.5,2,0
task_0153,family_28,template_28,0.25,0.5,8,B-TERX-REPLAY,1,0,0,1,4050,4050,4050,500.0,500.0,500.0,17,8120,0,120,0,0,1,0,0.5,2,0
task_0153,family_28,template_28,0.25,0.5,8,NC1-SHUFFLED,1,0,1,1,4050,4050,4050,500.0,500.0,500.0,17,8120,0,120,0,0,1,0,0.4,2,0
task_0153,family_28,template_28,0.25,0.5,8,NC2-RANDOM,1,0,0,1,4350,4350,4260,512.5,512.5,512.5,19,8510,150,120,2,1,1,1,0.8,4,0
task_0153,family_28,template_28,0.25,0.5,8,B-LENGTH-PROPORTIONAL,1,0,0,1,4050,4050,4050,500.0,500.0,500.0,17,8120,0,120,0,0,1,0,0.5,2,0
task_0154,family_28,template_28,0.5,0.5,8,P-SPIDER-PARAM,1,0,1,0,4350,4350,4260,500.0,500.0,500.0,17,8270,150,120,0,0,1,0,0.5204090247648512,2,0
task_0154,family_28,template_28,0.5,0.5,8,B-COLD,1,0,0,1,4050,4050,4050,500.0,500.0,500.0,17,8120,0,120,0,0,1,0,0.5,2,0
task_0154,family_28,template_28,0.5,0.5,8,B-INSTRUCTION,1,0,0,1,4070,4070,4052,500.0,500.0,500.0,17,8120,0,120,0,0,1,0,0.5,2,0
task_0154,family_28,template_28,0.5,0.5,8,B-RAG-EMBED,1,0,0,1,2450,2450,2450,275.0,275.0,275.0,13,4750,150,120,4,1,1,0,0.5,2,0
task_0154,family_28,template_28,0.5,0.5,8,B-STAGEHAND-CACHE,1,0,0,1,4050,4050,4050,500.0,500.0,500.0,17,8120,0,120,0,0,1,0,0.5,2,0
task_0154,family_28,template_28,0.5,0.5,8,B-TERX-REPLAY,1,0,0,1,4050,4050,4050,500.0,500.0,500.0,17,8120,0,120,0,0,1,0,0.5,2,0
task_0154,family_28,template_28,0.5,0.5,8,NC1-SHUFFLED,1,0,1,1,4050,4050,4050,500.0,500.0,500.0,17,8120,0,120,0,0,1,0,0.4,2,0
task_0154,family_28,template_28,0.5,0.5,8,NC2-RANDOM,1,0,0,1,4850,4850,4760,575.0,575.0,575.0,21,9510,150,120,2,1,1,1,0.8,4,0
task_0154,family_28,template_28,0.5,0.5,8,B-LENGTH-PROPORTIONAL,1,0,0,1,4050,4050,4050,500.0,500.0,500.0,17,8120,0,120,0,0,1,0,0.5,2,0
task_0155,family_28,template_28,0.75,1.0,8,P-SPIDER-PARAM,1,0,1,0,4350,4350,4260,500.0,500.0,500.0,17,8270,150,120,0,0,1,0,0.049320223468915396,0,0
task_0155,family_28,template_28,0.75,1.0,8,B-COLD,1,0,0,1,4050,4050,4050,500.0,500.0,500.0,17,8120,0,120,0,0,1,0,0.5,2,0
task_0155,family_28,template_28,0.75,1.0,8,B-INSTRUCTION,1,0,0,1,4070,4070,4052,500.0,500.0,500.0,17,8120,0,120,0,0,1,0,0.5,2,0
task_0155,family_28,template_28,0.75,1.0,8,B-RAG-EMBED,1,0,0,1,4250,4250,4250,500.0,500.0,500.0,17,8270,150,120,0,0,1,0,0.5,2,0
task_0155,family_28,template_28,0.75,1.0,8,B-STAGEHAND-CACHE,1,0,0,1,4050,4050,4050,500.0,500.0,500.0,17,8120,0,120,0,0,1,0,0.5,2,0
task_0155,family_28,template_28,0.75,1.0,8,B-TERX-REPLAY,1,0,0,1,4050,4050,4050,500.0,500.0,500.0,17,8120,0,120,0,0,1,0,0.5,2,0
task_0155,family_28,template_28,0.75,1.0,8,NC1-SHUFFLED,1,0,1,1,4050,4050,4050,500.0,500.0,500.0,17,8120,0,120,0,0,1,0,0.4,2,0
task_0155,family_28,template_28,0.75,1.0,8,NC2-RANDOM,1,0,0,1,3350,3350,3260,387.5,387.5,387.5,15,6510,150,120,2,1,1,1,0.8,4,0
task_0155,family_28,template_28,0.75,1.0,8,B-LENGTH-PROPORTIONAL,1,0,0,1,4050,4050,4050,500.0,500.0,500.0,17,8120,0,120,0,0,1,0,0.5,2,0
task_0156,family_28,template_28,1.0,1.0,8,P-SPIDER-PARAM,1,0,1,0,4350,4350,4260,500.0,500.0,500.0,17,8270,150,120,0,0,1,0,0.0,0,0
task_0156,family_28,template_28,1.0,1.0,8,B-COLD,1,0,0,1,4050,4050,4050,500.0,500.0,500.0,17,8120,0,120,0,0,1,0,0.5,2,0
task_0156,family_28,template_28,1.0,1.0,8,B-INSTRUCTION,1,0,0,1,4070,4070,4052,500.0,500.0,500.0,17,8120,0,120,0,0,1,0,0.5,2,0
task_0156,family_28,template_28,1.0,1.0,8,B-RAG-EMBED,1,0,0,1,4250,4250,4250,500.0,500.0,500.0,17,8270,150,120,0,0,1,0,0.5,2,0
task_0156,family_28,template_28,1.0,1.0,8,B-STAGEHAND-CACHE,1,0,0,1,4050,4050,4050,500.0,500.0,500.0,17,8120,0,120,0,0,1,0,0.5,2,0
task_0156,family_28,template_28,1.0,1.0,8,B-TERX-REPLAY,1,0,0,1,4050,4050,4050,500.0,500.0,500.0,17,8120,0,120,0,0,1,0,0.5,2,0
task_0156,family_28,template_28,1.0,1.0,8,NC1-SHUFFLED,1,0,1,1,4050,4050,4050,500.0,500.0,500.0,17,8120,0,120,0,0,1,0,0.4,2,0
task_0156,family_28,template_28,1.0,1.0,8,NC2-RANDOM,0,1,0,0,4350,4350,4260,512.5,512.5,512.5,19,8510,150,120,2,1,0,1,0.8,4,1
task_0156,family_28,template_28,1.0,1.0,8,B-LENGTH-PROPORTIONAL,1,0,0,1,4050,4050,4050,500.0,500.0,500.0,17,8120,0,120,0,0,1,0,0.5,2,0
task_0157,family_29,template_29,0.0,0.0,9,P-SPIDER-PARAM,1,0,0,1,800,800,710,50.0,50.0,50.0,10,1350,150,120,9,1,1,0,1.0,4,0
task_0157,family_29,template_29,0.0,0.0,9,B-COLD,1,0,0,1,4550,4550,4550,500.0,500.0,500.0,19,9120,0,120,0,0,1,0,0.5,2,0
task_0157,family_29,template_29,0.0,0.0,9,B-INSTRUCTION,1,0,0,1,4570,4570,4552,500.0,500.0,500.0,19,9120,0,120,0,0,1,0,0.5,2,0
task_0157,family_29,template_29,0.0,0.0,9,B-RAG-EMBED,1,0,0,1,700,700,700,50.0,50.0,50.0,10,1350,150,120,9,1,1,0,0.5,2,0
task_0157,family_29,template_29,0.0,0.0,9,B-STAGEHAND-CACHE,1,0,0,1,500,500,500,50.0,50.0,50.0,10,1200,0,120,9,1,1,0,0.5,2,0
task_0157,family_29,template_29,0.0,0.0,9,B-TERX-REPLAY,1,0,0,1,500,500,500,50.0,50.0,50.0,10,1200,0,120,9,1,1,0,0.5,2,0
task_0157,family_29,template_29,0.0,0.0,9,NC1-SHUFFLED,1,0,1,1,4550,4550,4550,500.0,500.0,500.0,19,9120,0,120,0,0,1,0,0.4,2,0
task_0157,family_29,template_29,0.0,0.0,9,NC2-RANDOM,1,0,0,1,5850,5850,5760,622.2222222222222,622.2222222222222,622.2222222222222,25,11510,150,120,2,1,1,1,0.8,4,0
task_0157,family_29,template_29,0.0,0.0,9,B-LENGTH-PROPORTIONAL,1,0,0,1,4550,4550,4550,500.0,500.0,500.0,19,9120,0,120,0,0,1,0,0.5,2,0
task_0158,family_29,template_29,0.5,0.5,9,P-SPIDER-PARAM,1,0,1,0,4850,4850,4760,500.0,500.0,500.0,19,9270,150,120,0,0,1,0,0.46411175388406545,2,0
task_0158,family_29,template_29,0.5,0.5,9,B-COLD,1,0,0,1,4550,4550,4550,500.0,500.0,500.0,19,9120,0,120,0,0,1,0,0.5,2,0
task_0158,family_29,template_29,0.5,0.5,9,B-INSTRUCTION,1,0,0,1,4570,4570,4552,500.0,500.0,500.0,19,9120,0,120,0,0,1,0,0.5,2,0
task_0158,family_29,template_29,0.5,0.5,9,B-RAG-EMBED,1,0,0,1,2500,2500,2500,250.0,250.0,250.0,14,4870,150,120,5,1,1,0,0.5,2,0
task_0158,family_29,template_29,0.5,0.5,9,B-STAGEHAND-CACHE,1,0,0,1,4550,4550,4550,500.0,500.0,500.0,19,9120,0,120,0,0,1,0,0.5,2,0
task_0158,family_29,template_29,0.5,0.5,9,B-TERX-REPLAY,1,0,0,1,4550,4550,4550,500.0,500.0,500.0,19,9120,0,120,0,0,1,0,0.5,2,0
task_0158,family_29,template_29,0.5,0.5,9,NC1-SHUFFLED,1,0,1,1,4550,4550,4550,500.0,500.0,500.0,19,9120,0,120,0,0,1,0,0.4,2,0
task_0158,family_29,template_29,0.5,0.5,9,NC2-RANDOM,1,0,0,1,6350,6350,6260,677.7777777777778,677.7777777777778,677.7777777777778,27,12510,150,120,2,1,1,1,0.8,4,0
task_0158,family_29,template_29,0.5,0.5,9,B-LENGTH-PROPORTIONAL,1,0,0,1,4550,4550,4550,500.0,500.0,500.0,19,9120,0,120,0,0,1,0,0.5,2,0
task_0159,family_29,template_29,0.75,1.0,9,P-SPIDER-PARAM,1,0,1,0,4850,4850,4760,500.0,500.0,500.0,19,9270,150,120,0,0,1,0,0.0,0,0
task_0159,family_29,template_29,0.75,1.0,9,B-COLD,1,0,0,1,4550,4550,4550,500.0,500.0,500.0,19,9120,0,120,0,0,1,0,0.5,2,0
task_0159,family_29,template_29,0.75,1.0,9,B-INSTRUCTION,1,0,0,1,4570,4570,4552,500.0,500.0,500.0,19,9120,0,120,0,0,1,0,0.5,2,0
task_0159,family_29,template_29,0.75,1.0,9,B-RAG-EMBED,1,0,0,1,4750,4750,4750,500.0,500.0,500.0,19,9270,150,120,0,0,1,0,0.5,2,0
task_0159,family_29,template_29,0.75,1.0,9,B-STAGEHAND-CACHE,1,0,0,1,4550,4550,4550,500.0,500.0,500.0,19,9120,0,120,0,0,1,0,0.5,2,0
task_0159,family_29,template_29,0.75,1.0,9,B-TERX-REPLAY,1,0,0,1,4550,4550,4550,500.0,500.0,500.0,19,9120,0,120,0,0,1,0,0.5,2,0
task_0159,family_29,template_29,0.75,1.0,9,NC1-SHUFFLED,0,1,1,0,4550,4550,4550,500.0,500.0,500.0,19,9120,0,120,0,0,0,0,0.4,2,1
task_0159,family_29,template_29,0.75,1.0,9,NC2-RANDOM,1,0,0,1,2550,2550,2460,255.55555555555554,255.55555555555554,255.55555555555554,15,4990,150,120,6,1,1,1,0.8,4,0
task_0159,family_29,template_29,0.75,1.0,9,B-LENGTH-PROPORTIONAL,1,0,0,1,4550,4550,4550,500.0,500.0,500.0,19,9120,0,120,0,0,1,0,0.5,2,0
task_0160,family_29,template_29,1.0,1.0,9,P-SPIDER-PARAM,1,0,1,0,4850,4850,4760,500.0,500.0,500.0,19,9270,150,120,0,0,1,0,0.0,0,0
task_0160,family_29,template_29,1.0,1.0,9,B-COLD,1,0,0,1,4550,4550,4550,500.0,500.0,500.0,19,9120,0,120,0,0,1,0,0.5,2,0
task_0160,family_29,template_29,1.0,1.0,9,B-INSTRUCTION,1,0,0,1,4570,4570,4552,500.0,500.0,500.0,19,9120,0,120,0,0,1,0,0.5,2,0
task_0160,family_29,template_29,1.0,1.0,9,B-RAG-EMBED,1,0,0,1,4750,4750,4750,500.0,500.0,500.0,19,9270,150,120,0,0,1,0,0.5,2,0
task_0160,family_29,template_29,1.0,1.0,9,B-STAGEHAND-CACHE,1,0,0,1,4550,4550,4550,500.0,500.0,500.0,19,9120,0,120,0,0,1,0,0.5,2,0
task_0160,family_29,template_29,1.0,1.0,9,B-TERX-REPLAY,1,0,0,1,4550,4550,4550,500.0,500.0,500.0,19,9120,0,120,0,0,1,0,0.5,2,0
task_0160,family_29,template_29,1.0,1.0,9,NC1-SHUFFLED,1,0,1,1,4550,4550,4550,500.0,500.0,500.0,19,9120,0,120,0,0,1,0,0.4,2,0
task_0160,family_29,template_29,1.0,1.0,9,NC2-RANDOM,1,0,0,1,4850,4850,4760,511.1111111111111,511.1111111111111,511.1111111111111,21,9510,150,120,2,1,1,1,0.8,4,0
task_0160,family_29,template_29,1.0,1.0,9,B-LENGTH-PROPORTIONAL,1,0,0,1,4550,4550,4550,500.0,500.0,500.0,19,9120,0,120,0,0,1,0,0.5,2,0
task_0161,family_29,template_29,0.25,0.5,9,P-SPIDER-PARAM,1,0,1,0,4850,4850,4760,500.0,500.0,500.0,19,9270,150,120,0,0,1,0,0.5420367440196916,2,0
task_0161,family_29,template_29,0.25,0.5,9,B-COLD,1,0,0,1,4550,4550,4550,500.0,500.0,500.0,19,9120,0,120,0,0,1,0,0.5,2,0
task_0161,family_29,template_29,0.25,0.5,9,B-INSTRUCTION,1,0,0,1,4570,4570,4552,500.0,500.0,500.0,19,9120,0,120,0,0,1,0,0.5,2,0
task_0161,family_29,template_29,0.25,0.5,9,B-RAG-EMBED,1,0,0,1,2500,2500,2500,250.0,250.0,250.0,14,4870,150,120,5,1,1,0,0.5,2,0
task_0161,family_29,template_29,0.25,0.5,9,B-STAGEHAND-CACHE,1,0,0,1,4550,4550,4550,500.0,500.0,500.0,19,9120,0,120,0,0,1,0,0.5,2,0
task_0161,family_29,template_29,0.25,0.5,9,B-TERX-REPLAY,1,0,0,1,4550,4550,4550,500.0,500.0,500.0,19,9120,0,120,0,0,1,0,0.5,2,0
task_0161,family_29,template_29,0.25,0.5,9,NC1-SHUFFLED,1,0,1,1,4550,4550,4550,500.0,500.0,500.0,19,9120,0,120,0,0,1,0,0.4,2,0
task_0161,family_29,template_29,0.25,0.5,9,NC2-RANDOM,1,0,0,1,3350,3350,3260,344.44444444444446,344.44444444444446,344.44444444444446,15,6510,150,120,2,1,1,1,0.8,4,0
task_0161,family_29,template_29,0.25,0.5,9,B-LENGTH-PROPORTIONAL,1,0,0,1,4550,4550,4550,500.0,500.0,500.0,19,9120,0,120,0,0,1,0,0.5,2,0
task_0162,family_30,template_30,0.0,0.0,10,P-SPIDER-PARAM,1,0,0,1,850,850,760,50.0,50.0,50.0,11,1470,150,120,10,1,1,0,1.0,4,0
task_0162,family_30,template_30,0.0,0.0,10,B-COLD,1,0,0,1,5050,5050,5050,500.0,500.0,500.0,21,10120,0,120,0,0,1,0,0.5,2,0
task_0162,family_30,template_30,0.0,0.0,10,B-INSTRUCTION,1,0,0,1,5070,5070,5052,500.0,500.0,500.0,21,10120,0,120,0,0,1,0,0.5,2,0
task_0162,family_30,template_30,0.0,0.0,10,B-RAG-EMBED,1,0,0,1,750,750,750,50.0,50.0,50.0,11,1470,150,120,10,1,1,0,0.5,2,0
task_0162,family_30,template_30,0.0,0.0,10,B-STAGEHAND-CACHE,1,0,0,1,550,550,550,50.0,50.0,50.0,11,1320,0,120,10,1,1,0,0.5,2,0
task_0162,family_30,template_30,0.0,0.0,10,B-TERX-REPLAY,1,0,0,1,550,550,550,50.0,50.0,50.0,11,1320,0,120,10,1,1,0,0.5,2,0
task_0162,family_30,template_30,0.0,0.0,10,NC1-SHUFFLED,1,0,1,1,5050,5050,5050,500.0,500.0,500.0,21,10120,0,120,0,0,1,0,0.4,2,0
task_0162,family_30,template_30,0.0,0.0,10,NC2-RANDOM,1,0,0,1,5350,5350,5260,510.0,510.0,510.0,23,10510,150,120,2,1,1,1,0.8,4,0
task_0162,family_30,template_30,0.0,0.0,10,B-LENGTH-PROPORTIONAL,1,0,0,1,5050,5050,5050,500.0,500.0,500.0,21,10120,0,120,0,0,1,0,0.5,2,0
task_0163,family_30,template_30,0.75,0.6667,10,P-SPIDER-PARAM,1,0,1,0,5350,5350,5260,500.0,500.0,500.0,21,10270,150,120,0,0,1,0,0.12618349058328565,0,0
task_0163,family_30,template_30,0.75,0.6667,10,B-COLD,1,0,0,1,5050,5050,5050,500.0,500.0,500.0,21,10120,0,120,0,0,1,0,0.5,2,0
task_0163,family_30,template_30,0.75,0.6667,10,B-INSTRUCTION,1,0,0,1,5070,5070,5052,500.0,500.0,500.0,21,10120,0,120,0,0,1,0,0.5,2,0
task_0163,family_30,template_30,0.75,0.6667,10,B-RAG-EMBED,1,0,0,1,3900,3900,3900,365.0,365.0,365.0,18,7630,150,120,3,1,1,0,0.5,2,0
task_0163,family_30,template_30,0.75,0.6667,10,B-STAGEHAND-CACHE,1,0,0,1,5050,5050,5050,500.0,500.0,500.0,21,10120,0,120,0,0,1,0,0.5,2,0
task_0163,family_30,template_30,0.75,0.6667,10,B-TERX-REPLAY,1,0,0,1,5050,5050,5050,500.0,500.0,500.0,21,10120,0,120,0,0,1,0,0.5,2,0
task_0163,family_30,template_30,0.75,0.6667,10,NC1-SHUFFLED,1,0,1,1,5050,5050,5050,500.0,500.0,500.0,21,10120,0,120,0,0,1,0,0.4,2,0
task_0163,family_30,template_30,0.75,0.6667,10,NC2-RANDOM,1,0,0,1,5350,5350,5260,510.0,510.0,510.0,23,10510,150,120,2,1,1,1,0.8,4,0
task_0163,family_30,template_30,0.75,0.6667,10,B-LENGTH-PROPORTIONAL,1,0,0,1,5050,5050,5050,500.0,500.0,500.0,21,10120,0,120,0,0,1,0,0.5,2,0
task_0164,family_30,template_30,1.0,1.0,10,P-SPIDER-PARAM,1,0,1,0,5350,5350,5260,500.0,500.0,500.0,21,10270,150,120,0,0,1,0,0.0,0,0
task_0164,family_30,template_30,1.0,1.0,10,B-COLD,1,0,0,1,5050,5050,5050,500.0,500.0,500.0,21,10120,0,120,0,0,1,0,0.5,2,0
task_0164,family_30,template_30,1.0,1.0,10,B-INSTRUCTION,1,0,0,1,5070,5070,5052,500.0,500.0,500.0,21,10120,0,120,0,0,1,0,0.5,2,0
task_0164,family_30,template_30,1.0,1.0,10,B-RAG-EMBED,1,0,0,1,5250,5250,5250,500.0,500.0,500.0,21,10270,150,120,0,0,1,0,0.5,2,0
task_0164,family_30,template_30,1.0,1.0,10,B-STAGEHAND-CACHE,1,0,0,1,5050,5050,5050,500.0,500.0,500.0,21,10120,0,120,0,0,1,0,0.5,2,0
task_0164,family_30,template_30,1.0,1.0,10,B-TERX-REPLAY,1,0,0,1,5050,5050,5050,500.0,500.0,500.0,21,10120,0,120,0,0,1,0,0.5,2,0
task_0164,family_30,template_30,1.0,1.0,10,NC1-SHUFFLED,1,0,1,1,5050,5050,5050,500.0,500.0,500.0,21,10120,0,120,0,0,1,0,0.4,2,0
task_0164,family_30,template_30,1.0,1.0,10,NC2-RANDOM,1,0,0,1,2500,2500,2410,225.0,225.0,225.0,14,4870,150,120,5,1,1,1,0.8,4,0
task_0164,family_30,template_30,1.0,1.0,10,B-LENGTH-PROPORTIONAL,1,0,0,1,5050,5050,5050,500.0,500.0,500.0,21,10120,0,120,0,0,1,0,0.5,2,0
task_0165,family_30,template_30,0.25,0.3333,10,P-SPIDER-PARAM,1,0,0,1,2200,2200,2110,185.0,185.0,185.0,14,4110,150,120,7,1,1,1,0.9474847088810092,4,0
task_0165,family_30,template_30,0.25,0.3333,10,B-COLD,1,0,0,1,5050,5050,5050,500.0,500.0,500.0,21,10120,0,120,0,0,1,0,0.5,2,0
task_0165,family_30,template_30,0.25,0.3333,10,B-INSTRUCTION,1,0,0,1,5070,5070,5052,500.0,500.0,500.0,21,10120,0,120,0,0,1,0,0.5,2,0
task_0165,family_30,template_30,0.25,0.3333,10,B-RAG-EMBED,1,0,0,1,2100,2100,2100,185.0,185.0,185.0,14,4110,150,120,7,1,1,0,0.5,2,0
task_0165,family_30,template_30,0.25,0.3333,10,B-STAGEHAND-CACHE,1,0,0,1,5050,5050,5050,500.0,500.0,500.0,21,10120,0,120,0,0,1,0,0.5,2,0
task_0165,family_30,template_30,0.25,0.3333,10,B-TERX-REPLAY,1,0,0,1,5050,5050,5050,500.0,500.0,500.0,21,10120,0,120,0,0,1,0,0.5,2,0
task_0165,family_30,template_30,0.25,0.3333,10,NC1-SHUFFLED,1,0,1,1,5050,5050,5050,500.0,500.0,500.0,21,10120,0,120,0,0,1,0,0.4,2,0
task_0165,family_30,template_30,0.25,0.3333,10,NC2-RANDOM,1,0,0,1,5350,5350,5260,510.0,510.0,510.0,23,10510,150,120,2,1,1,1,0.8,4,0
task_0165,family_30,template_30,0.25,0.3333,10,B-LENGTH-PROPORTIONAL,1,0,0,1,5050,5050,5050,500.0,500.0,500.0,21,10120,0,120,0,0,1,0,0.5,2,0
task_0166,family_30,template_30,0.5,0.6667,10,P-SPIDER-PARAM,1,0,1,0,5350,5350,5260,500.0,500.0,500.0,21,10270,150,120,0,0,1,0,0.14349467901757174,0,0
task_0166,family_30,template_30,0.5,0.6667,10,B-COLD,1,0,0,1,5050,5050,5050,500.0,500.0,500.0,21,10120,0,120,0,0,1,0,0.5,2,0
task_0166,family_30,template_30,0.5,0.6667,10,B-INSTRUCTION,1,0,0,1,5070,5070,5052,500.0,500.0,500.0,21,10120,0,120,0,0,1,0,0.5,2,0
task_0166,family_30,template_30,0.5,0.6667,10,B-RAG-EMBED,1,0,0,1,3900,3900,3900,365.0,365.0,365.0,18,7630,150,120,3,1,1,0,0.5,2,0
task_0166,family_30,template_30,0.5,0.6667,10,B-STAGEHAND-CACHE,1,0,0,1,5050,5050,5050,500.0,500.0,500.0,21,10120,0,120,0,0,1,0,0.5,2,0
task_0166,family_30,template_30,0.5,0.6667,10,B-TERX-REPLAY,1,0,0,1,5050,5050,5050,500.0,500.0,500.0,21,10120,0,120,0,0,1,0,0.5,2,0
task_0166,family_30,template_30,0.5,0.6667,10,NC1-SHUFFLED,1,0,1,1,5050,5050,5050,500.0,500.0,500.0,21,10120,0,120,0,0,1,0,0.4,2,0
task_0166,family_30,template_30,0.5,0.6667,10,NC2-RANDOM,1,0,0,1,3850,3850,3760,360.0,360.0,360.0,17,7510,150,120,2,1,1,1,0.8,4,0
task_0166,family_30,template_30,0.5,0.6667,10,B-LENGTH-PROPORTIONAL,1,0,0,1,5050,5050,5050,500.0,500.0,500.0,21,10120,0,120,0,0,1,0,0.5,2,0
task_0167,family_31,template_31,0.0,0.0,11,P-SPIDER-PARAM,1,0,0,1,900,900,810,50.0,50.0,50.0,12,1590,150,120,11,1,1,0,0.9895670790660623,4,0
task_0167,family_31,template_31,0.0,0.0,11,B-COLD,1,0,0,1,5550,5550,5550,500.0,500.0,500.0,23,11120,0,120,0,0,1,0,0.5,2,0
task_0167,family_31,template_31,0.0,0.0,11,B-INSTRUCTION,1,0,0,1,5570,5570,5552,500.0,500.0,500.0,23,11120,0,120,0,0,1,0,0.5,2,0
task_0167,family_31,template_31,0.0,0.0,11,B-RAG-EMBED,1,0,0,1,800,800,800,50.0,50.0,50.0,12,1590,150,120,11,1,1,0,0.5,2,0
task_0167,family_31,template_31,0.0,0.0,11,B-STAGEHAND-CACHE,1,0,0,1,600,600,600,50.0,50.0,50.0,12,1440,0,120,11,1,1,0,0.5,2,0
task_0167,family_31,template_31,0.0,0.0,11,B-TERX-REPLAY,1,0,0,1,600,600,600,50.0,50.0,50.0,12,1440,0,120,11,1,1,0,0.5,2,0
task_0167,family_31,template_31,0.0,0.0,11,NC1-SHUFFLED,1,0,1,1,5550,5550,5550,500.0,500.0,500.0,23,11120,0,120,0,0,1,0,0.4,2,0
task_0167,family_31,template_31,0.0,0.0,11,NC2-RANDOM,0,1,0,0,3850,3850,3760,327.27272727272725,327.27272727272725,327.27272727272725,17,7510,150,120,2,1,0,1,0.8,4,1
task_0167,family_31,template_31,0.0,0.0,11,B-LENGTH-PROPORTIONAL,1,0,0,1,5550,5550,5550,500.0,500.0,500.0,23,11120,0,120,0,0,1,0,0.5,2,0
task_0168,family_31,template_31,1.0,1.0,11,P-SPIDER-PARAM,1,0,1,0,5850,5850,5760,500.0,500.0,500.0,23,11270,150,120,0,0,1,0,0.0,0,0
task_0168,family_31,template_31,1.0,1.0,11,B-COLD,1,0,0,1,5550,5550,5550,500.0,500.0,500.0,23,11120,0,120,0,0,1,0,0.5,2,0
task_0168,family_31,template_31,1.0,1.0,11,B-INSTRUCTION,1,0,0,1,5570,5570,5552,500.0,500.0,500.0,23,11120,0,120,0,0,1,0,0.5,2,0
task_0168,family_31,template_31,1.0,1.0,11,B-RAG-EMBED,1,0,0,1,5750,5750,5750,500.0,500.0,500.0,23,11270,150,120,0,0,1,0,0.5,2,0
task_0168,family_31,template_31,1.0,1.0,11,B-STAGEHAND-CACHE,1,0,0,1,5550,5550,5550,500.0,500.0,500.0,23,11120,0,120,0,0,1,0,0.5,2,0
task_0168,family_31,template_31,1.0,1.0,11,B-TERX-REPLAY,1,0,0,1,5550,5550,5550,500.0,500.0,500.0,23,11120,0,120,0,0,1,0,0.5,2,0
task_0168,family_31,template_31,1.0,1.0,11,NC1-SHUFFLED,1,0,1,1,5550,5550,5550,500.0,500.0,500.0,23,11120,0,120,0,0,1,0,0.4,2,0
task_0168,family_31,template_31,1.0,1.0,11,NC2-RANDOM,1,0,0,1,4350,4350,4260,372.72727272727275,372.72727272727275,372.72727272727275,19,8510,150,120,2,1,1,1,0.8,4,0
task_0168,family_31,template_31,1.0,1.0,11,B-LENGTH-PROPORTIONAL,1,0,0,1,5550,5550,5550,500.0,500.0,500.0,23,11120,0,120,0,0,1,0,0.5,2,0
task_0169,family_31,template_31,0.25,0.0,11,P-SPIDER-PARAM,1,0,0,1,900,900,810,50.0,50.0,50.0,12,1590,150,120,11,1,1,0,1.0,4,0
task_0169,family_31,template_31,0.25,0.0,11,B-COLD,1,0,0,1,5550,5550,5550,500.0,500.0,500.0,23,11120,0,120,0,0,1,0,0.5,2,0
task_0169,family_31,template_31,0.25,0.0,11,B-INSTRUCTION,1,0,0,1,5570,5570,5552,500.0,500.0,500.0,23,11120,0,120,0,0,1,0,0.5,2,0
task_0169,family_31,template_31,0.25,0.0,11,B-RAG-EMBED,1,0,0,1,800,800,800,50.0,50.0,50.0,12,1590,150,120,11,1,1,0,0.5,2,0
task_0169,family_31,template_31,0.25,0.0,11,B-STAGEHAND-CACHE,1,0,0,1,5550,5550,5550,500.0,500.0,500.0,23,11120,0,120,0,0,1,0,0.5,2,0
task_0169,family_31,template_31,0.25,0.0,11,B-TERX-REPLAY,1,0,0,1,5550,5550,5550,500.0,500.0,500.0,23,11120,0,120,0,0,1,0,0.5,2,0
task_0169,family_31,template_31,0.25,0.0,11,NC1-SHUFFLED,1,0,1,1,5550,5550,5550,500.0,500.0,500.0,23,11120,0,120,0,0,1,0,0.4,2,0
task_0169,family_31,template_31,0.25,0.0,11,NC2-RANDOM,1,0,0,1,4350,4350,4260,372.72727272727275,372.72727272727275,372.72727272727275,19,8510,150,120,2,1,1,1,0.8,4,0
task_0169,family_31,template_31,0.25,0.0,11,B-LENGTH-PROPORTIONAL,1,0,0,1,5550,5550,5550,500.0,500.0,500.0,23,11120,0,120,0,0,1,0,0.5,2,0
task_0170,family_31,template_31,0.5,1.0,11,P-SPIDER-PARAM,1,0,1,0,5850,5850,5760,500.0,500.0,500.0,23,11270,150,120,0,0,1,0,0.0,0,0
task_0170,family_31,template_31,0.5,1.0,11,B-COLD,1,0,0,1,5550,5550,5550,500.0,500.0,500.0,23,11120,0,120,0,0,1,0,0.5,2,0
task_0170,family_31,template_31,0.5,1.0,11,B-INSTRUCTION,1,0,0,1,5570,5570,5552,500.0,500.0,500.0,23,11120,0,120,0,0,1,0,0.5,2,0
task_0170,family_31,template_31,0.5,1.0,11,B-RAG-EMBED,1,0,0,1,5750,5750,5750,500.0,500.0,500.0,23,11270,150,120,0,0,1,0,0.5,2,0
task_0170,family_31,template_31,0.5,1.0,11,B-STAGEHAND-CACHE,1,0,0,1,5550,5550,5550,500.0,500.0,500.0,23,11120,0,120,0,0,1,0,0.5,2,0
task_0170,family_31,template_31,0.5,1.0,11,B-TERX-REPLAY,1,0,0,1,5550,5550,5550,500.0,500.0,500.0,23,11120,0,120,0,0,1,0,0.5,2,0
task_0170,family_31,template_31,0.5,1.0,11,NC1-SHUFFLED,1,0,1,1,5550,5550,5550,500.0,500.0,500.0,23,11120,0,120,0,0,1,0,0.4,2,0
task_0170,family_31,template_31,0.5,1.0,11,NC2-RANDOM,1,0,0,1,4350,4350,4260,372.72727272727275,372.72727272727275,372.72727272727275,19,8510,150,120,2,1,1,1,0.8,4,0
task_0170,family_31,template_31,0.5,1.0,11,B-LENGTH-PROPORTIONAL,1,0,0,1,5550,5550,5550,500.0,500.0,500.0,23,11120,0,120,0,0,1,0,0.5,2,0
task_0171,family_31,template_31,0.75,1.0,11,P-SPIDER-PARAM,1,0,1,0,5850,5850,5760,500.0,500.0,500.0,23,11270,150,120,0,0,1,0,0.0,0,0
task_0171,family_31,template_31,0.75,1.0,11,B-COLD,1,0,0,1,5550,5550,5550,500.0,500.0,500.0,23,11120,0,120,0,0,1,0,0.5,2,0
task_0171,family_31,template_31,0.75,1.0,11,B-INSTRUCTION,1,0,0,1,5570,5570,5552,500.0,500.0,500.0,23,11120,0,120,0,0,1,0,0.5,2,0
task_0171,family_31,template_31,0.75,1.0,11,B-RAG-EMBED,1,0,0,1,5750,5750,5750,500.0,500.0,500.0,23,11270,150,120,0,0,1,0,0.5,2,0
task_0171,family_31,template_31,0.75,1.0,11,B-STAGEHAND-CACHE,1,0,0,1,5550,5550,5550,500.0,500.0,500.0,23,11120,0,120,0,0,1,0,0.5,2,0
task_0171,family_31,template_31,0.75,1.0,11,B-TERX-REPLAY,1,0,0,1,5550,5550,5550,500.0,500.0,500.0,23,11120,0,120,0,0,1,0,0.5,2,0
task_0171,family_31,template_31,0.75,1.0,11,NC1-SHUFFLED,1,0,1,1,5550,5550,5550,500.0,500.0,500.0,23,11120,0,120,0,0,1,0,0.4,2,0
task_0171,family_31,template_31,0.75,1.0,11,NC2-RANDOM,0,1,0,0,5350,5350,5260,463.6363636363636,463.6363636363636,463.6363636363636,23,10510,150,120,2,1,0,1,0.8,4,1
task_0171,family_31,template_31,0.75,1.0,11,B-LENGTH-PROPORTIONAL,1,0,0,1,5550,5550,5550,500.0,500.0,500.0,23,11120,0,120,0,0,1,0,0.5,2,0
task_0172,family_32,template_32,0.0,0.0,12,P-SPIDER-PARAM,1,0,0,1,950,950,860,50.0,50.0,50.0,13,1710,150,120,12,1,1,0,1.0,4,0
task_0172,family_32,template_32,0.0,0.0,12,B-COLD,1,0,0,1,6050,6050,6050,500.0,500.0,500.0,25,12120,0,120,0,0,1,0,0.5,2,0
task_0172,family_32,template_32,0.0,0.0,12,B-INSTRUCTION,1,0,0,1,6070,6070,6052,500.0,500.0,500.0,25,12120,0,120,0,0,1,0,0.5,2,0
task_0172,family_32,template_32,0.0,0.0,12,B-RAG-EMBED,1,0,0,1,850,850,850,50.0,50.0,50.0,13,1710,150,120,12,1,1,0,0.5,2,0
task_0172,family_32,template_32,0.0,0.0,12,B-STAGEHAND-CACHE,1,0,0,1,650,650,650,50.0,50.0,50.0,13,1560,0,120,12,1,1,0,0.5,2,0
task_0172,family_32,template_32,0.0,0.0,12,B-TERX-REPLAY,1,0,0,1,650,650,650,50.0,50.0,50.0,13,1560,0,120,12,1,1,0,0.5,2,0
task_0172,family_32,template_32,0.0,0.0,12,NC1-SHUFFLED,1,0,1,1,6050,6050,6050,500.0,500.0,500.0,25,12120,0,120,0,0,1,0,0.4,2,0
task_0172,family_32,template_32,0.0,0.0,12,NC2-RANDOM,0,1,0,0,3850,3850,3760,300.0,300.0,300.0,17,7510,150,120,2,1,0,1,0.8,4,1
task_0172,family_32,template_32,0.0,0.0,12,B-LENGTH-PROPORTIONAL,1,0,0,1,6050,6050,6050,500.0,500.0,500.0,25,12120,0,120,0,0,1,0,0.5,2,0
task_0173,family_32,template_32,0.25,0.5,12,P-SPIDER-PARAM,1,0,1,0,6350,6350,6260,500.0,500.0,500.0,25,12270,150,120,0,0,1,0,0.462468960480541,2,0
task_0173,family_32,template_32,0.25,0.5,12,B-COLD,1,0,0,1,6050,6050,6050,500.0,500.0,500.0,25,12120,0,120,0,0,1,0,0.5,2,0
task_0173,family_32,template_32,0.25,0.5,12,B-INSTRUCTION,1,0,0,1,6070,6070,6052,500.0,500.0,500.0,25,12120,0,120,0,0,1,0,0.5,2,0
task_0173,family_32,template_32,0.25,0.5,12,B-RAG-EMBED,1,0,0,1,3550,3550,3550,275.0,275.0,275.0,19,6990,150,120,6,1,1,0,0.5,2,0
task_0173,family_32,template_32,0.25,0.5,12,B-STAGEHAND-CACHE,1,0,0,1,6050,6050,6050,500.0,500.0,500.0,25,12120,0,120,0,0,1,0,0.5,2,0
task_0173,family_32,template_32,0.25,0.5,12,B-TERX-REPLAY,1,0,0,1,6050,6050,6050,500.0,500.0,500.0,25,12120,0,120,0,0,1,0,0.5,2,0
task_0173,family_32,template_32,0.25,0.5,12,NC1-SHUFFLED,1,0,1,1,6050,6050,6050,500.0,500.0,500.0,25,12120,0,120,0,0,1,0,0.4,2,0
task_0173,family_32,template_32,0.25,0.5,12,NC2-RANDOM,1,0,0,1,3350,3350,3260,258.3333333333333,258.3333333333333,258.3333333333333,15,6510,150,120,2,1,1,1,0.8,4,0
task_0173,family_32,template_32,0.25,0.5,12,B-LENGTH-PROPORTIONAL,1,0,0,1,6050,6050,6050,500.0,500.0,500.0,25,12120,0,120,0,0,1,0,0.5,2,0
task_0174,family_32,template_32,0.5,0.5,12,P-SPIDER-PARAM,1,0,1,0,6350,6350,6260,500.0,500.0,500.0,25,12270,150,120,0,0,1,0,0.47904194313883,2,0
task_0174,family_32,template_32,0.5,0.5,12,B-COLD,1,0,0,1,6050,6050,6050,500.0,500.0,500.0,25,12120,0,120,0,0,1,0,0.5,2,0
task_0174,family_32,template_32,0.5,0.5,12,B-INSTRUCTION,1,0,0,1,6070,6070,6052,500.0,500.0,500.0,25,12120,0,120,0,0,1,0,0.5,2,0
task_0174,family_32,template_32,0.5,0.5,12,B-RAG-EMBED,1,0,0,1,3550,3550,3550,275.0,275.0,275.0,19,6990,150,120,6,1,1,0,0.5,2,0
task_0174,family_32,template_32,0.5,0.5,12,B-STAGEHAND-CACHE,1,0,0,1,6050,6050,6050,500.0,500.0,500.0,25,12120,0,120,0,0,1,0,0.5,2,0
task_0174,family_32,template_32,0.5,0.5,12,B-TERX-REPLAY,1,0,0,1,6050,6050,6050,500.0,500.0,500.0,25,12120,0,120,0,0,1,0,0.5,2,0
task_0174,family_32,template_32,0.5,0.5,12,NC1-SHUFFLED,0,1,1,0,6050,6050,6050,500.0,500.0,500.0,25,12120,0,120,0,0,0,0,0.4,2,1
task_0174,family_32,template_32,0.5,0.5,12,NC2-RANDOM,0,1,0,0,5350,5350,5260,425.0,425.0,425.0,23,10510,150,120,2,1,0,1,0.8,4,1
task_0174,family_32,template_32,0.5,0.5,12,B-LENGTH-PROPORTIONAL,1,0,0,1,6050,6050,6050,500.0,500.0,500.0,25,12120,0,120,0,0,1,0,0.5,2,0
task_0175,family_32,template_32,0.75,1.0,12,P-SPIDER-PARAM,1,0,1,0,6350,6350,6260,500.0,500.0,500.0,25,12270,150,120,0,0,1,0,0.01617382567971305,0,0
task_0175,family_32,template_32,0.75,1.0,12,B-COLD,1,0,0,1,6050,6050,6050,500.0,500.0,500.0,25,12120,0,120,0,0,1,0,0.5,2,0
task_0175,family_32,template_32,0.75,1.0,12,B-INSTRUCTION,1,0,0,1,6070,6070,6052,500.0,500.0,500.0,25,12120,0,120,0,0,1,0,0.5,2,0
task_0175,family_32,template_32,0.75,1.0,12,B-RAG-EMBED,1,0,0,1,6250,6250,6250,500.0,500.0,500.0,25,12270,150,120,0,0,1,0,0.5,2,0
task_0175,family_32,template_32,0.75,1.0,12,B-STAGEHAND-CACHE,1,0,0,1,6050,6050,6050,500.0,500.0,500.0,25,12120,0,120,0,0,1,0,0.5,2,0
task_0175,family_32,template_32,0.75,1.0,12,B-TERX-REPLAY,1,0,0,1,6050,6050,6050,500.0,500.0,500.0,25,12120,0,120,0,0,1,0,0.5,2,0
task_0175,family_32,template_32,0.75,1.0,12,NC1-SHUFFLED,1,0,1,1,6050,6050,6050,500.0,500.0,500.0,25,12120,0,120,0,0,1,0,0.4,2,0
task_0175,family_32,template_32,0.75,1.0,12,NC2-RANDOM,0,1,0,0,5850,5850,5760,466.6666666666667,466.6666666666667,466.6666666666667,25,11510,150,120,2,1,0,1,0.8,4,1
task_0175,family_32,template_32,0.75,1.0,12,B-LENGTH-PROPORTIONAL,1,0,0,1,6050,6050,6050,500.0,500.0,500.0,25,12120,0,120,0,0,1,0,0.5,2,0
task_0176,family_32,template_32,1.0,1.0,12,P-SPIDER-PARAM,1,0,1,0,6350,6350,6260,500.0,500.0,500.0,25,12270,150,120,0,0,1,0,0.0,0,0
task_0176,family_32,template_32,1.0,1.0,12,B-COLD,1,0,0,1,6050,6050,6050,500.0,500.0,500.0,25,12120,0,120,0,0,1,0,0.5,2,0
task_0176,family_32,template_32,1.0,1.0,12,B-INSTRUCTION,1,0,0,1,6070,6070,6052,500.0,500.0,500.0,25,12120,0,120,0,0,1,0,0.5,2,0
task_0176,family_32,template_32,1.0,1.0,12,B-RAG-EMBED,1,0,0,1,6250,6250,6250,500.0,500.0,500.0,25,12270,150,120,0,0,1,0,0.5,2,0
task_0176,family_32,template_32,1.0,1.0,12,B-STAGEHAND-CACHE,1,0,0,1,6050,6050,6050,500.0,500.0,500.0,25,12120,0,120,0,0,1,0,0.5,2,0
task_0176,family_32,template_32,1.0,1.0,12,B-TERX-REPLAY,1,0,0,1,6050,6050,6050,500.0,500.0,500.0,25,12120,0,120,0,0,1,0,0.5,2,0
task_0176,family_32,template_32,1.0,1.0,12,NC1-SHUFFLED,1,0,1,1,6050,6050,6050,500.0,500.0,500.0,25,12120,0,120,0,0,1,0,0.4,2,0
task_0176,family_32,template_32,1.0,1.0,12,NC2-RANDOM,0,1,0,0,3600,3600,3510,279.1666666666667,279.1666666666667,279.1666666666667,20,7110,150,120,7,1,0,1,0.8,4,1
task_0176,family_32,template_32,1.0,1.0,12,B-LENGTH-PROPORTIONAL,1,0,0,1,6050,6050,6050,500.0,500.0,500.0,25,12120,0,120,0,0,1,0,0.5,2,0
task_0177,family_33,template_33,0.0,0.0,13,P-SPIDER-PARAM,1,0,0,1,1000,1000,910,50.0,50.0,50.0,14,1830,150,120,13,1,1,0,1.0,4,0
task_0177,family_33,template_33,0.0,0.0,13,B-COLD,1,0,0,1,6550,6550,6550,500.0,500.0,500.0,27,13120,0,120,0,0,1,0,0.5,2,0
task_0177,family_33,template_33,0.0,0.0,13,B-INSTRUCTION,1,0,0,1,6570,6570,6552,500.0,500.0,500.0,27,13120,0,120,0,0,1,0,0.5,2,0
task_0177,family_33,template_33,0.0,0.0,13,B-RAG-EMBED,1,0,0,1,900,900,900,50.0,50.0,50.0,14,1830,150,120,13,1,1,0,0.5,2,0
task_0177,family_33,template_33,0.0,0.0,13,B-STAGEHAND-CACHE,1,0,0,1,700,700,700,50.0,50.0,50.0,14,1680,0,120,13,1,1,0,0.5,2,0
task_0177,family_33,template_33,0.0,0.0,13,B-TERX-REPLAY,1,0,0,1,700,700,700,50.0,50.0,50.0,14,1680,0,120,13,1,1,0,0.5,2,0
task_0177,family_33,template_33,0.0,0.0,13,NC1-SHUFFLED,1,0,1,1,6550,6550,6550,500.0,500.0,500.0,27,13120,0,120,0,0,1,0,0.4,2,0
task_0177,family_33,template_33,0.0,0.0,13,NC2-RANDOM,1,0,0,1,4850,4850,4760,353.84615384615387,353.84615384615387,353.84615384615387,21,9510,150,120,2,1,1,1,0.8,4,0
task_0177,family_33,template_33,0.0,0.0,13,B-LENGTH-PROPORTIONAL,1,0,0,1,6550,6550,6550,500.0,500.0,500.0,27,13120,0,120,0,0,1,0,0.5,2,0
task_0178,family_33,template_33,0.5,0.5,13,P-SPIDER-PARAM,1,0,1,0,6850,6850,6760,500.0,500.0,500.0,27,13270,150,120,0,0,1,0,0.5367558628472985,2,0
task_0178,family_33,template_33,0.5,0.5,13,B-COLD,1,0,0,1,6550,6550,6550,500.0,500.0,500.0,27,13120,0,120,0,0,1,0,0.5,2,0
task_0178,family_33,template_33,0.5,0.5,13,B-INSTRUCTION,1,0,0,1,6570,6570,6552,500.0,500.0,500.0,27,13120,0,120,0,0,1,0,0.5,2,0
task_0178,family_33,template_33,0.5,0.5,13,B-RAG-EMBED,1,0,0,1,3600,3600,3600,257.6923076923077,257.6923076923077,257.6923076923077,20,7110,150,120,7,1,1,0,0.5,2,0
task_0178,family_33,template_33,0.5,0.5,13,B-STAGEHAND-CACHE,1,0,0,1,6550,6550,6550,500.0,500.0,500.0,27,13120,0,120,0,0,1,0,0.5,2,0
task_0178,family_33,template_33,0.5,0.5,13,B-TERX-REPLAY,1,0,0,1,6550,6550,6550,500.0,500.0,500.0,27,13120,0,120,0,0,1,0,0.5,2,0
task_0178,family_33,template_33,0.5,0.5,13,NC1-SHUFFLED,1,0,1,1,6550,6550,6550,500.0,500.0,500.0,27,13120,0,120,0,0,1,0,0.4,2,0
task_0178,family_33,template_33,0.5,0.5,13,NC2-RANDOM,1,0,0,1,5350,5350,5260,392.3076923076923,392.3076923076923,392.3076923076923,23,10510,150,120,2,1,1,1,0.8,4,0
task_0178,family_33,template_33,0.5,0.5,13,B-LENGTH-PROPORTIONAL,1,0,0,1,6550,6550,6550,500.0,500.0,500.0,27,13120,0,120,0,0,1,0,0.5,2,0
task_0179,family_33,template_33,0.75,1.0,13,P-SPIDER-PARAM,1,0,1,0,6850,6850,6760,500.0,500.0,500.0,27,13270,150,120,0,0,1,0,0.0,0,0
task_0179,family_33,template_33,0.75,1.0,13,B-COLD,1,0,0,1,6550,6550,6550,500.0,500.0,500.0,27,13120,0,120,0,0,1,0,0.5,2,0
task_0179,family_33,template_33,0.75,1.0,13,B-INSTRUCTION,1,0,0,1,6570,6570,6552,500.0,500.0,500.0,27,13120,0,120,0,0,1,0,0.5,2,0
task_0179,family_33,template_33,0.75,1.0,13,B-RAG-EMBED,1,0,0,1,6750,6750,6750,500.0,500.0,500.0,27,13270,150,120,0,0,1,0,0.5,2,0
task_0179,family_33,template_33,0.75,1.0,13,B-STAGEHAND-CACHE,1,0,0,1,6550,6550,6550,500.0,500.0,500.0,27,13120,0,120,0,0,1,0,0.5,2,0
task_0179,family_33,template_33,0.75,1.0,13,B-TERX-REPLAY,1,0,0,1,6550,6550,6550,500.0,500.0,500.0,27,13120,0,120,0,0,1,0,0.5,2,0
task_0179,family_33,template_33,0.75,1.0,13,NC1-SHUFFLED,1,0,1,1,6550,6550,6550,500.0,500.0,500.0,27,13120,0,120,0,0,1,0,0.4,2,0
task_0179,family_33,template_33,0.75,1.0,13,NC2-RANDOM,0,1,0,0,6350,6350,6260,469.2307692307692,469.2307692307692,469.2307692307692,27,12510,150,120,2,1,0,1,0.8,4,1
task_0179,family_33,template_33,0.75,1.0,13,B-LENGTH-PROPORTIONAL,1,0,0,1,6550,6550,6550,500.0,500.0,500.0,27,13120,0,120,0,0,1,0,0.5,2,0
task_0180,family_33,template_33,1.0,1.0,13,P-SPIDER-PARAM,1,0,1,0,6850,6850,6760,500.0,500.0,500.0,27,13270,150,120,0,0,1,0,0.036534019986573095,0,0
task_0180,family_33,template_33,1.0,1.0,13,B-COLD,1,0,0,1,6550,6550,6550,500.0,500.0,500.0,27,13120,0,120,0,0,1,0,0.5,2,0
task_0180,family_33,template_33,1.0,1.0,13,B-INSTRUCTION,1,0,0,1,6570,6570,6552,500.0,500.0,500.0,27,13120,0,120,0,0,1,0,0.5,2,0
task_0180,family_33,template_33,1.0,1.0,13,B-RAG-EMBED,1,0,0,1,6750,6750,6750,500.0,500.0,500.0,27,13270,150,120,0,0,1,0,0.5,2,0
task_0180,family_33,template_33,1.0,1.0,13,B-STAGEHAND-CACHE,1,0,0,1,6550,6550,6550,500.0,500.0,500.0,27,13120,0,120,0,0,1,0,0.5,2,0
task_0180,family_33,template_33,1.0,1.0,13,B-TERX-REPLAY,1,0,0,1,6550,6550,6550,500.0,500.0,500.0,27,13120,0,120,0,0,1,0,0.5,2,0
task_0180,family_33,template_33,1.0,1.0,13,NC1-SHUFFLED,1,0,1,1,6550,6550,6550,500.0,500.0,500.0,27,13120,0,120,0,0,1,0,0.4,2,0
task_0180,family_33,template_33,1.0,1.0,13,NC2-RANDOM,1,0,0,1,4050,4050,3960,292.3076923076923,292.3076923076923,292.3076923076923,21,7990,150,120,6,1,1,1,0.8,4,0
task_0180,family_33,template_33,1.0,1.0,13,B-LENGTH-PROPORTIONAL,1,0,0,1,6550,6550,6550,500.0,500.0,500.0,27,13120,0,120,0,0,1,0,0.5,2,0
task_0181,family_33,template_33,0.25,0.5,13,P-SPIDER-PARAM,1,0,1,0,6850,6850,6760,500.0,500.0,500.0,27,13270,150,120,0,0,1,0,0.5073146310800739,2,0
task_0181,family_33,template_33,0.25,0.5,13,B-COLD,1,0,0,1,6550,6550,6550,500.0,500.0,500.0,27,13120,0,120,0,0,1,0,0.5,2,0
task_0181,family_33,template_33,0.25,0.5,13,B-INSTRUCTION,1,0,0,1,6570,6570,6552,500.0,500.0,500.0,27,13120,0,120,0,0,1,0,0.5,2,0
task_0181,family_33,template_33,0.25,0.5,13,B-RAG-EMBED,1,0,0,1,3600,3600,3600,257.6923076923077,257.6923076923077,257.6923076923077,20,7110,150,120,7,1,1,0,0.5,2,0
task_0181,family_33,template_33,0.25,0.5,13,B-STAGEHAND-CACHE,1,0,0,1,6550,6550,6550,500.0,500.0,500.0,27,13120,0,120,0,0,1,0,0.5,2,0
task_0181,family_33,template_33,0.25,0.5,13,B-TERX-REPLAY,1,0,0,1,6550,6550,6550,500.0,500.0,500.0,27,13120,0,120,0,0,1,0,0.5,2,0
task_0181,family_33,template_33,0.25,0.5,13,NC1-SHUFFLED,1,0,1,1,6550,6550,6550,500.0,500.0,500.0,27,13120,0,120,0,0,1,0,0.4,2,0
task_0181,family_33,template_33,0.25,0.5,13,NC2-RANDOM,1,0,0,1,3150,3150,3060,223.07692307692307,223.07692307692307,223.07692307692307,19,6230,150,120,8,1,1,1,0.8,4,0
task_0181,family_33,template_33,0.25,0.5,13,B-LENGTH-PROPORTIONAL,1,0,0,1,6550,6550,6550,500.0,500.0,500.0,27,13120,0,120,0,0,1,0,0.5,2,0
task_0182,family_34,template_34,0.0,0.0,14,P-SPIDER-PARAM,1,0,0,1,1050,1050,960,50.0,50.0,50.0,15,1950,150,120,14,1,1,0,1.0,4,0
task_0182,family_34,template_34,0.0,0.0,14,B-COLD,1,0,0,1,7050,7050,7050,500.0,500.0,500.0,29,14120,0,120,0,0,1,0,0.5,2,0
task_0182,family_34,template_34,0.0,0.0,14,B-INSTRUCTION,1,0,0,1,7070,7070,7052,500.0,500.0,500.0,29,14120,0,120,0,0,1,0,0.5,2,0
task_0182,family_34,template_34,0.0,0.0,14,B-RAG-EMBED,1,0,0,1,950,950,950,50.0,50.0,50.0,15,1950,150,120,14,1,1,0,0.5,2,0
task_0182,family_34,template_34,0.0,0.0,14,B-STAGEHAND-CACHE,1,0,0,1,750,750,750,50.0,50.0,50.0,15,1800,0,120,14,1,1,0,0.5,2,0
task_0182,family_34,template_34,0.0,0.0,14,B-TERX-REPLAY,1,0,0,1,750,750,750,50.0,50.0,50.0,15,1800,0,120,14,1,1,0,0.5,2,0
task_0182,family_34,template_34,0.0,0.0,14,NC1-SHUFFLED,1,0,1,1,7050,7050,7050,500.0,500.0,500.0,29,14120,0,120,0,0,1,0,0.4,2,0
task_0182,family_34,template_34,0.0,0.0,14,NC2-RANDOM,1,0,0,1,5350,5350,5260,364.2857142857143,364.2857142857143,364.2857142857143,23,10510,150,120,2,1,1,1,0.8,4,0
task_0182,family_34,template_34,0.0,0.0,14,B-LENGTH-PROPORTIONAL,1,0,0,1,7050,7050,7050,500.0,500.0,500.0,29,14120,0,120,0,0,1,0,0.5,2,0
task_0183,family_34,template_34,0.75,0.6667,14,P-SPIDER-PARAM,1,0,1,0,7350,7350,7260,500.0,500.0,500.0,29,14270,150,120,0,0,1,0,0.1113778340992502,0,0
task_0183,family_34,template_34,0.75,0.6667,14,B-COLD,1,0,0,1,7050,7050,7050,500.0,500.0,500.0,29,14120,0,120,0,0,1,0,0.5,2,0
task_0183,family_34,template_34,0.75,0.6667,14,B-INSTRUCTION,1,0,0,1,7070,7070,7052,500.0,500.0,500.0,29,14120,0,120,0,0,1,0,0.5,2,0
task_0183,family_34,template_34,0.75,0.6667,14,B-RAG-EMBED,1,0,0,1,5000,5000,5000,339.2857142857143,339.2857142857143,339.2857142857143,24,9870,150,120,5,1,1,0,0.5,2,0
task_0183,family_34,template_34,0.75,0.6667,14,B-STAGEHAND-CACHE,1,0,0,1,7050,7050,7050,500.0,500.0,500.0,29,14120,0,120,0,0,1,0,0.5,2,0
task_0183,family_34,template_34,0.75,0.6667,14,B-TERX-REPLAY,1,0,0,1,7050,7050,7050,500.0,500.0,500.0,29,14120,0,120,0,0,1,0,0.5,2,0
task_0183,family_34,template_34,0.75,0.6667,14,NC1-SHUFFLED,0,1,1,0,7050,7050,7050,500.0,500.0,500.0,29,14120,0,120,0,0,0,0,0.4,2,1
task_0183,family_34,template_34,0.75,0.6667,14,NC2-RANDOM,1,0,0,1,3350,3350,3260,221.42857142857142,221.42857142857142,221.42857142857142,15,6510,150,120,2,1,1,1,0.8,4,0
task_0183,family_34,template_34,0.75,0.6667,14,B-LENGTH-PROPORTIONAL,1,0,0,1,7050,7050,7050,500.0,500.0,500.0,29,14120,0,120,0,0,1,0,0.5,2,0
task_0184,family_34,template_34,1.0,1.0,14,P-SPIDER-PARAM,1,0,1,0,7350,7350,7260,500.0,500.0,500.0,29,14270,150,120,0,0,1,0,0.03182636235305721,0,0
task_0184,family_34,template_34,1.0,1.0,14,B-COLD,1,0,0,1,7050,7050,7050,500.0,500.0,500.0,29,14120,0,120,0,0,1,0,0.5,2,0
task_0184,family_34,template_34,1.0,1.0,14,B-INSTRUCTION,1,0,0,1,7070,7070,7052,500.0,500.0,500.0,29,14120,0,120,0,0,1,0,0.5,2,0
task_0184,family_34,template_34,1.0,1.0,14,B-RAG-EMBED,1,0,0,1,7250,7250,7250,500.0,500.0,500.0,29,14270,150,120,0,0,1,0,0.5,2,0
task_0184,family_34,template_34,1.0,1.0,14,B-STAGEHAND-CACHE,1,0,0,1,7050,7050,7050,500.0,500.0,500.0,29,14120,0,120,0,0,1,0,0.5,2,0
task_0184,family_34,template_34,1.0,1.0,14,B-TERX-REPLAY,1,0,0,1,7050,7050,7050,500.0,500.0,500.0,29,14120,0,120,0,0,1,0,0.5,2,0
task_0184,family_34,template_34,1.0,1.0,14,NC1-SHUFFLED,1,0,1,1,7050,7050,7050,500.0,500.0,500.0,29,14120,0,120,0,0,1,0,0.4,2,0
task_0184,family_34,template_34,1.0,1.0,14,NC2-RANDOM,0,1,0,0,4850,4850,4760,328.57142857142856,328.57142857142856,328.57142857142856,21,9510,150,120,2,1,0,1,0.8,4,1
task_0184,family_34,template_34,1.0,1.0,14,B-LENGTH-PROPORTIONAL,1,0,0,1,7050,7050,7050,500.0,500.0,500.0,29,14120,0,120,0,0,1,0,0.5,2,0
task_0185,family_34,template_34,0.25,0.3333,14,P-SPIDER-PARAM,1,0,0,1,2850,2850,2760,178.57142857142858,178.57142857142858,178.57142857142858,19,5470,150,120,10,1,1,1,0.9241102085749603,4,0
task_0185,family_34,template_34,0.25,0.3333,14,B-COLD,1,0,0,1,7050,7050,7050,500.0,500.0,500.0,29,14120,0,120,0,0,1,0,0.5,2,0
task_0185,family_34,template_34,0.25,0.3333,14,B-INSTRUCTION,1,0,0,1,7070,7070,7052,500.0,500.0,500.0,29,14120,0,120,0,0,1,0,0.5,2,0
task_0185,family_34,template_34,0.25,0.3333,14,B-RAG-EMBED,1,0,0,1,3200,3200,3200,210.71428571428572,210.71428571428572,210.71428571428572,20,6350,150,120,9,1,1,0,0.5,2,0
task_0185,family_34,template_34,0.25,0.3333,14,B-STAGEHAND-CACHE,1,0,0,1,7050,7050,7050,500.0,500.0,500.0,29,14120,0,120,0,0,1,0,0.5,2,0
task_0185,family_34,template_34,0.25,0.3333,14,B-TERX-REPLAY,1,0,0,1,7050,7050,7050,500.0,500.0,500.0,29,14120,0,120,0,0,1,0,0.5,2,0
task_0185,family_34,template_34,0.25,0.3333,14,NC1-SHUFFLED,1,0,1,1,7050,7050,7050,500.0,500.0,500.0,29,14120,0,120,0,0,1,0,0.4,2,0
task_0185,family_34,template_34,0.25,0.3333,14,NC2-RANDOM,1,0,0,1,3650,3650,3560,242.85714285714286,242.85714285714286,242.85714285714286,21,7230,150,120,8,1,1,1,0.8,4,0
task_0185,family_34,template_34,0.25,0.3333,14,B-LENGTH-PROPORTIONAL,1,0,0,1,7050,7050,7050,500.0,500.0,500.0,29,14120,0,120,0,0,1,0,0.5,2,0
task_0186,family_34,template_34,0.5,0.6667,14,P-SPIDER-PARAM,1,0,1,0,7350,7350,7260,500.0,500.0,500.0,29,14270,150,120,0,0,1,0,0.1298122196065109,0,0
task_0186,family_34,template_34,0.5,0.6667,14,B-COLD,1,0,0,1,7050,7050,7050,500.0,500.0,500.0,29,14120,0,120,0,0,1,0,0.5,2,0
task_0186,family_34,template_34,0.5,0.6667,14,B-INSTRUCTION,1,0,0,1,7070,7070,7052,500.0,500.0,500.0,29,14120,0,120,0,0,1,0,0.5,2,0
task_0186,family_34,template_34,0.5,0.6667,14,B-RAG-EMBED,1,0,0,1,5000,5000,5000,339.2857142857143,339.2857142857143,339.2857142857143,24,9870,150,120,5,1,1,0,0.5,2,0
task_0186,family_34,template_34,0.5,0.6667,14,B-STAGEHAND-CACHE,1,0,0,1,7050,7050,7050,500.0,500.0,500.0,29,14120,0,120,0,0,1,0,0.5,2,0
task_0186,family_34,template_34,0.5,0.6667,14,B-TERX-REPLAY,1,0,0,1,7050,7050,7050,500.0,500.0,500.0,29,14120,0,120,0,0,1,0,0.5,2,0
task_0186,family_34,template_34,0.5,0.6667,14,NC1-SHUFFLED,1,0,1,1,7050,7050,7050,500.0,500.0,500.0,29,14120,0,120,0,0,1,0,0.4,2,0
task_0186,family_34,template_34,0.5,0.6667,14,NC2-RANDOM,1,0,0,1,4350,4350,4260,292.85714285714283,292.85714285714283,292.85714285714283,19,8510,150,120,2,1,1,1,0.8,4,0
task_0186,family_34,template_34,0.5,0.6667,14,B-LENGTH-PROPORTIONAL,1,0,0,1,7050,7050,7050,500.0,500.0,500.0,29,14120,0,120,0,0,1,0,0.5,2,0
task_0187,family_35,template_35,0.0,0.0,8,P-SPIDER-PARAM,1,0,0,1,750,750,660,50.0,50.0,50.0,9,1230,150,120,8,1,1,0,1.0,4,0
task_0187,family_35,template_35,0.0,0.0,8,B-COLD,1,0,0,1,4050,4050,4050,500.0,500.0,500.0,17,8120,0,120,0,0,1,0,0.5,2,0
task_0187,family_35,template_35,0.0,0.0,8,B-INSTRUCTION,1,0,0,1,4070,4070,4052,500.0,500.0,500.0,17,8120,0,120,0,0,1,0,0.5,2,0
task_0187,family_35,template_35,0.0,0.0,8,B-RAG-EMBED,1,0,0,1,650,650,650,50.0,50.0,50.0,9,1230,150,120,8,1,1,0,0.5,2,0
task_0187,family_35,template_35,0.0,0.0,8,B-STAGEHAND-CACHE,1,0,0,1,450,450,450,50.0,50.0,50.0,9,1080,0,120,8,1,1,0,0.5,2,0
task_0187,family_35,template_35,0.0,0.0,8,B-TERX-REPLAY,1,0,0,1,450,450,450,50.0,50.0,50.0,9,1080,0,120,8,1,1,0,0.5,2,0
task_0187,family_35,template_35,0.0,0.0,8,NC1-SHUFFLED,1,0,1,1,4050,4050,4050,500.0,500.0,500.0,17,8120,0,120,0,0,1,0,0.4,2,0
task_0187,family_35,template_35,0.0,0.0,8,NC2-RANDOM,1,0,0,1,2500,2500,2410,281.25,281.25,281.25,14,4870,150,120,5,1,1,1,0.8,4,0
task_0187,family_35,template_35,0.0,0.0,8,B-LENGTH-PROPORTIONAL,1,0,0,1,4050,4050,4050,500.0,500.0,500.0,17,8120,0,120,0,0,1,0,0.5,2,0
task_0188,family_35,template_35,1.0,1.0,8,P-SPIDER-PARAM,1,0,1,0,4350,4350,4260,500.0,500.0,500.0,17,8270,150,120,0,0,1,0,0.01645420103981451,0,0
task_0188,family_35,template_35,1.0,1.0,8,B-COLD,1,0,0,1,4050,4050,4050,500.0,500.0,500.0,17,8120,0,120,0,0,1,0,0.5,2,0
task_0188,family_35,template_35,1.0,1.0,8,B-INSTRUCTION,1,0,0,1,4070,4070,4052,500.0,500.0,500.0,17,8120,0,120,0,0,1,0,0.5,2,0
task_0188,family_35,template_35,1.0,1.0,8,B-RAG-EMBED,1,0,0,1,4250,4250,4250,500.0,500.0,500.0,17,8270,150,120,0,0,1,0,0.5,2,0
task_0188,family_35,template_35,1.0,1.0,8,B-STAGEHAND-CACHE,1,0,0,1,4050,4050,4050,500.0,500.0,500.0,17,8120,0,120,0,0,1,0,0.5,2,0
task_0188,family_35,template_35,1.0,1.0,8,B-TERX-REPLAY,1,0,0,1,4050,4050,4050,500.0,500.0,500.0,17,8120,0,120,0,0,1,0,0.5,2,0
task_0188,family_35,template_35,1.0,1.0,8,NC1-SHUFFLED,1,0,1,1,4050,4050,4050,500.0,500.0,500.0,17,8120,0,120,0,0,1,0,0.4,2,0
task_0188,family_35,template_35,1.0,1.0,8,NC2-RANDOM,1,0,0,1,2000,2000,1910,218.75,218.75,218.75,12,3870,150,120,5,1,1,1,0.8,4,0
task_0188,family_35,template_35,1.0,1.0,8,B-LENGTH-PROPORTIONAL,1,0,0,1,4050,4050,4050,500.0,500.0,500.0,17,8120,0,120,0,0,1,0,0.5,2,0
task_0189,family_35,template_35,0.25,0.0,8,P-SPIDER-PARAM,1,0,0,1,750,750,660,50.0,50.0,50.0,9,1230,150,120,8,1,1,0,0.994870131455867,4,0
task_0189,family_35,template_35,0.25,0.0,8,B-COLD,1,0,0,1,4050,4050,4050,500.0,500.0,500.0,17,8120,0,120,0,0,1,0,0.5,2,0
task_0189,family_35,template_35,0.25,0.0,8,B-INSTRUCTION,1,0,0,1,4070,4070,4052,500.0,500.0,500.0,17,8120,0,120,0,0,1,0,0.5,2,0
task_0189,family_35,template_35,0.25,0.0,8,B-RAG-EMBED,1,0,0,1,650,650,650,50.0,50.0,50.0,9,1230,150,120,8,1,1,0,0.5,2,0
task_0189,family_35,template_35,0.25,0.0,8,B-STAGEHAND-CACHE,1,0,0,1,4050,4050,4050,500.0,500.0,500.0,17,8120,0,120,0,0,1,0,0.5,2,0
task_0189,family_35,template_35,0.25,0.0,8,B-TERX-REPLAY,1,0,0,1,4050,4050,4050,500.0,500.0,500.0,17,8120,0,120,0,0,1,0,0.5,2,0
task_0189,family_35,template_35,0.25,0.0,8,NC1-SHUFFLED,1,0,1,1,4050,4050,4050,500.0,500.0,500.0,17,8120,0,120,0,0,1,0,0.4,2,0
task_0189,family_35,template_35,0.25,0.0,8,NC2-RANDOM,1,0,0,1,5850,5850,5760,700.0,700.0,700.0,25,11510,150,120,2,1,1,1,0.8,4,0
task_0189,family_35,template_35,0.25,0.0,8,B-LENGTH-PROPORTIONAL,1,0,0,1,4050,4050,4050,500.0,500.0,500.0,17,8120,0,120,0,0,1,0,0.5,2,0
task_0190,family_35,template_35,0.5,1.0,8,P-SPIDER-PARAM,1,0,1,0,4350,4350,4260,500.0,500.0,500.0,17,8270,150,120,0,0,1,0,0.013845771802167822,0,0
task_0190,family_35,template_35,0.5,1.0,8,B-COLD,1,0,0,1,4050,4050,4050,500.0,500.0,500.0,17,8120,0,120,0,0,1,0,0.5,2,0
task_0190,family_35,template_35,0.5,1.0,8,B-INSTRUCTION,1,0,0,1,4070,4070,4052,500.0,500.0,500.0,17,8120,0,120,0,0,1,0,0.5,2,0
task_0190,family_35,template_35,0.5,1.0,8,B-RAG-EMBED,1,0,0,1,4250,4250,4250,500.0,500.0,500.0,17,8270,150,120,0,0,1,0,0.5,2,0
task_0190,family_35,template_35,0.5,1.0,8,B-STAGEHAND-CACHE,1,0,0,1,4050,4050,4050,500.0,500.0,500.0,17,8120,0,120,0,0,1,0,0.5,2,0
task_0190,family_35,template_35,0.5,1.0,8,B-TERX-REPLAY,1,0,0,1,4050,4050,4050,500.0,500.0,500.0,17,8120,0,120,0,0,1,0,0.5,2,0
task_0190,family_35,template_35,0.5,1.0,8,NC1-SHUFFLED,1,0,1,1,4050,4050,4050,500.0,500.0,500.0,17,8120,0,120,0,0,1,0,0.4,2,0
task_0190,family_35,template_35,0.5,1.0,8,NC2-RANDOM,0,1,0,0,3650,3650,3560,425.0,425.0,425.0,21,7230,150,120,8,1,0,1,0.8,4,1
task_0190,family_35,template_35,0.5,1.0,8,B-LENGTH-PROPORTIONAL,1,0,0,1,4050,4050,4050,500.0,500.0,500.0,17,8120,0,120,0,0,1,0,0.5,2,0
task_0191,family_35,template_35,0.75,1.0,8,P-SPIDER-PARAM,1,0,1,0,4350,4350,4260,500.0,500.0,500.0,17,8270,150,120,0,0,1,0,0.0,0,0
task_0191,family_35,template_35,0.75,1.0,8,B-COLD,1,0,0,1,4050,4050,4050,500.0,500.0,500.0,17,8120,0,120,0,0,1,0,0.5,2,0
task_0191,family_35,template_35,0.75,1.0,8,B-INSTRUCTION,1,0,0,1,4070,4070,4052,500.0,500.0,500.0,17,8120,0,120,0,0,1,0,0.5,2,0
task_0191,family_35,template_35,0.75,1.0,8,B-RAG-EMBED,1,0,0,1,4250,4250,4250,500.0,500.0,500.0,17,8270,150,120,0,0,1,0,0.5,2,0
task_0191,family_35,template_35,0.75,1.0,8,B-STAGEHAND-CACHE,1,0,0,1,4050,4050,4050,500.0,500.0,500.0,17,8120,0,120,0,0,1,0,0.5,2,0
task_0191,family_35,template_35,0.75,1.0,8,B-TERX-REPLAY,1,0,0,1,4050,4050,4050,500.0,500.0,500.0,17,8120,0,120,0,0,1,0,0.5,2,0
task_0191,family_35,template_35,0.75,1.0,8,NC1-SHUFFLED,1,0,1,1,4050,4050,4050,500.0,500.0,500.0,17,8120,0,120,0,0,1,0,0.4,2,0
task_0191,family_35,template_35,0.75,1.0,8,NC2-RANDOM,0,1,0,0,3000,3000,2910,343.75,343.75,343.75,16,5870,150,120,5,1,0,1,0.8,4,1
task_0191,family_35,template_35,0.75,1.0,8,B-LENGTH-PROPORTIONAL,1,0,0,1,4050,4050,4050,500.0,500.0,500.0,17,8120,0,120,0,0,1,0,0.5,2,0
